<?xml version="1.0" encoding="UTF-8" standalone="no"?>

<!DOCTYPE paula SYSTEM "paula_mark.dtd">
<paula version="1.0">

<header paula_id="sahidica.nt.1_Corinthians_6_verseSeg"/>

<markList xmlns:xlink="http://www.w3.org/1999/xlink" type="verseSeg" xml:base="sahidica.nt.1_Corinthians_6.tok.xml">
<mark id="verse_1" xlink:href="#xpointer(id('tok_1')/range-to(id('tok_27')))"/><!-- ⲟⲩⲛ.... -->
<mark id="verse_28" xlink:href="#xpointer(id('tok_28')/range-to(id('tok_64')))"/><!-- ⲏⲛⲧⲉⲧⲛ.... -->
<mark id="verse_65" xlink:href="#xpointer(id('tok_65')/range-to(id('tok_80')))"/><!-- ⲛⲧⲉⲧⲛ.... -->
<mark id="verse_81" xlink:href="#xpointer(id('tok_81')/range-to(id('tok_99')))"/><!-- ⲉϣⲱⲡⲉ.... -->
<mark id="verse_100" xlink:href="#xpointer(id('tok_100')/range-to(id('tok_134')))"/><!-- ⲉ.... -->
<mark id="verse_135" xlink:href="#xpointer(id('tok_135')/range-to(id('tok_149')))"/><!-- ⲁⲗⲗⲁ.... -->
<mark id="verse_150" xlink:href="#xpointer(id('tok_150')/range-to(id('tok_184')))"/><!-- ⲏⲇⲏ.... -->
<mark id="verse_185" xlink:href="#xpointer(id('tok_185')/range-to(id('tok_201')))"/><!-- ⲁⲗⲗⲁ.... -->
<mark id="verse_202" xlink:href="#xpointer(id('tok_202')/range-to(id('tok_237')))"/><!-- ⲏⲛⲧⲉⲧⲛ.... -->
<mark id="verse_238" xlink:href="#xpointer(id('tok_238')/range-to(id('tok_262')))"/><!-- ⲟⲩⲇⲉ.... -->
<mark id="verse_263" xlink:href="#xpointer(id('tok_263')/range-to(id('tok_292')))"/><!-- ⲁⲩⲱ.... -->
<mark id="verse_293" xlink:href="#xpointer(id('tok_293')/range-to(id('tok_319')))"/><!-- ϩⲱⲃ.... -->
<mark id="verse_320" xlink:href="#xpointer(id('tok_320')/range-to(id('tok_354')))"/><!-- ⲛϭⲓ.... -->
<mark id="verse_355" xlink:href="#xpointer(id('tok_355')/range-to(id('tok_369')))"/><!-- ⲁⲡⲛⲟⲩⲧⲉ.... -->
<mark id="verse_370" xlink:href="#xpointer(id('tok_370')/range-to(id('tok_396')))"/><!-- ⲛⲧⲉⲧⲛ...ⲛⲛⲉⲥϣⲱⲡⲉ -->
<mark id="verse_397" xlink:href="#xpointer(id('tok_397')/range-to(id('tok_428')))"/><!-- ⲏⲛⲧⲉⲧⲛ.... -->
<mark id="verse_429" xlink:href="#xpointer(id('tok_429')/range-to(id('tok_443')))"/><!-- ⲡ.... -->
<mark id="verse_444" xlink:href="#xpointer(id('tok_444')/range-to(id('tok_476')))"/><!-- ⲡⲱⲧ.... -->
<mark id="verse_477" xlink:href="#xpointer(id('tok_477')/range-to(id('tok_509')))"/><!-- ⲏⲛⲧⲉⲧⲛ.... -->
<mark id="verse_510" xlink:href="#xpointer(id('tok_510')/range-to(id('tok_527')))"/><!-- ⲁ.... -->
</markList>
</paula>
