<?xml version="1.0" encoding="UTF-8" standalone="no"?>

<!DOCTYPE paula SYSTEM "paula_feat.dtd">
<paula version="1.0">

<header paula_id="sahidica.nt.1_Corinthians_6_pos"/>

<featList xmlns:xlink="http://www.w3.org/1999/xlink" type="pos" xml:base="sahidica.nt.1_Corinthians_6.posSeg.xml">
<feat xlink:href="#pos_1" value="EXIST"/><!-- ⲟⲩⲛ -->
<feat xlink:href="#pos_2" value="NUM"/><!-- ⲟⲩⲁ -->
<feat xlink:href="#pos_3" value="FUT"/><!-- ⲛⲁ -->
<feat xlink:href="#pos_4" value="V"/><!-- ⲧⲟⲗⲙⲁ -->
<feat xlink:href="#pos_5" value="ADV"/><!-- ⲉⲃⲟⲗ -->
<feat xlink:href="#pos_6" value="ADV"/><!-- ⲛϩⲏⲧⲧⲏ -->
<feat xlink:href="#pos_7" value="N"/><!-- ⲩⲧⲛ -->
<feat xlink:href="#pos_8" value="CCIRC"/><!-- ⲉ -->
<feat xlink:href="#pos_9" value="PPERS"/><!-- ⲟⲩ -->
<feat xlink:href="#pos_10" value="V"/><!-- ⲛⲧϥ -->
<feat xlink:href="#pos_11" value="ART"/><!-- ⲟⲩ -->
<feat xlink:href="#pos_12" value="N"/><!-- ϩⲱⲃ -->
<feat xlink:href="#pos_13" value="PREP"/><!-- ⲙⲛ -->
<feat xlink:href="#pos_14" value="N"/><!-- ⲡⲉⲑⲓⲧⲟⲩⲱϥ -->
<feat xlink:href="#pos_15" value="CCIRC"/><!-- ⲉ -->
<feat xlink:href="#pos_16" value="V"/><!-- ϫⲓϩⲁⲡ -->
<feat xlink:href="#pos_17" value="PREP"/><!-- ϩⲓ -->
<feat xlink:href="#pos_18" value="N"/><!-- ⲛⲣⲉϥϫⲓ -->
<feat xlink:href="#pos_19" value="PREP"/><!-- ⲛ -->
<feat xlink:href="#pos_20" value="N"/><!-- ϭⲟⲛⲥ -->
<feat xlink:href="#pos_21" value="CONJ"/><!-- ⲁⲩⲱ -->
<feat xlink:href="#pos_22" value="PREP"/><!-- ϩⲓ -->
<feat xlink:href="#pos_23" value="ART"/><!-- ⲛ -->
<feat xlink:href="#pos_24" value="CREL"/><!-- ⲉⲧ -->
<feat xlink:href="#pos_25" value="VSTAT"/><!-- ⲟⲩⲁⲁⲃ -->
<feat xlink:href="#pos_26" value="NEG"/><!-- ⲁⲛ -->
<feat xlink:href="#pos_27" value="PUNCT"/><!-- . -->
<feat xlink:href="#pos_28" value="N"/><!-- ⲏⲛⲧⲉⲧⲛ -->
<feat xlink:href="#pos_29" value="V"/><!-- ⲥⲟⲟⲩⲛ -->
<feat xlink:href="#pos_30" value="NEG"/><!-- ⲁⲛ -->
<feat xlink:href="#pos_31" value="CONJ"/><!-- ϫⲉ -->
<feat xlink:href="#pos_32" value="ART"/><!-- ⲛ -->
<feat xlink:href="#pos_33" value="CREL"/><!-- ⲉⲧ -->
<feat xlink:href="#pos_34" value="VSTAT"/><!-- ⲟⲩⲁⲁⲃ -->
<feat xlink:href="#pos_35" value="ART"/><!-- ⲛ -->
<feat xlink:href="#pos_36" value="CREL"/><!-- ⲉⲧ -->
<feat xlink:href="#pos_37" value="FUT"/><!-- ⲛⲁ -->
<feat xlink:href="#pos_38" value="V"/><!-- ⲕⲣⲓⲛⲉ -->
<feat xlink:href="#pos_39" value="PREP"/><!-- ⲙ -->
<feat xlink:href="#pos_40" value="ART"/><!-- ⲡ -->
<feat xlink:href="#pos_41" value="N"/><!-- ⲕⲟⲥⲙⲟⲥ -->
<feat xlink:href="#pos_42" value="PUNCT"/><!-- . -->
<feat xlink:href="#pos_43" value="CONJ"/><!-- ⲁⲩⲱ -->
<feat xlink:href="#pos_44" value="CONJ"/><!-- ⲉϣϫⲉ -->
<feat xlink:href="#pos_45" value="CFOC"/><!-- ⲉ -->
<feat xlink:href="#pos_46" value="PPERS"/><!-- ⲩ -->
<feat xlink:href="#pos_47" value="FUT"/><!-- ⲛⲁ -->
<feat xlink:href="#pos_48" value="V"/><!-- ⲕⲣⲓⲛⲉ -->
<feat xlink:href="#pos_49" value="PREP"/><!-- ⲙ -->
<feat xlink:href="#pos_50" value="ART"/><!-- ⲡ -->
<feat xlink:href="#pos_51" value="N"/><!-- ⲕⲟⲥⲙⲟⲥ -->
<feat xlink:href="#pos_52" value="V"/><!-- ϩⲓⲱⲧⲧⲏⲩⲧⲛ -->
<feat xlink:href="#pos_53" value="PPERI"/><!-- ⲛⲧⲉⲧⲛ -->
<feat xlink:href="#pos_54" value="V"/><!-- ⲙⲡϣⲁ -->
<feat xlink:href="#pos_55" value="NEG"/><!-- ⲁⲛ -->
<feat xlink:href="#pos_56" value="PREP"/><!-- ⲛ -->
<feat xlink:href="#pos_57" value="ART"/><!-- ϩⲉⲛ -->
<feat xlink:href="#pos_58" value="N"/><!-- ⲕⲟⲩⲓ -->
<feat xlink:href="#pos_59" value="PREP"/><!-- ⲙ -->
<feat xlink:href="#pos_60" value="N"/><!-- ⲙⲁ -->
<feat xlink:href="#pos_61" value="PREP"/><!-- ⲛ -->
<feat xlink:href="#pos_62" value="V"/><!-- ϯ -->
<feat xlink:href="#pos_63" value="N"/><!-- ϩⲁⲡ -->
<feat xlink:href="#pos_64" value="PUNCT"/><!-- . -->
<feat xlink:href="#pos_65" value="PPERI"/><!-- ⲛⲧⲉⲧⲛ -->
<feat xlink:href="#pos_66" value="V"/><!-- ⲥⲟⲟⲩⲛ -->
<feat xlink:href="#pos_67" value="NEG"/><!-- ⲁⲛ -->
<feat xlink:href="#pos_68" value="CONJ"/><!-- ϫⲉ -->
<feat xlink:href="#pos_69" value="PPERS"/><!-- ⲧⲛ -->
<feat xlink:href="#pos_70" value="FUT"/><!-- ⲛⲁ -->
<feat xlink:href="#pos_71" value="V"/><!-- ⲕⲣⲓⲛⲉ -->
<feat xlink:href="#pos_72" value="PREP"/><!-- ⲛ -->
<feat xlink:href="#pos_73" value="ART"/><!-- ϩⲉⲛ -->
<feat xlink:href="#pos_74" value="N"/><!-- ⲁⲅⲅⲉⲗⲟⲥ -->
<feat xlink:href="#pos_75" value="V"/><!-- ⲉⲙⲡⲁⲧⲛⲡⲱϩ -->
<feat xlink:href="#pos_76" value="PPERO"/><!-- ⲉ -->
<feat xlink:href="#pos_77" value="PREP"/><!-- ⲛⲁ -->
<feat xlink:href="#pos_78" value="ART"/><!-- ⲡ -->
<feat xlink:href="#pos_79" value="N"/><!-- ⲕⲟⲥⲙⲟⲥ -->
<feat xlink:href="#pos_80" value="PUNCT"/><!-- . -->
<feat xlink:href="#pos_81" value="CONJ"/><!-- ⲉϣⲱⲡⲉ -->
<feat xlink:href="#pos_82" value="ART"/><!-- ϭⲉ -->
<feat xlink:href="#pos_83" value="N"/><!-- ⲟⲩⲛⲧⲏⲧⲛ -->
<feat xlink:href="#pos_84" value="ADV"/><!-- ⲙⲙⲁⲩ -->
<feat xlink:href="#pos_85" value="PREP"/><!-- ⲛ -->
<feat xlink:href="#pos_86" value="ART"/><!-- ϩⲉⲛ -->
<feat xlink:href="#pos_87" value="N"/><!-- ϩⲱⲃ -->
<feat xlink:href="#pos_88" value="PREP"/><!-- ⲛⲧⲉ -->
<feat xlink:href="#pos_89" value="ART"/><!-- ⲡ -->
<feat xlink:href="#pos_90" value="N"/><!-- ⲃⲓⲟⲥ -->
<feat xlink:href="#pos_91" value="ART"/><!-- ⲛ -->
<feat xlink:href="#pos_92" value="CREL"/><!-- ⲉⲧ -->
<feat xlink:href="#pos_93" value="V"/><!-- ⲥⲟϣϥ -->
<feat xlink:href="#pos_94" value="PREP"/><!-- ϩⲛ -->
<feat xlink:href="#pos_95" value="ART"/><!-- ⲧ -->
<feat xlink:href="#pos_96" value="N"/><!-- ⲉⲕⲕⲗⲏⲥⲓⲁ -->
<feat xlink:href="#pos_97" value="PDEM"/><!-- ⲛⲁⲓ -->
<feat xlink:href="#pos_98" value="N"/><!-- ⲙⲁⲑⲙⲥⲟⲟⲩ -->
<feat xlink:href="#pos_99" value="PUNCT"/><!-- . -->
<feat xlink:href="#pos_100" value="CCIRC"/><!-- ⲉ -->
<feat xlink:href="#pos_101" value="PPERS"/><!-- ⲓ -->
<feat xlink:href="#pos_102" value="V"/><!-- ϫⲱ -->
<feat xlink:href="#pos_103" value="PREP"/><!-- ⲙⲙⲟ -->
<feat xlink:href="#pos_104" value="PPERO"/><!-- ⲥ -->
<feat xlink:href="#pos_105" value="PREP"/><!-- ⲉ -->
<feat xlink:href="#pos_106" value="ART"/><!-- ⲩ -->
<feat xlink:href="#pos_107" value="N"/><!-- ϣⲓⲡⲉ -->
<feat xlink:href="#pos_108" value="PREP"/><!-- ⲛⲏ -->
<feat xlink:href="#pos_109" value="PPERO"/><!-- ⲧⲛ -->
<feat xlink:href="#pos_110" value="PUNCT"/><!-- . -->
<feat xlink:href="#pos_111" value="PDEM"/><!-- ⲧⲁⲓ -->
<feat xlink:href="#pos_112" value="COP"/><!-- ⲧⲉ -->
<feat xlink:href="#pos_113" value="ART"/><!-- ⲧ -->
<feat xlink:href="#pos_114" value="N"/><!-- ϩⲉ -->
<feat xlink:href="#pos_115" value="PREP"/><!-- ⲙⲛ -->
<feat xlink:href="#pos_116" value="N"/><!-- ⲗⲁⲁⲩ -->
<feat xlink:href="#pos_117" value="PREP"/><!-- ⲛ -->
<feat xlink:href="#pos_118" value="N"/><!-- ⲥⲟⲫⲟⲥ -->
<feat xlink:href="#pos_119" value="PREP"/><!-- ⲛϩⲏⲧ -->
<feat xlink:href="#pos_120" value="PPERO"/><!-- ⲧⲏⲩⲧⲛ -->
<feat xlink:href="#pos_121" value="PDEM"/><!-- ⲡⲁⲓ -->
<feat xlink:href="#pos_122" value="CCIRC"/><!-- ⲉ -->
<feat xlink:href="#pos_123" value="PPERS"/><!-- ϥ -->
<feat xlink:href="#pos_124" value="FUT"/><!-- ⲛⲁ -->
<feat xlink:href="#pos_125" value="V"/><!-- ϣϭⲙϭⲟⲙ -->
<feat xlink:href="#pos_126" value="PREP"/><!-- ⲉ -->
<feat xlink:href="#pos_127" value="V"/><!-- ⲇⲓⲁⲕⲣⲓⲛⲉ -->
<feat xlink:href="#pos_128" value="PREP"/><!-- ⲛ -->
<feat xlink:href="#pos_129" value="ART"/><!-- ⲧ -->
<feat xlink:href="#pos_130" value="N"/><!-- ⲙⲏⲧⲉ -->
<feat xlink:href="#pos_131" value="PREP"/><!-- ⲙ -->
<feat xlink:href="#pos_132" value="PPOS"/><!-- ⲡⲉϥ -->
<feat xlink:href="#pos_133" value="N"/><!-- ⲥⲟⲛ -->
<feat xlink:href="#pos_134" value="PUNCT"/><!-- . -->
<feat xlink:href="#pos_135" value="CONJ"/><!-- ⲁⲗⲗⲁ -->
<feat xlink:href="#pos_136" value="EXIST"/><!-- ⲟⲩⲛ -->
<feat xlink:href="#pos_137" value="ART"/><!-- ⲟⲩ -->
<feat xlink:href="#pos_138" value="N"/><!-- ⲥⲟⲛ -->
<feat xlink:href="#pos_139" value="V"/><!-- ϫⲓϩⲁⲡ -->
<feat xlink:href="#pos_140" value="PREP"/><!-- ⲙⲛ -->
<feat xlink:href="#pos_141" value="PPOS"/><!-- ⲡⲉϥ -->
<feat xlink:href="#pos_142" value="N"/><!-- ⲥⲟⲛ -->
<feat xlink:href="#pos_143" value="PUNCT"/><!-- . -->
<feat xlink:href="#pos_144" value="CONJ"/><!-- ⲁⲩⲱ -->
<feat xlink:href="#pos_145" value="PDEM"/><!-- ⲡⲁⲓ -->
<feat xlink:href="#pos_146" value="PREP"/><!-- ϩⲓ -->
<feat xlink:href="#pos_147" value="ART"/><!-- ⲛ -->
<feat xlink:href="#pos_148" value="N"/><!-- ⲁⲡⲓⲥⲧⲟⲥ -->
<feat xlink:href="#pos_149" value="PUNCT"/><!-- . -->
<feat xlink:href="#pos_150" value="N"/><!-- ⲏⲇⲏ -->
<feat xlink:href="#pos_151" value="CONJ"/><!-- ⲙⲉⲛ -->
<feat xlink:href="#pos_152" value="ADV"/><!-- ϩⲟⲗⲱⲥ -->
<feat xlink:href="#pos_153" value="PTC"/><!-- ⲣⲱ -->
<feat xlink:href="#pos_154" value="V"/><!-- ⲟⲩϣⲱⲱⲧ -->
<feat xlink:href="#pos_155" value="PREP"/><!-- ⲛⲏ -->
<feat xlink:href="#pos_156" value="PPERO"/><!-- ⲧⲛ -->
<feat xlink:href="#pos_157" value="COP"/><!-- ⲡⲉ -->
<feat xlink:href="#pos_158" value="CONJ"/><!-- ϫⲉ -->
<feat xlink:href="#pos_159" value="V"/><!-- ⲟⲩⲛⲧⲏⲧⲛ -->
<feat xlink:href="#pos_160" value="N"/><!-- ϩⲁⲡ -->
<feat xlink:href="#pos_161" value="PREP"/><!-- ⲙⲛ -->
<feat xlink:href="#pos_162" value="PPOS"/><!-- ⲛⲉⲧⲛ -->
<feat xlink:href="#pos_163" value="N"/><!-- ⲉⲣⲏⲩ -->
<feat xlink:href="#pos_164" value="PUNCT"/><!-- . -->
<feat xlink:href="#pos_165" value="PREP"/><!-- ⲉⲧⲃⲉ -->
<feat xlink:href="#pos_166" value="ART"/><!-- ⲟⲩ -->
<feat xlink:href="#pos_167" value="N"/><!-- ⲣⲱ -->
<feat xlink:href="#pos_168" value="PPERS"/><!-- ⲥⲉ -->
<feat xlink:href="#pos_169" value="FUT"/><!-- ⲛⲁ -->
<feat xlink:href="#pos_170" value="V"/><!-- ϫⲓ -->
<feat xlink:href="#pos_171" value="PPERO"/><!-- ⲧⲏⲩⲧⲛ -->
<feat xlink:href="#pos_172" value="NEG"/><!-- ⲁⲛ -->
<feat xlink:href="#pos_173" value="PREP"/><!-- ⲛ -->
<feat xlink:href="#pos_174" value="N"/><!-- ϭⲟⲛⲥ -->
<feat xlink:href="#pos_175" value="PUNCT"/><!-- . -->
<feat xlink:href="#pos_176" value="PREP"/><!-- ⲉⲧⲃⲉ -->
<feat xlink:href="#pos_177" value="ART"/><!-- ⲟⲩ -->
<feat xlink:href="#pos_178" value="N"/><!-- ⲣⲱ -->
<feat xlink:href="#pos_179" value="PPERS"/><!-- ⲥⲉ -->
<feat xlink:href="#pos_180" value="FUT"/><!-- ⲛⲁ -->
<feat xlink:href="#pos_181" value="V"/><!-- ϥⲉϭ -->
<feat xlink:href="#pos_182" value="PPERO"/><!-- ⲧⲏⲩⲧⲛ -->
<feat xlink:href="#pos_183" value="NEG"/><!-- ⲁⲛ -->
<feat xlink:href="#pos_184" value="PUNCT"/><!-- . -->
<feat xlink:href="#pos_185" value="CONJ"/><!-- ⲁⲗⲗⲁ -->
<feat xlink:href="#pos_186" value="PPERI"/><!-- ⲛⲧⲱⲧⲛ -->
<feat xlink:href="#pos_187" value="ART"/><!-- ⲛ -->
<feat xlink:href="#pos_188" value="CREL"/><!-- ⲉⲧ -->
<feat xlink:href="#pos_189" value="V"/><!-- ϫⲓ -->
<feat xlink:href="#pos_190" value="PREP"/><!-- ⲛ -->
<feat xlink:href="#pos_191" value="N"/><!-- ϭⲟⲛⲥ -->
<feat xlink:href="#pos_192" value="PUNCT"/><!-- . -->
<feat xlink:href="#pos_193" value="CONJ"/><!-- ⲁⲩⲱ -->
<feat xlink:href="#pos_194" value="CREL"/><!-- ⲉⲧ -->
<feat xlink:href="#pos_195" value="V"/><!-- ϥⲱϭⲉ -->
<feat xlink:href="#pos_196" value="CONJ"/><!-- ⲁⲩⲱ -->
<feat xlink:href="#pos_197" value="PDEM"/><!-- ⲡⲁⲓ -->
<feat xlink:href="#pos_198" value="PREP"/><!-- ⲛ -->
<feat xlink:href="#pos_199" value="PPOS"/><!-- ⲛⲉⲧⲛ -->
<feat xlink:href="#pos_200" value="N"/><!-- ⲥⲛⲏⲩ -->
<feat xlink:href="#pos_201" value="PUNCT"/><!-- . -->
<feat xlink:href="#pos_202" value="N"/><!-- ⲏⲛⲧⲉⲧⲛ -->
<feat xlink:href="#pos_203" value="V"/><!-- ⲥⲟⲟⲩⲛ -->
<feat xlink:href="#pos_204" value="NEG"/><!-- ⲁⲛ -->
<feat xlink:href="#pos_205" value="CONJ"/><!-- ϫⲉ -->
<feat xlink:href="#pos_206" value="NPROP"/><!-- ⲛⲣⲉϥϫⲓ -->
<feat xlink:href="#pos_207" value="ART"/><!-- ⲛ -->
<feat xlink:href="#pos_208" value="N"/><!-- ϭⲟⲛⲥ -->
<feat xlink:href="#pos_209" value="V"/><!-- ⲛⲁⲕⲗⲏⲣⲟⲛⲟⲙⲓ -->
<feat xlink:href="#pos_210" value="NEG"/><!-- ⲁⲛ -->
<feat xlink:href="#pos_211" value="PREP"/><!-- ⲛ -->
<feat xlink:href="#pos_212" value="ART"/><!-- ⲧ -->
<feat xlink:href="#pos_213" value="N"/><!-- ⲙⲛⲧⲣⲣⲟ -->
<feat xlink:href="#pos_214" value="PREP"/><!-- ⲙ -->
<feat xlink:href="#pos_215" value="ART"/><!-- ⲡ -->
<feat xlink:href="#pos_216" value="N"/><!-- ⲛⲟⲩⲧⲉ -->
<feat xlink:href="#pos_217" value="VIMP"/><!-- ⲙⲡⲣ -->
<feat xlink:href="#pos_218" value="V"/><!-- ⲡⲗⲁⲛⲁ -->
<feat xlink:href="#pos_219" value="CONJ"/><!-- ⲟⲩⲇⲉ -->
<feat xlink:href="#pos_220" value="EXIST"/><!-- ⲙⲛ -->
<feat xlink:href="#pos_221" value="N"/><!-- ⲡⲟⲣⲛⲟⲥ -->
<feat xlink:href="#pos_222" value="CONJ"/><!-- ⲟⲩⲇⲉ -->
<feat xlink:href="#pos_223" value="EXIST"/><!-- ⲙⲛ -->
<feat xlink:href="#pos_224" value="N"/><!-- ⲣⲉϥϣⲙϣⲉ -->
<feat xlink:href="#pos_225" value="N"/><!-- ⲉⲓⲇⲱⲗⲟⲛ -->
<feat xlink:href="#pos_226" value="CONJ"/><!-- ⲟⲩⲇⲉ -->
<feat xlink:href="#pos_227" value="EXIST"/><!-- ⲙⲛ -->
<feat xlink:href="#pos_228" value="N"/><!-- ⲛⲟⲉⲓⲕ -->
<feat xlink:href="#pos_229" value="CONJ"/><!-- ⲟⲩⲇⲉ -->
<feat xlink:href="#pos_230" value="EXIST"/><!-- ⲙⲛ -->
<feat xlink:href="#pos_231" value="N"/><!-- ⲙⲁⲗⲁⲕⲟⲥ -->
<feat xlink:href="#pos_232" value="CONJ"/><!-- ⲟⲩⲇⲉ -->
<feat xlink:href="#pos_233" value="EXIST"/><!-- ⲙⲛ -->
<feat xlink:href="#pos_234" value="N"/><!-- ⲣⲉϥⲛⲕⲟⲧⲕ -->
<feat xlink:href="#pos_235" value="PREP"/><!-- ⲙⲛ -->
<feat xlink:href="#pos_236" value="N"/><!-- ϩⲟⲟⲩⲧ -->
<feat xlink:href="#pos_237" value="PUNCT"/><!-- . -->
<feat xlink:href="#pos_238" value="CONJ"/><!-- ⲟⲩⲇⲉ -->
<feat xlink:href="#pos_239" value="EXIST"/><!-- ⲙⲛ -->
<feat xlink:href="#pos_240" value="N"/><!-- ⲣⲉϥϩⲱϥⲧ -->
<feat xlink:href="#pos_241" value="CONJ"/><!-- ⲟⲩⲇⲉ -->
<feat xlink:href="#pos_242" value="EXIST"/><!-- ⲙⲛ -->
<feat xlink:href="#pos_243" value="N"/><!-- ⲙⲁⲓⲧⲟ -->
<feat xlink:href="#pos_244" value="ADV"/><!-- ⲛϩⲟⲩⲟ -->
<feat xlink:href="#pos_245" value="CONJ"/><!-- ⲟⲩⲇⲉ -->
<feat xlink:href="#pos_246" value="EXIST"/><!-- ⲙⲛ -->
<feat xlink:href="#pos_247" value="N"/><!-- ⲣⲉϥϯϩⲉ -->
<feat xlink:href="#pos_248" value="CONJ"/><!-- ⲟⲩⲇⲉ -->
<feat xlink:href="#pos_249" value="EXIST"/><!-- ⲙⲛ -->
<feat xlink:href="#pos_250" value="N"/><!-- ⲣⲉϥⲥⲁϩⲟⲩ -->
<feat xlink:href="#pos_251" value="CONJ"/><!-- ⲟⲩⲇⲉ -->
<feat xlink:href="#pos_252" value="EXIST"/><!-- ⲙⲛ -->
<feat xlink:href="#pos_253" value="N"/><!-- ⲣⲉϥⲧⲱⲣⲡ -->
<feat xlink:href="#pos_254" value="V"/><!-- ⲛⲁⲕⲗⲏ -->
<feat xlink:href="#pos_255" value="N"/><!-- ⲣⲟⲛⲟⲙⲓ -->
<feat xlink:href="#pos_256" value="PREP"/><!-- ⲛ -->
<feat xlink:href="#pos_257" value="ART"/><!-- ⲧ -->
<feat xlink:href="#pos_258" value="N"/><!-- ⲙⲛⲧⲣⲣⲟ -->
<feat xlink:href="#pos_259" value="PREP"/><!-- ⲙ -->
<feat xlink:href="#pos_260" value="ART"/><!-- ⲡ -->
<feat xlink:href="#pos_261" value="N"/><!-- ⲛⲟⲩⲧⲉ -->
<feat xlink:href="#pos_262" value="PUNCT"/><!-- . -->
<feat xlink:href="#pos_263" value="CONJ"/><!-- ⲁⲩⲱ -->
<feat xlink:href="#pos_264" value="PDEM"/><!-- ⲛⲁⲓ -->
<feat xlink:href="#pos_265" value="N"/><!-- ⲛⲉⲧⲉⲧⲛ -->
<feat xlink:href="#pos_266" value="PREP"/><!-- ⲛϩⲏⲧ -->
<feat xlink:href="#pos_267" value="PPERO"/><!-- ⲟⲩ -->
<feat xlink:href="#pos_268" value="COP"/><!-- ⲡⲉ -->
<feat xlink:href="#pos_269" value="CONJ"/><!-- ⲁⲗⲗⲁ -->
<feat xlink:href="#pos_270" value="V"/><!-- ⲁⲧⲉⲧⲛϫⲉⲕⲙ -->
<feat xlink:href="#pos_271" value="PPERO"/><!-- ⲧⲏⲩⲧⲛ -->
<feat xlink:href="#pos_272" value="CONJ"/><!-- ⲁⲗⲗⲁ -->
<feat xlink:href="#pos_273" value="APST"/><!-- ⲁ -->
<feat xlink:href="#pos_274" value="PPERS"/><!-- ⲧⲉⲧⲛ -->
<feat xlink:href="#pos_275" value="V"/><!-- ⲧⲃⲃⲟ -->
<feat xlink:href="#pos_276" value="CONJ"/><!-- ⲁⲗⲗⲁ -->
<feat xlink:href="#pos_277" value="V"/><!-- ⲁⲧⲉⲧⲛⲧⲙⲁⲉⲓⲟ -->
<feat xlink:href="#pos_278" value="PREP"/><!-- ϩⲙ -->
<feat xlink:href="#pos_279" value="ART"/><!-- ⲡ -->
<feat xlink:href="#pos_280" value="N"/><!-- ⲣⲁⲛ -->
<feat xlink:href="#pos_281" value="PREP"/><!-- ⲙ -->
<feat xlink:href="#pos_282" value="PPOS"/><!-- ⲡⲉⲛ -->
<feat xlink:href="#pos_283" value="N"/><!-- ϫⲟⲉⲓⲥ -->
<feat xlink:href="#pos_284" value="NPROP"/><!-- ⲓⲏⲥⲟⲩⲥ -->
<feat xlink:href="#pos_285" value="CONJ"/><!-- ⲁⲩⲱ -->
<feat xlink:href="#pos_286" value="PREP"/><!-- ϩⲙ -->
<feat xlink:href="#pos_287" value="ART"/><!-- ⲡⲉ -->
<feat xlink:href="#pos_288" value="N"/><!-- ⲡⲛⲉⲩⲙⲁ -->
<feat xlink:href="#pos_289" value="PREP"/><!-- ⲙ -->
<feat xlink:href="#pos_290" value="PPOS"/><!-- ⲡⲉⲛ -->
<feat xlink:href="#pos_291" value="N"/><!-- ⲛⲟⲩⲧⲉ -->
<feat xlink:href="#pos_292" value="PUNCT"/><!-- . -->
<feat xlink:href="#pos_293" value="N"/><!-- ϩⲱⲃ -->
<feat xlink:href="#pos_294" value="PINT"/><!-- ⲛⲓⲙ -->
<feat xlink:href="#pos_295" value="V"/><!-- ⲉⲝⲉⲥⲧⲉⲓ -->
<feat xlink:href="#pos_296" value="PDEM"/><!-- ⲛⲁⲓ -->
<feat xlink:href="#pos_297" value="PUNCT"/><!-- . -->
<feat xlink:href="#pos_298" value="CONJ"/><!-- ⲁⲗⲗⲁ -->
<feat xlink:href="#pos_299" value="N"/><!-- ϩⲱⲃ -->
<feat xlink:href="#pos_300" value="PINT"/><!-- ⲛⲓⲙ -->
<feat xlink:href="#pos_301" value="V"/><!-- ⲣⲛⲟϥⲣⲉ -->
<feat xlink:href="#pos_302" value="NEG"/><!-- ⲁⲛ -->
<feat xlink:href="#pos_303" value="PUNCT"/><!-- . -->
<feat xlink:href="#pos_304" value="N"/><!-- ϩⲱⲃ -->
<feat xlink:href="#pos_305" value="PINT"/><!-- ⲛⲓⲙ -->
<feat xlink:href="#pos_306" value="V"/><!-- ⲉⲝⲉⲥⲧⲉⲓ -->
<feat xlink:href="#pos_307" value="PDEM"/><!-- ⲛⲁⲓ -->
<feat xlink:href="#pos_308" value="CONJ"/><!-- ⲁⲗⲗⲁ -->
<feat xlink:href="#pos_309" value="ACONJ"/><!-- ⲛ -->
<feat xlink:href="#pos_310" value="PPERS"/><!-- ϯ -->
<feat xlink:href="#pos_311" value="FUT"/><!-- ⲛⲁ -->
<feat xlink:href="#pos_312" value="V"/><!-- ⲕⲁ -->
<feat xlink:href="#pos_313" value="N"/><!-- ⲗⲁⲁⲩ -->
<feat xlink:href="#pos_314" value="NEG"/><!-- ⲁⲛ -->
<feat xlink:href="#pos_315" value="CFOC"/><!-- ⲉ -->
<feat xlink:href="#pos_316" value="V"/><!-- ⲣϫⲟⲉⲓⲥ -->
<feat xlink:href="#pos_317" value="PREP"/><!-- ⲉⲣⲟ -->
<feat xlink:href="#pos_318" value="PPERO"/><!-- ⲓ -->
<feat xlink:href="#pos_319" value="PUNCT"/><!-- . -->
<feat xlink:href="#pos_320" value="PTC"/><!-- ⲛϭⲓ -->
<feat xlink:href="#pos_321" value="N"/><!-- ⲛⲟⲩⲟⲟⲙ -->
<feat xlink:href="#pos_322" value="PREP"/><!-- ⲛ -->
<feat xlink:href="#pos_323" value="ART"/><!-- ⲧ -->
<feat xlink:href="#pos_324" value="N"/><!-- ϩⲏ -->
<feat xlink:href="#pos_325" value="CONJ"/><!-- ⲁⲩⲱ -->
<feat xlink:href="#pos_326" value="ART"/><!-- ⲧ -->
<feat xlink:href="#pos_327" value="N"/><!-- ϩⲏ -->
<feat xlink:href="#pos_328" value="V"/><!-- ⲛⲛϭⲓ -->
<feat xlink:href="#pos_329" value="N"/><!-- ⲛⲟⲩⲟⲟⲙ -->
<feat xlink:href="#pos_330" value="ART"/><!-- ⲡ -->
<feat xlink:href="#pos_331" value="N"/><!-- ⲛⲟⲩⲧⲉ -->
<feat xlink:href="#pos_332" value="PTC"/><!-- ⲇⲉ -->
<feat xlink:href="#pos_333" value="PDEM"/><!-- ⲧⲁⲓ -->
<feat xlink:href="#pos_334" value="PREP"/><!-- ⲙⲛ -->
<feat xlink:href="#pos_335" value="N"/><!-- ⲛⲉⲉⲓⲕⲟⲟⲩⲉ -->
<feat xlink:href="#pos_336" value="NPROP"/><!-- ϥⲛⲁⲟⲩⲟⲥϥⲟⲩ -->
<feat xlink:href="#pos_337" value="ART"/><!-- ⲡ -->
<feat xlink:href="#pos_338" value="N"/><!-- ⲥⲱⲙⲁ -->
<feat xlink:href="#pos_339" value="PPERI"/><!-- ⲛⲧⲟϥ -->
<feat xlink:href="#pos_340" value="PREP"/><!-- ⲛ -->
<feat xlink:href="#pos_341" value="ART"/><!-- ⲧ -->
<feat xlink:href="#pos_342" value="N"/><!-- ⲡⲟⲣⲛⲉⲓⲁ -->
<feat xlink:href="#pos_343" value="NEG"/><!-- ⲁⲛ -->
<feat xlink:href="#pos_344" value="CONJ"/><!-- ⲁⲗⲗⲁ -->
<feat xlink:href="#pos_345" value="PREP"/><!-- ⲙ -->
<feat xlink:href="#pos_346" value="ART"/><!-- ⲡ -->
<feat xlink:href="#pos_347" value="N"/><!-- ϫⲟⲉⲓⲥ -->
<feat xlink:href="#pos_348" value="CONJ"/><!-- ⲁⲩⲱ -->
<feat xlink:href="#pos_349" value="ART"/><!-- ⲡ -->
<feat xlink:href="#pos_350" value="N"/><!-- ϫⲟⲉⲓⲥ -->
<feat xlink:href="#pos_351" value="PREP"/><!-- ⲙ -->
<feat xlink:href="#pos_352" value="ART"/><!-- ⲡ -->
<feat xlink:href="#pos_353" value="N"/><!-- ⲥⲱⲙⲁ -->
<feat xlink:href="#pos_354" value="PUNCT"/><!-- . -->
<feat xlink:href="#pos_355" value="N"/><!-- ⲁⲡⲛⲟⲩⲧⲉ -->
<feat xlink:href="#pos_356" value="PTC"/><!-- ⲇⲉ -->
<feat xlink:href="#pos_357" value="V"/><!-- ⲧⲟⲩⲛⲉⲥ -->
<feat xlink:href="#pos_358" value="PPOS"/><!-- ⲡⲉⲛ -->
<feat xlink:href="#pos_359" value="N"/><!-- ϫⲟⲉⲓⲥ -->
<feat xlink:href="#pos_360" value="PUNCT"/><!-- . -->
<feat xlink:href="#pos_361" value="CONJ"/><!-- ⲁⲩⲱ -->
<feat xlink:href="#pos_362" value="PPERS"/><!-- ϥ -->
<feat xlink:href="#pos_363" value="FUT"/><!-- ⲛⲁ -->
<feat xlink:href="#pos_364" value="V"/><!-- ⲧⲟⲩⲛⲟⲥ -->
<feat xlink:href="#pos_365" value="NEG"/><!-- ⲛ -->
<feat xlink:href="#pos_366" value="PREP"/><!-- ϩⲓⲧⲛ -->
<feat xlink:href="#pos_367" value="PPOS"/><!-- ⲧⲉϥ -->
<feat xlink:href="#pos_368" value="N"/><!-- ϭⲟⲙ -->
<feat xlink:href="#pos_369" value="PUNCT"/><!-- . -->
<feat xlink:href="#pos_370" value="PPERI"/><!-- ⲛⲧⲉⲧⲛ -->
<feat xlink:href="#pos_371" value="V"/><!-- ⲥⲟⲟⲩⲛ -->
<feat xlink:href="#pos_372" value="NEG"/><!-- ⲁⲛ -->
<feat xlink:href="#pos_373" value="CONJ"/><!-- ϫⲉ -->
<feat xlink:href="#pos_374" value="PPOS"/><!-- ⲛⲉⲧⲛ -->
<feat xlink:href="#pos_375" value="N"/><!-- ⲥⲱⲙⲁ -->
<feat xlink:href="#pos_376" value="PREP"/><!-- ⲙ -->
<feat xlink:href="#pos_377" value="N"/><!-- ⲙⲉⲗⲟⲥ -->
<feat xlink:href="#pos_378" value="PREP"/><!-- ⲙ -->
<feat xlink:href="#pos_379" value="ART"/><!-- ⲡⲉ -->
<feat xlink:href="#pos_380" value="N"/><!-- ⲭⲣⲓⲥⲧⲟⲥ -->
<feat xlink:href="#pos_381" value="COP"/><!-- ⲛⲉ -->
<feat xlink:href="#pos_382" value="PUNCT"/><!-- . -->
<feat xlink:href="#pos_383" value="NPROP"/><!-- ⲧⲁϥⲓ -->
<feat xlink:href="#pos_384" value="ART"/><!-- ϭⲉ -->
<feat xlink:href="#pos_385" value="PREP"/><!-- ⲛ -->
<feat xlink:href="#pos_386" value="ART"/><!-- ⲙ -->
<feat xlink:href="#pos_387" value="N"/><!-- ⲙⲉⲗⲟⲥ -->
<feat xlink:href="#pos_388" value="PREP"/><!-- ⲙ -->
<feat xlink:href="#pos_389" value="ART"/><!-- ⲡⲉ -->
<feat xlink:href="#pos_390" value="N"/><!-- ⲭⲣⲓⲥⲧⲟⲥ -->
<feat xlink:href="#pos_391" value="V"/><!-- ⲧⲁⲁⲁⲩ -->
<feat xlink:href="#pos_392" value="PREP"/><!-- ⲙ -->
<feat xlink:href="#pos_393" value="N"/><!-- ⲙⲉⲗⲟⲥ -->
<feat xlink:href="#pos_394" value="PREP"/><!-- ⲙ -->
<feat xlink:href="#pos_395" value="N"/><!-- ⲡⲟⲣⲛⲏ -->
<feat xlink:href="#pos_396" value="PTC"/><!-- ⲛⲛⲉⲥϣⲱⲡⲉ -->
<feat xlink:href="#pos_397" value="V"/><!-- ⲏⲛⲧⲉⲧⲛ -->
<feat xlink:href="#pos_398" value="V"/><!-- ⲥⲟⲟⲩⲛ -->
<feat xlink:href="#pos_399" value="NEG"/><!-- ⲁⲛ -->
<feat xlink:href="#pos_400" value="CONJ"/><!-- ϫⲉ -->
<feat xlink:href="#pos_401" value="ART"/><!-- ⲡ -->
<feat xlink:href="#pos_402" value="CREL"/><!-- ⲉⲧ -->
<feat xlink:href="#pos_403" value="V"/><!-- ⲧⲱϭⲉ -->
<feat xlink:href="#pos_404" value="PREP"/><!-- ⲙⲙⲟ -->
<feat xlink:href="#pos_405" value="PPERO"/><!-- ϥ -->
<feat xlink:href="#pos_406" value="PREP"/><!-- ⲉ -->
<feat xlink:href="#pos_407" value="ART"/><!-- ⲧ -->
<feat xlink:href="#pos_408" value="N"/><!-- ⲡⲟⲣⲛⲏ -->
<feat xlink:href="#pos_409" value="ART"/><!-- ⲟⲩ -->
<feat xlink:href="#pos_410" value="N"/><!-- ⲥⲱⲙⲁ -->
<feat xlink:href="#pos_411" value="PREP"/><!-- ⲛ -->
<feat xlink:href="#pos_412" value="N"/><!-- ⲟⲩⲱⲧ -->
<feat xlink:href="#pos_413" value="COP"/><!-- ⲡⲉ -->
<feat xlink:href="#pos_414" value="PUNCT"/><!-- . -->
<feat xlink:href="#pos_415" value="VBD"/><!-- ⲡⲉϫⲁ -->
<feat xlink:href="#pos_416" value="PPERS"/><!-- ϥ -->
<feat xlink:href="#pos_417" value="PTC"/><!-- ⲅⲁⲣ -->
<feat xlink:href="#pos_418" value="CONJ"/><!-- ϫⲉ -->
<feat xlink:href="#pos_419" value="PPERS"/><!-- ⲥⲉ -->
<feat xlink:href="#pos_420" value="FUT"/><!-- ⲛⲁ -->
<feat xlink:href="#pos_421" value="V"/><!-- ϣⲱⲡⲉ -->
<feat xlink:href="#pos_422" value="ADV"/><!-- ⲙⲡⲉⲥⲛⲁⲩ -->
<feat xlink:href="#pos_423" value="PREP"/><!-- ⲉ -->
<feat xlink:href="#pos_424" value="ART"/><!-- ⲩ -->
<feat xlink:href="#pos_425" value="N"/><!-- ⲥⲁⲣⲝ -->
<feat xlink:href="#pos_426" value="PREP"/><!-- ⲛ -->
<feat xlink:href="#pos_427" value="N"/><!-- ⲟⲩⲱⲧ -->
<feat xlink:href="#pos_428" value="PUNCT"/><!-- . -->
<feat xlink:href="#pos_429" value="ART"/><!-- ⲡ -->
<feat xlink:href="#pos_430" value="CREL"/><!-- ⲉⲧ -->
<feat xlink:href="#pos_431" value="V"/><!-- ⲧⲱϭⲉ -->
<feat xlink:href="#pos_432" value="PTC"/><!-- ⲇⲉ -->
<feat xlink:href="#pos_433" value="PREP"/><!-- ⲙⲙⲟ -->
<feat xlink:href="#pos_434" value="PPERO"/><!-- ϥ -->
<feat xlink:href="#pos_435" value="PREP"/><!-- ⲉ -->
<feat xlink:href="#pos_436" value="ART"/><!-- ⲡ -->
<feat xlink:href="#pos_437" value="N"/><!-- ϫⲟⲉⲓⲥ -->
<feat xlink:href="#pos_438" value="ART"/><!-- ⲟⲩ -->
<feat xlink:href="#pos_439" value="N"/><!-- ⲡⲛⲉⲩⲙⲁ -->
<feat xlink:href="#pos_440" value="PREP"/><!-- ⲛ -->
<feat xlink:href="#pos_441" value="N"/><!-- ⲟⲩⲱⲧ -->
<feat xlink:href="#pos_442" value="COP"/><!-- ⲡⲉ -->
<feat xlink:href="#pos_443" value="PUNCT"/><!-- . -->
<feat xlink:href="#pos_444" value="V"/><!-- ⲡⲱⲧ -->
<feat xlink:href="#pos_445" value="ADV"/><!-- ⲉⲃⲟⲗ -->
<feat xlink:href="#pos_446" value="PREP"/><!-- ⲛ -->
<feat xlink:href="#pos_447" value="ART"/><!-- ⲧ -->
<feat xlink:href="#pos_448" value="N"/><!-- ⲡⲟⲣⲛⲉⲓⲁ -->
<feat xlink:href="#pos_449" value="PUNCT"/><!-- . -->
<feat xlink:href="#pos_450" value="N"/><!-- ⲛⲟⲃⲉ -->
<feat xlink:href="#pos_451" value="PINT"/><!-- ⲛⲓⲙ -->
<feat xlink:href="#pos_452" value="CREL"/><!-- ⲉⲧⲉⲣⲉ -->
<feat xlink:href="#pos_453" value="ART"/><!-- ⲡ -->
<feat xlink:href="#pos_454" value="N"/><!-- ⲣⲱⲙⲉ -->
<feat xlink:href="#pos_455" value="FUT"/><!-- ⲛⲁ -->
<feat xlink:href="#pos_456" value="V"/><!-- ⲁⲁ -->
<feat xlink:href="#pos_457" value="PPERS"/><!-- ⲩ -->
<feat xlink:href="#pos_458" value="V"/><!-- ⲥⲉⲙⲡⲃⲟⲗ -->
<feat xlink:href="#pos_459" value="PREP"/><!-- ⲙ -->
<feat xlink:href="#pos_460" value="ART"/><!-- ⲡ -->
<feat xlink:href="#pos_461" value="N"/><!-- ⲥⲱⲙⲁ -->
<feat xlink:href="#pos_462" value="PUNCT"/><!-- . -->
<feat xlink:href="#pos_463" value="ART"/><!-- ⲡ -->
<feat xlink:href="#pos_464" value="CREL"/><!-- ⲉⲧ -->
<feat xlink:href="#pos_465" value="V"/><!-- ⲡⲟⲣⲛⲉⲩⲉ -->
<feat xlink:href="#pos_466" value="PTC"/><!-- ⲇⲉ -->
<feat xlink:href="#pos_467" value="PPERI"/><!-- ⲛⲧⲟϥ -->
<feat xlink:href="#pos_468" value="CCIRC"/><!-- ⲉ -->
<feat xlink:href="#pos_469" value="PPERS"/><!-- ϥ -->
<feat xlink:href="#pos_470" value="V"/><!-- ⲣⲛⲟⲃⲉ -->
<feat xlink:href="#pos_471" value="PREP"/><!-- ⲉ -->
<feat xlink:href="#pos_472" value="PPOS"/><!-- ⲡⲉϥ -->
<feat xlink:href="#pos_473" value="N"/><!-- ⲥⲱⲙⲁ -->
<feat xlink:href="#pos_474" value="IMOD"/><!-- ⲙⲁⲩⲁⲁ -->
<feat xlink:href="#pos_475" value="PPERO"/><!-- ϥ -->
<feat xlink:href="#pos_476" value="PUNCT"/><!-- . -->
<feat xlink:href="#pos_477" value="N"/><!-- ⲏⲛⲧⲉⲧⲛ -->
<feat xlink:href="#pos_478" value="V"/><!-- ⲥⲟⲟⲩⲛ -->
<feat xlink:href="#pos_479" value="NEG"/><!-- ⲁⲛ -->
<feat xlink:href="#pos_480" value="CONJ"/><!-- ϫⲉ -->
<feat xlink:href="#pos_481" value="PPOS"/><!-- ⲡⲉⲧⲛ -->
<feat xlink:href="#pos_482" value="N"/><!-- ⲥⲱⲙⲁ -->
<feat xlink:href="#pos_483" value="ART"/><!-- ⲡ -->
<feat xlink:href="#pos_484" value="N"/><!-- ⲣⲡⲉ -->
<feat xlink:href="#pos_485" value="COP"/><!-- ⲡⲉ -->
<feat xlink:href="#pos_486" value="PREP"/><!-- ⲙ -->
<feat xlink:href="#pos_487" value="ART"/><!-- ⲡⲉ -->
<feat xlink:href="#pos_488" value="N"/><!-- ⲡⲛⲉⲩⲙⲁ -->
<feat xlink:href="#pos_489" value="CREL"/><!-- ⲉⲧ -->
<feat xlink:href="#pos_490" value="VSTAT"/><!-- ⲟⲩⲁⲁⲃ -->
<feat xlink:href="#pos_491" value="N"/><!-- ⲉⲧⲛϩⲏⲧⲧⲏⲩⲧⲛ -->
<feat xlink:href="#pos_492" value="PUNCT"/><!-- . -->
<feat xlink:href="#pos_493" value="PDEM"/><!-- ⲡⲁⲓ -->
<feat xlink:href="#pos_494" value="CREL"/><!-- ⲉⲛⲧ -->
<feat xlink:href="#pos_495" value="APST"/><!-- ⲁ -->
<feat xlink:href="#pos_496" value="PPERS"/><!-- ⲧⲉⲧⲛ -->
<feat xlink:href="#pos_497" value="V"/><!-- ϫⲓⲧ -->
<feat xlink:href="#pos_498" value="PPERO"/><!-- ϥ -->
<feat xlink:href="#pos_499" value="ADV"/><!-- ⲉⲃⲟⲗ -->
<feat xlink:href="#pos_500" value="PREP"/><!-- ϩⲓⲧⲙ -->
<feat xlink:href="#pos_501" value="ART"/><!-- ⲡ -->
<feat xlink:href="#pos_502" value="N"/><!-- ⲛⲟⲩⲧⲉ -->
<feat xlink:href="#pos_503" value="PUNCT"/><!-- . -->
<feat xlink:href="#pos_504" value="CONJ"/><!-- ⲁⲩⲱ -->
<feat xlink:href="#pos_505" value="PPERI"/><!-- ⲛⲧⲉⲧⲛ -->
<feat xlink:href="#pos_506" value="V"/><!-- ⲡⲱⲧ -->
<feat xlink:href="#pos_507" value="PREP"/><!-- ⲛ -->
<feat xlink:href="#pos_508" value="NEG"/><!-- ⲁⲛ -->
<feat xlink:href="#pos_509" value="PUNCT"/><!-- . -->
<feat xlink:href="#pos_510" value="APST"/><!-- ⲁ -->
<feat xlink:href="#pos_511" value="PPERS"/><!-- ⲩ -->
<feat xlink:href="#pos_512" value="V"/><!-- ϣⲉⲡ -->
<feat xlink:href="#pos_513" value="PPERO"/><!-- ⲧⲏⲩⲧⲛ -->
<feat xlink:href="#pos_514" value="PTC"/><!-- ⲅⲁⲣ -->
<feat xlink:href="#pos_515" value="PREP"/><!-- ϩⲁ -->
<feat xlink:href="#pos_516" value="N"/><!-- ⲟⲩⲁⲥⲟⲩ -->
<feat xlink:href="#pos_517" value="PUNCT"/><!-- . -->
<feat xlink:href="#pos_518" value="V"/><!-- ϯ -->
<feat xlink:href="#pos_519" value="N"/><!-- ⲉⲟⲟⲩ -->
<feat xlink:href="#pos_520" value="ART"/><!-- ϭⲉ -->
<feat xlink:href="#pos_521" value="PREP"/><!-- ⲙ -->
<feat xlink:href="#pos_522" value="ART"/><!-- ⲡ -->
<feat xlink:href="#pos_523" value="N"/><!-- ⲛⲟⲩⲧⲉ -->
<feat xlink:href="#pos_524" value="PREP"/><!-- ϩⲙ -->
<feat xlink:href="#pos_525" value="PPOS"/><!-- ⲡⲉⲧⲛ -->
<feat xlink:href="#pos_526" value="N"/><!-- ⲥⲱⲙⲁ -->
<feat xlink:href="#pos_527" value="PUNCT"/><!-- . -->
</featList>
</paula>
