<?xml version="1.0" encoding="UTF-8" standalone="no"?>

<!DOCTYPE paula SYSTEM "paula_mark.dtd">
<paula version="1.0">

<header paula_id="sahidica.nt.1_Corinthians_14_verseSeg"/>

<markList xmlns:xlink="http://www.w3.org/1999/xlink" type="verseSeg" xml:base="sahidica.nt.1_Corinthians_14.tok.xml">
<mark id="verse_1" xlink:href="#xpointer(id('tok_1')/range-to(id('tok_16')))"/><!-- ⲡⲱⲧ.... -->
<mark id="verse_17" xlink:href="#xpointer(id('tok_17')/range-to(id('tok_51')))"/><!-- ⲡ.... -->
<mark id="verse_52" xlink:href="#xpointer(id('tok_52')/range-to(id('tok_70')))"/><!-- ⲡ.... -->
<mark id="verse_71" xlink:href="#xpointer(id('tok_71')/range-to(id('tok_95')))"/><!-- ⲡ.... -->
<mark id="verse_96" xlink:href="#xpointer(id('tok_96')/range-to(id('tok_137')))"/><!-- ϯ.... -->
<mark id="verse_138" xlink:href="#xpointer(id('tok_138')/range-to(id('tok_178')))"/><!-- ⲧⲉⲛⲟⲩ.... -->
<mark id="verse_179" xlink:href="#xpointer(id('tok_179')/range-to(id('tok_221')))"/><!-- ⲉϣⲱⲡⲉ.... -->
<mark id="verse_222" xlink:href="#xpointer(id('tok_222')/range-to(id('tok_237')))"/><!-- ⲕⲁⲓⲅⲁⲣ.... -->
<mark id="verse_238" xlink:href="#xpointer(id('tok_238')/range-to(id('tok_282')))"/><!-- ⲧⲁⲓ.... -->
<mark id="verse_283" xlink:href="#xpointer(id('tok_283')/range-to(id('tok_300')))"/><!-- ⲟⲩⲛ.... -->
<mark id="verse_301" xlink:href="#xpointer(id('tok_301')/range-to(id('tok_332')))"/><!-- ⲉⲓϣⲁⲛ.... -->
<mark id="verse_333" xlink:href="#xpointer(id('tok_333')/range-to(id('tok_353')))"/><!-- ⲧⲁⲓ.... -->
<mark id="verse_354" xlink:href="#xpointer(id('tok_354')/range-to(id('tok_369')))"/><!-- ⲉⲧⲃⲉ.... -->
<mark id="verse_370" xlink:href="#xpointer(id('tok_370')/range-to(id('tok_388')))"/><!-- ⲉⲓϣⲁⲛ.... -->
<mark id="verse_389" xlink:href="#xpointer(id('tok_389')/range-to(id('tok_416')))"/><!-- ⲟⲩ.... -->
<mark id="verse_417" xlink:href="#xpointer(id('tok_417')/range-to(id('tok_455')))"/><!-- ⲉⲙⲙⲟⲛ.... -->
<mark id="verse_456" xlink:href="#xpointer(id('tok_456')/range-to(id('tok_468')))"/><!-- ⲛⲧⲟⲕ.... -->
<mark id="verse_469" xlink:href="#xpointer(id('tok_469')/range-to(id('tok_483')))"/><!-- ϯ.... -->
<mark id="verse_484" xlink:href="#xpointer(id('tok_484')/range-to(id('tok_512')))"/><!-- ⲁⲗⲗⲁ.... -->
<mark id="verse_513" xlink:href="#xpointer(id('tok_513')/range-to(id('tok_533')))"/><!-- ⲛⲉ.... -->
<mark id="verse_534" xlink:href="#xpointer(id('tok_534')/range-to(id('tok_563')))"/><!-- ϥ.... -->
<mark id="verse_564" xlink:href="#xpointer(id('tok_564')/range-to(id('tok_597')))"/><!-- ϩⲱⲥⲧⲉ.... -->
<mark id="verse_598" xlink:href="#xpointer(id('tok_598')/range-to(id('tok_635')))"/><!-- ⲉϣⲱⲡⲉ.... -->
<mark id="verse_636" xlink:href="#xpointer(id('tok_636')/range-to(id('tok_665')))"/><!-- ⲉϣⲱⲡⲉ.... -->
<mark id="verse_666" xlink:href="#xpointer(id('tok_666')/range-to(id('tok_704')))"/><!-- ⲛ.... -->
<mark id="verse_705" xlink:href="#xpointer(id('tok_705')/range-to(id('tok_758')))"/><!-- ⲟⲩ.... -->
<mark id="verse_759" xlink:href="#xpointer(id('tok_759')/range-to(id('tok_784')))"/><!-- ⲉⲓⲧⲉ.... -->
<mark id="verse_785" xlink:href="#xpointer(id('tok_785')/range-to(id('tok_807')))"/><!-- ⲉϣⲱⲡⲉ.... -->
<mark id="verse_808" xlink:href="#xpointer(id('tok_808')/range-to(id('tok_819')))"/><!-- ⲡⲣⲟⲫⲏⲧⲏⲥ.... -->
<mark id="verse_820" xlink:href="#xpointer(id('tok_820')/range-to(id('tok_836')))"/><!-- ⲉϣⲱⲡⲉ.... -->
<mark id="verse_837" xlink:href="#xpointer(id('tok_837')/range-to(id('tok_855')))"/><!-- ⲟⲩⲛ.... -->
<mark id="verse_856" xlink:href="#xpointer(id('tok_856')/range-to(id('tok_866')))"/><!-- ⲛⲧⲉ.... -->
<mark id="verse_867" xlink:href="#xpointer(id('tok_867')/range-to(id('tok_895')))"/><!-- ⲡ.... -->
<mark id="verse_896" xlink:href="#xpointer(id('tok_896')/range-to(id('tok_920')))"/><!-- ⲛⲉϩⲓⲟⲙⲉ.... -->
<mark id="verse_921" xlink:href="#xpointer(id('tok_921')/range-to(id('tok_946')))"/><!-- ⲉϣⲱⲡⲉ.... -->
<mark id="verse_947" xlink:href="#xpointer(id('tok_947')/range-to(id('tok_964')))"/><!-- ⲏⲛⲧⲁ.... -->
<mark id="verse_965" xlink:href="#xpointer(id('tok_965')/range-to(id('tok_992')))"/><!-- ⲡ.... -->
<mark id="verse_993" xlink:href="#xpointer(id('tok_993')/range-to(id('tok_1007')))"/><!-- ⲡ.... -->
<mark id="verse_1008" xlink:href="#xpointer(id('tok_1008')/range-to(id('tok_1023')))"/><!-- ϩⲱⲥⲧⲉ.... -->
<mark id="verse_1024" xlink:href="#xpointer(id('tok_1024')/range-to(id('tok_1034')))"/><!-- ⲙⲁⲣⲟⲩϣⲱⲡⲉ.... -->
</markList>
</paula>
