<?xml version="1.0" encoding="UTF-8" standalone="no"?>

<!DOCTYPE paula SYSTEM "paula_mark.dtd">
<paula version="1.0">

<header paula_id="sahidica.nt.1_Peter_3_normSeg"/>

<markList xmlns:xlink="http://www.w3.org/1999/xlink" type="normSeg" xml:base="sahidica.nt.1_Peter_3.tok.xml">
<mark id="norm_1" xlink:href="#tok_1"/><!-- ⲛⲉϩⲓⲟⲙⲉ -->
<mark id="norm_2" xlink:href="#tok_2"/><!-- ⲟⲛ -->
<mark id="norm_3" xlink:href="#tok_3"/><!-- ⲛ -->
<mark id="norm_4" xlink:href="#tok_4"/><!-- ⲧⲉⲓ -->
<mark id="norm_5" xlink:href="#tok_5"/><!-- ϩⲉ -->
<mark id="norm_6" xlink:href="#tok_6"/><!-- ⲉ -->
<mark id="norm_7" xlink:href="#tok_7"/><!-- ⲩ -->
<mark id="norm_8" xlink:href="#tok_8"/><!-- ⲑⲃⲃⲓⲟ -->
<mark id="norm_9" xlink:href="#tok_9"/><!-- ⲙⲙⲟ -->
<mark id="norm_10" xlink:href="#tok_10"/><!-- ⲟⲩ -->
<mark id="norm_11" xlink:href="#tok_11"/><!-- ⲛ -->
<mark id="norm_12" xlink:href="#tok_12"/><!-- ⲛⲉⲩ -->
<mark id="norm_13" xlink:href="#tok_13"/><!-- ϩⲁⲓ -->
<mark id="norm_14" xlink:href="#tok_14"/><!-- . -->
<mark id="norm_15" xlink:href="#tok_15"/><!-- ϫⲉⲕⲁⲁⲥ -->
<mark id="norm_16" xlink:href="#tok_16"/><!-- ⲉϣⲱⲡⲉ -->
<mark id="norm_17" xlink:href="#tok_17"/><!-- ⲟⲩⲛ -->
<mark id="norm_18" xlink:href="#tok_18"/><!-- ϩⲟⲓⲛⲉ -->
<mark id="norm_19" xlink:href="#tok_19"/><!-- ⲟ -->
<mark id="norm_20" xlink:href="#tok_20"/><!-- ⲛ -->
<mark id="norm_21" xlink:href="#tok_21"/><!-- ⲁⲧⲥⲱⲧⲙ -->
<mark id="norm_22" xlink:href="#tok_22"/><!-- ⲉ -->
<mark id="norm_23" xlink:href="#tok_23"/><!-- ⲡ -->
<mark id="norm_24" xlink:href="#tok_24"/><!-- ϣⲁϫⲉ -->
<mark id="norm_25" xlink:href="#tok_25"/><!-- . -->
<mark id="norm_26" xlink:href="#tok_26"/><!-- ⲛⲥⲉϯϩⲏⲩ -->
<mark id="norm_27" xlink:href="#tok_27"/><!-- ⲙⲙⲟ -->
<mark id="norm_28" xlink:href="#tok_28"/><!-- ⲟⲩ -->
<mark id="norm_29" xlink:href="#tok_29"/><!-- ⲁϫⲛϣⲁϫⲉ -->
<mark id="norm_30" xlink:href="#tok_30"/><!-- ϩⲓⲧⲛ -->
<mark id="norm_31" xlink:href="#tok_31"/><!-- ⲧ -->
<mark id="norm_32" xlink:href="#tok_32"/><!-- ⲁⲛⲁⲥⲧⲣⲟⲫⲏ -->
<mark id="norm_33" xlink:href="#tok_33"/><!-- ⲛⲛⲉϩⲓⲟⲙⲉ -->
<mark id="norm_34" xlink:href="#tok_34"/><!-- . -->
<mark id="norm_35" xlink:href="#tok_35"/><!-- ⲉ -->
<mark id="norm_36" xlink:href="#tok_36"/><!-- ⲩ -->
<mark id="norm_37" xlink:href="#tok_37"/><!-- ⲛⲁⲩ -->
<mark id="norm_38" xlink:href="#tok_38"/><!-- ⲉⲧⲉⲧⲛⲁⲛⲁⲥⲧⲡⲟⲫⲏ -->
<mark id="norm_39" xlink:href="#tok_39"/><!-- ⲉⲧ -->
<mark id="norm_40" xlink:href="#tok_40"/><!-- ⲟⲩⲁⲁⲃ -->
<mark id="norm_41" xlink:href="#tok_41"/><!-- ϩⲛ -->
<mark id="norm_42" xlink:href="#tok_42"/><!-- ⲟⲩ -->
<mark id="norm_43" xlink:href="#tok_43"/><!-- ϩⲟⲧⲉ -->
<mark id="norm_44" xlink:href="#tok_44"/><!-- . -->
<mark id="norm_45" xlink:href="#tok_45"/><!-- ⲛⲁⲓ -->
<mark id="norm_46" xlink:href="#tok_46"/><!-- ⲇⲉ -->
<mark id="norm_47" xlink:href="#tok_47"/><!-- ⲙⲡⲣⲧⲣⲉ -->
<mark id="norm_48" xlink:href="#tok_48"/><!-- ϥ -->
<mark id="norm_49" xlink:href="#tok_49"/><!-- ϣⲱⲡⲉ -->
<mark id="norm_50" xlink:href="#tok_50"/><!-- ⲛⲁ -->
<mark id="norm_51" xlink:href="#tok_51"/><!-- ⲩ -->
<mark id="norm_52" xlink:href="#tok_52"/><!-- ⲛϭⲓ -->
<mark id="norm_53" xlink:href="#tok_53"/><!-- ⲡ -->
<mark id="norm_54" xlink:href="#tok_54"/><!-- ⲕⲟⲥⲙⲟⲥ -->
<mark id="norm_55" xlink:href="#tok_55"/><!-- ⲉⲧ -->
<mark id="norm_56" xlink:href="#tok_56"/><!-- ϩⲓⲃⲟⲗ -->
<mark id="norm_57" xlink:href="#tok_57"/><!-- ⲛϩⲱⲗⲕ -->
<mark id="norm_58" xlink:href="#tok_58"/><!-- ϩⲓ -->
<mark id="norm_59" xlink:href="#tok_59"/><!-- ⲛⲟⲩⲃ -->
<mark id="norm_60" xlink:href="#tok_60"/><!-- ϩⲓ -->
<mark id="norm_61" xlink:href="#tok_61"/><!-- ϩⲟⲓⲧⲉ -->
<mark id="norm_62" xlink:href="#tok_62"/><!-- . -->
<mark id="norm_63" xlink:href="#tok_63"/><!-- ⲁⲗⲗⲁ -->
<mark id="norm_64" xlink:href="#tok_64"/><!-- ⲙ -->
<mark id="norm_65" xlink:href="#tok_65"/><!-- ⲡ -->
<mark id="norm_66" xlink:href="#tok_66"/><!-- ⲣⲱⲙⲉ -->
<mark id="norm_67" xlink:href="#tok_67"/><!-- ⲉⲧ -->
<mark id="norm_68" xlink:href="#tok_68"/><!-- ϩⲏⲡ -->
<mark id="norm_69" xlink:href="#tok_69"/><!-- ⲛⲧⲉ -->
<mark id="norm_70" xlink:href="#tok_70"/><!-- ⲡ -->
<mark id="norm_71" xlink:href="#tok_71"/><!-- ϩⲏⲧ -->
<mark id="norm_72" xlink:href="#tok_72"/><!-- ϩⲛ -->
<mark id="norm_73" xlink:href="#tok_73"/><!-- ⲧⲙⲛⲧⲁⲧⲧⲁⲕⲟ -->
<mark id="norm_74" xlink:href="#tok_74"/><!-- ⲙ -->
<mark id="norm_75" xlink:href="#tok_75"/><!-- ⲡⲉ -->
<mark id="norm_76" xlink:href="#tok_76"/><!-- ⲡⲛⲉⲩⲙⲁ -->
<mark id="norm_77" xlink:href="#tok_77"/><!-- ⲛ -->
<mark id="norm_78" xlink:href="#tok_78"/><!-- ⲣⲙⲣⲁϣ -->
<mark id="norm_79" xlink:href="#tok_79"/><!-- ⲁⲩⲱ -->
<mark id="norm_80" xlink:href="#tok_80"/><!-- ⲉⲧϩⲟⲣⲕ -->
<mark id="norm_81" xlink:href="#tok_81"/><!-- ⲡⲁⲓ -->
<mark id="norm_82" xlink:href="#tok_82"/><!-- ⲉⲧⲙⲡⲉⲙⲧⲟ -->
<mark id="norm_83" xlink:href="#tok_83"/><!-- ⲉⲃⲟⲗ -->
<mark id="norm_84" xlink:href="#tok_84"/><!-- ⲙ -->
<mark id="norm_85" xlink:href="#tok_85"/><!-- ⲡ -->
<mark id="norm_86" xlink:href="#tok_86"/><!-- ⲛⲟⲩⲧⲉ -->
<mark id="norm_87" xlink:href="#tok_87"/><!-- ⲉⲧⲁⲓⲏⲩ -->
<mark id="norm_88" xlink:href="#tok_88"/><!-- . -->
<mark id="norm_89" xlink:href="#tok_89"/><!-- ⲧⲁⲓ -->
<mark id="norm_90" xlink:href="#tok_90"/><!-- ⲅⲁⲣ -->
<mark id="norm_91" xlink:href="#tok_91"/><!-- ⲧⲉ -->
<mark id="norm_92" xlink:href="#tok_92"/><!-- ⲧ -->
<mark id="norm_93" xlink:href="#tok_93"/><!-- ϩⲉ -->
<mark id="norm_94" xlink:href="#tok_94"/><!-- ⲉⲛⲉⲩⲕⲟⲥⲙⲉⲓ -->
<mark id="norm_95" xlink:href="#tok_95"/><!-- ⲙⲙⲟ -->
<mark id="norm_96" xlink:href="#tok_96"/><!-- ⲟⲩ -->
<mark id="norm_97" xlink:href="#tok_97"/><!-- ⲙ -->
<mark id="norm_98" xlink:href="#tok_98"/><!-- ⲡⲉⲓ -->
<mark id="norm_99" xlink:href="#tok_99"/><!-- ⲟⲩⲟⲉⲓϣ -->
<mark id="norm_100" xlink:href="#tok_100"/><!-- ⲛϭⲓ -->
<mark id="norm_101" xlink:href="#tok_101"/><!-- ⲛⲉϩⲓⲟⲙⲉ -->
<mark id="norm_102" xlink:href="#tok_102"/><!-- ⲉⲧ -->
<mark id="norm_103" xlink:href="#tok_103"/><!-- ⲟⲩⲁⲁⲃ -->
<mark id="norm_104" xlink:href="#tok_104"/><!-- ⲉⲧϩⲉⲗⲡⲓⲍ -->
<mark id="norm_105" xlink:href="#tok_105"/><!-- ⲉ -->
<mark id="norm_106" xlink:href="#tok_106"/><!-- ⲡ -->
<mark id="norm_107" xlink:href="#tok_107"/><!-- ⲛⲟⲩⲧⲉ -->
<mark id="norm_108" xlink:href="#tok_108"/><!-- . -->
<mark id="norm_109" xlink:href="#tok_109"/><!-- ⲉ -->
<mark id="norm_110" xlink:href="#tok_110"/><!-- ⲩ -->
<mark id="norm_111" xlink:href="#tok_111"/><!-- ⲥⲱⲧⲙ -->
<mark id="norm_112" xlink:href="#tok_112"/><!-- ⲛⲥⲁ -->
<mark id="norm_113" xlink:href="#tok_113"/><!-- ⲛⲉⲩ -->
<mark id="norm_114" xlink:href="#tok_114"/><!-- ϩⲁⲓ -->
<mark id="norm_115" xlink:href="#tok_115"/><!-- . -->
<mark id="norm_116" xlink:href="#tok_116"/><!-- ⲛ -->
<mark id="norm_117" xlink:href="#tok_117"/><!-- ⲧ -->
<mark id="norm_118" xlink:href="#tok_118"/><!-- ϩⲉ -->
<mark id="norm_119" xlink:href="#tok_119"/><!-- ⲛ -->
<mark id="norm_120" xlink:href="#tok_120"/><!-- ⲥⲁⲣⲣⲁ -->
<mark id="norm_121" xlink:href="#tok_121"/><!-- ⲉⲛⲉⲥⲥⲱⲧⲙ -->
<mark id="norm_122" xlink:href="#tok_122"/><!-- ⲛⲥⲁ -->
<mark id="norm_123" xlink:href="#tok_123"/><!-- ⲁⲃⲣⲁϩⲁⲙ -->
<mark id="norm_124" xlink:href="#tok_124"/><!-- ⲉ -->
<mark id="norm_125" xlink:href="#tok_125"/><!-- ⲥ -->
<mark id="norm_126" xlink:href="#tok_126"/><!-- ⲙⲟⲩⲧⲉ -->
<mark id="norm_127" xlink:href="#tok_127"/><!-- ⲉⲣⲟ -->
<mark id="norm_128" xlink:href="#tok_128"/><!-- ϥ -->
<mark id="norm_129" xlink:href="#tok_129"/><!-- ϫⲉ -->
<mark id="norm_130" xlink:href="#tok_130"/><!-- ⲡⲁ -->
<mark id="norm_131" xlink:href="#tok_131"/><!-- ϫⲟⲉⲓⲥ -->
<mark id="norm_132" xlink:href="#tok_132"/><!-- ⲧⲁⲓ -->
<mark id="norm_133" xlink:href="#tok_133"/><!-- ⲛⲧ -->
<mark id="norm_134" xlink:href="#tok_134"/><!-- ⲁ -->
<mark id="norm_135" xlink:href="#tok_135"/><!-- ⲧⲉⲧⲛ -->
<mark id="norm_136" xlink:href="#tok_136"/><!-- ϣⲱⲡⲉ -->
<mark id="norm_137" xlink:href="#tok_137"/><!-- ⲛⲁ -->
<mark id="norm_138" xlink:href="#tok_138"/><!-- ⲥ -->
<mark id="norm_139" xlink:href="#tok_139"/><!-- ⲛ -->
<mark id="norm_140" xlink:href="#tok_140"/><!-- ϣⲉⲉⲣⲉ -->
<mark id="norm_141" xlink:href="#tok_141"/><!-- ⲉⲧⲉⲧⲛⲉ -->
<mark id="norm_142" xlink:href="#tok_142"/><!-- ⲓⲣⲉ -->
<mark id="norm_143" xlink:href="#tok_143"/><!-- ⲙⲡⲡⲉⲧⲛⲁⲛⲟⲩϥ -->
<mark id="norm_144" xlink:href="#tok_144"/><!-- . -->
<mark id="norm_145" xlink:href="#tok_145"/><!-- ⲁⲩⲱ -->
<mark id="norm_146" xlink:href="#tok_146"/><!-- ⲛ -->
<mark id="norm_147" xlink:href="#tok_147"/><!-- ⲧⲉⲧⲛ -->
<mark id="norm_148" xlink:href="#tok_148"/><!-- ⲣ -->
<mark id="norm_149" xlink:href="#tok_149"/><!-- ϩⲟⲧⲉ -->
<mark id="norm_150" xlink:href="#tok_150"/><!-- ⲁⲛ -->
<mark id="norm_151" xlink:href="#tok_151"/><!-- ⲛϩⲏⲧ -->
<mark id="norm_152" xlink:href="#tok_152"/><!-- ⲥ -->
<mark id="norm_153" xlink:href="#tok_153"/><!-- ⲛ -->
<mark id="norm_154" xlink:href="#tok_154"/><!-- ⲗⲁⲁⲩ -->
<mark id="norm_155" xlink:href="#tok_155"/><!-- ⲛ -->
<mark id="norm_156" xlink:href="#tok_156"/><!-- ϩⲟⲧⲉ -->
<mark id="norm_157" xlink:href="#tok_157"/><!-- ⲛ -->
<mark id="norm_158" xlink:href="#tok_158"/><!-- ϩⲟⲟⲩⲧ -->
<mark id="norm_159" xlink:href="#tok_159"/><!-- ⲟⲛ -->
<mark id="norm_160" xlink:href="#tok_160"/><!-- ⲛ -->
<mark id="norm_161" xlink:href="#tok_161"/><!-- ⲧⲉⲓ -->
<mark id="norm_162" xlink:href="#tok_162"/><!-- ϩⲉ -->
<mark id="norm_163" xlink:href="#tok_163"/><!-- ⲉ -->
<mark id="norm_164" xlink:href="#tok_164"/><!-- ⲧⲉⲧⲛ -->
<mark id="norm_165" xlink:href="#tok_165"/><!-- ϣⲟⲟⲡ -->
<mark id="norm_166" xlink:href="#tok_166"/><!-- ⲛⲙⲙⲁ -->
<mark id="norm_167" xlink:href="#tok_167"/><!-- ⲩ -->
<mark id="norm_168" xlink:href="#tok_168"/><!-- ⲕⲁⲧⲁ -->
<mark id="norm_169" xlink:href="#tok_169"/><!-- ⲟⲩ -->
<mark id="norm_170" xlink:href="#tok_170"/><!-- ⲥⲟⲟⲩⲛ -->
<mark id="norm_171" xlink:href="#tok_171"/><!-- ⲛ -->
<mark id="norm_172" xlink:href="#tok_172"/><!-- ⲧⲉⲧⲛ -->
<mark id="norm_173" xlink:href="#tok_173"/><!-- ϯ -->
<mark id="norm_174" xlink:href="#tok_174"/><!-- ⲛ -->
<mark id="norm_175" xlink:href="#tok_175"/><!-- ⲟⲩ -->
<mark id="norm_176" xlink:href="#tok_176"/><!-- ⲧⲓⲙⲏ -->
<mark id="norm_177" xlink:href="#tok_177"/><!-- ⲛ -->
<mark id="norm_178" xlink:href="#tok_178"/><!-- ⲛⲉⲧⲛ -->
<mark id="norm_179" xlink:href="#tok_179"/><!-- ϩⲓⲟⲙⲉ -->
<mark id="norm_180" xlink:href="#tok_180"/><!-- ϩⲱⲥ -->
<mark id="norm_181" xlink:href="#tok_181"/><!-- ⲥⲕⲉⲩⲟⲥ -->
<mark id="norm_182" xlink:href="#tok_182"/><!-- ⲛ -->
<mark id="norm_183" xlink:href="#tok_183"/><!-- ϭⲱⲃ -->
<mark id="norm_184" xlink:href="#tok_184"/><!-- ϫⲉ -->
<mark id="norm_185" xlink:href="#tok_185"/><!-- ϩⲉⲛ -->
<mark id="norm_186" xlink:href="#tok_186"/><!-- ⲥⲩⲛⲕⲗⲏⲣⲟⲛⲟⲙⲟⲥ -->
<mark id="norm_187" xlink:href="#tok_187"/><!-- ⲛⲉ -->
<mark id="norm_188" xlink:href="#tok_188"/><!-- ⲛ -->
<mark id="norm_189" xlink:href="#tok_189"/><!-- ⲧⲉ -->
<mark id="norm_190" xlink:href="#tok_190"/><!-- ⲭⲁⲣⲓⲥ -->
<mark id="norm_191" xlink:href="#tok_191"/><!-- ⲙ -->
<mark id="norm_192" xlink:href="#tok_192"/><!-- ⲡ -->
<mark id="norm_193" xlink:href="#tok_193"/><!-- ⲱⲛϩ -->
<mark id="norm_194" xlink:href="#tok_194"/><!-- ⲉ -->
<mark id="norm_195" xlink:href="#tok_195"/><!-- ⲧⲙ -->
<mark id="norm_196" xlink:href="#tok_196"/><!-- ⲕⲁ -->
<mark id="norm_197" xlink:href="#tok_197"/><!-- ⲧⲏⲩⲧⲛ -->
<mark id="norm_198" xlink:href="#tok_198"/><!-- ⲉⲃⲟⲗ -->
<mark id="norm_199" xlink:href="#tok_199"/><!-- ϩⲛ -->
<mark id="norm_200" xlink:href="#tok_200"/><!-- ⲛⲉⲧⲛϣⲗⲏⲗ -->
<mark id="norm_201" xlink:href="#tok_201"/><!-- . -->
<mark id="norm_202" xlink:href="#tok_202"/><!-- ⲡϫⲱⲕ -->
<mark id="norm_203" xlink:href="#tok_203"/><!-- ⲇⲉ -->
<mark id="norm_204" xlink:href="#tok_204"/><!-- ⲉⲃⲟⲗ -->
<mark id="norm_205" xlink:href="#tok_205"/><!-- ⲡⲉ -->
<mark id="norm_206" xlink:href="#tok_206"/><!-- ⲉⲣ -->
<mark id="norm_207" xlink:href="#tok_207"/><!-- ⲟⲩ -->
<mark id="norm_208" xlink:href="#tok_208"/><!-- ϩⲏⲧ -->
<mark id="norm_209" xlink:href="#tok_209"/><!-- ⲛ -->
<mark id="norm_210" xlink:href="#tok_210"/><!-- ⲟⲩⲱⲧ -->
<mark id="norm_211" xlink:href="#tok_211"/><!-- ⲧⲏⲣ -->
<mark id="norm_212" xlink:href="#tok_212"/><!-- ⲧⲛ -->
<mark id="norm_213" xlink:href="#tok_213"/><!-- ⲉ -->
<mark id="norm_214" xlink:href="#tok_214"/><!-- ϣⲡ -->
<mark id="norm_215" xlink:href="#tok_215"/><!-- ϩⲓⲥⲉ -->
<mark id="norm_216" xlink:href="#tok_216"/><!-- ⲙⲛ -->
<mark id="norm_217" xlink:href="#tok_217"/><!-- ⲛⲉⲧⲛ -->
<mark id="norm_218" xlink:href="#tok_218"/><!-- ⲉⲣⲏⲩ -->
<mark id="norm_219" xlink:href="#tok_219"/><!-- . -->
<mark id="norm_220" xlink:href="#tok_220"/><!-- ⲉⲣ -->
<mark id="norm_221" xlink:href="#tok_221"/><!-- ⲙⲁⲓⲥⲟⲛ -->
<mark id="norm_222" xlink:href="#tok_222"/><!-- ⲉⲣ -->
<mark id="norm_223" xlink:href="#tok_223"/><!-- ϣⲁⲛⲁϩⲧⲏϥ -->
<mark id="norm_224" xlink:href="#tok_224"/><!-- ⲉ -->
<mark id="norm_225" xlink:href="#tok_225"/><!-- ⲑⲃⲃⲓⲉ -->
<mark id="norm_226" xlink:href="#tok_226"/><!-- ⲧⲏⲩⲧⲛ -->
<mark id="norm_227" xlink:href="#tok_227"/><!-- . -->
<mark id="norm_228" xlink:href="#tok_228"/><!-- ⲛⲧⲉⲧⲛ -->
<mark id="norm_229" xlink:href="#tok_229"/><!-- ⲧⲱⲱⲃⲉ -->
<mark id="norm_230" xlink:href="#tok_230"/><!-- ⲁⲛ -->
<mark id="norm_231" xlink:href="#tok_231"/><!-- ⲛ -->
<mark id="norm_232" xlink:href="#tok_232"/><!-- ⲟⲩ -->
<mark id="norm_233" xlink:href="#tok_233"/><!-- ⲡⲉⲑⲟⲟⲩ -->
<mark id="norm_234" xlink:href="#tok_234"/><!-- ⲉ -->
<mark id="norm_235" xlink:href="#tok_235"/><!-- ⲡ -->
<mark id="norm_236" xlink:href="#tok_236"/><!-- ⲙⲁ -->
<mark id="norm_237" xlink:href="#tok_237"/><!-- ⲛ -->
<mark id="norm_238" xlink:href="#tok_238"/><!-- ⲟⲩ -->
<mark id="norm_239" xlink:href="#tok_239"/><!-- ⲡⲉⲑⲟⲟⲩ -->
<mark id="norm_240" xlink:href="#tok_240"/><!-- ⲏⲟⲩⲥⲁϩⲟⲩ -->
<mark id="norm_241" xlink:href="#tok_241"/><!-- ⲉ -->
<mark id="norm_242" xlink:href="#tok_242"/><!-- ⲡ -->
<mark id="norm_243" xlink:href="#tok_243"/><!-- ⲙⲁ -->
<mark id="norm_244" xlink:href="#tok_244"/><!-- ⲛ -->
<mark id="norm_245" xlink:href="#tok_245"/><!-- ⲟⲩ -->
<mark id="norm_246" xlink:href="#tok_246"/><!-- ⲥⲁϩⲟⲩ -->
<mark id="norm_247" xlink:href="#tok_247"/><!-- . -->
<mark id="norm_248" xlink:href="#tok_248"/><!-- ⲛϩⲟⲩⲟ -->
<mark id="norm_249" xlink:href="#tok_249"/><!-- ⲇⲉ -->
<mark id="norm_250" xlink:href="#tok_250"/><!-- ⲛⲧⲟϥ -->
<mark id="norm_251" xlink:href="#tok_251"/><!-- ⲛ -->
<mark id="norm_252" xlink:href="#tok_252"/><!-- ⲧⲉⲧⲛ -->
<mark id="norm_253" xlink:href="#tok_253"/><!-- ⲥⲙⲟⲩ -->
<mark id="norm_254" xlink:href="#tok_254"/><!-- ϫⲉ -->
<mark id="norm_255" xlink:href="#tok_255"/><!-- ⲛⲧⲁⲩⲧⲉϩⲙ -->
<mark id="norm_256" xlink:href="#tok_256"/><!-- ⲧⲏⲩⲧⲛ -->
<mark id="norm_257" xlink:href="#tok_257"/><!-- ⲉ -->
<mark id="norm_258" xlink:href="#tok_258"/><!-- ⲡⲁⲓ -->
<mark id="norm_259" xlink:href="#tok_259"/><!-- ϫⲉⲕⲁⲁⲥ -->
<mark id="norm_260" xlink:href="#tok_260"/><!-- ⲉⲧⲉⲧⲛⲉ -->
<mark id="norm_261" xlink:href="#tok_261"/><!-- ⲕⲗⲏⲣⲟⲛⲟⲙⲉⲓ -->
<mark id="norm_262" xlink:href="#tok_262"/><!-- ⲙ -->
<mark id="norm_263" xlink:href="#tok_263"/><!-- ⲡⲉⲥ -->
<mark id="norm_264" xlink:href="#tok_264"/><!-- ⲙⲟⲩ -->
<mark id="norm_265" xlink:href="#tok_265"/><!-- . -->
<mark id="norm_266" xlink:href="#tok_266"/><!-- ⲡ -->
<mark id="norm_267" xlink:href="#tok_267"/><!-- ⲉⲧ -->
<mark id="norm_268" xlink:href="#tok_268"/><!-- ⲟⲩⲱϣ -->
<mark id="norm_269" xlink:href="#tok_269"/><!-- ⲅⲁⲣ -->
<mark id="norm_270" xlink:href="#tok_270"/><!-- ⲉ -->
<mark id="norm_271" xlink:href="#tok_271"/><!-- ⲙⲉⲣⲉ -->
<mark id="norm_272" xlink:href="#tok_272"/><!-- ⲡ -->
<mark id="norm_273" xlink:href="#tok_273"/><!-- ⲱⲛϩ -->
<mark id="norm_274" xlink:href="#tok_274"/><!-- ⲁⲩⲱ -->
<mark id="norm_275" xlink:href="#tok_275"/><!-- ⲉ -->
<mark id="norm_276" xlink:href="#tok_276"/><!-- ⲛⲁⲩ -->
<mark id="norm_277" xlink:href="#tok_277"/><!-- ⲉϩⲉϩⲟⲟⲩ -->
<mark id="norm_278" xlink:href="#tok_278"/><!-- ⲉⲧⲛⲁⲛⲟⲩⲟⲩ -->
<mark id="norm_279" xlink:href="#tok_279"/><!-- ⲙⲁⲣⲉ -->
<mark id="norm_280" xlink:href="#tok_280"/><!-- ϥ -->
<mark id="norm_281" xlink:href="#tok_281"/><!-- ⲧⲁⲗϭⲉ -->
<mark id="norm_282" xlink:href="#tok_282"/><!-- ⲡⲉϥ -->
<mark id="norm_283" xlink:href="#tok_283"/><!-- ⲗⲁⲥ -->
<mark id="norm_284" xlink:href="#tok_284"/><!-- ⲉⲃⲟⲗ -->
<mark id="norm_285" xlink:href="#tok_285"/><!-- ϩⲙ -->
<mark id="norm_286" xlink:href="#tok_286"/><!-- ⲡ -->
<mark id="norm_287" xlink:href="#tok_287"/><!-- ⲉⲧ -->
<mark id="norm_288" xlink:href="#tok_288"/><!-- ϩⲟⲟⲩ -->
<mark id="norm_289" xlink:href="#tok_289"/><!-- ⲁⲩⲱ -->
<mark id="norm_290" xlink:href="#tok_290"/><!-- ⲛⲉϥ -->
<mark id="norm_291" xlink:href="#tok_291"/><!-- ⲥⲡⲟⲧⲟⲩ -->
<mark id="norm_292" xlink:href="#tok_292"/><!-- ⲉ -->
<mark id="norm_293" xlink:href="#tok_293"/><!-- ⲧⲙ -->
<mark id="norm_294" xlink:href="#tok_294"/><!-- ϫⲱ -->
<mark id="norm_295" xlink:href="#tok_295"/><!-- ⲛ -->
<mark id="norm_296" xlink:href="#tok_296"/><!-- ⲟⲩ -->
<mark id="norm_297" xlink:href="#tok_297"/><!-- ⲕⲣⲟϥ -->
<mark id="norm_298" xlink:href="#tok_298"/><!-- ⲙⲁⲣⲉϥⲣⲉⲕⲧϥ -->
<mark id="norm_299" xlink:href="#tok_299"/><!-- ⲉⲃⲟⲗ -->
<mark id="norm_300" xlink:href="#tok_300"/><!-- ⲙ -->
<mark id="norm_301" xlink:href="#tok_301"/><!-- ⲡ -->
<mark id="norm_302" xlink:href="#tok_302"/><!-- ⲉⲧ -->
<mark id="norm_303" xlink:href="#tok_303"/><!-- ϩⲟⲟⲩ -->
<mark id="norm_304" xlink:href="#tok_304"/><!-- ⲛ -->
<mark id="norm_305" xlink:href="#tok_305"/><!-- ϥ -->
<mark id="norm_306" xlink:href="#tok_306"/><!-- ⲉⲓⲣⲉ -->
<mark id="norm_307" xlink:href="#tok_307"/><!-- ⲙⲡⲡⲉⲧⲛⲁⲛⲟⲩϥ -->
<mark id="norm_308" xlink:href="#tok_308"/><!-- ⲛ -->
<mark id="norm_309" xlink:href="#tok_309"/><!-- ϥ -->
<mark id="norm_310" xlink:href="#tok_310"/><!-- ϣⲓⲛⲉ -->
<mark id="norm_311" xlink:href="#tok_311"/><!-- ⲙⲁⲣⲉ -->
<mark id="norm_312" xlink:href="#tok_312"/><!-- ϥ -->
<mark id="norm_313" xlink:href="#tok_313"/><!-- ϣⲓⲛⲉ -->
<mark id="norm_314" xlink:href="#tok_314"/><!-- ⲛⲥⲁ -->
<mark id="norm_315" xlink:href="#tok_315"/><!-- ⲧ -->
<mark id="norm_316" xlink:href="#tok_316"/><!-- ⲓⲣⲏⲛⲏ -->
<mark id="norm_317" xlink:href="#tok_317"/><!-- ⲛ -->
<mark id="norm_318" xlink:href="#tok_318"/><!-- ϥ -->
<mark id="norm_319" xlink:href="#tok_319"/><!-- ⲡⲱⲧ -->
<mark id="norm_320" xlink:href="#tok_320"/><!-- ⲛⲥⲱ -->
<mark id="norm_321" xlink:href="#tok_321"/><!-- ⲥ -->
<mark id="norm_322" xlink:href="#tok_322"/><!-- ϫⲉ -->
<mark id="norm_323" xlink:href="#tok_323"/><!-- ⲛⲉⲃⲁⲗ -->
<mark id="norm_324" xlink:href="#tok_324"/><!-- ⲙ -->
<mark id="norm_325" xlink:href="#tok_325"/><!-- ⲡ -->
<mark id="norm_326" xlink:href="#tok_326"/><!-- ϫⲟⲉⲓⲥ -->
<mark id="norm_327" xlink:href="#tok_327"/><!-- ⲉ -->
<mark id="norm_328" xlink:href="#tok_328"/><!-- ⲩ -->
<mark id="norm_329" xlink:href="#tok_329"/><!-- ϭⲱϣⲧ -->
<mark id="norm_330" xlink:href="#tok_330"/><!-- ⲉϫⲛ -->
<mark id="norm_331" xlink:href="#tok_331"/><!-- ⲛ -->
<mark id="norm_332" xlink:href="#tok_332"/><!-- ⲇⲓⲕⲁⲓⲟⲥ -->
<mark id="norm_333" xlink:href="#tok_333"/><!-- ⲁⲩⲱ -->
<mark id="norm_334" xlink:href="#tok_334"/><!-- ⲛⲉϥ -->
<mark id="norm_335" xlink:href="#tok_335"/><!-- ⲙⲁⲁϫⲉ -->
<mark id="norm_336" xlink:href="#tok_336"/><!-- ⲉⲩⲣⲁⲕⲉ -->
<mark id="norm_337" xlink:href="#tok_337"/><!-- ⲉⲡⲉⲩⲥⲟⲡⲥ -->
<mark id="norm_338" xlink:href="#tok_338"/><!-- ⲡ -->
<mark id="norm_339" xlink:href="#tok_339"/><!-- ϩⲟ -->
<mark id="norm_340" xlink:href="#tok_340"/><!-- ⲇⲉ -->
<mark id="norm_341" xlink:href="#tok_341"/><!-- ⲙ -->
<mark id="norm_342" xlink:href="#tok_342"/><!-- ⲡ -->
<mark id="norm_343" xlink:href="#tok_343"/><!-- ϫⲟⲉⲓⲥ -->
<mark id="norm_344" xlink:href="#tok_344"/><!-- ⲉϫⲛ -->
<mark id="norm_345" xlink:href="#tok_345"/><!-- ⲛ -->
<mark id="norm_346" xlink:href="#tok_346"/><!-- ⲉⲧ -->
<mark id="norm_347" xlink:href="#tok_347"/><!-- ⲉⲓⲣⲉ -->
<mark id="norm_348" xlink:href="#tok_348"/><!-- ⲛⲙⲡⲉⲑⲟⲟⲩ -->
<mark id="norm_349" xlink:href="#tok_349"/><!-- ⲁⲩⲱ -->
<mark id="norm_350" xlink:href="#tok_350"/><!-- ⲛⲓⲙ -->
<mark id="norm_351" xlink:href="#tok_351"/><!-- ⲡ -->
<mark id="norm_352" xlink:href="#tok_352"/><!-- ⲉⲧ -->
<mark id="norm_353" xlink:href="#tok_353"/><!-- ⲛⲁ -->
<mark id="norm_354" xlink:href="#tok_354"/><!-- ⲑⲙⲕⲉ -->
<mark id="norm_355" xlink:href="#tok_355"/><!-- ⲧⲏⲩⲧⲛ -->
<mark id="norm_356" xlink:href="#tok_356"/><!-- ⲉⲧⲉⲧⲛϣⲁⲛⲛⲉⲣ -->
<mark id="norm_357" xlink:href="#tok_357"/><!-- ⲣⲉϥⲕⲱϩ -->
<mark id="norm_358" xlink:href="#tok_358"/><!-- ⲉ -->
<mark id="norm_359" xlink:href="#tok_359"/><!-- ⲡ -->
<mark id="norm_360" xlink:href="#tok_360"/><!-- ⲁⲅⲁⲑⲟⲛ -->
<mark id="norm_361" xlink:href="#tok_361"/><!-- . -->
<mark id="norm_362" xlink:href="#tok_362"/><!-- ⲁⲗⲗⲁ -->
<mark id="norm_363" xlink:href="#tok_363"/><!-- ⲉϣⲱⲡⲉ -->
<mark id="norm_364" xlink:href="#tok_364"/><!-- ⲟⲛ -->
<mark id="norm_365" xlink:href="#tok_365"/><!-- ⲉ -->
<mark id="norm_366" xlink:href="#tok_366"/><!-- ⲧⲉⲧⲛ -->
<mark id="norm_367" xlink:href="#tok_367"/><!-- ϣⲡ -->
<mark id="norm_368" xlink:href="#tok_368"/><!-- ϩⲓⲥⲉ -->
<mark id="norm_369" xlink:href="#tok_369"/><!-- ⲉⲧⲃⲉ -->
<mark id="norm_370" xlink:href="#tok_370"/><!-- ⲇⲓⲕⲁⲓⲟⲥⲩⲛⲏ -->
<mark id="norm_371" xlink:href="#tok_371"/><!-- ⲛⲁⲓⲁⲧ -->
<mark id="norm_372" xlink:href="#tok_372"/><!-- ⲧⲏⲩⲧⲛ -->
<mark id="norm_373" xlink:href="#tok_373"/><!-- ⲧⲉⲩ -->
<mark id="norm_374" xlink:href="#tok_374"/><!-- ϩⲟⲧⲉ -->
<mark id="norm_375" xlink:href="#tok_375"/><!-- ⲇⲉ -->
<mark id="norm_376" xlink:href="#tok_376"/><!-- ⲙⲡⲉⲣⲣ -->
<mark id="norm_377" xlink:href="#tok_377"/><!-- ϩⲟⲧⲉ -->
<mark id="norm_378" xlink:href="#tok_378"/><!-- ϩⲏⲧⲥ -->
<mark id="norm_379" xlink:href="#tok_379"/><!-- ⲟⲩⲇⲉ -->
<mark id="norm_380" xlink:href="#tok_380"/><!-- ⲙⲡⲣ -->
<mark id="norm_381" xlink:href="#tok_381"/><!-- ϣⲧⲟⲣⲧⲣ -->
<mark id="norm_382" xlink:href="#tok_382"/><!-- . -->
<mark id="norm_383" xlink:href="#tok_383"/><!-- ⲡ -->
<mark id="norm_384" xlink:href="#tok_384"/><!-- ϫⲟⲉⲓⲥ -->
<mark id="norm_385" xlink:href="#tok_385"/><!-- ⲇⲉ -->
<mark id="norm_386" xlink:href="#tok_386"/><!-- ⲡⲉ -->
<mark id="norm_387" xlink:href="#tok_387"/><!-- ⲭⲣⲓⲥⲧⲟⲥ -->
<mark id="norm_388" xlink:href="#tok_388"/><!-- ⲙⲁⲧⲃⲃⲟϥ -->
<mark id="norm_389" xlink:href="#tok_389"/><!-- ϩⲛ -->
<mark id="norm_390" xlink:href="#tok_390"/><!-- ⲛⲉⲧⲛ -->
<mark id="norm_391" xlink:href="#tok_391"/><!-- ϩⲏⲧ -->
<mark id="norm_392" xlink:href="#tok_392"/><!-- ⲉⲧⲉⲧⲛⲥⲉⲃⲧⲱⲧ -->
<mark id="norm_393" xlink:href="#tok_393"/><!-- ⲛ -->
<mark id="norm_394" xlink:href="#tok_394"/><!-- ⲟⲩⲟⲉⲓϣ -->
<mark id="norm_395" xlink:href="#tok_395"/><!-- ⲛⲓⲙ -->
<mark id="norm_396" xlink:href="#tok_396"/><!-- ⲉ -->
<mark id="norm_397" xlink:href="#tok_397"/><!-- ϯ -->
<mark id="norm_398" xlink:href="#tok_398"/><!-- ⲁⲡⲟⲗⲟⲅⲓⲁ -->
<mark id="norm_399" xlink:href="#tok_399"/><!-- ⲛ -->
<mark id="norm_400" xlink:href="#tok_400"/><!-- ⲟⲩⲟⲛ -->
<mark id="norm_401" xlink:href="#tok_401"/><!-- ⲛⲓⲙ -->
<mark id="norm_402" xlink:href="#tok_402"/><!-- ⲉⲧ -->
<mark id="norm_403" xlink:href="#tok_403"/><!-- ⲁⲓⲧⲉⲓ -->
<mark id="norm_404" xlink:href="#tok_404"/><!-- ⲙⲙⲱ -->
<mark id="norm_405" xlink:href="#tok_405"/><!-- ⲧⲛ -->
<mark id="norm_406" xlink:href="#tok_406"/><!-- ⲙ -->
<mark id="norm_407" xlink:href="#tok_407"/><!-- ⲡ -->
<mark id="norm_408" xlink:href="#tok_408"/><!-- ϣⲁϫⲉ -->
<mark id="norm_409" xlink:href="#tok_409"/><!-- ⲉⲧⲃⲉ -->
<mark id="norm_410" xlink:href="#tok_410"/><!-- ⲧ -->
<mark id="norm_411" xlink:href="#tok_411"/><!-- ϩⲉⲗⲡⲓⲥ -->
<mark id="norm_412" xlink:href="#tok_412"/><!-- ⲉⲧⲛϩⲏⲧ -->
<mark id="norm_413" xlink:href="#tok_413"/><!-- ⲧⲏⲩⲧⲛ -->
<mark id="norm_414" xlink:href="#tok_414"/><!-- ⲁⲗⲗⲁ -->
<mark id="norm_415" xlink:href="#tok_415"/><!-- ϩⲛ -->
<mark id="norm_416" xlink:href="#tok_416"/><!-- ⲟⲩ -->
<mark id="norm_417" xlink:href="#tok_417"/><!-- ⲙⲛⲧⲣⲙⲣⲁϣ -->
<mark id="norm_418" xlink:href="#tok_418"/><!-- ⲙⲛ -->
<mark id="norm_419" xlink:href="#tok_419"/><!-- ⲟⲩ -->
<mark id="norm_420" xlink:href="#tok_420"/><!-- ϩⲟⲧⲉ -->
<mark id="norm_421" xlink:href="#tok_421"/><!-- ⲉⲩⲉⲛⲧⲏⲧⲛ -->
<mark id="norm_422" xlink:href="#tok_422"/><!-- ⲙⲙⲁⲩ -->
<mark id="norm_423" xlink:href="#tok_423"/><!-- ⲛⲛⲟⲩⲥⲩⲛⲏⲇⲏⲥⲓⲥ -->
<mark id="norm_424" xlink:href="#tok_424"/><!-- ⲉ -->
<mark id="norm_425" xlink:href="#tok_425"/><!-- ⲛⲁ -->
<mark id="norm_426" xlink:href="#tok_426"/><!-- ⲛⲟⲩⲥ -->
<mark id="norm_427" xlink:href="#tok_427"/><!-- ϫⲉⲕⲁⲁⲥ -->
<mark id="norm_428" xlink:href="#tok_428"/><!-- ϩⲙ -->
<mark id="norm_429" xlink:href="#tok_429"/><!-- ⲡⲉⲧⲟⲩⲕⲁⲧⲁⲗⲁⲗⲉⲓ -->
<mark id="norm_430" xlink:href="#tok_430"/><!-- ⲙⲙⲱ -->
<mark id="norm_431" xlink:href="#tok_431"/><!-- ⲧⲛ -->
<mark id="norm_432" xlink:href="#tok_432"/><!-- ⲛϩⲏⲧ -->
<mark id="norm_433" xlink:href="#tok_433"/><!-- ϥ -->
<mark id="norm_434" xlink:href="#tok_434"/><!-- ⲉⲩⲉ -->
<mark id="norm_435" xlink:href="#tok_435"/><!-- ϫⲓ -->
<mark id="norm_436" xlink:href="#tok_436"/><!-- ϣⲓⲡⲉ -->
<mark id="norm_437" xlink:href="#tok_437"/><!-- ⲛϭⲓ -->
<mark id="norm_438" xlink:href="#tok_438"/><!-- ⲛ -->
<mark id="norm_439" xlink:href="#tok_439"/><!-- ⲉⲧ -->
<mark id="norm_440" xlink:href="#tok_440"/><!-- ⲥⲱϣϥ -->
<mark id="norm_441" xlink:href="#tok_441"/><!-- ⲛ -->
<mark id="norm_442" xlink:href="#tok_442"/><!-- ⲧⲉⲧⲛ -->
<mark id="norm_443" xlink:href="#tok_443"/><!-- ⲁⲛⲁⲥⲧⲣⲟⲫⲏ -->
<mark id="norm_444" xlink:href="#tok_444"/><!-- ⲉⲧⲛⲁⲛⲟⲩⲥ -->
<mark id="norm_445" xlink:href="#tok_445"/><!-- ⲉⲧ -->
<mark id="norm_446" xlink:href="#tok_446"/><!-- ϩⲙ -->
<mark id="norm_447" xlink:href="#tok_447"/><!-- ⲡⲉ -->
<mark id="norm_448" xlink:href="#tok_448"/><!-- ⲭⲣⲓⲥⲧⲟⲥ -->
<mark id="norm_449" xlink:href="#tok_449"/><!-- . -->
<mark id="norm_450" xlink:href="#tok_450"/><!-- ⲛⲁⲛⲟⲩ -->
<mark id="norm_451" xlink:href="#tok_451"/><!-- ⲥ -->
<mark id="norm_452" xlink:href="#tok_452"/><!-- ⲅⲁⲣ -->
<mark id="norm_453" xlink:href="#tok_453"/><!-- ⲉⲧⲉⲧⲛⲉ -->
<mark id="norm_454" xlink:href="#tok_454"/><!-- ⲓⲣⲉ -->
<mark id="norm_455" xlink:href="#tok_455"/><!-- ⲙⲡⲡⲉⲧⲛⲁⲛⲟⲩϥ -->
<mark id="norm_456" xlink:href="#tok_456"/><!-- ⲉ -->
<mark id="norm_457" xlink:href="#tok_457"/><!-- ⲧⲉⲧⲛ -->
<mark id="norm_458" xlink:href="#tok_458"/><!-- ϣⲡ -->
<mark id="norm_459" xlink:href="#tok_459"/><!-- ϩⲓⲥⲉ -->
<mark id="norm_460" xlink:href="#tok_460"/><!-- ⲉϣϫⲉ -->
<mark id="norm_461" xlink:href="#tok_461"/><!-- ⲡⲁⲓ -->
<mark id="norm_462" xlink:href="#tok_462"/><!-- ⲡⲉ -->
<mark id="norm_463" xlink:href="#tok_463"/><!-- ⲡ -->
<mark id="norm_464" xlink:href="#tok_464"/><!-- ⲟⲩⲱϣ -->
<mark id="norm_465" xlink:href="#tok_465"/><!-- ⲙ -->
<mark id="norm_466" xlink:href="#tok_466"/><!-- ⲡ -->
<mark id="norm_467" xlink:href="#tok_467"/><!-- ⲛⲟⲩⲧⲉ -->
<mark id="norm_468" xlink:href="#tok_468"/><!-- ⲛϩⲟⲩⲟ -->
<mark id="norm_469" xlink:href="#tok_469"/><!-- ⲉⲣⲟ -->
<mark id="norm_470" xlink:href="#tok_470"/><!-- ⲥ -->
<mark id="norm_471" xlink:href="#tok_471"/><!-- ⲉⲧⲉⲧⲛⲉ -->
<mark id="norm_472" xlink:href="#tok_472"/><!-- ⲓⲣⲉ -->
<mark id="norm_473" xlink:href="#tok_473"/><!-- ⲙ -->
<mark id="norm_474" xlink:href="#tok_474"/><!-- ⲡ -->
<mark id="norm_475" xlink:href="#tok_475"/><!-- ⲡⲉⲑⲟⲟⲩ -->
<mark id="norm_476" xlink:href="#tok_476"/><!-- ϫⲉ -->
<mark id="norm_477" xlink:href="#tok_477"/><!-- ⲡⲉ -->
<mark id="norm_478" xlink:href="#tok_478"/><!-- ⲭⲣⲓⲥⲧⲟⲥ -->
<mark id="norm_479" xlink:href="#tok_479"/><!-- ⲁ -->
<mark id="norm_480" xlink:href="#tok_480"/><!-- ϥ -->
<mark id="norm_481" xlink:href="#tok_481"/><!-- ⲙⲟⲩ -->
<mark id="norm_482" xlink:href="#tok_482"/><!-- ⲛⲟⲩⲥⲟⲡ -->
<mark id="norm_483" xlink:href="#tok_483"/><!-- ϩⲁ -->
<mark id="norm_484" xlink:href="#tok_484"/><!-- ⲛⲉⲛ -->
<mark id="norm_485" xlink:href="#tok_485"/><!-- ⲛⲟⲃⲉ -->
<mark id="norm_486" xlink:href="#tok_486"/><!-- ⲡ -->
<mark id="norm_487" xlink:href="#tok_487"/><!-- ⲇⲓⲕⲁⲓⲟⲥ -->
<mark id="norm_488" xlink:href="#tok_488"/><!-- ϩⲁⲛⲣⲉϥϫⲓ -->
<mark id="norm_489" xlink:href="#tok_489"/><!-- ⲛ -->
<mark id="norm_490" xlink:href="#tok_490"/><!-- ϭⲟⲛⲥ -->
<mark id="norm_491" xlink:href="#tok_491"/><!-- ϫⲉⲕⲁⲁⲥ -->
<mark id="norm_492" xlink:href="#tok_492"/><!-- ⲉϥⲧⲉⲣⲉⲧⲛϩⲱⲛ -->
<mark id="norm_493" xlink:href="#tok_493"/><!-- ⲉϩⲟⲩⲛ -->
<mark id="norm_494" xlink:href="#tok_494"/><!-- ⲉ -->
<mark id="norm_495" xlink:href="#tok_495"/><!-- ⲡ -->
<mark id="norm_496" xlink:href="#tok_496"/><!-- ⲛⲟⲩⲧⲉ -->
<mark id="norm_497" xlink:href="#tok_497"/><!-- ⲉ -->
<mark id="norm_498" xlink:href="#tok_498"/><!-- ⲁ -->
<mark id="norm_499" xlink:href="#tok_499"/><!-- ϥ -->
<mark id="norm_500" xlink:href="#tok_500"/><!-- ⲙⲟⲩ -->
<mark id="norm_501" xlink:href="#tok_501"/><!-- ⲙⲛ -->
<mark id="norm_502" xlink:href="#tok_502"/><!-- ϩⲛ -->
<mark id="norm_503" xlink:href="#tok_503"/><!-- ⲧ -->
<mark id="norm_504" xlink:href="#tok_504"/><!-- ⲥⲁⲣⲝ -->
<mark id="norm_505" xlink:href="#tok_505"/><!-- ⲁ -->
<mark id="norm_506" xlink:href="#tok_506"/><!-- ϥ -->
<mark id="norm_507" xlink:href="#tok_507"/><!-- ⲱⲛϩ -->
<mark id="norm_508" xlink:href="#tok_508"/><!-- ⲇⲉ -->
<mark id="norm_509" xlink:href="#tok_509"/><!-- ϩⲙ -->
<mark id="norm_510" xlink:href="#tok_510"/><!-- ⲡⲉ -->
<mark id="norm_511" xlink:href="#tok_511"/><!-- ⲡⲛⲉⲩⲙⲁ -->
<mark id="norm_512" xlink:href="#tok_512"/><!-- ϩⲙ -->
<mark id="norm_513" xlink:href="#tok_513"/><!-- ⲡⲁⲓ -->
<mark id="norm_514" xlink:href="#tok_514"/><!-- ⲉ -->
<mark id="norm_515" xlink:href="#tok_515"/><!-- ⲁ -->
<mark id="norm_516" xlink:href="#tok_516"/><!-- ϥ -->
<mark id="norm_517" xlink:href="#tok_517"/><!-- ⲃⲱⲕ -->
<mark id="norm_518" xlink:href="#tok_518"/><!-- ⲁ -->
<mark id="norm_519" xlink:href="#tok_519"/><!-- ϥ -->
<mark id="norm_520" xlink:href="#tok_520"/><!-- ⲧⲁϣⲉⲟⲉⲓϣ -->
<mark id="norm_521" xlink:href="#tok_521"/><!-- ⲛ -->
<mark id="norm_522" xlink:href="#tok_522"/><!-- ⲛⲉ -->
<mark id="norm_523" xlink:href="#tok_523"/><!-- ⲡⲛⲉⲩⲙⲁ -->
<mark id="norm_524" xlink:href="#tok_524"/><!-- ⲉⲧ -->
<mark id="norm_525" xlink:href="#tok_525"/><!-- ϩⲙ -->
<mark id="norm_526" xlink:href="#tok_526"/><!-- ⲡⲉ -->
<mark id="norm_527" xlink:href="#tok_527"/><!-- ϣⲧⲉⲕⲟ -->
<mark id="norm_528" xlink:href="#tok_528"/><!-- ⲛⲁⲓ -->
<mark id="norm_529" xlink:href="#tok_529"/><!-- ⲛⲧ -->
<mark id="norm_530" xlink:href="#tok_530"/><!-- ⲁ -->
<mark id="norm_531" xlink:href="#tok_531"/><!-- ⲩ -->
<mark id="norm_532" xlink:href="#tok_532"/><!-- ⲣ -->
<mark id="norm_533" xlink:href="#tok_533"/><!-- ⲁⲧⲥⲱⲧⲙ -->
<mark id="norm_534" xlink:href="#tok_534"/><!-- ⲙ -->
<mark id="norm_535" xlink:href="#tok_535"/><!-- ⲡⲉⲓ -->
<mark id="norm_536" xlink:href="#tok_536"/><!-- ⲟⲩⲟⲉⲓϣ -->
<mark id="norm_537" xlink:href="#tok_537"/><!-- ⲉⲛⲉⲣⲉⲧⲙⲛⲧϩⲁⲣϣ -->
<mark id="norm_538" xlink:href="#tok_538"/><!-- ϩⲏⲧ -->
<mark id="norm_539" xlink:href="#tok_539"/><!-- ⲙ -->
<mark id="norm_540" xlink:href="#tok_540"/><!-- ⲡ -->
<mark id="norm_541" xlink:href="#tok_541"/><!-- ⲛⲟⲩⲧⲉ -->
<mark id="norm_542" xlink:href="#tok_542"/><!-- ⲕⲱ -->
<mark id="norm_543" xlink:href="#tok_543"/><!-- ⲉⲃⲟⲗ -->
<mark id="norm_544" xlink:href="#tok_544"/><!-- ϩⲛ -->
<mark id="norm_545" xlink:href="#tok_545"/><!-- ⲛⲉ -->
<mark id="norm_546" xlink:href="#tok_546"/><!-- ϩⲟⲟⲩ -->
<mark id="norm_547" xlink:href="#tok_547"/><!-- ⲛ -->
<mark id="norm_548" xlink:href="#tok_548"/><!-- ⲛⲱϩⲉ -->
<mark id="norm_549" xlink:href="#tok_549"/><!-- ⲉ -->
<mark id="norm_550" xlink:href="#tok_550"/><!-- ⲩ -->
<mark id="norm_551" xlink:href="#tok_551"/><!-- ⲧⲁⲙⲓⲟ -->
<mark id="norm_552" xlink:href="#tok_552"/><!-- ⲛ -->
<mark id="norm_553" xlink:href="#tok_553"/><!-- ⲧ -->
<mark id="norm_554" xlink:href="#tok_554"/><!-- ϭⲓⲃⲱⲧⲟⲥ -->
<mark id="norm_555" xlink:href="#tok_555"/><!-- ⲧⲁⲓ -->
<mark id="norm_556" xlink:href="#tok_556"/><!-- ⲛⲧ -->
<mark id="norm_557" xlink:href="#tok_557"/><!-- ⲁ -->
<mark id="norm_558" xlink:href="#tok_558"/><!-- ϩⲉⲛ -->
<mark id="norm_559" xlink:href="#tok_559"/><!-- ⲕⲟⲩⲓ -->
<mark id="norm_560" xlink:href="#tok_560"/><!-- ⲡⲱⲧ -->
<mark id="norm_561" xlink:href="#tok_561"/><!-- ⲉϩⲟⲩⲛ -->
<mark id="norm_562" xlink:href="#tok_562"/><!-- ⲉⲣⲟ -->
<mark id="norm_563" xlink:href="#tok_563"/><!-- ⲥ -->
<mark id="norm_564" xlink:href="#tok_564"/><!-- ⲁ -->
<mark id="norm_565" xlink:href="#tok_565"/><!-- ⲩ -->
<mark id="norm_566" xlink:href="#tok_566"/><!-- ⲟⲩϫⲁⲓ -->
<mark id="norm_567" xlink:href="#tok_567"/><!-- ⲉ -->
<mark id="norm_568" xlink:href="#tok_568"/><!-- ⲡ -->
<mark id="norm_569" xlink:href="#tok_569"/><!-- ⲙⲟⲟⲩ -->
<mark id="norm_570" xlink:href="#tok_570"/><!-- ⲉ -->
<mark id="norm_571" xlink:href="#tok_571"/><!-- ⲩ -->
<mark id="norm_572" xlink:href="#tok_572"/><!-- ⲙⲉϩ -->
<mark id="norm_573" xlink:href="#tok_573"/><!-- ϣⲙⲟⲩⲛⲉ -->
<mark id="norm_574" xlink:href="#tok_574"/><!-- ⲙ -->
<mark id="norm_575" xlink:href="#tok_575"/><!-- ⲯⲩⲭⲏ -->
<mark id="norm_576" xlink:href="#tok_576"/><!-- . -->
<mark id="norm_577" xlink:href="#tok_577"/><!-- ⲕⲁⲧⲁ -->
<mark id="norm_578" xlink:href="#tok_578"/><!-- ⲡ -->
<mark id="norm_579" xlink:href="#tok_579"/><!-- ⲧⲩⲡⲟⲥ -->
<mark id="norm_580" xlink:href="#tok_580"/><!-- ⲙ -->
<mark id="norm_581" xlink:href="#tok_581"/><!-- ⲡ -->
<mark id="norm_582" xlink:href="#tok_582"/><!-- ⲃⲁⲡⲧⲓⲥⲙⲁ -->
<mark id="norm_583" xlink:href="#tok_583"/><!-- ⲉⲧ -->
<mark id="norm_584" xlink:href="#tok_584"/><!-- ⲟⲩ -->
<mark id="norm_585" xlink:href="#tok_585"/><!-- ϫⲟ -->
<mark id="norm_586" xlink:href="#tok_586"/><!-- ⲙⲙⲱ -->
<mark id="norm_587" xlink:href="#tok_587"/><!-- ⲧⲛ -->
<mark id="norm_588" xlink:href="#tok_588"/><!-- ⲧⲉⲛⲟⲩ -->
<mark id="norm_589" xlink:href="#tok_589"/><!-- ϩⲛ -->
<mark id="norm_590" xlink:href="#tok_590"/><!-- ⲟⲩ -->
<mark id="norm_591" xlink:href="#tok_591"/><!-- ⲉⲓⲱ -->
<mark id="norm_592" xlink:href="#tok_592"/><!-- ⲁⲛ -->
<mark id="norm_593" xlink:href="#tok_593"/><!-- ⲉⲃⲟⲗ -->
<mark id="norm_594" xlink:href="#tok_594"/><!-- ⲛϭⲟⲣϫⲉ -->
<mark id="norm_595" xlink:href="#tok_595"/><!-- ⲛⲧⲉ -->
<mark id="norm_596" xlink:href="#tok_596"/><!-- ⲧ -->
<mark id="norm_597" xlink:href="#tok_597"/><!-- ⲥⲁⲣⲝ -->
<mark id="norm_598" xlink:href="#tok_598"/><!-- ⲁⲗⲗⲁ -->
<mark id="norm_599" xlink:href="#tok_599"/><!-- ⲙⲡⲟⲩⲱϣⲃ -->
<mark id="norm_600" xlink:href="#tok_600"/><!-- ⲛ -->
<mark id="norm_601" xlink:href="#tok_601"/><!-- ⲧⲉⲩ -->
<mark id="norm_602" xlink:href="#tok_602"/><!-- ⲥⲩⲛⲉⲓⲇⲏⲥⲓⲥ -->
<mark id="norm_603" xlink:href="#tok_603"/><!-- ⲉⲧⲛⲁⲛⲟⲩⲥ -->
<mark id="norm_604" xlink:href="#tok_604"/><!-- ⲛⲁϩⲣⲙ -->
<mark id="norm_605" xlink:href="#tok_605"/><!-- ⲡ -->
<mark id="norm_606" xlink:href="#tok_606"/><!-- ⲛⲟⲩⲧⲉ -->
<mark id="norm_607" xlink:href="#tok_607"/><!-- ϩⲓⲧⲙ -->
<mark id="norm_608" xlink:href="#tok_608"/><!-- ⲡⲧⲱⲟⲩⲛ -->
<mark id="norm_609" xlink:href="#tok_609"/><!-- ⲛ -->
<mark id="norm_610" xlink:href="#tok_610"/><!-- ⲓⲏⲥⲟⲩⲥ -->
<mark id="norm_611" xlink:href="#tok_611"/><!-- ⲡⲉ -->
<mark id="norm_612" xlink:href="#tok_612"/><!-- ⲭⲣⲓⲥⲧⲟⲥ -->
<mark id="norm_613" xlink:href="#tok_613"/><!-- ⲡⲁⲓ -->
<mark id="norm_614" xlink:href="#tok_614"/><!-- ⲉⲧϩⲓ -->
<mark id="norm_615" xlink:href="#tok_615"/><!-- ⲟⲩⲛⲁⲙ -->
<mark id="norm_616" xlink:href="#tok_616"/><!-- ⲙ -->
<mark id="norm_617" xlink:href="#tok_617"/><!-- ⲡ -->
<mark id="norm_618" xlink:href="#tok_618"/><!-- ⲛⲟⲩⲧⲉ -->
<mark id="norm_619" xlink:href="#tok_619"/><!-- ⲉ -->
<mark id="norm_620" xlink:href="#tok_620"/><!-- ⲁ -->
<mark id="norm_621" xlink:href="#tok_621"/><!-- ϥ -->
<mark id="norm_622" xlink:href="#tok_622"/><!-- ⲃⲱⲕ -->
<mark id="norm_623" xlink:href="#tok_623"/><!-- ⲉϩⲣⲁⲓ -->
<mark id="norm_624" xlink:href="#tok_624"/><!-- ⲉ -->
<mark id="norm_625" xlink:href="#tok_625"/><!-- ⲧ -->
<mark id="norm_626" xlink:href="#tok_626"/><!-- ⲡⲉ -->
<mark id="norm_627" xlink:href="#tok_627"/><!-- ⲁⲛⲁⲅⲅⲉⲗⲟⲥ -->
<mark id="norm_628" xlink:href="#tok_628"/><!-- ϩⲩⲡⲟⲧⲁⲥⲥⲉ -->
<mark id="norm_629" xlink:href="#tok_629"/><!-- ⲛⲁ -->
<mark id="norm_630" xlink:href="#tok_630"/><!-- ϥ -->
<mark id="norm_631" xlink:href="#tok_631"/><!-- ⲙⲛ -->
<mark id="norm_632" xlink:href="#tok_632"/><!-- ⲛ -->
<mark id="norm_633" xlink:href="#tok_633"/><!-- ⲉⲝⲟⲩⲥⲓⲁ -->
<mark id="norm_634" xlink:href="#tok_634"/><!-- ⲙⲛ -->
<mark id="norm_635" xlink:href="#tok_635"/><!-- ⲛ -->
<mark id="norm_636" xlink:href="#tok_636"/><!-- ϭⲟⲙ -->
<mark id="norm_637" xlink:href="#tok_637"/><!-- . -->
</markList>
</paula>
