<?xml version="1.0" encoding="UTF-8" standalone="no"?>

<!DOCTYPE paula SYSTEM "paula_feat.dtd">
<paula version="1.0">

<header paula_id="sahidica.nt.1_Peter_3_verse"/>

<featList xmlns:xlink="http://www.w3.org/1999/xlink" type="verse" xml:base="sahidica.nt.1_Peter_3.verseSeg.xml">
<feat xlink:href="#verse_1" value="1 Peter 3:1"/><!-- ⲛⲉϩⲓⲟⲙⲉ.... -->
<feat xlink:href="#verse_35" value="1 Peter 3:2"/><!-- ⲉ.... -->
<feat xlink:href="#verse_45" value="1 Peter 3:3"/><!-- ⲛⲁⲓ.... -->
<feat xlink:href="#verse_63" value="1 Peter 3:4"/><!-- ⲁⲗⲗⲁ.... -->
<feat xlink:href="#verse_89" value="1 Peter 3:5"/><!-- ⲧⲁⲓ.... -->
<feat xlink:href="#verse_116" value="1 Peter 3:6"/><!-- ⲛ...ϩⲟⲧⲉ -->
<feat xlink:href="#verse_157" value="1 Peter 3:7"/><!-- ⲛ.... -->
<feat xlink:href="#verse_202" value="1 Peter 3:8"/><!-- ⲡϫⲱⲕ.... -->
<feat xlink:href="#verse_228" value="1 Peter 3:9"/><!-- ⲛⲧⲉⲧⲛ.... -->
<feat xlink:href="#verse_266" value="1 Peter 3:10"/><!-- ⲡ...ⲕⲣⲟϥ -->
<feat xlink:href="#verse_298" value="1 Peter 3:11"/><!-- ⲙⲁⲣⲉϥⲣⲉⲕⲧϥ...ⲥ -->
<feat xlink:href="#verse_322" value="1 Peter 3:12"/><!-- ϫⲉ...ⲛⲙⲡⲉⲑⲟⲟⲩ -->
<feat xlink:href="#verse_349" value="1 Peter 3:13"/><!-- ⲁⲩⲱ.... -->
<feat xlink:href="#verse_362" value="1 Peter 3:14"/><!-- ⲁⲗⲗⲁ.... -->
<feat xlink:href="#verse_383" value="1 Peter 3:15"/><!-- ⲡ...ⲧⲏⲩⲧⲛ -->
<feat xlink:href="#verse_414" value="1 Peter 3:16"/><!-- ⲁⲗⲗⲁ.... -->
<feat xlink:href="#verse_450" value="1 Peter 3:17"/><!-- ⲛⲁⲛⲟⲩ...ⲡⲉⲑⲟⲟⲩ -->
<feat xlink:href="#verse_476" value="1 Peter 3:18"/><!-- ϫⲉ...ⲡⲛⲉⲩⲙⲁ -->
<feat xlink:href="#verse_512" value="1 Peter 3:19"/><!-- ϩⲙ...ϣⲧⲉⲕⲟ -->
<feat xlink:href="#verse_528" value="1 Peter 3:20"/><!-- ⲛⲁⲓ.... -->
<feat xlink:href="#verse_577" value="1 Peter 3:21"/><!-- ⲕⲁⲧⲁ...ⲭⲣⲓⲥⲧⲟⲥ -->
<feat xlink:href="#verse_613" value="1 Peter 3:22"/><!-- ⲡⲁⲓ.... -->
</featList>
</paula>
