<?xml version="1.0" standalone="no"?>

<!DOCTYPE paula SYSTEM "paula_mark.dtd">
<paula version="1.0">

<header paula_id="sahidica.nt.1_Peter_3_tok"/>

<markList xmlns:xlink="http://www.w3.org/1999/xlink" type="tok" xml:base="sahidica.nt.1_Peter_3.text.xml">
<mark id="tok_1" xlink:href="#xpointer(string-range(//body,'',1,7))"/><!-- ⲛⲉϩⲓⲟⲙⲉ -->
<mark id="tok_2" xlink:href="#xpointer(string-range(//body,'',9,2))"/><!-- ⲟⲛ -->
<mark id="tok_3" xlink:href="#xpointer(string-range(//body,'',12,1))"/><!-- ⲛ -->
<mark id="tok_4" xlink:href="#xpointer(string-range(//body,'',14,3))"/><!-- ⲧⲉⲓ -->
<mark id="tok_5" xlink:href="#xpointer(string-range(//body,'',18,2))"/><!-- ϩⲉ -->
<mark id="tok_6" xlink:href="#xpointer(string-range(//body,'',21,1))"/><!-- ⲉ -->
<mark id="tok_7" xlink:href="#xpointer(string-range(//body,'',23,1))"/><!-- ⲩ -->
<mark id="tok_8" xlink:href="#xpointer(string-range(//body,'',25,5))"/><!-- ⲑⲃⲃⲓⲟ -->
<mark id="tok_9" xlink:href="#xpointer(string-range(//body,'',31,3))"/><!-- ⲙⲙⲟ -->
<mark id="tok_10" xlink:href="#xpointer(string-range(//body,'',35,2))"/><!-- ⲟⲩ -->
<mark id="tok_11" xlink:href="#xpointer(string-range(//body,'',38,1))"/><!-- ⲛ -->
<mark id="tok_12" xlink:href="#xpointer(string-range(//body,'',40,3))"/><!-- ⲛⲉⲩ -->
<mark id="tok_13" xlink:href="#xpointer(string-range(//body,'',44,3))"/><!-- ϩⲁⲓ -->
<mark id="tok_14" xlink:href="#xpointer(string-range(//body,'',48,1))"/><!-- . -->
<mark id="tok_15" xlink:href="#xpointer(string-range(//body,'',50,6))"/><!-- ϫⲉⲕⲁⲁⲥ -->
<mark id="tok_16" xlink:href="#xpointer(string-range(//body,'',57,5))"/><!-- ⲉϣⲱⲡⲉ -->
<mark id="tok_17" xlink:href="#xpointer(string-range(//body,'',63,3))"/><!-- ⲟⲩⲛ -->
<mark id="tok_18" xlink:href="#xpointer(string-range(//body,'',67,5))"/><!-- ϩⲟⲓⲛⲉ -->
<mark id="tok_19" xlink:href="#xpointer(string-range(//body,'',73,1))"/><!-- ⲟ -->
<mark id="tok_20" xlink:href="#xpointer(string-range(//body,'',75,1))"/><!-- ⲛ -->
<mark id="tok_21" xlink:href="#xpointer(string-range(//body,'',77,6))"/><!-- ⲁⲧⲥⲱⲧⲙ -->
<mark id="tok_22" xlink:href="#xpointer(string-range(//body,'',84,1))"/><!-- ⲉ -->
<mark id="tok_23" xlink:href="#xpointer(string-range(//body,'',86,1))"/><!-- ⲡ -->
<mark id="tok_24" xlink:href="#xpointer(string-range(//body,'',88,4))"/><!-- ϣⲁϫⲉ -->
<mark id="tok_25" xlink:href="#xpointer(string-range(//body,'',93,1))"/><!-- . -->
<mark id="tok_26" xlink:href="#xpointer(string-range(//body,'',95,7))"/><!-- ⲛⲥⲉϯϩⲏⲩ -->
<mark id="tok_27" xlink:href="#xpointer(string-range(//body,'',103,3))"/><!-- ⲙⲙⲟ -->
<mark id="tok_28" xlink:href="#xpointer(string-range(//body,'',107,2))"/><!-- ⲟⲩ -->
<mark id="tok_29" xlink:href="#xpointer(string-range(//body,'',110,7))"/><!-- ⲁϫⲛϣⲁϫⲉ -->
<mark id="tok_30" xlink:href="#xpointer(string-range(//body,'',118,4))"/><!-- ϩⲓⲧⲛ -->
<mark id="tok_31" xlink:href="#xpointer(string-range(//body,'',123,1))"/><!-- ⲧ -->
<mark id="tok_32" xlink:href="#xpointer(string-range(//body,'',125,9))"/><!-- ⲁⲛⲁⲥⲧⲣⲟⲫⲏ -->
<mark id="tok_33" xlink:href="#xpointer(string-range(//body,'',135,8))"/><!-- ⲛⲛⲉϩⲓⲟⲙⲉ -->
<mark id="tok_34" xlink:href="#xpointer(string-range(//body,'',144,1))"/><!-- . -->
<mark id="tok_35" xlink:href="#xpointer(string-range(//body,'',146,1))"/><!-- ⲉ -->
<mark id="tok_36" xlink:href="#xpointer(string-range(//body,'',148,1))"/><!-- ⲩ -->
<mark id="tok_37" xlink:href="#xpointer(string-range(//body,'',150,3))"/><!-- ⲛⲁⲩ -->
<mark id="tok_38" xlink:href="#xpointer(string-range(//body,'',154,14))"/><!-- ⲉⲧⲉⲧⲛⲁⲛⲁⲥⲧⲡⲟⲫⲏ -->
<mark id="tok_39" xlink:href="#xpointer(string-range(//body,'',169,2))"/><!-- ⲉⲧ -->
<mark id="tok_40" xlink:href="#xpointer(string-range(//body,'',172,5))"/><!-- ⲟⲩⲁⲁⲃ -->
<mark id="tok_41" xlink:href="#xpointer(string-range(//body,'',178,2))"/><!-- ϩⲛ -->
<mark id="tok_42" xlink:href="#xpointer(string-range(//body,'',181,2))"/><!-- ⲟⲩ -->
<mark id="tok_43" xlink:href="#xpointer(string-range(//body,'',184,4))"/><!-- ϩⲟⲧⲉ -->
<mark id="tok_44" xlink:href="#xpointer(string-range(//body,'',189,1))"/><!-- . -->
<mark id="tok_45" xlink:href="#xpointer(string-range(//body,'',191,3))"/><!-- ⲛⲁⲓ -->
<mark id="tok_46" xlink:href="#xpointer(string-range(//body,'',195,2))"/><!-- ⲇⲉ -->
<mark id="tok_47" xlink:href="#xpointer(string-range(//body,'',198,6))"/><!-- ⲙⲡⲣⲧⲣⲉ -->
<mark id="tok_48" xlink:href="#xpointer(string-range(//body,'',205,1))"/><!-- ϥ -->
<mark id="tok_49" xlink:href="#xpointer(string-range(//body,'',207,4))"/><!-- ϣⲱⲡⲉ -->
<mark id="tok_50" xlink:href="#xpointer(string-range(//body,'',212,2))"/><!-- ⲛⲁ -->
<mark id="tok_51" xlink:href="#xpointer(string-range(//body,'',215,1))"/><!-- ⲩ -->
<mark id="tok_52" xlink:href="#xpointer(string-range(//body,'',217,3))"/><!-- ⲛϭⲓ -->
<mark id="tok_53" xlink:href="#xpointer(string-range(//body,'',221,1))"/><!-- ⲡ -->
<mark id="tok_54" xlink:href="#xpointer(string-range(//body,'',223,6))"/><!-- ⲕⲟⲥⲙⲟⲥ -->
<mark id="tok_55" xlink:href="#xpointer(string-range(//body,'',230,2))"/><!-- ⲉⲧ -->
<mark id="tok_56" xlink:href="#xpointer(string-range(//body,'',233,5))"/><!-- ϩⲓⲃⲟⲗ -->
<mark id="tok_57" xlink:href="#xpointer(string-range(//body,'',239,5))"/><!-- ⲛϩⲱⲗⲕ -->
<mark id="tok_58" xlink:href="#xpointer(string-range(//body,'',245,2))"/><!-- ϩⲓ -->
<mark id="tok_59" xlink:href="#xpointer(string-range(//body,'',248,4))"/><!-- ⲛⲟⲩⲃ -->
<mark id="tok_60" xlink:href="#xpointer(string-range(//body,'',253,2))"/><!-- ϩⲓ -->
<mark id="tok_61" xlink:href="#xpointer(string-range(//body,'',256,5))"/><!-- ϩⲟⲓⲧⲉ -->
<mark id="tok_62" xlink:href="#xpointer(string-range(//body,'',262,1))"/><!-- . -->
<mark id="tok_63" xlink:href="#xpointer(string-range(//body,'',264,4))"/><!-- ⲁⲗⲗⲁ -->
<mark id="tok_64" xlink:href="#xpointer(string-range(//body,'',269,1))"/><!-- ⲙ -->
<mark id="tok_65" xlink:href="#xpointer(string-range(//body,'',271,1))"/><!-- ⲡ -->
<mark id="tok_66" xlink:href="#xpointer(string-range(//body,'',273,4))"/><!-- ⲣⲱⲙⲉ -->
<mark id="tok_67" xlink:href="#xpointer(string-range(//body,'',278,2))"/><!-- ⲉⲧ -->
<mark id="tok_68" xlink:href="#xpointer(string-range(//body,'',281,3))"/><!-- ϩⲏⲡ -->
<mark id="tok_69" xlink:href="#xpointer(string-range(//body,'',285,3))"/><!-- ⲛⲧⲉ -->
<mark id="tok_70" xlink:href="#xpointer(string-range(//body,'',289,1))"/><!-- ⲡ -->
<mark id="tok_71" xlink:href="#xpointer(string-range(//body,'',291,3))"/><!-- ϩⲏⲧ -->
<mark id="tok_72" xlink:href="#xpointer(string-range(//body,'',295,2))"/><!-- ϩⲛ -->
<mark id="tok_73" xlink:href="#xpointer(string-range(//body,'',298,10))"/><!-- ⲧⲙⲛⲧⲁⲧⲧⲁⲕⲟ -->
<mark id="tok_74" xlink:href="#xpointer(string-range(//body,'',309,1))"/><!-- ⲙ -->
<mark id="tok_75" xlink:href="#xpointer(string-range(//body,'',311,2))"/><!-- ⲡⲉ -->
<mark id="tok_76" xlink:href="#xpointer(string-range(//body,'',314,6))"/><!-- ⲡⲛⲉⲩⲙⲁ -->
<mark id="tok_77" xlink:href="#xpointer(string-range(//body,'',321,1))"/><!-- ⲛ -->
<mark id="tok_78" xlink:href="#xpointer(string-range(//body,'',323,5))"/><!-- ⲣⲙⲣⲁϣ -->
<mark id="tok_79" xlink:href="#xpointer(string-range(//body,'',329,3))"/><!-- ⲁⲩⲱ -->
<mark id="tok_80" xlink:href="#xpointer(string-range(//body,'',333,6))"/><!-- ⲉⲧϩⲟⲣⲕ -->
<mark id="tok_81" xlink:href="#xpointer(string-range(//body,'',340,3))"/><!-- ⲡⲁⲓ -->
<mark id="tok_82" xlink:href="#xpointer(string-range(//body,'',344,8))"/><!-- ⲉⲧⲙⲡⲉⲙⲧⲟ -->
<mark id="tok_83" xlink:href="#xpointer(string-range(//body,'',353,4))"/><!-- ⲉⲃⲟⲗ -->
<mark id="tok_84" xlink:href="#xpointer(string-range(//body,'',358,1))"/><!-- ⲙ -->
<mark id="tok_85" xlink:href="#xpointer(string-range(//body,'',360,1))"/><!-- ⲡ -->
<mark id="tok_86" xlink:href="#xpointer(string-range(//body,'',362,5))"/><!-- ⲛⲟⲩⲧⲉ -->
<mark id="tok_87" xlink:href="#xpointer(string-range(//body,'',368,6))"/><!-- ⲉⲧⲁⲓⲏⲩ -->
<mark id="tok_88" xlink:href="#xpointer(string-range(//body,'',375,1))"/><!-- . -->
<mark id="tok_89" xlink:href="#xpointer(string-range(//body,'',377,3))"/><!-- ⲧⲁⲓ -->
<mark id="tok_90" xlink:href="#xpointer(string-range(//body,'',381,3))"/><!-- ⲅⲁⲣ -->
<mark id="tok_91" xlink:href="#xpointer(string-range(//body,'',385,2))"/><!-- ⲧⲉ -->
<mark id="tok_92" xlink:href="#xpointer(string-range(//body,'',388,1))"/><!-- ⲧ -->
<mark id="tok_93" xlink:href="#xpointer(string-range(//body,'',390,2))"/><!-- ϩⲉ -->
<mark id="tok_94" xlink:href="#xpointer(string-range(//body,'',393,10))"/><!-- ⲉⲛⲉⲩⲕⲟⲥⲙⲉⲓ -->
<mark id="tok_95" xlink:href="#xpointer(string-range(//body,'',404,3))"/><!-- ⲙⲙⲟ -->
<mark id="tok_96" xlink:href="#xpointer(string-range(//body,'',408,2))"/><!-- ⲟⲩ -->
<mark id="tok_97" xlink:href="#xpointer(string-range(//body,'',411,1))"/><!-- ⲙ -->
<mark id="tok_98" xlink:href="#xpointer(string-range(//body,'',413,3))"/><!-- ⲡⲉⲓ -->
<mark id="tok_99" xlink:href="#xpointer(string-range(//body,'',417,6))"/><!-- ⲟⲩⲟⲉⲓϣ -->
<mark id="tok_100" xlink:href="#xpointer(string-range(//body,'',424,3))"/><!-- ⲛϭⲓ -->
<mark id="tok_101" xlink:href="#xpointer(string-range(//body,'',428,7))"/><!-- ⲛⲉϩⲓⲟⲙⲉ -->
<mark id="tok_102" xlink:href="#xpointer(string-range(//body,'',436,2))"/><!-- ⲉⲧ -->
<mark id="tok_103" xlink:href="#xpointer(string-range(//body,'',439,5))"/><!-- ⲟⲩⲁⲁⲃ -->
<mark id="tok_104" xlink:href="#xpointer(string-range(//body,'',445,8))"/><!-- ⲉⲧϩⲉⲗⲡⲓⲍ -->
<mark id="tok_105" xlink:href="#xpointer(string-range(//body,'',454,1))"/><!-- ⲉ -->
<mark id="tok_106" xlink:href="#xpointer(string-range(//body,'',456,1))"/><!-- ⲡ -->
<mark id="tok_107" xlink:href="#xpointer(string-range(//body,'',458,5))"/><!-- ⲛⲟⲩⲧⲉ -->
<mark id="tok_108" xlink:href="#xpointer(string-range(//body,'',464,1))"/><!-- . -->
<mark id="tok_109" xlink:href="#xpointer(string-range(//body,'',466,1))"/><!-- ⲉ -->
<mark id="tok_110" xlink:href="#xpointer(string-range(//body,'',468,1))"/><!-- ⲩ -->
<mark id="tok_111" xlink:href="#xpointer(string-range(//body,'',470,4))"/><!-- ⲥⲱⲧⲙ -->
<mark id="tok_112" xlink:href="#xpointer(string-range(//body,'',475,3))"/><!-- ⲛⲥⲁ -->
<mark id="tok_113" xlink:href="#xpointer(string-range(//body,'',479,3))"/><!-- ⲛⲉⲩ -->
<mark id="tok_114" xlink:href="#xpointer(string-range(//body,'',483,3))"/><!-- ϩⲁⲓ -->
<mark id="tok_115" xlink:href="#xpointer(string-range(//body,'',487,1))"/><!-- . -->
<mark id="tok_116" xlink:href="#xpointer(string-range(//body,'',489,1))"/><!-- ⲛ -->
<mark id="tok_117" xlink:href="#xpointer(string-range(//body,'',491,1))"/><!-- ⲧ -->
<mark id="tok_118" xlink:href="#xpointer(string-range(//body,'',493,2))"/><!-- ϩⲉ -->
<mark id="tok_119" xlink:href="#xpointer(string-range(//body,'',496,1))"/><!-- ⲛ -->
<mark id="tok_120" xlink:href="#xpointer(string-range(//body,'',498,5))"/><!-- ⲥⲁⲣⲣⲁ -->
<mark id="tok_121" xlink:href="#xpointer(string-range(//body,'',504,8))"/><!-- ⲉⲛⲉⲥⲥⲱⲧⲙ -->
<mark id="tok_122" xlink:href="#xpointer(string-range(//body,'',513,3))"/><!-- ⲛⲥⲁ -->
<mark id="tok_123" xlink:href="#xpointer(string-range(//body,'',517,7))"/><!-- ⲁⲃⲣⲁϩⲁⲙ -->
<mark id="tok_124" xlink:href="#xpointer(string-range(//body,'',525,1))"/><!-- ⲉ -->
<mark id="tok_125" xlink:href="#xpointer(string-range(//body,'',527,1))"/><!-- ⲥ -->
<mark id="tok_126" xlink:href="#xpointer(string-range(//body,'',529,5))"/><!-- ⲙⲟⲩⲧⲉ -->
<mark id="tok_127" xlink:href="#xpointer(string-range(//body,'',535,3))"/><!-- ⲉⲣⲟ -->
<mark id="tok_128" xlink:href="#xpointer(string-range(//body,'',539,1))"/><!-- ϥ -->
<mark id="tok_129" xlink:href="#xpointer(string-range(//body,'',541,2))"/><!-- ϫⲉ -->
<mark id="tok_130" xlink:href="#xpointer(string-range(//body,'',544,2))"/><!-- ⲡⲁ -->
<mark id="tok_131" xlink:href="#xpointer(string-range(//body,'',547,5))"/><!-- ϫⲟⲉⲓⲥ -->
<mark id="tok_132" xlink:href="#xpointer(string-range(//body,'',553,3))"/><!-- ⲧⲁⲓ -->
<mark id="tok_133" xlink:href="#xpointer(string-range(//body,'',557,2))"/><!-- ⲛⲧ -->
<mark id="tok_134" xlink:href="#xpointer(string-range(//body,'',560,1))"/><!-- ⲁ -->
<mark id="tok_135" xlink:href="#xpointer(string-range(//body,'',562,4))"/><!-- ⲧⲉⲧⲛ -->
<mark id="tok_136" xlink:href="#xpointer(string-range(//body,'',567,4))"/><!-- ϣⲱⲡⲉ -->
<mark id="tok_137" xlink:href="#xpointer(string-range(//body,'',572,2))"/><!-- ⲛⲁ -->
<mark id="tok_138" xlink:href="#xpointer(string-range(//body,'',575,1))"/><!-- ⲥ -->
<mark id="tok_139" xlink:href="#xpointer(string-range(//body,'',577,1))"/><!-- ⲛ -->
<mark id="tok_140" xlink:href="#xpointer(string-range(//body,'',579,5))"/><!-- ϣⲉⲉⲣⲉ -->
<mark id="tok_141" xlink:href="#xpointer(string-range(//body,'',585,6))"/><!-- ⲉⲧⲉⲧⲛⲉ -->
<mark id="tok_142" xlink:href="#xpointer(string-range(//body,'',592,3))"/><!-- ⲓⲣⲉ -->
<mark id="tok_143" xlink:href="#xpointer(string-range(//body,'',596,11))"/><!-- ⲙⲡⲡⲉⲧⲛⲁⲛⲟⲩϥ -->
<mark id="tok_144" xlink:href="#xpointer(string-range(//body,'',608,1))"/><!-- . -->
<mark id="tok_145" xlink:href="#xpointer(string-range(//body,'',610,3))"/><!-- ⲁⲩⲱ -->
<mark id="tok_146" xlink:href="#xpointer(string-range(//body,'',614,1))"/><!-- ⲛ -->
<mark id="tok_147" xlink:href="#xpointer(string-range(//body,'',616,4))"/><!-- ⲧⲉⲧⲛ -->
<mark id="tok_148" xlink:href="#xpointer(string-range(//body,'',621,1))"/><!-- ⲣ -->
<mark id="tok_149" xlink:href="#xpointer(string-range(//body,'',623,4))"/><!-- ϩⲟⲧⲉ -->
<mark id="tok_150" xlink:href="#xpointer(string-range(//body,'',628,2))"/><!-- ⲁⲛ -->
<mark id="tok_151" xlink:href="#xpointer(string-range(//body,'',631,4))"/><!-- ⲛϩⲏⲧ -->
<mark id="tok_152" xlink:href="#xpointer(string-range(//body,'',636,1))"/><!-- ⲥ -->
<mark id="tok_153" xlink:href="#xpointer(string-range(//body,'',638,1))"/><!-- ⲛ -->
<mark id="tok_154" xlink:href="#xpointer(string-range(//body,'',640,4))"/><!-- ⲗⲁⲁⲩ -->
<mark id="tok_155" xlink:href="#xpointer(string-range(//body,'',645,1))"/><!-- ⲛ -->
<mark id="tok_156" xlink:href="#xpointer(string-range(//body,'',647,4))"/><!-- ϩⲟⲧⲉ -->
<mark id="tok_157" xlink:href="#xpointer(string-range(//body,'',652,1))"/><!-- ⲛ -->
<mark id="tok_158" xlink:href="#xpointer(string-range(//body,'',654,5))"/><!-- ϩⲟⲟⲩⲧ -->
<mark id="tok_159" xlink:href="#xpointer(string-range(//body,'',660,2))"/><!-- ⲟⲛ -->
<mark id="tok_160" xlink:href="#xpointer(string-range(//body,'',663,1))"/><!-- ⲛ -->
<mark id="tok_161" xlink:href="#xpointer(string-range(//body,'',665,3))"/><!-- ⲧⲉⲓ -->
<mark id="tok_162" xlink:href="#xpointer(string-range(//body,'',669,2))"/><!-- ϩⲉ -->
<mark id="tok_163" xlink:href="#xpointer(string-range(//body,'',672,1))"/><!-- ⲉ -->
<mark id="tok_164" xlink:href="#xpointer(string-range(//body,'',674,4))"/><!-- ⲧⲉⲧⲛ -->
<mark id="tok_165" xlink:href="#xpointer(string-range(//body,'',679,4))"/><!-- ϣⲟⲟⲡ -->
<mark id="tok_166" xlink:href="#xpointer(string-range(//body,'',684,4))"/><!-- ⲛⲙⲙⲁ -->
<mark id="tok_167" xlink:href="#xpointer(string-range(//body,'',689,1))"/><!-- ⲩ -->
<mark id="tok_168" xlink:href="#xpointer(string-range(//body,'',691,4))"/><!-- ⲕⲁⲧⲁ -->
<mark id="tok_169" xlink:href="#xpointer(string-range(//body,'',696,2))"/><!-- ⲟⲩ -->
<mark id="tok_170" xlink:href="#xpointer(string-range(//body,'',699,5))"/><!-- ⲥⲟⲟⲩⲛ -->
<mark id="tok_171" xlink:href="#xpointer(string-range(//body,'',705,1))"/><!-- ⲛ -->
<mark id="tok_172" xlink:href="#xpointer(string-range(//body,'',707,4))"/><!-- ⲧⲉⲧⲛ -->
<mark id="tok_173" xlink:href="#xpointer(string-range(//body,'',712,1))"/><!-- ϯ -->
<mark id="tok_174" xlink:href="#xpointer(string-range(//body,'',714,1))"/><!-- ⲛ -->
<mark id="tok_175" xlink:href="#xpointer(string-range(//body,'',716,2))"/><!-- ⲟⲩ -->
<mark id="tok_176" xlink:href="#xpointer(string-range(//body,'',719,4))"/><!-- ⲧⲓⲙⲏ -->
<mark id="tok_177" xlink:href="#xpointer(string-range(//body,'',724,1))"/><!-- ⲛ -->
<mark id="tok_178" xlink:href="#xpointer(string-range(//body,'',726,4))"/><!-- ⲛⲉⲧⲛ -->
<mark id="tok_179" xlink:href="#xpointer(string-range(//body,'',731,5))"/><!-- ϩⲓⲟⲙⲉ -->
<mark id="tok_180" xlink:href="#xpointer(string-range(//body,'',737,3))"/><!-- ϩⲱⲥ -->
<mark id="tok_181" xlink:href="#xpointer(string-range(//body,'',741,6))"/><!-- ⲥⲕⲉⲩⲟⲥ -->
<mark id="tok_182" xlink:href="#xpointer(string-range(//body,'',748,1))"/><!-- ⲛ -->
<mark id="tok_183" xlink:href="#xpointer(string-range(//body,'',750,3))"/><!-- ϭⲱⲃ -->
<mark id="tok_184" xlink:href="#xpointer(string-range(//body,'',754,2))"/><!-- ϫⲉ -->
<mark id="tok_185" xlink:href="#xpointer(string-range(//body,'',757,3))"/><!-- ϩⲉⲛ -->
<mark id="tok_186" xlink:href="#xpointer(string-range(//body,'',761,13))"/><!-- ⲥⲩⲛⲕⲗⲏⲣⲟⲛⲟⲙⲟⲥ -->
<mark id="tok_187" xlink:href="#xpointer(string-range(//body,'',775,2))"/><!-- ⲛⲉ -->
<mark id="tok_188" xlink:href="#xpointer(string-range(//body,'',778,1))"/><!-- ⲛ -->
<mark id="tok_189" xlink:href="#xpointer(string-range(//body,'',780,2))"/><!-- ⲧⲉ -->
<mark id="tok_190" xlink:href="#xpointer(string-range(//body,'',783,5))"/><!-- ⲭⲁⲣⲓⲥ -->
<mark id="tok_191" xlink:href="#xpointer(string-range(//body,'',789,1))"/><!-- ⲙ -->
<mark id="tok_192" xlink:href="#xpointer(string-range(//body,'',791,1))"/><!-- ⲡ -->
<mark id="tok_193" xlink:href="#xpointer(string-range(//body,'',793,3))"/><!-- ⲱⲛϩ -->
<mark id="tok_194" xlink:href="#xpointer(string-range(//body,'',797,1))"/><!-- ⲉ -->
<mark id="tok_195" xlink:href="#xpointer(string-range(//body,'',799,2))"/><!-- ⲧⲙ -->
<mark id="tok_196" xlink:href="#xpointer(string-range(//body,'',802,2))"/><!-- ⲕⲁ -->
<mark id="tok_197" xlink:href="#xpointer(string-range(//body,'',805,5))"/><!-- ⲧⲏⲩⲧⲛ -->
<mark id="tok_198" xlink:href="#xpointer(string-range(//body,'',811,4))"/><!-- ⲉⲃⲟⲗ -->
<mark id="tok_199" xlink:href="#xpointer(string-range(//body,'',816,2))"/><!-- ϩⲛ -->
<mark id="tok_200" xlink:href="#xpointer(string-range(//body,'',819,8))"/><!-- ⲛⲉⲧⲛϣⲗⲏⲗ -->
<mark id="tok_201" xlink:href="#xpointer(string-range(//body,'',828,1))"/><!-- . -->
<mark id="tok_202" xlink:href="#xpointer(string-range(//body,'',830,4))"/><!-- ⲡϫⲱⲕ -->
<mark id="tok_203" xlink:href="#xpointer(string-range(//body,'',835,2))"/><!-- ⲇⲉ -->
<mark id="tok_204" xlink:href="#xpointer(string-range(//body,'',838,4))"/><!-- ⲉⲃⲟⲗ -->
<mark id="tok_205" xlink:href="#xpointer(string-range(//body,'',843,2))"/><!-- ⲡⲉ -->
<mark id="tok_206" xlink:href="#xpointer(string-range(//body,'',846,2))"/><!-- ⲉⲣ -->
<mark id="tok_207" xlink:href="#xpointer(string-range(//body,'',849,2))"/><!-- ⲟⲩ -->
<mark id="tok_208" xlink:href="#xpointer(string-range(//body,'',852,3))"/><!-- ϩⲏⲧ -->
<mark id="tok_209" xlink:href="#xpointer(string-range(//body,'',856,1))"/><!-- ⲛ -->
<mark id="tok_210" xlink:href="#xpointer(string-range(//body,'',858,4))"/><!-- ⲟⲩⲱⲧ -->
<mark id="tok_211" xlink:href="#xpointer(string-range(//body,'',863,3))"/><!-- ⲧⲏⲣ -->
<mark id="tok_212" xlink:href="#xpointer(string-range(//body,'',867,2))"/><!-- ⲧⲛ -->
<mark id="tok_213" xlink:href="#xpointer(string-range(//body,'',870,1))"/><!-- ⲉ -->
<mark id="tok_214" xlink:href="#xpointer(string-range(//body,'',872,2))"/><!-- ϣⲡ -->
<mark id="tok_215" xlink:href="#xpointer(string-range(//body,'',875,4))"/><!-- ϩⲓⲥⲉ -->
<mark id="tok_216" xlink:href="#xpointer(string-range(//body,'',880,2))"/><!-- ⲙⲛ -->
<mark id="tok_217" xlink:href="#xpointer(string-range(//body,'',883,4))"/><!-- ⲛⲉⲧⲛ -->
<mark id="tok_218" xlink:href="#xpointer(string-range(//body,'',888,4))"/><!-- ⲉⲣⲏⲩ -->
<mark id="tok_219" xlink:href="#xpointer(string-range(//body,'',893,1))"/><!-- . -->
<mark id="tok_220" xlink:href="#xpointer(string-range(//body,'',895,2))"/><!-- ⲉⲣ -->
<mark id="tok_221" xlink:href="#xpointer(string-range(//body,'',898,6))"/><!-- ⲙⲁⲓⲥⲟⲛ -->
<mark id="tok_222" xlink:href="#xpointer(string-range(//body,'',905,2))"/><!-- ⲉⲣ -->
<mark id="tok_223" xlink:href="#xpointer(string-range(//body,'',908,8))"/><!-- ϣⲁⲛⲁϩⲧⲏϥ -->
<mark id="tok_224" xlink:href="#xpointer(string-range(//body,'',917,1))"/><!-- ⲉ -->
<mark id="tok_225" xlink:href="#xpointer(string-range(//body,'',919,5))"/><!-- ⲑⲃⲃⲓⲉ -->
<mark id="tok_226" xlink:href="#xpointer(string-range(//body,'',925,5))"/><!-- ⲧⲏⲩⲧⲛ -->
<mark id="tok_227" xlink:href="#xpointer(string-range(//body,'',931,1))"/><!-- . -->
<mark id="tok_228" xlink:href="#xpointer(string-range(//body,'',933,5))"/><!-- ⲛⲧⲉⲧⲛ -->
<mark id="tok_229" xlink:href="#xpointer(string-range(//body,'',939,5))"/><!-- ⲧⲱⲱⲃⲉ -->
<mark id="tok_230" xlink:href="#xpointer(string-range(//body,'',945,2))"/><!-- ⲁⲛ -->
<mark id="tok_231" xlink:href="#xpointer(string-range(//body,'',948,1))"/><!-- ⲛ -->
<mark id="tok_232" xlink:href="#xpointer(string-range(//body,'',950,2))"/><!-- ⲟⲩ -->
<mark id="tok_233" xlink:href="#xpointer(string-range(//body,'',953,6))"/><!-- ⲡⲉⲑⲟⲟⲩ -->
<mark id="tok_234" xlink:href="#xpointer(string-range(//body,'',960,1))"/><!-- ⲉ -->
<mark id="tok_235" xlink:href="#xpointer(string-range(//body,'',962,1))"/><!-- ⲡ -->
<mark id="tok_236" xlink:href="#xpointer(string-range(//body,'',964,2))"/><!-- ⲙⲁ -->
<mark id="tok_237" xlink:href="#xpointer(string-range(//body,'',967,1))"/><!-- ⲛ -->
<mark id="tok_238" xlink:href="#xpointer(string-range(//body,'',969,2))"/><!-- ⲟⲩ -->
<mark id="tok_239" xlink:href="#xpointer(string-range(//body,'',972,6))"/><!-- ⲡⲉⲑⲟⲟⲩ -->
<mark id="tok_240" xlink:href="#xpointer(string-range(//body,'',979,8))"/><!-- ⲏⲟⲩⲥⲁϩⲟⲩ -->
<mark id="tok_241" xlink:href="#xpointer(string-range(//body,'',988,1))"/><!-- ⲉ -->
<mark id="tok_242" xlink:href="#xpointer(string-range(//body,'',990,1))"/><!-- ⲡ -->
<mark id="tok_243" xlink:href="#xpointer(string-range(//body,'',992,2))"/><!-- ⲙⲁ -->
<mark id="tok_244" xlink:href="#xpointer(string-range(//body,'',995,1))"/><!-- ⲛ -->
<mark id="tok_245" xlink:href="#xpointer(string-range(//body,'',997,2))"/><!-- ⲟⲩ -->
<mark id="tok_246" xlink:href="#xpointer(string-range(//body,'',1000,5))"/><!-- ⲥⲁϩⲟⲩ -->
<mark id="tok_247" xlink:href="#xpointer(string-range(//body,'',1006,1))"/><!-- . -->
<mark id="tok_248" xlink:href="#xpointer(string-range(//body,'',1008,5))"/><!-- ⲛϩⲟⲩⲟ -->
<mark id="tok_249" xlink:href="#xpointer(string-range(//body,'',1014,2))"/><!-- ⲇⲉ -->
<mark id="tok_250" xlink:href="#xpointer(string-range(//body,'',1017,4))"/><!-- ⲛⲧⲟϥ -->
<mark id="tok_251" xlink:href="#xpointer(string-range(//body,'',1022,1))"/><!-- ⲛ -->
<mark id="tok_252" xlink:href="#xpointer(string-range(//body,'',1024,4))"/><!-- ⲧⲉⲧⲛ -->
<mark id="tok_253" xlink:href="#xpointer(string-range(//body,'',1029,4))"/><!-- ⲥⲙⲟⲩ -->
<mark id="tok_254" xlink:href="#xpointer(string-range(//body,'',1034,2))"/><!-- ϫⲉ -->
<mark id="tok_255" xlink:href="#xpointer(string-range(//body,'',1037,8))"/><!-- ⲛⲧⲁⲩⲧⲉϩⲙ -->
<mark id="tok_256" xlink:href="#xpointer(string-range(//body,'',1046,5))"/><!-- ⲧⲏⲩⲧⲛ -->
<mark id="tok_257" xlink:href="#xpointer(string-range(//body,'',1052,1))"/><!-- ⲉ -->
<mark id="tok_258" xlink:href="#xpointer(string-range(//body,'',1054,3))"/><!-- ⲡⲁⲓ -->
<mark id="tok_259" xlink:href="#xpointer(string-range(//body,'',1058,6))"/><!-- ϫⲉⲕⲁⲁⲥ -->
<mark id="tok_260" xlink:href="#xpointer(string-range(//body,'',1065,6))"/><!-- ⲉⲧⲉⲧⲛⲉ -->
<mark id="tok_261" xlink:href="#xpointer(string-range(//body,'',1072,10))"/><!-- ⲕⲗⲏⲣⲟⲛⲟⲙⲉⲓ -->
<mark id="tok_262" xlink:href="#xpointer(string-range(//body,'',1083,1))"/><!-- ⲙ -->
<mark id="tok_263" xlink:href="#xpointer(string-range(//body,'',1085,3))"/><!-- ⲡⲉⲥ -->
<mark id="tok_264" xlink:href="#xpointer(string-range(//body,'',1089,3))"/><!-- ⲙⲟⲩ -->
<mark id="tok_265" xlink:href="#xpointer(string-range(//body,'',1093,1))"/><!-- . -->
<mark id="tok_266" xlink:href="#xpointer(string-range(//body,'',1095,1))"/><!-- ⲡ -->
<mark id="tok_267" xlink:href="#xpointer(string-range(//body,'',1097,2))"/><!-- ⲉⲧ -->
<mark id="tok_268" xlink:href="#xpointer(string-range(//body,'',1100,4))"/><!-- ⲟⲩⲱϣ -->
<mark id="tok_269" xlink:href="#xpointer(string-range(//body,'',1105,3))"/><!-- ⲅⲁⲣ -->
<mark id="tok_270" xlink:href="#xpointer(string-range(//body,'',1109,1))"/><!-- ⲉ -->
<mark id="tok_271" xlink:href="#xpointer(string-range(//body,'',1111,4))"/><!-- ⲙⲉⲣⲉ -->
<mark id="tok_272" xlink:href="#xpointer(string-range(//body,'',1116,1))"/><!-- ⲡ -->
<mark id="tok_273" xlink:href="#xpointer(string-range(//body,'',1118,3))"/><!-- ⲱⲛϩ -->
<mark id="tok_274" xlink:href="#xpointer(string-range(//body,'',1122,3))"/><!-- ⲁⲩⲱ -->
<mark id="tok_275" xlink:href="#xpointer(string-range(//body,'',1126,1))"/><!-- ⲉ -->
<mark id="tok_276" xlink:href="#xpointer(string-range(//body,'',1128,3))"/><!-- ⲛⲁⲩ -->
<mark id="tok_277" xlink:href="#xpointer(string-range(//body,'',1132,7))"/><!-- ⲉϩⲉϩⲟⲟⲩ -->
<mark id="tok_278" xlink:href="#xpointer(string-range(//body,'',1140,9))"/><!-- ⲉⲧⲛⲁⲛⲟⲩⲟⲩ -->
<mark id="tok_279" xlink:href="#xpointer(string-range(//body,'',1150,4))"/><!-- ⲙⲁⲣⲉ -->
<mark id="tok_280" xlink:href="#xpointer(string-range(//body,'',1155,1))"/><!-- ϥ -->
<mark id="tok_281" xlink:href="#xpointer(string-range(//body,'',1157,5))"/><!-- ⲧⲁⲗϭⲉ -->
<mark id="tok_282" xlink:href="#xpointer(string-range(//body,'',1163,3))"/><!-- ⲡⲉϥ -->
<mark id="tok_283" xlink:href="#xpointer(string-range(//body,'',1167,3))"/><!-- ⲗⲁⲥ -->
<mark id="tok_284" xlink:href="#xpointer(string-range(//body,'',1171,4))"/><!-- ⲉⲃⲟⲗ -->
<mark id="tok_285" xlink:href="#xpointer(string-range(//body,'',1176,2))"/><!-- ϩⲙ -->
<mark id="tok_286" xlink:href="#xpointer(string-range(//body,'',1179,1))"/><!-- ⲡ -->
<mark id="tok_287" xlink:href="#xpointer(string-range(//body,'',1181,2))"/><!-- ⲉⲧ -->
<mark id="tok_288" xlink:href="#xpointer(string-range(//body,'',1184,4))"/><!-- ϩⲟⲟⲩ -->
<mark id="tok_289" xlink:href="#xpointer(string-range(//body,'',1189,3))"/><!-- ⲁⲩⲱ -->
<mark id="tok_290" xlink:href="#xpointer(string-range(//body,'',1193,3))"/><!-- ⲛⲉϥ -->
<mark id="tok_291" xlink:href="#xpointer(string-range(//body,'',1197,6))"/><!-- ⲥⲡⲟⲧⲟⲩ -->
<mark id="tok_292" xlink:href="#xpointer(string-range(//body,'',1204,1))"/><!-- ⲉ -->
<mark id="tok_293" xlink:href="#xpointer(string-range(//body,'',1206,2))"/><!-- ⲧⲙ -->
<mark id="tok_294" xlink:href="#xpointer(string-range(//body,'',1209,2))"/><!-- ϫⲱ -->
<mark id="tok_295" xlink:href="#xpointer(string-range(//body,'',1212,1))"/><!-- ⲛ -->
<mark id="tok_296" xlink:href="#xpointer(string-range(//body,'',1214,2))"/><!-- ⲟⲩ -->
<mark id="tok_297" xlink:href="#xpointer(string-range(//body,'',1217,4))"/><!-- ⲕⲣⲟϥ -->
<mark id="tok_298" xlink:href="#xpointer(string-range(//body,'',1222,10))"/><!-- ⲙⲁⲣⲉϥⲣⲉⲕⲧϥ -->
<mark id="tok_299" xlink:href="#xpointer(string-range(//body,'',1233,4))"/><!-- ⲉⲃⲟⲗ -->
<mark id="tok_300" xlink:href="#xpointer(string-range(//body,'',1238,1))"/><!-- ⲙ -->
<mark id="tok_301" xlink:href="#xpointer(string-range(//body,'',1240,1))"/><!-- ⲡ -->
<mark id="tok_302" xlink:href="#xpointer(string-range(//body,'',1242,2))"/><!-- ⲉⲧ -->
<mark id="tok_303" xlink:href="#xpointer(string-range(//body,'',1245,4))"/><!-- ϩⲟⲟⲩ -->
<mark id="tok_304" xlink:href="#xpointer(string-range(//body,'',1250,1))"/><!-- ⲛ -->
<mark id="tok_305" xlink:href="#xpointer(string-range(//body,'',1252,1))"/><!-- ϥ -->
<mark id="tok_306" xlink:href="#xpointer(string-range(//body,'',1254,4))"/><!-- ⲉⲓⲣⲉ -->
<mark id="tok_307" xlink:href="#xpointer(string-range(//body,'',1259,11))"/><!-- ⲙⲡⲡⲉⲧⲛⲁⲛⲟⲩϥ -->
<mark id="tok_308" xlink:href="#xpointer(string-range(//body,'',1271,1))"/><!-- ⲛ -->
<mark id="tok_309" xlink:href="#xpointer(string-range(//body,'',1273,1))"/><!-- ϥ -->
<mark id="tok_310" xlink:href="#xpointer(string-range(//body,'',1275,4))"/><!-- ϣⲓⲛⲉ -->
<mark id="tok_311" xlink:href="#xpointer(string-range(//body,'',1280,4))"/><!-- ⲙⲁⲣⲉ -->
<mark id="tok_312" xlink:href="#xpointer(string-range(//body,'',1285,1))"/><!-- ϥ -->
<mark id="tok_313" xlink:href="#xpointer(string-range(//body,'',1287,4))"/><!-- ϣⲓⲛⲉ -->
<mark id="tok_314" xlink:href="#xpointer(string-range(//body,'',1292,3))"/><!-- ⲛⲥⲁ -->
<mark id="tok_315" xlink:href="#xpointer(string-range(//body,'',1296,1))"/><!-- ⲧ -->
<mark id="tok_316" xlink:href="#xpointer(string-range(//body,'',1298,5))"/><!-- ⲓⲣⲏⲛⲏ -->
<mark id="tok_317" xlink:href="#xpointer(string-range(//body,'',1304,1))"/><!-- ⲛ -->
<mark id="tok_318" xlink:href="#xpointer(string-range(//body,'',1306,1))"/><!-- ϥ -->
<mark id="tok_319" xlink:href="#xpointer(string-range(//body,'',1308,3))"/><!-- ⲡⲱⲧ -->
<mark id="tok_320" xlink:href="#xpointer(string-range(//body,'',1312,3))"/><!-- ⲛⲥⲱ -->
<mark id="tok_321" xlink:href="#xpointer(string-range(//body,'',1316,1))"/><!-- ⲥ -->
<mark id="tok_322" xlink:href="#xpointer(string-range(//body,'',1318,2))"/><!-- ϫⲉ -->
<mark id="tok_323" xlink:href="#xpointer(string-range(//body,'',1321,5))"/><!-- ⲛⲉⲃⲁⲗ -->
<mark id="tok_324" xlink:href="#xpointer(string-range(//body,'',1327,1))"/><!-- ⲙ -->
<mark id="tok_325" xlink:href="#xpointer(string-range(//body,'',1329,1))"/><!-- ⲡ -->
<mark id="tok_326" xlink:href="#xpointer(string-range(//body,'',1331,5))"/><!-- ϫⲟⲉⲓⲥ -->
<mark id="tok_327" xlink:href="#xpointer(string-range(//body,'',1337,1))"/><!-- ⲉ -->
<mark id="tok_328" xlink:href="#xpointer(string-range(//body,'',1339,1))"/><!-- ⲩ -->
<mark id="tok_329" xlink:href="#xpointer(string-range(//body,'',1341,4))"/><!-- ϭⲱϣⲧ -->
<mark id="tok_330" xlink:href="#xpointer(string-range(//body,'',1346,3))"/><!-- ⲉϫⲛ -->
<mark id="tok_331" xlink:href="#xpointer(string-range(//body,'',1350,1))"/><!-- ⲛ -->
<mark id="tok_332" xlink:href="#xpointer(string-range(//body,'',1352,7))"/><!-- ⲇⲓⲕⲁⲓⲟⲥ -->
<mark id="tok_333" xlink:href="#xpointer(string-range(//body,'',1360,3))"/><!-- ⲁⲩⲱ -->
<mark id="tok_334" xlink:href="#xpointer(string-range(//body,'',1364,3))"/><!-- ⲛⲉϥ -->
<mark id="tok_335" xlink:href="#xpointer(string-range(//body,'',1368,5))"/><!-- ⲙⲁⲁϫⲉ -->
<mark id="tok_336" xlink:href="#xpointer(string-range(//body,'',1374,6))"/><!-- ⲉⲩⲣⲁⲕⲉ -->
<mark id="tok_337" xlink:href="#xpointer(string-range(//body,'',1381,8))"/><!-- ⲉⲡⲉⲩⲥⲟⲡⲥ -->
<mark id="tok_338" xlink:href="#xpointer(string-range(//body,'',1390,1))"/><!-- ⲡ -->
<mark id="tok_339" xlink:href="#xpointer(string-range(//body,'',1392,2))"/><!-- ϩⲟ -->
<mark id="tok_340" xlink:href="#xpointer(string-range(//body,'',1395,2))"/><!-- ⲇⲉ -->
<mark id="tok_341" xlink:href="#xpointer(string-range(//body,'',1398,1))"/><!-- ⲙ -->
<mark id="tok_342" xlink:href="#xpointer(string-range(//body,'',1400,1))"/><!-- ⲡ -->
<mark id="tok_343" xlink:href="#xpointer(string-range(//body,'',1402,5))"/><!-- ϫⲟⲉⲓⲥ -->
<mark id="tok_344" xlink:href="#xpointer(string-range(//body,'',1408,3))"/><!-- ⲉϫⲛ -->
<mark id="tok_345" xlink:href="#xpointer(string-range(//body,'',1412,1))"/><!-- ⲛ -->
<mark id="tok_346" xlink:href="#xpointer(string-range(//body,'',1414,2))"/><!-- ⲉⲧ -->
<mark id="tok_347" xlink:href="#xpointer(string-range(//body,'',1417,4))"/><!-- ⲉⲓⲣⲉ -->
<mark id="tok_348" xlink:href="#xpointer(string-range(//body,'',1422,8))"/><!-- ⲛⲙⲡⲉⲑⲟⲟⲩ -->
<mark id="tok_349" xlink:href="#xpointer(string-range(//body,'',1431,3))"/><!-- ⲁⲩⲱ -->
<mark id="tok_350" xlink:href="#xpointer(string-range(//body,'',1435,3))"/><!-- ⲛⲓⲙ -->
<mark id="tok_351" xlink:href="#xpointer(string-range(//body,'',1439,1))"/><!-- ⲡ -->
<mark id="tok_352" xlink:href="#xpointer(string-range(//body,'',1441,2))"/><!-- ⲉⲧ -->
<mark id="tok_353" xlink:href="#xpointer(string-range(//body,'',1444,2))"/><!-- ⲛⲁ -->
<mark id="tok_354" xlink:href="#xpointer(string-range(//body,'',1447,4))"/><!-- ⲑⲙⲕⲉ -->
<mark id="tok_355" xlink:href="#xpointer(string-range(//body,'',1452,5))"/><!-- ⲧⲏⲩⲧⲛ -->
<mark id="tok_356" xlink:href="#xpointer(string-range(//body,'',1458,11))"/><!-- ⲉⲧⲉⲧⲛϣⲁⲛⲛⲉⲣ -->
<mark id="tok_357" xlink:href="#xpointer(string-range(//body,'',1470,6))"/><!-- ⲣⲉϥⲕⲱϩ -->
<mark id="tok_358" xlink:href="#xpointer(string-range(//body,'',1477,1))"/><!-- ⲉ -->
<mark id="tok_359" xlink:href="#xpointer(string-range(//body,'',1479,1))"/><!-- ⲡ -->
<mark id="tok_360" xlink:href="#xpointer(string-range(//body,'',1481,6))"/><!-- ⲁⲅⲁⲑⲟⲛ -->
<mark id="tok_361" xlink:href="#xpointer(string-range(//body,'',1488,1))"/><!-- . -->
<mark id="tok_362" xlink:href="#xpointer(string-range(//body,'',1490,4))"/><!-- ⲁⲗⲗⲁ -->
<mark id="tok_363" xlink:href="#xpointer(string-range(//body,'',1495,5))"/><!-- ⲉϣⲱⲡⲉ -->
<mark id="tok_364" xlink:href="#xpointer(string-range(//body,'',1501,2))"/><!-- ⲟⲛ -->
<mark id="tok_365" xlink:href="#xpointer(string-range(//body,'',1504,1))"/><!-- ⲉ -->
<mark id="tok_366" xlink:href="#xpointer(string-range(//body,'',1506,4))"/><!-- ⲧⲉⲧⲛ -->
<mark id="tok_367" xlink:href="#xpointer(string-range(//body,'',1511,2))"/><!-- ϣⲡ -->
<mark id="tok_368" xlink:href="#xpointer(string-range(//body,'',1514,4))"/><!-- ϩⲓⲥⲉ -->
<mark id="tok_369" xlink:href="#xpointer(string-range(//body,'',1519,4))"/><!-- ⲉⲧⲃⲉ -->
<mark id="tok_370" xlink:href="#xpointer(string-range(//body,'',1524,10))"/><!-- ⲇⲓⲕⲁⲓⲟⲥⲩⲛⲏ -->
<mark id="tok_371" xlink:href="#xpointer(string-range(//body,'',1535,5))"/><!-- ⲛⲁⲓⲁⲧ -->
<mark id="tok_372" xlink:href="#xpointer(string-range(//body,'',1541,5))"/><!-- ⲧⲏⲩⲧⲛ -->
<mark id="tok_373" xlink:href="#xpointer(string-range(//body,'',1547,3))"/><!-- ⲧⲉⲩ -->
<mark id="tok_374" xlink:href="#xpointer(string-range(//body,'',1551,4))"/><!-- ϩⲟⲧⲉ -->
<mark id="tok_375" xlink:href="#xpointer(string-range(//body,'',1556,2))"/><!-- ⲇⲉ -->
<mark id="tok_376" xlink:href="#xpointer(string-range(//body,'',1559,5))"/><!-- ⲙⲡⲉⲣⲣ -->
<mark id="tok_377" xlink:href="#xpointer(string-range(//body,'',1565,4))"/><!-- ϩⲟⲧⲉ -->
<mark id="tok_378" xlink:href="#xpointer(string-range(//body,'',1570,4))"/><!-- ϩⲏⲧⲥ -->
<mark id="tok_379" xlink:href="#xpointer(string-range(//body,'',1575,4))"/><!-- ⲟⲩⲇⲉ -->
<mark id="tok_380" xlink:href="#xpointer(string-range(//body,'',1580,3))"/><!-- ⲙⲡⲣ -->
<mark id="tok_381" xlink:href="#xpointer(string-range(//body,'',1584,6))"/><!-- ϣⲧⲟⲣⲧⲣ -->
<mark id="tok_382" xlink:href="#xpointer(string-range(//body,'',1591,1))"/><!-- . -->
<mark id="tok_383" xlink:href="#xpointer(string-range(//body,'',1593,1))"/><!-- ⲡ -->
<mark id="tok_384" xlink:href="#xpointer(string-range(//body,'',1595,5))"/><!-- ϫⲟⲉⲓⲥ -->
<mark id="tok_385" xlink:href="#xpointer(string-range(//body,'',1601,2))"/><!-- ⲇⲉ -->
<mark id="tok_386" xlink:href="#xpointer(string-range(//body,'',1604,2))"/><!-- ⲡⲉ -->
<mark id="tok_387" xlink:href="#xpointer(string-range(//body,'',1607,7))"/><!-- ⲭⲣⲓⲥⲧⲟⲥ -->
<mark id="tok_388" xlink:href="#xpointer(string-range(//body,'',1615,7))"/><!-- ⲙⲁⲧⲃⲃⲟϥ -->
<mark id="tok_389" xlink:href="#xpointer(string-range(//body,'',1623,2))"/><!-- ϩⲛ -->
<mark id="tok_390" xlink:href="#xpointer(string-range(//body,'',1626,4))"/><!-- ⲛⲉⲧⲛ -->
<mark id="tok_391" xlink:href="#xpointer(string-range(//body,'',1631,3))"/><!-- ϩⲏⲧ -->
<mark id="tok_392" xlink:href="#xpointer(string-range(//body,'',1635,11))"/><!-- ⲉⲧⲉⲧⲛⲥⲉⲃⲧⲱⲧ -->
<mark id="tok_393" xlink:href="#xpointer(string-range(//body,'',1647,1))"/><!-- ⲛ -->
<mark id="tok_394" xlink:href="#xpointer(string-range(//body,'',1649,6))"/><!-- ⲟⲩⲟⲉⲓϣ -->
<mark id="tok_395" xlink:href="#xpointer(string-range(//body,'',1656,3))"/><!-- ⲛⲓⲙ -->
<mark id="tok_396" xlink:href="#xpointer(string-range(//body,'',1660,1))"/><!-- ⲉ -->
<mark id="tok_397" xlink:href="#xpointer(string-range(//body,'',1662,1))"/><!-- ϯ -->
<mark id="tok_398" xlink:href="#xpointer(string-range(//body,'',1664,8))"/><!-- ⲁⲡⲟⲗⲟⲅⲓⲁ -->
<mark id="tok_399" xlink:href="#xpointer(string-range(//body,'',1673,1))"/><!-- ⲛ -->
<mark id="tok_400" xlink:href="#xpointer(string-range(//body,'',1675,4))"/><!-- ⲟⲩⲟⲛ -->
<mark id="tok_401" xlink:href="#xpointer(string-range(//body,'',1680,3))"/><!-- ⲛⲓⲙ -->
<mark id="tok_402" xlink:href="#xpointer(string-range(//body,'',1684,2))"/><!-- ⲉⲧ -->
<mark id="tok_403" xlink:href="#xpointer(string-range(//body,'',1687,5))"/><!-- ⲁⲓⲧⲉⲓ -->
<mark id="tok_404" xlink:href="#xpointer(string-range(//body,'',1693,3))"/><!-- ⲙⲙⲱ -->
<mark id="tok_405" xlink:href="#xpointer(string-range(//body,'',1697,2))"/><!-- ⲧⲛ -->
<mark id="tok_406" xlink:href="#xpointer(string-range(//body,'',1700,1))"/><!-- ⲙ -->
<mark id="tok_407" xlink:href="#xpointer(string-range(//body,'',1702,1))"/><!-- ⲡ -->
<mark id="tok_408" xlink:href="#xpointer(string-range(//body,'',1704,4))"/><!-- ϣⲁϫⲉ -->
<mark id="tok_409" xlink:href="#xpointer(string-range(//body,'',1709,4))"/><!-- ⲉⲧⲃⲉ -->
<mark id="tok_410" xlink:href="#xpointer(string-range(//body,'',1714,1))"/><!-- ⲧ -->
<mark id="tok_411" xlink:href="#xpointer(string-range(//body,'',1716,6))"/><!-- ϩⲉⲗⲡⲓⲥ -->
<mark id="tok_412" xlink:href="#xpointer(string-range(//body,'',1723,6))"/><!-- ⲉⲧⲛϩⲏⲧ -->
<mark id="tok_413" xlink:href="#xpointer(string-range(//body,'',1730,5))"/><!-- ⲧⲏⲩⲧⲛ -->
<mark id="tok_414" xlink:href="#xpointer(string-range(//body,'',1736,4))"/><!-- ⲁⲗⲗⲁ -->
<mark id="tok_415" xlink:href="#xpointer(string-range(//body,'',1741,2))"/><!-- ϩⲛ -->
<mark id="tok_416" xlink:href="#xpointer(string-range(//body,'',1744,2))"/><!-- ⲟⲩ -->
<mark id="tok_417" xlink:href="#xpointer(string-range(//body,'',1747,8))"/><!-- ⲙⲛⲧⲣⲙⲣⲁϣ -->
<mark id="tok_418" xlink:href="#xpointer(string-range(//body,'',1756,2))"/><!-- ⲙⲛ -->
<mark id="tok_419" xlink:href="#xpointer(string-range(//body,'',1759,2))"/><!-- ⲟⲩ -->
<mark id="tok_420" xlink:href="#xpointer(string-range(//body,'',1762,4))"/><!-- ϩⲟⲧⲉ -->
<mark id="tok_421" xlink:href="#xpointer(string-range(//body,'',1767,8))"/><!-- ⲉⲩⲉⲛⲧⲏⲧⲛ -->
<mark id="tok_422" xlink:href="#xpointer(string-range(//body,'',1776,4))"/><!-- ⲙⲙⲁⲩ -->
<mark id="tok_423" xlink:href="#xpointer(string-range(//body,'',1781,13))"/><!-- ⲛⲛⲟⲩⲥⲩⲛⲏⲇⲏⲥⲓⲥ -->
<mark id="tok_424" xlink:href="#xpointer(string-range(//body,'',1795,1))"/><!-- ⲉ -->
<mark id="tok_425" xlink:href="#xpointer(string-range(//body,'',1797,2))"/><!-- ⲛⲁ -->
<mark id="tok_426" xlink:href="#xpointer(string-range(//body,'',1800,4))"/><!-- ⲛⲟⲩⲥ -->
<mark id="tok_427" xlink:href="#xpointer(string-range(//body,'',1805,6))"/><!-- ϫⲉⲕⲁⲁⲥ -->
<mark id="tok_428" xlink:href="#xpointer(string-range(//body,'',1812,2))"/><!-- ϩⲙ -->
<mark id="tok_429" xlink:href="#xpointer(string-range(//body,'',1815,14))"/><!-- ⲡⲉⲧⲟⲩⲕⲁⲧⲁⲗⲁⲗⲉⲓ -->
<mark id="tok_430" xlink:href="#xpointer(string-range(//body,'',1830,3))"/><!-- ⲙⲙⲱ -->
<mark id="tok_431" xlink:href="#xpointer(string-range(//body,'',1834,2))"/><!-- ⲧⲛ -->
<mark id="tok_432" xlink:href="#xpointer(string-range(//body,'',1837,4))"/><!-- ⲛϩⲏⲧ -->
<mark id="tok_433" xlink:href="#xpointer(string-range(//body,'',1842,1))"/><!-- ϥ -->
<mark id="tok_434" xlink:href="#xpointer(string-range(//body,'',1844,3))"/><!-- ⲉⲩⲉ -->
<mark id="tok_435" xlink:href="#xpointer(string-range(//body,'',1848,2))"/><!-- ϫⲓ -->
<mark id="tok_436" xlink:href="#xpointer(string-range(//body,'',1851,4))"/><!-- ϣⲓⲡⲉ -->
<mark id="tok_437" xlink:href="#xpointer(string-range(//body,'',1856,3))"/><!-- ⲛϭⲓ -->
<mark id="tok_438" xlink:href="#xpointer(string-range(//body,'',1860,1))"/><!-- ⲛ -->
<mark id="tok_439" xlink:href="#xpointer(string-range(//body,'',1862,2))"/><!-- ⲉⲧ -->
<mark id="tok_440" xlink:href="#xpointer(string-range(//body,'',1865,4))"/><!-- ⲥⲱϣϥ -->
<mark id="tok_441" xlink:href="#xpointer(string-range(//body,'',1870,1))"/><!-- ⲛ -->
<mark id="tok_442" xlink:href="#xpointer(string-range(//body,'',1872,4))"/><!-- ⲧⲉⲧⲛ -->
<mark id="tok_443" xlink:href="#xpointer(string-range(//body,'',1877,9))"/><!-- ⲁⲛⲁⲥⲧⲣⲟⲫⲏ -->
<mark id="tok_444" xlink:href="#xpointer(string-range(//body,'',1887,8))"/><!-- ⲉⲧⲛⲁⲛⲟⲩⲥ -->
<mark id="tok_445" xlink:href="#xpointer(string-range(//body,'',1896,2))"/><!-- ⲉⲧ -->
<mark id="tok_446" xlink:href="#xpointer(string-range(//body,'',1899,2))"/><!-- ϩⲙ -->
<mark id="tok_447" xlink:href="#xpointer(string-range(//body,'',1902,2))"/><!-- ⲡⲉ -->
<mark id="tok_448" xlink:href="#xpointer(string-range(//body,'',1905,7))"/><!-- ⲭⲣⲓⲥⲧⲟⲥ -->
<mark id="tok_449" xlink:href="#xpointer(string-range(//body,'',1913,1))"/><!-- . -->
<mark id="tok_450" xlink:href="#xpointer(string-range(//body,'',1915,5))"/><!-- ⲛⲁⲛⲟⲩ -->
<mark id="tok_451" xlink:href="#xpointer(string-range(//body,'',1921,1))"/><!-- ⲥ -->
<mark id="tok_452" xlink:href="#xpointer(string-range(//body,'',1923,3))"/><!-- ⲅⲁⲣ -->
<mark id="tok_453" xlink:href="#xpointer(string-range(//body,'',1927,6))"/><!-- ⲉⲧⲉⲧⲛⲉ -->
<mark id="tok_454" xlink:href="#xpointer(string-range(//body,'',1934,3))"/><!-- ⲓⲣⲉ -->
<mark id="tok_455" xlink:href="#xpointer(string-range(//body,'',1938,11))"/><!-- ⲙⲡⲡⲉⲧⲛⲁⲛⲟⲩϥ -->
<mark id="tok_456" xlink:href="#xpointer(string-range(//body,'',1950,1))"/><!-- ⲉ -->
<mark id="tok_457" xlink:href="#xpointer(string-range(//body,'',1952,4))"/><!-- ⲧⲉⲧⲛ -->
<mark id="tok_458" xlink:href="#xpointer(string-range(//body,'',1957,2))"/><!-- ϣⲡ -->
<mark id="tok_459" xlink:href="#xpointer(string-range(//body,'',1960,4))"/><!-- ϩⲓⲥⲉ -->
<mark id="tok_460" xlink:href="#xpointer(string-range(//body,'',1965,4))"/><!-- ⲉϣϫⲉ -->
<mark id="tok_461" xlink:href="#xpointer(string-range(//body,'',1970,3))"/><!-- ⲡⲁⲓ -->
<mark id="tok_462" xlink:href="#xpointer(string-range(//body,'',1974,2))"/><!-- ⲡⲉ -->
<mark id="tok_463" xlink:href="#xpointer(string-range(//body,'',1977,1))"/><!-- ⲡ -->
<mark id="tok_464" xlink:href="#xpointer(string-range(//body,'',1979,4))"/><!-- ⲟⲩⲱϣ -->
<mark id="tok_465" xlink:href="#xpointer(string-range(//body,'',1984,1))"/><!-- ⲙ -->
<mark id="tok_466" xlink:href="#xpointer(string-range(//body,'',1986,1))"/><!-- ⲡ -->
<mark id="tok_467" xlink:href="#xpointer(string-range(//body,'',1988,5))"/><!-- ⲛⲟⲩⲧⲉ -->
<mark id="tok_468" xlink:href="#xpointer(string-range(//body,'',1994,5))"/><!-- ⲛϩⲟⲩⲟ -->
<mark id="tok_469" xlink:href="#xpointer(string-range(//body,'',2000,3))"/><!-- ⲉⲣⲟ -->
<mark id="tok_470" xlink:href="#xpointer(string-range(//body,'',2004,1))"/><!-- ⲥ -->
<mark id="tok_471" xlink:href="#xpointer(string-range(//body,'',2006,6))"/><!-- ⲉⲧⲉⲧⲛⲉ -->
<mark id="tok_472" xlink:href="#xpointer(string-range(//body,'',2013,3))"/><!-- ⲓⲣⲉ -->
<mark id="tok_473" xlink:href="#xpointer(string-range(//body,'',2017,1))"/><!-- ⲙ -->
<mark id="tok_474" xlink:href="#xpointer(string-range(//body,'',2019,1))"/><!-- ⲡ -->
<mark id="tok_475" xlink:href="#xpointer(string-range(//body,'',2021,6))"/><!-- ⲡⲉⲑⲟⲟⲩ -->
<mark id="tok_476" xlink:href="#xpointer(string-range(//body,'',2028,2))"/><!-- ϫⲉ -->
<mark id="tok_477" xlink:href="#xpointer(string-range(//body,'',2031,2))"/><!-- ⲡⲉ -->
<mark id="tok_478" xlink:href="#xpointer(string-range(//body,'',2034,7))"/><!-- ⲭⲣⲓⲥⲧⲟⲥ -->
<mark id="tok_479" xlink:href="#xpointer(string-range(//body,'',2042,1))"/><!-- ⲁ -->
<mark id="tok_480" xlink:href="#xpointer(string-range(//body,'',2044,1))"/><!-- ϥ -->
<mark id="tok_481" xlink:href="#xpointer(string-range(//body,'',2046,3))"/><!-- ⲙⲟⲩ -->
<mark id="tok_482" xlink:href="#xpointer(string-range(//body,'',2050,6))"/><!-- ⲛⲟⲩⲥⲟⲡ -->
<mark id="tok_483" xlink:href="#xpointer(string-range(//body,'',2057,2))"/><!-- ϩⲁ -->
<mark id="tok_484" xlink:href="#xpointer(string-range(//body,'',2060,3))"/><!-- ⲛⲉⲛ -->
<mark id="tok_485" xlink:href="#xpointer(string-range(//body,'',2064,4))"/><!-- ⲛⲟⲃⲉ -->
<mark id="tok_486" xlink:href="#xpointer(string-range(//body,'',2069,1))"/><!-- ⲡ -->
<mark id="tok_487" xlink:href="#xpointer(string-range(//body,'',2071,7))"/><!-- ⲇⲓⲕⲁⲓⲟⲥ -->
<mark id="tok_488" xlink:href="#xpointer(string-range(//body,'',2079,8))"/><!-- ϩⲁⲛⲣⲉϥϫⲓ -->
<mark id="tok_489" xlink:href="#xpointer(string-range(//body,'',2088,1))"/><!-- ⲛ -->
<mark id="tok_490" xlink:href="#xpointer(string-range(//body,'',2090,4))"/><!-- ϭⲟⲛⲥ -->
<mark id="tok_491" xlink:href="#xpointer(string-range(//body,'',2095,6))"/><!-- ϫⲉⲕⲁⲁⲥ -->
<mark id="tok_492" xlink:href="#xpointer(string-range(//body,'',2102,11))"/><!-- ⲉϥⲧⲉⲣⲉⲧⲛϩⲱⲛ -->
<mark id="tok_493" xlink:href="#xpointer(string-range(//body,'',2114,5))"/><!-- ⲉϩⲟⲩⲛ -->
<mark id="tok_494" xlink:href="#xpointer(string-range(//body,'',2120,1))"/><!-- ⲉ -->
<mark id="tok_495" xlink:href="#xpointer(string-range(//body,'',2122,1))"/><!-- ⲡ -->
<mark id="tok_496" xlink:href="#xpointer(string-range(//body,'',2124,5))"/><!-- ⲛⲟⲩⲧⲉ -->
<mark id="tok_497" xlink:href="#xpointer(string-range(//body,'',2130,1))"/><!-- ⲉ -->
<mark id="tok_498" xlink:href="#xpointer(string-range(//body,'',2132,1))"/><!-- ⲁ -->
<mark id="tok_499" xlink:href="#xpointer(string-range(//body,'',2134,1))"/><!-- ϥ -->
<mark id="tok_500" xlink:href="#xpointer(string-range(//body,'',2136,3))"/><!-- ⲙⲟⲩ -->
<mark id="tok_501" xlink:href="#xpointer(string-range(//body,'',2140,2))"/><!-- ⲙⲛ -->
<mark id="tok_502" xlink:href="#xpointer(string-range(//body,'',2143,2))"/><!-- ϩⲛ -->
<mark id="tok_503" xlink:href="#xpointer(string-range(//body,'',2146,1))"/><!-- ⲧ -->
<mark id="tok_504" xlink:href="#xpointer(string-range(//body,'',2148,4))"/><!-- ⲥⲁⲣⲝ -->
<mark id="tok_505" xlink:href="#xpointer(string-range(//body,'',2153,1))"/><!-- ⲁ -->
<mark id="tok_506" xlink:href="#xpointer(string-range(//body,'',2155,1))"/><!-- ϥ -->
<mark id="tok_507" xlink:href="#xpointer(string-range(//body,'',2157,3))"/><!-- ⲱⲛϩ -->
<mark id="tok_508" xlink:href="#xpointer(string-range(//body,'',2161,2))"/><!-- ⲇⲉ -->
<mark id="tok_509" xlink:href="#xpointer(string-range(//body,'',2164,2))"/><!-- ϩⲙ -->
<mark id="tok_510" xlink:href="#xpointer(string-range(//body,'',2167,2))"/><!-- ⲡⲉ -->
<mark id="tok_511" xlink:href="#xpointer(string-range(//body,'',2170,6))"/><!-- ⲡⲛⲉⲩⲙⲁ -->
<mark id="tok_512" xlink:href="#xpointer(string-range(//body,'',2177,2))"/><!-- ϩⲙ -->
<mark id="tok_513" xlink:href="#xpointer(string-range(//body,'',2180,3))"/><!-- ⲡⲁⲓ -->
<mark id="tok_514" xlink:href="#xpointer(string-range(//body,'',2184,1))"/><!-- ⲉ -->
<mark id="tok_515" xlink:href="#xpointer(string-range(//body,'',2186,1))"/><!-- ⲁ -->
<mark id="tok_516" xlink:href="#xpointer(string-range(//body,'',2188,1))"/><!-- ϥ -->
<mark id="tok_517" xlink:href="#xpointer(string-range(//body,'',2190,3))"/><!-- ⲃⲱⲕ -->
<mark id="tok_518" xlink:href="#xpointer(string-range(//body,'',2194,1))"/><!-- ⲁ -->
<mark id="tok_519" xlink:href="#xpointer(string-range(//body,'',2196,1))"/><!-- ϥ -->
<mark id="tok_520" xlink:href="#xpointer(string-range(//body,'',2198,8))"/><!-- ⲧⲁϣⲉⲟⲉⲓϣ -->
<mark id="tok_521" xlink:href="#xpointer(string-range(//body,'',2207,1))"/><!-- ⲛ -->
<mark id="tok_522" xlink:href="#xpointer(string-range(//body,'',2209,2))"/><!-- ⲛⲉ -->
<mark id="tok_523" xlink:href="#xpointer(string-range(//body,'',2212,6))"/><!-- ⲡⲛⲉⲩⲙⲁ -->
<mark id="tok_524" xlink:href="#xpointer(string-range(//body,'',2219,2))"/><!-- ⲉⲧ -->
<mark id="tok_525" xlink:href="#xpointer(string-range(//body,'',2222,2))"/><!-- ϩⲙ -->
<mark id="tok_526" xlink:href="#xpointer(string-range(//body,'',2225,2))"/><!-- ⲡⲉ -->
<mark id="tok_527" xlink:href="#xpointer(string-range(//body,'',2228,5))"/><!-- ϣⲧⲉⲕⲟ -->
<mark id="tok_528" xlink:href="#xpointer(string-range(//body,'',2234,3))"/><!-- ⲛⲁⲓ -->
<mark id="tok_529" xlink:href="#xpointer(string-range(//body,'',2238,2))"/><!-- ⲛⲧ -->
<mark id="tok_530" xlink:href="#xpointer(string-range(//body,'',2241,1))"/><!-- ⲁ -->
<mark id="tok_531" xlink:href="#xpointer(string-range(//body,'',2243,1))"/><!-- ⲩ -->
<mark id="tok_532" xlink:href="#xpointer(string-range(//body,'',2245,1))"/><!-- ⲣ -->
<mark id="tok_533" xlink:href="#xpointer(string-range(//body,'',2247,6))"/><!-- ⲁⲧⲥⲱⲧⲙ -->
<mark id="tok_534" xlink:href="#xpointer(string-range(//body,'',2254,1))"/><!-- ⲙ -->
<mark id="tok_535" xlink:href="#xpointer(string-range(//body,'',2256,3))"/><!-- ⲡⲉⲓ -->
<mark id="tok_536" xlink:href="#xpointer(string-range(//body,'',2260,6))"/><!-- ⲟⲩⲟⲉⲓϣ -->
<mark id="tok_537" xlink:href="#xpointer(string-range(//body,'',2267,13))"/><!-- ⲉⲛⲉⲣⲉⲧⲙⲛⲧϩⲁⲣϣ -->
<mark id="tok_538" xlink:href="#xpointer(string-range(//body,'',2281,3))"/><!-- ϩⲏⲧ -->
<mark id="tok_539" xlink:href="#xpointer(string-range(//body,'',2285,1))"/><!-- ⲙ -->
<mark id="tok_540" xlink:href="#xpointer(string-range(//body,'',2287,1))"/><!-- ⲡ -->
<mark id="tok_541" xlink:href="#xpointer(string-range(//body,'',2289,5))"/><!-- ⲛⲟⲩⲧⲉ -->
<mark id="tok_542" xlink:href="#xpointer(string-range(//body,'',2295,2))"/><!-- ⲕⲱ -->
<mark id="tok_543" xlink:href="#xpointer(string-range(//body,'',2298,4))"/><!-- ⲉⲃⲟⲗ -->
<mark id="tok_544" xlink:href="#xpointer(string-range(//body,'',2303,2))"/><!-- ϩⲛ -->
<mark id="tok_545" xlink:href="#xpointer(string-range(//body,'',2306,2))"/><!-- ⲛⲉ -->
<mark id="tok_546" xlink:href="#xpointer(string-range(//body,'',2309,4))"/><!-- ϩⲟⲟⲩ -->
<mark id="tok_547" xlink:href="#xpointer(string-range(//body,'',2314,1))"/><!-- ⲛ -->
<mark id="tok_548" xlink:href="#xpointer(string-range(//body,'',2316,4))"/><!-- ⲛⲱϩⲉ -->
<mark id="tok_549" xlink:href="#xpointer(string-range(//body,'',2321,1))"/><!-- ⲉ -->
<mark id="tok_550" xlink:href="#xpointer(string-range(//body,'',2323,1))"/><!-- ⲩ -->
<mark id="tok_551" xlink:href="#xpointer(string-range(//body,'',2325,5))"/><!-- ⲧⲁⲙⲓⲟ -->
<mark id="tok_552" xlink:href="#xpointer(string-range(//body,'',2331,1))"/><!-- ⲛ -->
<mark id="tok_553" xlink:href="#xpointer(string-range(//body,'',2333,1))"/><!-- ⲧ -->
<mark id="tok_554" xlink:href="#xpointer(string-range(//body,'',2335,7))"/><!-- ϭⲓⲃⲱⲧⲟⲥ -->
<mark id="tok_555" xlink:href="#xpointer(string-range(//body,'',2343,3))"/><!-- ⲧⲁⲓ -->
<mark id="tok_556" xlink:href="#xpointer(string-range(//body,'',2347,2))"/><!-- ⲛⲧ -->
<mark id="tok_557" xlink:href="#xpointer(string-range(//body,'',2350,1))"/><!-- ⲁ -->
<mark id="tok_558" xlink:href="#xpointer(string-range(//body,'',2352,3))"/><!-- ϩⲉⲛ -->
<mark id="tok_559" xlink:href="#xpointer(string-range(//body,'',2356,4))"/><!-- ⲕⲟⲩⲓ -->
<mark id="tok_560" xlink:href="#xpointer(string-range(//body,'',2361,3))"/><!-- ⲡⲱⲧ -->
<mark id="tok_561" xlink:href="#xpointer(string-range(//body,'',2365,5))"/><!-- ⲉϩⲟⲩⲛ -->
<mark id="tok_562" xlink:href="#xpointer(string-range(//body,'',2371,3))"/><!-- ⲉⲣⲟ -->
<mark id="tok_563" xlink:href="#xpointer(string-range(//body,'',2375,1))"/><!-- ⲥ -->
<mark id="tok_564" xlink:href="#xpointer(string-range(//body,'',2377,1))"/><!-- ⲁ -->
<mark id="tok_565" xlink:href="#xpointer(string-range(//body,'',2379,1))"/><!-- ⲩ -->
<mark id="tok_566" xlink:href="#xpointer(string-range(//body,'',2381,5))"/><!-- ⲟⲩϫⲁⲓ -->
<mark id="tok_567" xlink:href="#xpointer(string-range(//body,'',2387,1))"/><!-- ⲉ -->
<mark id="tok_568" xlink:href="#xpointer(string-range(//body,'',2389,1))"/><!-- ⲡ -->
<mark id="tok_569" xlink:href="#xpointer(string-range(//body,'',2391,4))"/><!-- ⲙⲟⲟⲩ -->
<mark id="tok_570" xlink:href="#xpointer(string-range(//body,'',2396,1))"/><!-- ⲉ -->
<mark id="tok_571" xlink:href="#xpointer(string-range(//body,'',2398,1))"/><!-- ⲩ -->
<mark id="tok_572" xlink:href="#xpointer(string-range(//body,'',2400,3))"/><!-- ⲙⲉϩ -->
<mark id="tok_573" xlink:href="#xpointer(string-range(//body,'',2404,6))"/><!-- ϣⲙⲟⲩⲛⲉ -->
<mark id="tok_574" xlink:href="#xpointer(string-range(//body,'',2411,1))"/><!-- ⲙ -->
<mark id="tok_575" xlink:href="#xpointer(string-range(//body,'',2413,4))"/><!-- ⲯⲩⲭⲏ -->
<mark id="tok_576" xlink:href="#xpointer(string-range(//body,'',2418,1))"/><!-- . -->
<mark id="tok_577" xlink:href="#xpointer(string-range(//body,'',2420,4))"/><!-- ⲕⲁⲧⲁ -->
<mark id="tok_578" xlink:href="#xpointer(string-range(//body,'',2425,1))"/><!-- ⲡ -->
<mark id="tok_579" xlink:href="#xpointer(string-range(//body,'',2427,5))"/><!-- ⲧⲩⲡⲟⲥ -->
<mark id="tok_580" xlink:href="#xpointer(string-range(//body,'',2433,1))"/><!-- ⲙ -->
<mark id="tok_581" xlink:href="#xpointer(string-range(//body,'',2435,1))"/><!-- ⲡ -->
<mark id="tok_582" xlink:href="#xpointer(string-range(//body,'',2437,8))"/><!-- ⲃⲁⲡⲧⲓⲥⲙⲁ -->
<mark id="tok_583" xlink:href="#xpointer(string-range(//body,'',2446,2))"/><!-- ⲉⲧ -->
<mark id="tok_584" xlink:href="#xpointer(string-range(//body,'',2449,2))"/><!-- ⲟⲩ -->
<mark id="tok_585" xlink:href="#xpointer(string-range(//body,'',2452,2))"/><!-- ϫⲟ -->
<mark id="tok_586" xlink:href="#xpointer(string-range(//body,'',2455,3))"/><!-- ⲙⲙⲱ -->
<mark id="tok_587" xlink:href="#xpointer(string-range(//body,'',2459,2))"/><!-- ⲧⲛ -->
<mark id="tok_588" xlink:href="#xpointer(string-range(//body,'',2462,5))"/><!-- ⲧⲉⲛⲟⲩ -->
<mark id="tok_589" xlink:href="#xpointer(string-range(//body,'',2468,2))"/><!-- ϩⲛ -->
<mark id="tok_590" xlink:href="#xpointer(string-range(//body,'',2471,2))"/><!-- ⲟⲩ -->
<mark id="tok_591" xlink:href="#xpointer(string-range(//body,'',2474,3))"/><!-- ⲉⲓⲱ -->
<mark id="tok_592" xlink:href="#xpointer(string-range(//body,'',2478,2))"/><!-- ⲁⲛ -->
<mark id="tok_593" xlink:href="#xpointer(string-range(//body,'',2481,4))"/><!-- ⲉⲃⲟⲗ -->
<mark id="tok_594" xlink:href="#xpointer(string-range(//body,'',2486,6))"/><!-- ⲛϭⲟⲣϫⲉ -->
<mark id="tok_595" xlink:href="#xpointer(string-range(//body,'',2493,3))"/><!-- ⲛⲧⲉ -->
<mark id="tok_596" xlink:href="#xpointer(string-range(//body,'',2497,1))"/><!-- ⲧ -->
<mark id="tok_597" xlink:href="#xpointer(string-range(//body,'',2499,4))"/><!-- ⲥⲁⲣⲝ -->
<mark id="tok_598" xlink:href="#xpointer(string-range(//body,'',2504,4))"/><!-- ⲁⲗⲗⲁ -->
<mark id="tok_599" xlink:href="#xpointer(string-range(//body,'',2509,7))"/><!-- ⲙⲡⲟⲩⲱϣⲃ -->
<mark id="tok_600" xlink:href="#xpointer(string-range(//body,'',2517,1))"/><!-- ⲛ -->
<mark id="tok_601" xlink:href="#xpointer(string-range(//body,'',2519,3))"/><!-- ⲧⲉⲩ -->
<mark id="tok_602" xlink:href="#xpointer(string-range(//body,'',2523,10))"/><!-- ⲥⲩⲛⲉⲓⲇⲏⲥⲓⲥ -->
<mark id="tok_603" xlink:href="#xpointer(string-range(//body,'',2534,8))"/><!-- ⲉⲧⲛⲁⲛⲟⲩⲥ -->
<mark id="tok_604" xlink:href="#xpointer(string-range(//body,'',2543,5))"/><!-- ⲛⲁϩⲣⲙ -->
<mark id="tok_605" xlink:href="#xpointer(string-range(//body,'',2549,1))"/><!-- ⲡ -->
<mark id="tok_606" xlink:href="#xpointer(string-range(//body,'',2551,5))"/><!-- ⲛⲟⲩⲧⲉ -->
<mark id="tok_607" xlink:href="#xpointer(string-range(//body,'',2557,4))"/><!-- ϩⲓⲧⲙ -->
<mark id="tok_608" xlink:href="#xpointer(string-range(//body,'',2562,6))"/><!-- ⲡⲧⲱⲟⲩⲛ -->
<mark id="tok_609" xlink:href="#xpointer(string-range(//body,'',2569,1))"/><!-- ⲛ -->
<mark id="tok_610" xlink:href="#xpointer(string-range(//body,'',2571,6))"/><!-- ⲓⲏⲥⲟⲩⲥ -->
<mark id="tok_611" xlink:href="#xpointer(string-range(//body,'',2578,2))"/><!-- ⲡⲉ -->
<mark id="tok_612" xlink:href="#xpointer(string-range(//body,'',2581,7))"/><!-- ⲭⲣⲓⲥⲧⲟⲥ -->
<mark id="tok_613" xlink:href="#xpointer(string-range(//body,'',2589,3))"/><!-- ⲡⲁⲓ -->
<mark id="tok_614" xlink:href="#xpointer(string-range(//body,'',2593,4))"/><!-- ⲉⲧϩⲓ -->
<mark id="tok_615" xlink:href="#xpointer(string-range(//body,'',2598,5))"/><!-- ⲟⲩⲛⲁⲙ -->
<mark id="tok_616" xlink:href="#xpointer(string-range(//body,'',2604,1))"/><!-- ⲙ -->
<mark id="tok_617" xlink:href="#xpointer(string-range(//body,'',2606,1))"/><!-- ⲡ -->
<mark id="tok_618" xlink:href="#xpointer(string-range(//body,'',2608,5))"/><!-- ⲛⲟⲩⲧⲉ -->
<mark id="tok_619" xlink:href="#xpointer(string-range(//body,'',2614,1))"/><!-- ⲉ -->
<mark id="tok_620" xlink:href="#xpointer(string-range(//body,'',2616,1))"/><!-- ⲁ -->
<mark id="tok_621" xlink:href="#xpointer(string-range(//body,'',2618,1))"/><!-- ϥ -->
<mark id="tok_622" xlink:href="#xpointer(string-range(//body,'',2620,3))"/><!-- ⲃⲱⲕ -->
<mark id="tok_623" xlink:href="#xpointer(string-range(//body,'',2624,5))"/><!-- ⲉϩⲣⲁⲓ -->
<mark id="tok_624" xlink:href="#xpointer(string-range(//body,'',2630,1))"/><!-- ⲉ -->
<mark id="tok_625" xlink:href="#xpointer(string-range(//body,'',2632,1))"/><!-- ⲧ -->
<mark id="tok_626" xlink:href="#xpointer(string-range(//body,'',2634,2))"/><!-- ⲡⲉ -->
<mark id="tok_627" xlink:href="#xpointer(string-range(//body,'',2637,9))"/><!-- ⲁⲛⲁⲅⲅⲉⲗⲟⲥ -->
<mark id="tok_628" xlink:href="#xpointer(string-range(//body,'',2647,9))"/><!-- ϩⲩⲡⲟⲧⲁⲥⲥⲉ -->
<mark id="tok_629" xlink:href="#xpointer(string-range(//body,'',2657,2))"/><!-- ⲛⲁ -->
<mark id="tok_630" xlink:href="#xpointer(string-range(//body,'',2660,1))"/><!-- ϥ -->
<mark id="tok_631" xlink:href="#xpointer(string-range(//body,'',2662,2))"/><!-- ⲙⲛ -->
<mark id="tok_632" xlink:href="#xpointer(string-range(//body,'',2665,1))"/><!-- ⲛ -->
<mark id="tok_633" xlink:href="#xpointer(string-range(//body,'',2667,7))"/><!-- ⲉⲝⲟⲩⲥⲓⲁ -->
<mark id="tok_634" xlink:href="#xpointer(string-range(//body,'',2675,2))"/><!-- ⲙⲛ -->
<mark id="tok_635" xlink:href="#xpointer(string-range(//body,'',2678,1))"/><!-- ⲛ -->
<mark id="tok_636" xlink:href="#xpointer(string-range(//body,'',2680,3))"/><!-- ϭⲟⲙ -->
<mark id="tok_637" xlink:href="#xpointer(string-range(//body,'',2684,1))"/><!-- . -->
</markList>
</paula>
