<?xml version="1.0" encoding="UTF-8" standalone="no"?>

<!DOCTYPE paula SYSTEM "paula_mark.dtd">
<paula version="1.0">

<header paula_id="sahidica.nt.1_Corinthians_7_normSeg"/>

<markList xmlns:xlink="http://www.w3.org/1999/xlink" type="normSeg" xml:base="sahidica.nt.1_Corinthians_7.tok.xml">
<mark id="norm_1" xlink:href="#tok_1"/><!-- ⲉⲧⲃⲉ -->
<mark id="norm_2" xlink:href="#tok_2"/><!-- ⲛⲉⲛⲧⲁⲧⲉⲧⲛⲥϩⲁⲓⲥⲟⲩ -->
<mark id="norm_3" xlink:href="#tok_3"/><!-- ⲇⲉ -->
<mark id="norm_4" xlink:href="#tok_4"/><!-- ⲛⲁⲓ -->
<mark id="norm_5" xlink:href="#tok_5"/><!-- ⲛⲁⲛⲟⲩ -->
<mark id="norm_6" xlink:href="#tok_6"/><!-- ⲥ -->
<mark id="norm_7" xlink:href="#tok_7"/><!-- ⲙ -->
<mark id="norm_8" xlink:href="#tok_8"/><!-- ⲡ -->
<mark id="norm_9" xlink:href="#tok_9"/><!-- ⲣⲱⲙⲉ -->
<mark id="norm_10" xlink:href="#tok_10"/><!-- ⲉ -->
<mark id="norm_11" xlink:href="#tok_11"/><!-- ⲧⲙ -->
<mark id="norm_12" xlink:href="#tok_12"/><!-- ϫⲱϩ -->
<mark id="norm_13" xlink:href="#tok_13"/><!-- ⲉ -->
<mark id="norm_14" xlink:href="#tok_14"/><!-- ⲥϩⲓⲙⲉ -->
<mark id="norm_15" xlink:href="#tok_15"/><!-- . -->
<mark id="norm_16" xlink:href="#tok_16"/><!-- ⲉⲧⲃⲉ -->
<mark id="norm_17" xlink:href="#tok_17"/><!-- ⲙ -->
<mark id="norm_18" xlink:href="#tok_18"/><!-- ⲡⲟⲣⲛⲉⲓⲁ -->
<mark id="norm_19" xlink:href="#tok_19"/><!-- ⲇⲉ -->
<mark id="norm_20" xlink:href="#tok_20"/><!-- ⲙⲁⲣⲉ -->
<mark id="norm_21" xlink:href="#tok_21"/><!-- ⲡ -->
<mark id="norm_22" xlink:href="#tok_22"/><!-- ⲟⲩⲁ -->
<mark id="norm_23" xlink:href="#tok_23"/><!-- ⲡ -->
<mark id="norm_24" xlink:href="#tok_24"/><!-- ⲟⲩⲁ -->
<mark id="norm_25" xlink:href="#tok_25"/><!-- ϫⲓ -->
<mark id="norm_26" xlink:href="#tok_26"/><!-- ⲛⲁ -->
<mark id="norm_27" xlink:href="#tok_27"/><!-- ϥ -->
<mark id="norm_28" xlink:href="#tok_28"/><!-- ⲛ -->
<mark id="norm_29" xlink:href="#tok_29"/><!-- ⲧⲉϥ -->
<mark id="norm_30" xlink:href="#tok_30"/><!-- ⲥϩⲓⲙⲉ -->
<mark id="norm_31" xlink:href="#tok_31"/><!-- . -->
<mark id="norm_32" xlink:href="#tok_32"/><!-- ⲁⲩⲱ -->
<mark id="norm_33" xlink:href="#tok_33"/><!-- ⲙⲁⲣⲉ -->
<mark id="norm_34" xlink:href="#tok_34"/><!-- ⲧ -->
<mark id="norm_35" xlink:href="#tok_35"/><!-- ⲟⲩⲉⲓ -->
<mark id="norm_36" xlink:href="#tok_36"/><!-- ⲧ -->
<mark id="norm_37" xlink:href="#tok_37"/><!-- ⲟⲩⲉⲓ -->
<mark id="norm_38" xlink:href="#tok_38"/><!-- ϫⲓ -->
<mark id="norm_39" xlink:href="#tok_39"/><!-- ⲛⲁ -->
<mark id="norm_40" xlink:href="#tok_40"/><!-- ⲥ -->
<mark id="norm_41" xlink:href="#tok_41"/><!-- ⲙ -->
<mark id="norm_42" xlink:href="#tok_42"/><!-- ⲡⲉⲥ -->
<mark id="norm_43" xlink:href="#tok_43"/><!-- ϩⲁⲓ -->
<mark id="norm_44" xlink:href="#tok_44"/><!-- . -->
<mark id="norm_45" xlink:href="#tok_45"/><!-- ⲡ -->
<mark id="norm_46" xlink:href="#tok_46"/><!-- ϩⲟⲟⲩⲧ -->
<mark id="norm_47" xlink:href="#tok_47"/><!-- ⲙⲁⲣⲉ -->
<mark id="norm_48" xlink:href="#tok_48"/><!-- ϥ -->
<mark id="norm_49" xlink:href="#tok_49"/><!-- ϯ -->
<mark id="norm_50" xlink:href="#tok_50"/><!-- ⲙ -->
<mark id="norm_51" xlink:href="#tok_51"/><!-- ⲡ -->
<mark id="norm_52" xlink:href="#tok_52"/><!-- ⲉⲧ -->
<mark id="norm_53" xlink:href="#tok_53"/><!-- ⲉⲣⲟ -->
<mark id="norm_54" xlink:href="#tok_54"/><!-- ϥ -->
<mark id="norm_55" xlink:href="#tok_55"/><!-- ⲛ -->
<mark id="norm_56" xlink:href="#tok_56"/><!-- ⲧⲉϥ -->
<mark id="norm_57" xlink:href="#tok_57"/><!-- ⲥϩⲓⲙⲉ -->
<mark id="norm_58" xlink:href="#tok_58"/><!-- . -->
<mark id="norm_59" xlink:href="#tok_59"/><!-- ϩⲟⲙⲟⲓⲱⲥ -->
<mark id="norm_60" xlink:href="#tok_60"/><!-- ⲇⲉ -->
<mark id="norm_61" xlink:href="#tok_61"/><!-- ⲧⲕⲉⲥϩⲓⲙⲉ -->
<mark id="norm_62" xlink:href="#tok_62"/><!-- ⲙⲁⲣⲉ -->
<mark id="norm_63" xlink:href="#tok_63"/><!-- ⲥ -->
<mark id="norm_64" xlink:href="#tok_64"/><!-- ϯ -->
<mark id="norm_65" xlink:href="#tok_65"/><!-- ⲙ -->
<mark id="norm_66" xlink:href="#tok_66"/><!-- ⲡ -->
<mark id="norm_67" xlink:href="#tok_67"/><!-- ⲉⲧ -->
<mark id="norm_68" xlink:href="#tok_68"/><!-- ⲉⲣⲟ -->
<mark id="norm_69" xlink:href="#tok_69"/><!-- ⲥ -->
<mark id="norm_70" xlink:href="#tok_70"/><!-- ⲙ -->
<mark id="norm_71" xlink:href="#tok_71"/><!-- ⲡⲉⲥ -->
<mark id="norm_72" xlink:href="#tok_72"/><!-- ϩⲁⲓ -->
<mark id="norm_73" xlink:href="#tok_73"/><!-- . -->
<mark id="norm_74" xlink:href="#tok_74"/><!-- ⲧⲉ -->
<mark id="norm_75" xlink:href="#tok_75"/><!-- ⲥϩⲓⲙⲉ -->
<mark id="norm_76" xlink:href="#tok_76"/><!-- ⲟⲙⲡϫⲟⲉⲓⲥ -->
<mark id="norm_77" xlink:href="#tok_77"/><!-- ⲁⲛ -->
<mark id="norm_78" xlink:href="#tok_78"/><!-- ⲙ -->
<mark id="norm_79" xlink:href="#tok_79"/><!-- ⲡⲉⲥ -->
<mark id="norm_80" xlink:href="#tok_80"/><!-- ⲥⲱⲙⲁ -->
<mark id="norm_81" xlink:href="#tok_81"/><!-- ⲁⲗⲗⲁ -->
<mark id="norm_82" xlink:href="#tok_82"/><!-- ⲡⲉⲥ -->
<mark id="norm_83" xlink:href="#tok_83"/><!-- ϩⲁⲓ -->
<mark id="norm_84" xlink:href="#tok_84"/><!-- ⲡⲉ -->
<mark id="norm_85" xlink:href="#tok_85"/><!-- . -->
<mark id="norm_86" xlink:href="#tok_86"/><!-- ϩⲟⲙⲟⲓⲱⲥ -->
<mark id="norm_87" xlink:href="#tok_87"/><!-- ⲇⲉ -->
<mark id="norm_88" xlink:href="#tok_88"/><!-- ⲙ -->
<mark id="norm_89" xlink:href="#tok_89"/><!-- ⲡ -->
<mark id="norm_90" xlink:href="#tok_90"/><!-- ϩⲁⲓ -->
<mark id="norm_91" xlink:href="#tok_91"/><!-- ⲟⲙⲡϫⲟⲉⲓⲥ -->
<mark id="norm_92" xlink:href="#tok_92"/><!-- ⲁⲛ -->
<mark id="norm_93" xlink:href="#tok_93"/><!-- ⲙ -->
<mark id="norm_94" xlink:href="#tok_94"/><!-- ⲡⲉϥ -->
<mark id="norm_95" xlink:href="#tok_95"/><!-- ⲥⲱⲙⲁ -->
<mark id="norm_96" xlink:href="#tok_96"/><!-- . -->
<mark id="norm_97" xlink:href="#tok_97"/><!-- ⲁⲗⲗⲁ -->
<mark id="norm_98" xlink:href="#tok_98"/><!-- ⲧⲉϥ -->
<mark id="norm_99" xlink:href="#tok_99"/><!-- ⲥϩⲓⲙⲉ -->
<mark id="norm_100" xlink:href="#tok_100"/><!-- ⲧⲉ -->
<mark id="norm_101" xlink:href="#tok_101"/><!-- . -->
<mark id="norm_102" xlink:href="#tok_102"/><!-- ⲙⲡⲣ -->
<mark id="norm_103" xlink:href="#tok_103"/><!-- ϥⲉϭ -->
<mark id="norm_104" xlink:href="#tok_104"/><!-- ⲛⲉⲧⲛ -->
<mark id="norm_105" xlink:href="#tok_105"/><!-- ⲉⲣⲏⲩ -->
<mark id="norm_106" xlink:href="#tok_106"/><!-- ⲉⲓⲙⲏⲧⲓ -->
<mark id="norm_107" xlink:href="#tok_107"/><!-- ϩⲛ -->
<mark id="norm_108" xlink:href="#tok_108"/><!-- ⲟⲩϣⲱⲛⲃ -->
<mark id="norm_109" xlink:href="#tok_109"/><!-- ⲡⲣⲟⲥ -->
<mark id="norm_110" xlink:href="#tok_110"/><!-- ⲟⲩⲟⲉⲓϣ -->
<mark id="norm_111" xlink:href="#tok_111"/><!-- ϫⲉ -->
<mark id="norm_112" xlink:href="#tok_112"/><!-- ⲉⲧⲉⲧⲛⲉ -->
<mark id="norm_113" xlink:href="#tok_113"/><!-- ⲥⲣϥⲉ -->
<mark id="norm_114" xlink:href="#tok_114"/><!-- ⲉⲡⲉϣⲗⲏⲗ -->
<mark id="norm_115" xlink:href="#tok_115"/><!-- . -->
<mark id="norm_116" xlink:href="#tok_116"/><!-- ⲁⲩⲱ -->
<mark id="norm_117" xlink:href="#tok_117"/><!-- ⲟⲛ -->
<mark id="norm_118" xlink:href="#tok_118"/><!-- ⲛⲧⲉⲧⲛ -->
<mark id="norm_119" xlink:href="#tok_119"/><!-- ⲉ -->
<mark id="norm_120" xlink:href="#tok_120"/><!-- ⲓ -->
<mark id="norm_121" xlink:href="#tok_121"/><!-- ⲉⲧ -->
<mark id="norm_122" xlink:href="#tok_122"/><!-- ⲟⲩⲉⲛ -->
<mark id="norm_123" xlink:href="#tok_123"/><!-- ⲛⲉⲧⲛ -->
<mark id="norm_124" xlink:href="#tok_124"/><!-- ⲉⲣⲏⲩ -->
<mark id="norm_125" xlink:href="#tok_125"/><!-- ϫⲉ -->
<mark id="norm_126" xlink:href="#tok_126"/><!-- ⲛⲛⲉ -->
<mark id="norm_127" xlink:href="#tok_127"/><!-- ⲡ -->
<mark id="norm_128" xlink:href="#tok_128"/><!-- ⲥⲁⲧⲁⲛⲁⲥ -->
<mark id="norm_129" xlink:href="#tok_129"/><!-- ⲡⲉⲓⲣⲁⲍⲉ -->
<mark id="norm_130" xlink:href="#tok_130"/><!-- ⲙⲙⲱ -->
<mark id="norm_131" xlink:href="#tok_131"/><!-- ⲧⲛ -->
<mark id="norm_132" xlink:href="#tok_132"/><!-- ⲉⲧⲃⲉ -->
<mark id="norm_133" xlink:href="#tok_133"/><!-- ⲧⲉⲧⲛⲙⲛⲧⲁⲧⲁⲙⲁϩⲧⲉ -->
<mark id="norm_134" xlink:href="#tok_134"/><!-- . -->
<mark id="norm_135" xlink:href="#tok_135"/><!-- ⲡⲁⲓ -->
<mark id="norm_136" xlink:href="#tok_136"/><!-- ⲇⲉ -->
<mark id="norm_137" xlink:href="#tok_137"/><!-- ⲉ -->
<mark id="norm_138" xlink:href="#tok_138"/><!-- ⲓ -->
<mark id="norm_139" xlink:href="#tok_139"/><!-- ϫⲱ -->
<mark id="norm_140" xlink:href="#tok_140"/><!-- ⲙⲙⲟ -->
<mark id="norm_141" xlink:href="#tok_141"/><!-- ϥ -->
<mark id="norm_142" xlink:href="#tok_142"/><!-- ⲕⲁⲧⲁ -->
<mark id="norm_143" xlink:href="#tok_143"/><!-- ⲟⲩⲥⲩⲛⲅⲛⲱⲙⲏ -->
<mark id="norm_144" xlink:href="#tok_144"/><!-- . -->
<mark id="norm_145" xlink:href="#tok_145"/><!-- ⲛⲕⲁⲧⲁ -->
<mark id="norm_146" xlink:href="#tok_146"/><!-- ⲟⲩⲉϩⲥⲁϩⲛⲉ -->
<mark id="norm_147" xlink:href="#tok_147"/><!-- ⲁⲛ -->
<mark id="norm_148" xlink:href="#tok_148"/><!-- . -->
<mark id="norm_149" xlink:href="#tok_149"/><!-- ϯ -->
<mark id="norm_150" xlink:href="#tok_150"/><!-- ⲟⲩⲱϣ -->
<mark id="norm_151" xlink:href="#tok_151"/><!-- ⲅⲁⲣ -->
<mark id="norm_152" xlink:href="#tok_152"/><!-- ⲉⲧ -->
<mark id="norm_153" xlink:href="#tok_153"/><!-- ⲣⲉ -->
<mark id="norm_154" xlink:href="#tok_154"/><!-- ⲣⲱⲙⲉ -->
<mark id="norm_155" xlink:href="#tok_155"/><!-- ⲛⲓⲙ -->
<mark id="norm_156" xlink:href="#tok_156"/><!-- ϣⲱⲡⲉ -->
<mark id="norm_157" xlink:href="#tok_157"/><!-- ⲛ -->
<mark id="norm_158" xlink:href="#tok_158"/><!-- ⲧⲁ -->
<mark id="norm_159" xlink:href="#tok_159"/><!-- ϩⲉ -->
<mark id="norm_160" xlink:href="#tok_160"/><!-- ⲁⲗⲗⲁ -->
<mark id="norm_161" xlink:href="#tok_161"/><!-- ⲟⲩⲛⲧⲉ -->
<mark id="norm_162" xlink:href="#tok_162"/><!-- ⲡ -->
<mark id="norm_163" xlink:href="#tok_163"/><!-- ⲟⲩⲁ -->
<mark id="norm_164" xlink:href="#tok_164"/><!-- ⲡ -->
<mark id="norm_165" xlink:href="#tok_165"/><!-- ⲟⲩⲁ -->
<mark id="norm_166" xlink:href="#tok_166"/><!-- ⲟⲩ -->
<mark id="norm_167" xlink:href="#tok_167"/><!-- ⲭⲁⲣⲓⲥⲙⲁ -->
<mark id="norm_168" xlink:href="#tok_168"/><!-- ⲉⲃⲟⲗ -->
<mark id="norm_169" xlink:href="#tok_169"/><!-- ϩⲓⲧⲙ -->
<mark id="norm_170" xlink:href="#tok_170"/><!-- ⲡ -->
<mark id="norm_171" xlink:href="#tok_171"/><!-- ⲛⲟⲩⲧⲉ -->
<mark id="norm_172" xlink:href="#tok_172"/><!-- ⲟⲩⲁ -->
<mark id="norm_173" xlink:href="#tok_173"/><!-- ⲙⲉⲛ -->
<mark id="norm_174" xlink:href="#tok_174"/><!-- ϩⲓⲛⲁⲓ -->
<mark id="norm_175" xlink:href="#tok_175"/><!-- ⲕⲉⲧ -->
<mark id="norm_176" xlink:href="#tok_176"/><!-- ⲇⲉ -->
<mark id="norm_177" xlink:href="#tok_177"/><!-- ⲛ -->
<mark id="norm_178" xlink:href="#tok_178"/><!-- ⲧⲉⲓ -->
<mark id="norm_179" xlink:href="#tok_179"/><!-- ϩⲉ -->
<mark id="norm_180" xlink:href="#tok_180"/><!-- . -->
<mark id="norm_181" xlink:href="#tok_181"/><!-- ϯ -->
<mark id="norm_182" xlink:href="#tok_182"/><!-- ϫⲱ -->
<mark id="norm_183" xlink:href="#tok_183"/><!-- ⲇⲉ -->
<mark id="norm_184" xlink:href="#tok_184"/><!-- ⲙⲙⲟ -->
<mark id="norm_185" xlink:href="#tok_185"/><!-- ⲥ -->
<mark id="norm_186" xlink:href="#tok_186"/><!-- ⲛⲛⲉⲧⲉⲙⲛⲧⲟⲩ -->
<mark id="norm_187" xlink:href="#tok_187"/><!-- ⲥϩⲓⲙⲉ -->
<mark id="norm_188" xlink:href="#tok_188"/><!-- ⲙⲛ -->
<mark id="norm_189" xlink:href="#tok_189"/><!-- ⲛⲉ -->
<mark id="norm_190" xlink:href="#tok_190"/><!-- ⲭⲏⲣⲁ -->
<mark id="norm_191" xlink:href="#tok_191"/><!-- ϫⲉ -->
<mark id="norm_192" xlink:href="#tok_192"/><!-- ⲛⲁⲛⲟⲩ -->
<mark id="norm_193" xlink:href="#tok_193"/><!-- ⲥ -->
<mark id="norm_194" xlink:href="#tok_194"/><!-- ⲛⲁ -->
<mark id="norm_195" xlink:href="#tok_195"/><!-- ⲩ -->
<mark id="norm_196" xlink:href="#tok_196"/><!-- ⲉ -->
<mark id="norm_197" xlink:href="#tok_197"/><!-- ϭⲱ -->
<mark id="norm_198" xlink:href="#tok_198"/><!-- ⲛ -->
<mark id="norm_199" xlink:href="#tok_199"/><!-- ⲧⲁ -->
<mark id="norm_200" xlink:href="#tok_200"/><!-- ϩⲉ -->
<mark id="norm_201" xlink:href="#tok_201"/><!-- ϩⲱ -->
<mark id="norm_202" xlink:href="#tok_202"/><!-- . -->
<mark id="norm_203" xlink:href="#tok_203"/><!-- ⲉϣⲱⲡⲉ -->
<mark id="norm_204" xlink:href="#tok_204"/><!-- ⲇⲉ -->
<mark id="norm_205" xlink:href="#tok_205"/><!-- ⲉⲛⲥⲉⲛⲁⲉϣⲉⲅⲕⲣⲁⲧⲉⲩⲉ -->
<mark id="norm_206" xlink:href="#tok_206"/><!-- ⲁⲛ -->
<mark id="norm_207" xlink:href="#tok_207"/><!-- ⲙⲙⲟ -->
<mark id="norm_208" xlink:href="#tok_208"/><!-- ⲟⲩ -->
<mark id="norm_209" xlink:href="#tok_209"/><!-- ⲙⲁⲣⲟⲩϫⲓ -->
<mark id="norm_210" xlink:href="#tok_210"/><!-- . -->
<mark id="norm_211" xlink:href="#tok_211"/><!-- ⲛⲁ -->
<mark id="norm_212" xlink:href="#tok_212"/><!-- ⲛⲟⲩ -->
<mark id="norm_213" xlink:href="#tok_213"/><!-- ϫⲓ -->
<mark id="norm_214" xlink:href="#tok_214"/><!-- ⲅⲁⲣ -->
<mark id="norm_215" xlink:href="#tok_215"/><!-- ⲉϩⲟⲩⲉⲣⲱⲕϩ -->
<mark id="norm_216" xlink:href="#tok_216"/><!-- . -->
<mark id="norm_217" xlink:href="#tok_217"/><!-- ⲛ -->
<mark id="norm_218" xlink:href="#tok_218"/><!-- ⲉⲛⲧ -->
<mark id="norm_219" xlink:href="#tok_219"/><!-- ⲁ -->
<mark id="norm_220" xlink:href="#tok_220"/><!-- ⲩ -->
<mark id="norm_221" xlink:href="#tok_221"/><!-- ϫⲓ -->
<mark id="norm_222" xlink:href="#tok_222"/><!-- ⲇⲉ -->
<mark id="norm_223" xlink:href="#tok_223"/><!-- ϯ -->
<mark id="norm_224" xlink:href="#tok_224"/><!-- ⲡⲁⲣⲁⲅⲅⲉⲓⲗⲉ -->
<mark id="norm_225" xlink:href="#tok_225"/><!-- ⲛⲁ -->
<mark id="norm_226" xlink:href="#tok_226"/><!-- ⲩ -->
<mark id="norm_227" xlink:href="#tok_227"/><!-- ⲁⲛⲟⲕ -->
<mark id="norm_228" xlink:href="#tok_228"/><!-- ⲁⲛ -->
<mark id="norm_229" xlink:href="#tok_229"/><!-- ⲁⲗⲗⲁ -->
<mark id="norm_230" xlink:href="#tok_230"/><!-- ⲡ -->
<mark id="norm_231" xlink:href="#tok_231"/><!-- ϫⲟⲉⲓⲥ -->
<mark id="norm_232" xlink:href="#tok_232"/><!-- ⲉⲧⲙⲧⲣⲉ -->
<mark id="norm_233" xlink:href="#tok_233"/><!-- ⲧⲉ -->
<mark id="norm_234" xlink:href="#tok_234"/><!-- ⲥϩⲓⲙⲉ -->
<mark id="norm_235" xlink:href="#tok_235"/><!-- ⲡ -->
<mark id="norm_236" xlink:href="#tok_236"/><!-- ⲱⲣϫ -->
<mark id="norm_237" xlink:href="#tok_237"/><!-- ⲉ -->
<mark id="norm_238" xlink:href="#tok_238"/><!-- ⲡⲉⲥ -->
<mark id="norm_239" xlink:href="#tok_239"/><!-- ϩⲁⲓ -->
<mark id="norm_240" xlink:href="#tok_240"/><!-- . -->
<mark id="norm_241" xlink:href="#tok_241"/><!-- ⲉϣⲱⲡⲉ -->
<mark id="norm_242" xlink:href="#tok_242"/><!-- ⲇⲉ -->
<mark id="norm_243" xlink:href="#tok_243"/><!-- ⲉⲥϣⲁⲛ -->
<mark id="norm_244" xlink:href="#tok_244"/><!-- ⲡⲱⲣϫ -->
<mark id="norm_245" xlink:href="#tok_245"/><!-- ⲙⲁⲣⲉ -->
<mark id="norm_246" xlink:href="#tok_246"/><!-- ⲥ -->
<mark id="norm_247" xlink:href="#tok_247"/><!-- ϭⲱ -->
<mark id="norm_248" xlink:href="#tok_248"/><!-- ⲛ -->
<mark id="norm_249" xlink:href="#tok_249"/><!-- ⲧⲉⲓ -->
<mark id="norm_250" xlink:href="#tok_250"/><!-- ϩⲉ -->
<mark id="norm_251" xlink:href="#tok_251"/><!-- . -->
<mark id="norm_252" xlink:href="#tok_252"/><!-- ⲏⲛⲥϩⲱⲧⲡ -->
<mark id="norm_253" xlink:href="#tok_253"/><!-- ⲉ -->
<mark id="norm_254" xlink:href="#tok_254"/><!-- ⲡⲉⲥ -->
<mark id="norm_255" xlink:href="#tok_255"/><!-- ϩⲁⲓ -->
<mark id="norm_256" xlink:href="#tok_256"/><!-- . -->
<mark id="norm_257" xlink:href="#tok_257"/><!-- ⲁⲩⲱ -->
<mark id="norm_258" xlink:href="#tok_258"/><!-- ⲡ -->
<mark id="norm_259" xlink:href="#tok_259"/><!-- ϩⲟⲟⲩⲧ -->
<mark id="norm_260" xlink:href="#tok_260"/><!-- ⲉ -->
<mark id="norm_261" xlink:href="#tok_261"/><!-- ⲧⲙ -->
<mark id="norm_262" xlink:href="#tok_262"/><!-- ⲧⲣⲉ -->
<mark id="norm_263" xlink:href="#tok_263"/><!-- ϥ -->
<mark id="norm_264" xlink:href="#tok_264"/><!-- ⲕⲱ -->
<mark id="norm_265" xlink:href="#tok_265"/><!-- ⲛⲥⲱ -->
<mark id="norm_266" xlink:href="#tok_266"/><!-- ϥ -->
<mark id="norm_267" xlink:href="#tok_267"/><!-- ⲛ -->
<mark id="norm_268" xlink:href="#tok_268"/><!-- ⲧⲉϥ -->
<mark id="norm_269" xlink:href="#tok_269"/><!-- ⲥϩⲓⲙⲉ -->
<mark id="norm_270" xlink:href="#tok_270"/><!-- . -->
<mark id="norm_271" xlink:href="#tok_271"/><!-- ϯ -->
<mark id="norm_272" xlink:href="#tok_272"/><!-- ϫⲱ -->
<mark id="norm_273" xlink:href="#tok_273"/><!-- ⲇⲉ -->
<mark id="norm_274" xlink:href="#tok_274"/><!-- ⲙⲙⲟ -->
<mark id="norm_275" xlink:href="#tok_275"/><!-- ⲥ -->
<mark id="norm_276" xlink:href="#tok_276"/><!-- ⲙ -->
<mark id="norm_277" xlink:href="#tok_277"/><!-- ⲡ -->
<mark id="norm_278" xlink:href="#tok_278"/><!-- ⲕⲉⲥⲉⲉⲡⲉ -->
<mark id="norm_279" xlink:href="#tok_279"/><!-- ⲁⲛⲟⲕ -->
<mark id="norm_280" xlink:href="#tok_280"/><!-- ⲙ -->
<mark id="norm_281" xlink:href="#tok_281"/><!-- ⲡ -->
<mark id="norm_282" xlink:href="#tok_282"/><!-- ϫⲟⲉⲓⲥ -->
<mark id="norm_283" xlink:href="#tok_283"/><!-- ⲁⲛ -->
<mark id="norm_284" xlink:href="#tok_284"/><!-- ϫⲉ -->
<mark id="norm_285" xlink:href="#tok_285"/><!-- ⲉϣⲱⲡⲉ -->
<mark id="norm_286" xlink:href="#tok_286"/><!-- ⲟⲩ -->
<mark id="norm_287" xlink:href="#tok_287"/><!-- ⲥⲟⲛ -->
<mark id="norm_288" xlink:href="#tok_288"/><!-- ⲉ -->
<mark id="norm_289" xlink:href="#tok_289"/><!-- ⲩ -->
<mark id="norm_290" xlink:href="#tok_290"/><!-- ⲛ -->
<mark id="norm_291" xlink:href="#tok_291"/><!-- ⲧ -->
<mark id="norm_292" xlink:href="#tok_292"/><!-- ⲁϥ -->
<mark id="norm_293" xlink:href="#tok_293"/><!-- ⲙⲙⲁⲩ -->
<mark id="norm_294" xlink:href="#tok_294"/><!-- ⲛ -->
<mark id="norm_295" xlink:href="#tok_295"/><!-- ⲟⲩ -->
<mark id="norm_296" xlink:href="#tok_296"/><!-- ⲥϩⲓⲙⲉ -->
<mark id="norm_297" xlink:href="#tok_297"/><!-- ⲛ -->
<mark id="norm_298" xlink:href="#tok_298"/><!-- ⲁⲡⲓⲥⲧⲟⲥ -->
<mark id="norm_299" xlink:href="#tok_299"/><!-- ⲁⲩⲱ -->
<mark id="norm_300" xlink:href="#tok_300"/><!-- ⲉ -->
<mark id="norm_301" xlink:href="#tok_301"/><!-- ⲥ -->
<mark id="norm_302" xlink:href="#tok_302"/><!-- ⲟⲩⲱϣ -->
<mark id="norm_303" xlink:href="#tok_303"/><!-- ⲉ -->
<mark id="norm_304" xlink:href="#tok_304"/><!-- ϭⲱ -->
<mark id="norm_305" xlink:href="#tok_305"/><!-- ⲛⲙⲙⲁ -->
<mark id="norm_306" xlink:href="#tok_306"/><!-- ϥ -->
<mark id="norm_307" xlink:href="#tok_307"/><!-- ⲙⲡⲣⲧⲣⲉ -->
<mark id="norm_308" xlink:href="#tok_308"/><!-- ϥ -->
<mark id="norm_309" xlink:href="#tok_309"/><!-- ⲗⲟ -->
<mark id="norm_310" xlink:href="#tok_310"/><!-- ϩⲁⲣⲟ -->
<mark id="norm_311" xlink:href="#tok_311"/><!-- ⲥ -->
<mark id="norm_312" xlink:href="#tok_312"/><!-- . -->
<mark id="norm_313" xlink:href="#tok_313"/><!-- ⲁⲩⲱ -->
<mark id="norm_314" xlink:href="#tok_314"/><!-- ⲉϣⲱⲡⲉ -->
<mark id="norm_315" xlink:href="#tok_315"/><!-- ⲟⲩ -->
<mark id="norm_316" xlink:href="#tok_316"/><!-- ⲥϩⲓⲙⲉ -->
<mark id="norm_317" xlink:href="#tok_317"/><!-- ⲉ -->
<mark id="norm_318" xlink:href="#tok_318"/><!-- ⲩ -->
<mark id="norm_319" xlink:href="#tok_319"/><!-- ⲛ -->
<mark id="norm_320" xlink:href="#tok_320"/><!-- ⲧ -->
<mark id="norm_321" xlink:href="#tok_321"/><!-- ⲁⲥ -->
<mark id="norm_322" xlink:href="#tok_322"/><!-- ⲙⲙⲁⲩ -->
<mark id="norm_323" xlink:href="#tok_323"/><!-- ⲛ -->
<mark id="norm_324" xlink:href="#tok_324"/><!-- ⲟⲩ -->
<mark id="norm_325" xlink:href="#tok_325"/><!-- ϩⲁⲓ -->
<mark id="norm_326" xlink:href="#tok_326"/><!-- ⲛ -->
<mark id="norm_327" xlink:href="#tok_327"/><!-- ⲁⲡⲓⲥⲧⲟⲥ -->
<mark id="norm_328" xlink:href="#tok_328"/><!-- ⲉ -->
<mark id="norm_329" xlink:href="#tok_329"/><!-- ϥ -->
<mark id="norm_330" xlink:href="#tok_330"/><!-- ⲟⲩⲱϣ -->
<mark id="norm_331" xlink:href="#tok_331"/><!-- ⲉ -->
<mark id="norm_332" xlink:href="#tok_332"/><!-- ϭⲱ -->
<mark id="norm_333" xlink:href="#tok_333"/><!-- ⲛⲙⲙⲁ -->
<mark id="norm_334" xlink:href="#tok_334"/><!-- ⲥ -->
<mark id="norm_335" xlink:href="#tok_335"/><!-- ⲙⲡⲣⲧⲣⲉ -->
<mark id="norm_336" xlink:href="#tok_336"/><!-- ⲥ -->
<mark id="norm_337" xlink:href="#tok_337"/><!-- ⲗⲟ -->
<mark id="norm_338" xlink:href="#tok_338"/><!-- ϩⲁ -->
<mark id="norm_339" xlink:href="#tok_339"/><!-- ⲡ -->
<mark id="norm_340" xlink:href="#tok_340"/><!-- ϩⲁⲓ -->
<mark id="norm_341" xlink:href="#tok_341"/><!-- . -->
<mark id="norm_342" xlink:href="#tok_342"/><!-- ⲁ -->
<mark id="norm_343" xlink:href="#tok_343"/><!-- ϥ -->
<mark id="norm_344" xlink:href="#tok_344"/><!-- ⲧⲃⲃⲟ -->
<mark id="norm_345" xlink:href="#tok_345"/><!-- ⲅⲁⲣ -->
<mark id="norm_346" xlink:href="#tok_346"/><!-- ⲛϭⲓ -->
<mark id="norm_347" xlink:href="#tok_347"/><!-- ⲡ -->
<mark id="norm_348" xlink:href="#tok_348"/><!-- ϩⲁⲓ -->
<mark id="norm_349" xlink:href="#tok_349"/><!-- ⲛ -->
<mark id="norm_350" xlink:href="#tok_350"/><!-- ⲁⲡⲓⲥⲧⲟⲥ -->
<mark id="norm_351" xlink:href="#tok_351"/><!-- ϩⲛ -->
<mark id="norm_352" xlink:href="#tok_352"/><!-- ⲧⲉ -->
<mark id="norm_353" xlink:href="#tok_353"/><!-- ⲥϩⲓⲙⲉ -->
<mark id="norm_354" xlink:href="#tok_354"/><!-- ⲁⲩⲱ -->
<mark id="norm_355" xlink:href="#tok_355"/><!-- ⲁ -->
<mark id="norm_356" xlink:href="#tok_356"/><!-- ⲥ -->
<mark id="norm_357" xlink:href="#tok_357"/><!-- ⲧⲃⲃⲟ -->
<mark id="norm_358" xlink:href="#tok_358"/><!-- ⲛϭⲓ -->
<mark id="norm_359" xlink:href="#tok_359"/><!-- ⲧⲉ -->
<mark id="norm_360" xlink:href="#tok_360"/><!-- ⲥϩⲓⲙⲉ -->
<mark id="norm_361" xlink:href="#tok_361"/><!-- ⲛ -->
<mark id="norm_362" xlink:href="#tok_362"/><!-- ⲁⲡⲓⲥⲧⲟⲥ -->
<mark id="norm_363" xlink:href="#tok_363"/><!-- ϩⲙ -->
<mark id="norm_364" xlink:href="#tok_364"/><!-- ⲡ -->
<mark id="norm_365" xlink:href="#tok_365"/><!-- ⲥⲟⲛ -->
<mark id="norm_366" xlink:href="#tok_366"/><!-- ⲉϣϫⲉ -->
<mark id="norm_367" xlink:href="#tok_367"/><!-- ⲙⲡⲉ -->
<mark id="norm_368" xlink:href="#tok_368"/><!-- ⲉⲓⲉ -->
<mark id="norm_369" xlink:href="#tok_369"/><!-- ⲛⲉⲧⲛ -->
<mark id="norm_370" xlink:href="#tok_370"/><!-- ϣⲏⲣⲉ -->
<mark id="norm_371" xlink:href="#tok_371"/><!-- ϩⲉⲛ -->
<mark id="norm_372" xlink:href="#tok_372"/><!-- ⲁⲕⲁⲑⲁⲣⲧⲟⲛ -->
<mark id="norm_373" xlink:href="#tok_373"/><!-- ⲛⲉ -->
<mark id="norm_374" xlink:href="#tok_374"/><!-- ⲧⲉⲛⲟⲩ -->
<mark id="norm_375" xlink:href="#tok_375"/><!-- ⲇⲉ -->
<mark id="norm_376" xlink:href="#tok_376"/><!-- ⲥⲉ -->
<mark id="norm_377" xlink:href="#tok_377"/><!-- ⲟⲩⲁⲁⲃ -->
<mark id="norm_378" xlink:href="#tok_378"/><!-- . -->
<mark id="norm_379" xlink:href="#tok_379"/><!-- ⲉϣϫⲉ -->
<mark id="norm_380" xlink:href="#tok_380"/><!-- ⲡ -->
<mark id="norm_381" xlink:href="#tok_381"/><!-- ⲁⲡⲓⲥⲧⲟⲥ -->
<mark id="norm_382" xlink:href="#tok_382"/><!-- ⲇⲉ -->
<mark id="norm_383" xlink:href="#tok_383"/><!-- ⲛⲁ -->
<mark id="norm_384" xlink:href="#tok_384"/><!-- ⲡ -->
<mark id="norm_385" xlink:href="#tok_385"/><!-- ⲱⲣϫ -->
<mark id="norm_386" xlink:href="#tok_386"/><!-- ⲙⲁⲣⲉ -->
<mark id="norm_387" xlink:href="#tok_387"/><!-- ϥ -->
<mark id="norm_388" xlink:href="#tok_388"/><!-- ⲡⲱⲣϫ -->
<mark id="norm_389" xlink:href="#tok_389"/><!-- ⲉ -->
<mark id="norm_390" xlink:href="#tok_390"/><!-- ⲛ -->
<mark id="norm_391" xlink:href="#tok_391"/><!-- ϥⲟ -->
<mark id="norm_392" xlink:href="#tok_392"/><!-- ⲁⲛ -->
<mark id="norm_393" xlink:href="#tok_393"/><!-- ⲛ -->
<mark id="norm_394" xlink:href="#tok_394"/><!-- ϩⲙϩⲁⲗ -->
<mark id="norm_395" xlink:href="#tok_395"/><!-- ⲛϭⲓ -->
<mark id="norm_396" xlink:href="#tok_396"/><!-- ⲡ -->
<mark id="norm_397" xlink:href="#tok_397"/><!-- ⲥⲟⲛ -->
<mark id="norm_398" xlink:href="#tok_398"/><!-- ⲏⲧⲥⲱⲛⲉ -->
<mark id="norm_399" xlink:href="#tok_399"/><!-- ϩⲛ -->
<mark id="norm_400" xlink:href="#tok_400"/><!-- ⲛⲉⲉⲓϩⲱⲃ -->
<mark id="norm_401" xlink:href="#tok_401"/><!-- ⲛ -->
<mark id="norm_402" xlink:href="#tok_402"/><!-- ⲧⲉⲓ -->
<mark id="norm_403" xlink:href="#tok_403"/><!-- ⲙⲓⲛⲉ -->
<mark id="norm_404" xlink:href="#tok_404"/><!-- ⲛⲧⲁ -->
<mark id="norm_405" xlink:href="#tok_405"/><!-- ⲡ -->
<mark id="norm_406" xlink:href="#tok_406"/><!-- ϫⲟⲉⲓⲥ -->
<mark id="norm_407" xlink:href="#tok_407"/><!-- ⲅⲁⲣ -->
<mark id="norm_408" xlink:href="#tok_408"/><!-- ⲧⲁϩⲙ -->
<mark id="norm_409" xlink:href="#tok_409"/><!-- ⲛ -->
<mark id="norm_410" xlink:href="#tok_410"/><!-- ϩⲛ -->
<mark id="norm_411" xlink:href="#tok_411"/><!-- ⲟⲩ -->
<mark id="norm_412" xlink:href="#tok_412"/><!-- ⲉⲓⲣⲏⲛⲏ -->
<mark id="norm_413" xlink:href="#tok_413"/><!-- . -->
<mark id="norm_414" xlink:href="#tok_414"/><!-- ⲟⲩ -->
<mark id="norm_415" xlink:href="#tok_415"/><!-- ⲅⲁⲣ -->
<mark id="norm_416" xlink:href="#tok_416"/><!-- ⲡ -->
<mark id="norm_417" xlink:href="#tok_417"/><!-- ⲉⲧⲉⲣⲉ -->
<mark id="norm_418" xlink:href="#tok_418"/><!-- ⲥⲟⲟⲩⲛ -->
<mark id="norm_419" xlink:href="#tok_419"/><!-- ⲙⲙⲟ -->
<mark id="norm_420" xlink:href="#tok_420"/><!-- ϥ -->
<mark id="norm_421" xlink:href="#tok_421"/><!-- ⲧⲉ -->
<mark id="norm_422" xlink:href="#tok_422"/><!-- ⲥϩⲓⲙⲉ -->
<mark id="norm_423" xlink:href="#tok_423"/><!-- . -->
<mark id="norm_424" xlink:href="#tok_424"/><!-- ⲙⲏ -->
<mark id="norm_425" xlink:href="#tok_425"/><!-- ⲧⲉⲛⲁϣⲧⲟⲩϫⲉ -->
<mark id="norm_426" xlink:href="#tok_426"/><!-- ⲡⲟⲩϩⲁⲓ -->
<mark id="norm_427" xlink:href="#tok_427"/><!-- . -->
<mark id="norm_428" xlink:href="#tok_428"/><!-- ⲁⲩⲱ -->
<mark id="norm_429" xlink:href="#tok_429"/><!-- ⲟⲩ -->
<mark id="norm_430" xlink:href="#tok_430"/><!-- ⲡⲉⲧⲕⲥⲟⲟⲩⲛ -->
<mark id="norm_431" xlink:href="#tok_431"/><!-- ⲙⲙⲟ -->
<mark id="norm_432" xlink:href="#tok_432"/><!-- ϥ -->
<mark id="norm_433" xlink:href="#tok_433"/><!-- ⲡ -->
<mark id="norm_434" xlink:href="#tok_434"/><!-- ϩⲁⲓ -->
<mark id="norm_435" xlink:href="#tok_435"/><!-- ⲙⲏ -->
<mark id="norm_436" xlink:href="#tok_436"/><!-- ⲕⲛⲁϣⲧⲟⲩϫⲉ -->
<mark id="norm_437" xlink:href="#tok_437"/><!-- ⲧⲉⲕ -->
<mark id="norm_438" xlink:href="#tok_438"/><!-- ⲥϩⲓⲙⲉ -->
<mark id="norm_439" xlink:href="#tok_439"/><!-- . -->
<mark id="norm_440" xlink:href="#tok_440"/><!-- ⲉⲓⲙⲏ -->
<mark id="norm_441" xlink:href="#tok_441"/><!-- ⲛ -->
<mark id="norm_442" xlink:href="#tok_442"/><!-- ⲧ -->
<mark id="norm_443" xlink:href="#tok_443"/><!-- ϩⲉ -->
<mark id="norm_444" xlink:href="#tok_444"/><!-- ⲉⲛⲧⲁ -->
<mark id="norm_445" xlink:href="#tok_445"/><!-- ⲡ -->
<mark id="norm_446" xlink:href="#tok_446"/><!-- ϫⲟⲉⲓⲥ -->
<mark id="norm_447" xlink:href="#tok_447"/><!-- ⲧⲉ -->
<mark id="norm_448" xlink:href="#tok_448"/><!-- ϣ -->
<mark id="norm_449" xlink:href="#tok_449"/><!-- ⲡ -->
<mark id="norm_450" xlink:href="#tok_450"/><!-- ⲟⲩⲁ -->
<mark id="norm_451" xlink:href="#tok_451"/><!-- ⲡ -->
<mark id="norm_452" xlink:href="#tok_452"/><!-- ⲟⲩⲁ -->
<mark id="norm_453" xlink:href="#tok_453"/><!-- ⲙⲙⲟ -->
<mark id="norm_454" xlink:href="#tok_454"/><!-- ⲥ -->
<mark id="norm_455" xlink:href="#tok_455"/><!-- . -->
<mark id="norm_456" xlink:href="#tok_456"/><!-- ⲡ -->
<mark id="norm_457" xlink:href="#tok_457"/><!-- ⲟⲩⲁ -->
<mark id="norm_458" xlink:href="#tok_458"/><!-- ⲡ -->
<mark id="norm_459" xlink:href="#tok_459"/><!-- ⲟⲩⲁ -->
<mark id="norm_460" xlink:href="#tok_460"/><!-- ⲛ -->
<mark id="norm_461" xlink:href="#tok_461"/><!-- ⲧ -->
<mark id="norm_462" xlink:href="#tok_462"/><!-- ϩⲉ -->
<mark id="norm_463" xlink:href="#tok_463"/><!-- ⲉⲛⲧⲁ -->
<mark id="norm_464" xlink:href="#tok_464"/><!-- ⲡ -->
<mark id="norm_465" xlink:href="#tok_465"/><!-- ⲛⲟⲩⲧⲉ -->
<mark id="norm_466" xlink:href="#tok_466"/><!-- ⲧⲁϩⲙⲉ -->
<mark id="norm_467" xlink:href="#tok_467"/><!-- ϥ -->
<mark id="norm_468" xlink:href="#tok_468"/><!-- ⲙⲁⲣⲉ -->
<mark id="norm_469" xlink:href="#tok_469"/><!-- ϥ -->
<mark id="norm_470" xlink:href="#tok_470"/><!-- ⲙⲟⲟϣⲉ -->
<mark id="norm_471" xlink:href="#tok_471"/><!-- ⲙⲙⲟ -->
<mark id="norm_472" xlink:href="#tok_472"/><!-- ⲥ -->
<mark id="norm_473" xlink:href="#tok_473"/><!-- . -->
<mark id="norm_474" xlink:href="#tok_474"/><!-- ⲁⲩⲱ -->
<mark id="norm_475" xlink:href="#tok_475"/><!-- ⲧⲁⲓ -->
<mark id="norm_476" xlink:href="#tok_476"/><!-- ⲧⲉ -->
<mark id="norm_477" xlink:href="#tok_477"/><!-- ⲧ -->
<mark id="norm_478" xlink:href="#tok_478"/><!-- ϩⲉ -->
<mark id="norm_479" xlink:href="#tok_479"/><!-- ⲉϯⲧⲱϣ -->
<mark id="norm_480" xlink:href="#tok_480"/><!-- ⲙⲙⲟ -->
<mark id="norm_481" xlink:href="#tok_481"/><!-- ⲥ -->
<mark id="norm_482" xlink:href="#tok_482"/><!-- ϩⲛ -->
<mark id="norm_483" xlink:href="#tok_483"/><!-- ⲛ -->
<mark id="norm_484" xlink:href="#tok_484"/><!-- ⲉⲕⲕⲗⲏⲥⲓⲁ -->
<mark id="norm_485" xlink:href="#tok_485"/><!-- ⲛⲓⲙ -->
<mark id="norm_486" xlink:href="#tok_486"/><!-- . -->
<mark id="norm_487" xlink:href="#tok_487"/><!-- ⲁⲩⲧⲉϩⲙ -->
<mark id="norm_488" xlink:href="#tok_488"/><!-- ⲟⲩⲁ -->
<mark id="norm_489" xlink:href="#tok_489"/><!-- ⲉϥⲥⲃⲃⲏⲩ -->
<mark id="norm_490" xlink:href="#tok_490"/><!-- ⲙⲡⲣⲧⲣⲉ -->
<mark id="norm_491" xlink:href="#tok_491"/><!-- ϥ -->
<mark id="norm_492" xlink:href="#tok_492"/><!-- ϩⲟⲃⲥ -->
<mark id="norm_493" xlink:href="#tok_493"/><!-- ϥ -->
<mark id="norm_494" xlink:href="#tok_494"/><!-- . -->
<mark id="norm_495" xlink:href="#tok_495"/><!-- ⲁⲩⲧⲉϩⲙ -->
<mark id="norm_496" xlink:href="#tok_496"/><!-- ⲟⲩⲁ -->
<mark id="norm_497" xlink:href="#tok_497"/><!-- ⲉ -->
<mark id="norm_498" xlink:href="#tok_498"/><!-- ϥ -->
<mark id="norm_499" xlink:href="#tok_499"/><!-- ⲟ -->
<mark id="norm_500" xlink:href="#tok_500"/><!-- ⲛⲁⲧⲥⲃⲃⲉ -->
<mark id="norm_501" xlink:href="#tok_501"/><!-- ⲙⲡⲣⲧⲣⲉϥⲥⲃⲃⲏⲧϥ -->
<mark id="norm_502" xlink:href="#tok_502"/><!-- . -->
<mark id="norm_503" xlink:href="#tok_503"/><!-- ⲡⲥⲃⲃⲉ -->
<mark id="norm_504" xlink:href="#tok_504"/><!-- ⲟⲩ -->
<mark id="norm_505" xlink:href="#tok_505"/><!-- ⲗⲁⲁⲩ -->
<mark id="norm_506" xlink:href="#tok_506"/><!-- ⲡⲉ -->
<mark id="norm_507" xlink:href="#tok_507"/><!-- ⲁⲩⲱ -->
<mark id="norm_508" xlink:href="#tok_508"/><!-- ⲧⲙⲛⲧⲁⲧⲥⲃⲃⲉ -->
<mark id="norm_509" xlink:href="#tok_509"/><!-- ⲟⲩ -->
<mark id="norm_510" xlink:href="#tok_510"/><!-- ⲗⲁⲁⲩ -->
<mark id="norm_511" xlink:href="#tok_511"/><!-- ⲧⲉ -->
<mark id="norm_512" xlink:href="#tok_512"/><!-- . -->
<mark id="norm_513" xlink:href="#tok_513"/><!-- ⲁⲗⲗⲁ -->
<mark id="norm_514" xlink:href="#tok_514"/><!-- ⲡϩⲁⲣⲉϩ -->
<mark id="norm_515" xlink:href="#tok_515"/><!-- ⲉ -->
<mark id="norm_516" xlink:href="#tok_516"/><!-- ⲛ -->
<mark id="norm_517" xlink:href="#tok_517"/><!-- ⲉⲛⲧⲟⲗⲏ -->
<mark id="norm_518" xlink:href="#tok_518"/><!-- ⲙ -->
<mark id="norm_519" xlink:href="#tok_519"/><!-- ⲡ -->
<mark id="norm_520" xlink:href="#tok_520"/><!-- ⲛⲟⲩⲧⲉ -->
<mark id="norm_521" xlink:href="#tok_521"/><!-- ⲡⲉ -->
<mark id="norm_522" xlink:href="#tok_522"/><!-- . -->
<mark id="norm_523" xlink:href="#tok_523"/><!-- ⲡ -->
<mark id="norm_524" xlink:href="#tok_524"/><!-- ⲟⲩⲁ -->
<mark id="norm_525" xlink:href="#tok_525"/><!-- ⲡ -->
<mark id="norm_526" xlink:href="#tok_526"/><!-- ⲟⲩⲁ -->
<mark id="norm_527" xlink:href="#tok_527"/><!-- ϩⲙ -->
<mark id="norm_528" xlink:href="#tok_528"/><!-- ⲡ -->
<mark id="norm_529" xlink:href="#tok_529"/><!-- ⲧⲱϩⲙ -->
<mark id="norm_530" xlink:href="#tok_530"/><!-- ⲉⲛⲧ -->
<mark id="norm_531" xlink:href="#tok_531"/><!-- ⲁ -->
<mark id="norm_532" xlink:href="#tok_532"/><!-- ⲩ -->
<mark id="norm_533" xlink:href="#tok_533"/><!-- ⲧⲁϩⲙⲉ -->
<mark id="norm_534" xlink:href="#tok_534"/><!-- ϥ -->
<mark id="norm_535" xlink:href="#tok_535"/><!-- ⲛϩⲏⲧ -->
<mark id="norm_536" xlink:href="#tok_536"/><!-- ϥ -->
<mark id="norm_537" xlink:href="#tok_537"/><!-- ⲙⲁⲣⲉ -->
<mark id="norm_538" xlink:href="#tok_538"/><!-- ϥ -->
<mark id="norm_539" xlink:href="#tok_539"/><!-- ϭⲱ -->
<mark id="norm_540" xlink:href="#tok_540"/><!-- ⲛϩⲏⲧ -->
<mark id="norm_541" xlink:href="#tok_541"/><!-- ϥ -->
<mark id="norm_542" xlink:href="#tok_542"/><!-- . -->
<mark id="norm_543" xlink:href="#tok_543"/><!-- ⲁ -->
<mark id="norm_544" xlink:href="#tok_544"/><!-- ⲩ -->
<mark id="norm_545" xlink:href="#tok_545"/><!-- ⲧⲁϩⲙⲉ -->
<mark id="norm_546" xlink:href="#tok_546"/><!-- ⲕ -->
<mark id="norm_547" xlink:href="#tok_547"/><!-- ⲉ -->
<mark id="norm_548" xlink:href="#tok_548"/><!-- ⲕ -->
<mark id="norm_549" xlink:href="#tok_549"/><!-- ⲟ -->
<mark id="norm_550" xlink:href="#tok_550"/><!-- ⲛ -->
<mark id="norm_551" xlink:href="#tok_551"/><!-- ϩⲙϩⲁⲗ -->
<mark id="norm_552" xlink:href="#tok_552"/><!-- ⲙⲡⲣⲧⲣⲉ -->
<mark id="norm_553" xlink:href="#tok_553"/><!-- ϥ -->
<mark id="norm_554" xlink:href="#tok_554"/><!-- ⲣ -->
<mark id="norm_555" xlink:href="#tok_555"/><!-- ⲣⲟⲟⲩϣ -->
<mark id="norm_556" xlink:href="#tok_556"/><!-- ⲛⲁ -->
<mark id="norm_557" xlink:href="#tok_557"/><!-- ⲕ -->
<mark id="norm_558" xlink:href="#tok_558"/><!-- . -->
<mark id="norm_559" xlink:href="#tok_559"/><!-- ⲁⲗⲗⲁ -->
<mark id="norm_560" xlink:href="#tok_560"/><!-- ⲕⲁⲛ -->
<mark id="norm_561" xlink:href="#tok_561"/><!-- ⲉϣⲱⲡⲉ -->
<mark id="norm_562" xlink:href="#tok_562"/><!-- ⲟⲩⲛ -->
<mark id="norm_563" xlink:href="#tok_563"/><!-- ϭⲟⲙ -->
<mark id="norm_564" xlink:href="#tok_564"/><!-- ⲙⲙⲟ -->
<mark id="norm_565" xlink:href="#tok_565"/><!-- ⲕ -->
<mark id="norm_566" xlink:href="#tok_566"/><!-- ⲉⲣⲣⲙϩⲉ -->
<mark id="norm_567" xlink:href="#tok_567"/><!-- ⲭⲣⲱ -->
<mark id="norm_568" xlink:href="#tok_568"/><!-- ⲛϩⲟⲩⲟ -->
<mark id="norm_569" xlink:href="#tok_569"/><!-- . -->
<mark id="norm_570" xlink:href="#tok_570"/><!-- ⲡ -->
<mark id="norm_571" xlink:href="#tok_571"/><!-- ϩⲙϩⲁⲗ -->
<mark id="norm_572" xlink:href="#tok_572"/><!-- ⲅⲁⲣ -->
<mark id="norm_573" xlink:href="#tok_573"/><!-- ⲉⲛⲧ -->
<mark id="norm_574" xlink:href="#tok_574"/><!-- ⲁ -->
<mark id="norm_575" xlink:href="#tok_575"/><!-- ⲩ -->
<mark id="norm_576" xlink:href="#tok_576"/><!-- ⲧⲁϩⲙⲉ -->
<mark id="norm_577" xlink:href="#tok_577"/><!-- ϥ -->
<mark id="norm_578" xlink:href="#tok_578"/><!-- ϩⲙ -->
<mark id="norm_579" xlink:href="#tok_579"/><!-- ⲡ -->
<mark id="norm_580" xlink:href="#tok_580"/><!-- ϫⲟⲉⲓⲥ -->
<mark id="norm_581" xlink:href="#tok_581"/><!-- ⲡⲁ -->
<mark id="norm_582" xlink:href="#tok_582"/><!-- ⲡⲉⲗⲉⲩⲑⲉⲣⲟⲥ -->
<mark id="norm_583" xlink:href="#tok_583"/><!-- ⲙ -->
<mark id="norm_584" xlink:href="#tok_584"/><!-- ⲡ -->
<mark id="norm_585" xlink:href="#tok_585"/><!-- ϫⲟⲉⲓⲥ -->
<mark id="norm_586" xlink:href="#tok_586"/><!-- ⲡⲉ -->
<mark id="norm_587" xlink:href="#tok_587"/><!-- . -->
<mark id="norm_588" xlink:href="#tok_588"/><!-- ϩⲟⲙⲟⲓⲱⲥ -->
<mark id="norm_589" xlink:href="#tok_589"/><!-- ⲡ -->
<mark id="norm_590" xlink:href="#tok_590"/><!-- ⲣⲙϩⲉ -->
<mark id="norm_591" xlink:href="#tok_591"/><!-- ⲉⲛⲧ -->
<mark id="norm_592" xlink:href="#tok_592"/><!-- ⲁ -->
<mark id="norm_593" xlink:href="#tok_593"/><!-- ⲩ -->
<mark id="norm_594" xlink:href="#tok_594"/><!-- ⲧⲁϩⲙⲉ -->
<mark id="norm_595" xlink:href="#tok_595"/><!-- ϥ -->
<mark id="norm_596" xlink:href="#tok_596"/><!-- ⲡ -->
<mark id="norm_597" xlink:href="#tok_597"/><!-- ϩⲙϩⲁⲗ -->
<mark id="norm_598" xlink:href="#tok_598"/><!-- ⲙ -->
<mark id="norm_599" xlink:href="#tok_599"/><!-- ⲡⲉ -->
<mark id="norm_600" xlink:href="#tok_600"/><!-- ⲭⲣⲓⲥⲧⲟⲥ -->
<mark id="norm_601" xlink:href="#tok_601"/><!-- ⲡⲉ -->
<mark id="norm_602" xlink:href="#tok_602"/><!-- . -->
<mark id="norm_603" xlink:href="#tok_603"/><!-- ⲁ -->
<mark id="norm_604" xlink:href="#tok_604"/><!-- ⲩ -->
<mark id="norm_605" xlink:href="#tok_605"/><!-- ϣⲉⲡ -->
<mark id="norm_606" xlink:href="#tok_606"/><!-- ⲧⲏⲩⲧⲛ -->
<mark id="norm_607" xlink:href="#tok_607"/><!-- ϩⲁ -->
<mark id="norm_608" xlink:href="#tok_608"/><!-- ⲟⲩⲁⲥⲟⲩ -->
<mark id="norm_609" xlink:href="#tok_609"/><!-- ⲙⲡⲣ -->
<mark id="norm_610" xlink:href="#tok_610"/><!-- ϣⲱⲡⲉ -->
<mark id="norm_611" xlink:href="#tok_611"/><!-- ⲛ -->
<mark id="norm_612" xlink:href="#tok_612"/><!-- ϩⲙϩⲁⲗ -->
<mark id="norm_613" xlink:href="#tok_613"/><!-- ⲛ -->
<mark id="norm_614" xlink:href="#tok_614"/><!-- ⲣⲱⲙⲉ -->
<mark id="norm_615" xlink:href="#tok_615"/><!-- . -->
<mark id="norm_616" xlink:href="#tok_616"/><!-- ⲡ -->
<mark id="norm_617" xlink:href="#tok_617"/><!-- ⲟⲩⲁ -->
<mark id="norm_618" xlink:href="#tok_618"/><!-- ⲡ -->
<mark id="norm_619" xlink:href="#tok_619"/><!-- ⲟⲩⲁ -->
<mark id="norm_620" xlink:href="#tok_620"/><!-- ϩⲙ -->
<mark id="norm_621" xlink:href="#tok_621"/><!-- ⲡ -->
<mark id="norm_622" xlink:href="#tok_622"/><!-- ⲉⲛⲧ -->
<mark id="norm_623" xlink:href="#tok_623"/><!-- ⲁ -->
<mark id="norm_624" xlink:href="#tok_624"/><!-- ⲩ -->
<mark id="norm_625" xlink:href="#tok_625"/><!-- ⲧⲁϩⲙⲉ -->
<mark id="norm_626" xlink:href="#tok_626"/><!-- ϥ -->
<mark id="norm_627" xlink:href="#tok_627"/><!-- ⲛϩⲏⲧ -->
<mark id="norm_628" xlink:href="#tok_628"/><!-- ϥ -->
<mark id="norm_629" xlink:href="#tok_629"/><!-- ⲛⲁ -->
<mark id="norm_630" xlink:href="#tok_630"/><!-- ⲥⲛⲏⲩ -->
<mark id="norm_631" xlink:href="#tok_631"/><!-- ⲙⲁⲣⲉ -->
<mark id="norm_632" xlink:href="#tok_632"/><!-- ϥ -->
<mark id="norm_633" xlink:href="#tok_633"/><!-- ϭⲱ -->
<mark id="norm_634" xlink:href="#tok_634"/><!-- ϩⲙ -->
<mark id="norm_635" xlink:href="#tok_635"/><!-- ⲡⲁⲓ -->
<mark id="norm_636" xlink:href="#tok_636"/><!-- ⲛⲛⲁϩⲣⲙ -->
<mark id="norm_637" xlink:href="#tok_637"/><!-- ⲡ -->
<mark id="norm_638" xlink:href="#tok_638"/><!-- ⲛⲟⲩⲧⲉ -->
<mark id="norm_639" xlink:href="#tok_639"/><!-- . -->
<mark id="norm_640" xlink:href="#tok_640"/><!-- ⲉⲧⲃⲉ -->
<mark id="norm_641" xlink:href="#tok_641"/><!-- ⲙ -->
<mark id="norm_642" xlink:href="#tok_642"/><!-- ⲡⲁⲣⲑⲉⲛⲟⲥ -->
<mark id="norm_643" xlink:href="#tok_643"/><!-- ⲇⲉ -->
<mark id="norm_644" xlink:href="#tok_644"/><!-- ⲙⲛ -->
<mark id="norm_645" xlink:href="#tok_645"/><!-- ⲧⲁⲓ -->
<mark id="norm_646" xlink:href="#tok_646"/><!-- ⲟⲩⲉϩⲥⲁϩⲛⲉ -->
<mark id="norm_647" xlink:href="#tok_647"/><!-- ⲙⲙⲁⲩ -->
<mark id="norm_648" xlink:href="#tok_648"/><!-- ⲛⲧⲉ -->
<mark id="norm_649" xlink:href="#tok_649"/><!-- ⲡ -->
<mark id="norm_650" xlink:href="#tok_650"/><!-- ϫⲟⲉⲓⲥ -->
<mark id="norm_651" xlink:href="#tok_651"/><!-- . -->
<mark id="norm_652" xlink:href="#tok_652"/><!-- ϯ -->
<mark id="norm_653" xlink:href="#tok_653"/><!-- ϯ -->
<mark id="norm_654" xlink:href="#tok_654"/><!-- ⲇⲉ -->
<mark id="norm_655" xlink:href="#tok_655"/><!-- ⲛ -->
<mark id="norm_656" xlink:href="#tok_656"/><!-- ⲟⲩ -->
<mark id="norm_657" xlink:href="#tok_657"/><!-- ⲅⲛⲱⲙⲏ -->
<mark id="norm_658" xlink:href="#tok_658"/><!-- ϩⲱⲥ -->
<mark id="norm_659" xlink:href="#tok_659"/><!-- ⲉ -->
<mark id="norm_660" xlink:href="#tok_660"/><!-- ⲁ -->
<mark id="norm_661" xlink:href="#tok_661"/><!-- ⲩ -->
<mark id="norm_662" xlink:href="#tok_662"/><!-- ⲛⲁ -->
<mark id="norm_663" xlink:href="#tok_663"/><!-- ⲛⲁⲓ -->
<mark id="norm_664" xlink:href="#tok_664"/><!-- ϩⲓⲧⲙ -->
<mark id="norm_665" xlink:href="#tok_665"/><!-- ⲡ -->
<mark id="norm_666" xlink:href="#tok_666"/><!-- ϫⲟⲉⲓⲥ -->
<mark id="norm_667" xlink:href="#tok_667"/><!-- ⲉⲣⲡⲓⲥⲧⲟⲥ -->
<mark id="norm_668" xlink:href="#tok_668"/><!-- . -->
<mark id="norm_669" xlink:href="#tok_669"/><!-- ϯ -->
<mark id="norm_670" xlink:href="#tok_670"/><!-- ⲙⲉⲉⲩⲉ -->
<mark id="norm_671" xlink:href="#tok_671"/><!-- ϭⲉ -->
<mark id="norm_672" xlink:href="#tok_672"/><!-- ϫⲉ -->
<mark id="norm_673" xlink:href="#tok_673"/><!-- ⲛⲁ -->
<mark id="norm_674" xlink:href="#tok_674"/><!-- ⲛⲟⲩ -->
<mark id="norm_675" xlink:href="#tok_675"/><!-- ⲡⲁⲓ -->
<mark id="norm_676" xlink:href="#tok_676"/><!-- ⲉⲧⲃⲉ -->
<mark id="norm_677" xlink:href="#tok_677"/><!-- ⲧ -->
<mark id="norm_678" xlink:href="#tok_678"/><!-- ⲁⲛⲁⲅⲕⲏ -->
<mark id="norm_679" xlink:href="#tok_679"/><!-- ⲉⲧ -->
<mark id="norm_680" xlink:href="#tok_680"/><!-- ϣⲟⲟⲡ -->
<mark id="norm_681" xlink:href="#tok_681"/><!-- . -->
<mark id="norm_682" xlink:href="#tok_682"/><!-- ϫⲉ -->
<mark id="norm_683" xlink:href="#tok_683"/><!-- ⲛⲁⲛⲟⲩ -->
<mark id="norm_684" xlink:href="#tok_684"/><!-- ⲥ -->
<mark id="norm_685" xlink:href="#tok_685"/><!-- ⲙ -->
<mark id="norm_686" xlink:href="#tok_686"/><!-- ⲡ -->
<mark id="norm_687" xlink:href="#tok_687"/><!-- ⲣⲱⲙⲉ -->
<mark id="norm_688" xlink:href="#tok_688"/><!-- ⲉ -->
<mark id="norm_689" xlink:href="#tok_689"/><!-- ϭⲱ -->
<mark id="norm_690" xlink:href="#tok_690"/><!-- ⲛ -->
<mark id="norm_691" xlink:href="#tok_691"/><!-- ⲧⲉⲓ -->
<mark id="norm_692" xlink:href="#tok_692"/><!-- ϩⲉ -->
<mark id="norm_693" xlink:href="#tok_693"/><!-- . -->
<mark id="norm_694" xlink:href="#tok_694"/><!-- ⲕ -->
<mark id="norm_695" xlink:href="#tok_695"/><!-- ⲙⲏⲣ -->
<mark id="norm_696" xlink:href="#tok_696"/><!-- ⲉ -->
<mark id="norm_697" xlink:href="#tok_697"/><!-- ⲥϩⲓⲙⲉ -->
<mark id="norm_698" xlink:href="#tok_698"/><!-- ⲙⲡⲣ -->
<mark id="norm_699" xlink:href="#tok_699"/><!-- ϣⲓⲛⲉ -->
<mark id="norm_700" xlink:href="#tok_700"/><!-- ⲛⲥⲁⲃⲱⲗ -->
<mark id="norm_701" xlink:href="#tok_701"/><!-- ⲕ -->
<mark id="norm_702" xlink:href="#tok_702"/><!-- ⲃⲏⲗ -->
<mark id="norm_703" xlink:href="#tok_703"/><!-- ⲉⲃⲟⲗ -->
<mark id="norm_704" xlink:href="#tok_704"/><!-- ⲛ -->
<mark id="norm_705" xlink:href="#tok_705"/><!-- ⲥϩⲓⲙⲉ -->
<mark id="norm_706" xlink:href="#tok_706"/><!-- ⲙⲡⲣ -->
<mark id="norm_707" xlink:href="#tok_707"/><!-- ϣⲓⲛⲉ -->
<mark id="norm_708" xlink:href="#tok_708"/><!-- ⲛⲥⲁ -->
<mark id="norm_709" xlink:href="#tok_709"/><!-- ⲥϩⲓⲙⲉ -->
<mark id="norm_710" xlink:href="#tok_710"/><!-- . -->
<mark id="norm_711" xlink:href="#tok_711"/><!-- ⲉϣⲱⲡⲉ -->
<mark id="norm_712" xlink:href="#tok_712"/><!-- ⲇⲉ -->
<mark id="norm_713" xlink:href="#tok_713"/><!-- ⲉⲕϣⲁⲛ -->
<mark id="norm_714" xlink:href="#tok_714"/><!-- ϫⲓ -->
<mark id="norm_715" xlink:href="#tok_715"/><!-- ⲙⲡ -->
<mark id="norm_716" xlink:href="#tok_716"/><!-- ⲕ -->
<mark id="norm_717" xlink:href="#tok_717"/><!-- ⲣⲛⲟⲃⲉ -->
<mark id="norm_718" xlink:href="#tok_718"/><!-- ⲁⲩⲱ -->
<mark id="norm_719" xlink:href="#tok_719"/><!-- ⲉⲥϣⲁⲛ -->
<mark id="norm_720" xlink:href="#tok_720"/><!-- ϫⲓ -->
<mark id="norm_721" xlink:href="#tok_721"/><!-- ⲛϭⲓ -->
<mark id="norm_722" xlink:href="#tok_722"/><!-- ⲧ -->
<mark id="norm_723" xlink:href="#tok_723"/><!-- ⲡⲁⲣⲑⲉⲛⲟⲥ -->
<mark id="norm_724" xlink:href="#tok_724"/><!-- ⲙⲡ -->
<mark id="norm_725" xlink:href="#tok_725"/><!-- ⲥ -->
<mark id="norm_726" xlink:href="#tok_726"/><!-- ⲣⲛⲟⲃⲉ -->
<mark id="norm_727" xlink:href="#tok_727"/><!-- ⲛⲁⲓ -->
<mark id="norm_728" xlink:href="#tok_728"/><!-- ⲇⲉ -->
<mark id="norm_729" xlink:href="#tok_729"/><!-- ⲛⲧⲉⲉⲓⲙⲓⲛⲉ -->
<mark id="norm_730" xlink:href="#tok_730"/><!-- ⲛⲁ -->
<mark id="norm_731" xlink:href="#tok_731"/><!-- ϣⲉ -->
<mark id="norm_732" xlink:href="#tok_732"/><!-- ⲡ -->
<mark id="norm_733" xlink:href="#tok_733"/><!-- ⲑⲗⲓⲯⲓⲥ -->
<mark id="norm_734" xlink:href="#tok_734"/><!-- ϩⲛ -->
<mark id="norm_735" xlink:href="#tok_735"/><!-- ⲧⲉⲩ -->
<mark id="norm_736" xlink:href="#tok_736"/><!-- ⲥⲁⲣⲝ -->
<mark id="norm_737" xlink:href="#tok_737"/><!-- ⲁⲛⲟⲕ -->
<mark id="norm_738" xlink:href="#tok_738"/><!-- ⲇⲉ -->
<mark id="norm_739" xlink:href="#tok_739"/><!-- ϯ -->
<mark id="norm_740" xlink:href="#tok_740"/><!-- ϯⲥⲟ -->
<mark id="norm_741" xlink:href="#tok_741"/><!-- ⲉⲣⲱ -->
<mark id="norm_742" xlink:href="#tok_742"/><!-- ⲧⲛ -->
<mark id="norm_743" xlink:href="#tok_743"/><!-- . -->
<mark id="norm_744" xlink:href="#tok_744"/><!-- ⲡⲁⲓ -->
<mark id="norm_745" xlink:href="#tok_745"/><!-- ⲇⲉ -->
<mark id="norm_746" xlink:href="#tok_746"/><!-- ⲉ -->
<mark id="norm_747" xlink:href="#tok_747"/><!-- ⲓ -->
<mark id="norm_748" xlink:href="#tok_748"/><!-- ϫⲱ -->
<mark id="norm_749" xlink:href="#tok_749"/><!-- ⲙⲙⲟ -->
<mark id="norm_750" xlink:href="#tok_750"/><!-- ϥ -->
<mark id="norm_751" xlink:href="#tok_751"/><!-- ⲛⲁ -->
<mark id="norm_752" xlink:href="#tok_752"/><!-- ⲥⲛⲏⲩ -->
<mark id="norm_753" xlink:href="#tok_753"/><!-- ϫⲉ -->
<mark id="norm_754" xlink:href="#tok_754"/><!-- ⲡⲉ -->
<mark id="norm_755" xlink:href="#tok_755"/><!-- ⲩⲟⲉⲓϣ -->
<mark id="norm_756" xlink:href="#tok_756"/><!-- ⲛⲟⲗⲕ -->
<mark id="norm_757" xlink:href="#tok_757"/><!-- ⲡⲉ -->
<mark id="norm_758" xlink:href="#tok_758"/><!-- . -->
<mark id="norm_759" xlink:href="#tok_759"/><!-- ϫⲉⲕⲁⲁⲥ -->
<mark id="norm_760" xlink:href="#tok_760"/><!-- ϭⲉ -->
<mark id="norm_761" xlink:href="#tok_761"/><!-- ⲛ -->
<mark id="norm_762" xlink:href="#tok_762"/><!-- ⲕⲟⲟⲩⲉ -->
<mark id="norm_763" xlink:href="#tok_763"/><!-- ⲉⲧⲉⲩⲛⲧⲟⲩ -->
<mark id="norm_764" xlink:href="#tok_764"/><!-- ⲥϩⲓⲙⲉ -->
<mark id="norm_765" xlink:href="#tok_765"/><!-- ⲙⲙⲁⲩ -->
<mark id="norm_766" xlink:href="#tok_766"/><!-- ⲛⲥⲉⲣⲑⲉ -->
<mark id="norm_767" xlink:href="#tok_767"/><!-- ⲛⲛⲉⲧⲉⲙⲛⲧⲁⲩ -->
<mark id="norm_768" xlink:href="#tok_768"/><!-- . -->
<mark id="norm_769" xlink:href="#tok_769"/><!-- ⲁⲩⲱ -->
<mark id="norm_770" xlink:href="#tok_770"/><!-- ⲛ -->
<mark id="norm_771" xlink:href="#tok_771"/><!-- ⲉⲧ -->
<mark id="norm_772" xlink:href="#tok_772"/><!-- ⲣⲓⲙⲉ -->
<mark id="norm_773" xlink:href="#tok_773"/><!-- ϩⲱⲥ -->
<mark id="norm_774" xlink:href="#tok_774"/><!-- ⲉ -->
<mark id="norm_775" xlink:href="#tok_775"/><!-- ⲛ -->
<mark id="norm_776" xlink:href="#tok_776"/><!-- ⲥⲉ -->
<mark id="norm_777" xlink:href="#tok_777"/><!-- ⲣⲓⲙⲉ -->
<mark id="norm_778" xlink:href="#tok_778"/><!-- ⲁⲛ -->
<mark id="norm_779" xlink:href="#tok_779"/><!-- . -->
<mark id="norm_780" xlink:href="#tok_780"/><!-- ⲁⲩⲱ -->
<mark id="norm_781" xlink:href="#tok_781"/><!-- ⲛ -->
<mark id="norm_782" xlink:href="#tok_782"/><!-- ⲉⲧ -->
<mark id="norm_783" xlink:href="#tok_783"/><!-- ⲣⲁϣⲉ -->
<mark id="norm_784" xlink:href="#tok_784"/><!-- ϩⲱⲥ -->
<mark id="norm_785" xlink:href="#tok_785"/><!-- ⲉ -->
<mark id="norm_786" xlink:href="#tok_786"/><!-- ⲛ -->
<mark id="norm_787" xlink:href="#tok_787"/><!-- ⲥⲉ -->
<mark id="norm_788" xlink:href="#tok_788"/><!-- ⲣⲁϣⲉ -->
<mark id="norm_789" xlink:href="#tok_789"/><!-- ⲁⲛ -->
<mark id="norm_790" xlink:href="#tok_790"/><!-- . -->
<mark id="norm_791" xlink:href="#tok_791"/><!-- ⲁⲩⲱ -->
<mark id="norm_792" xlink:href="#tok_792"/><!-- ⲛ -->
<mark id="norm_793" xlink:href="#tok_793"/><!-- ⲉⲧ -->
<mark id="norm_794" xlink:href="#tok_794"/><!-- ϣⲱⲡ -->
<mark id="norm_795" xlink:href="#tok_795"/><!-- ϩⲱⲥ -->
<mark id="norm_796" xlink:href="#tok_796"/><!-- ⲉ -->
<mark id="norm_797" xlink:href="#tok_797"/><!-- ⲛ -->
<mark id="norm_798" xlink:href="#tok_798"/><!-- ⲥⲉ -->
<mark id="norm_799" xlink:href="#tok_799"/><!-- ⲁⲙⲁϩⲧⲉ -->
<mark id="norm_800" xlink:href="#tok_800"/><!-- ⲁⲛ -->
<mark id="norm_801" xlink:href="#tok_801"/><!-- . -->
<mark id="norm_802" xlink:href="#tok_802"/><!-- ⲁⲩⲱ -->
<mark id="norm_803" xlink:href="#tok_803"/><!-- ⲛ -->
<mark id="norm_804" xlink:href="#tok_804"/><!-- ⲉⲧ -->
<mark id="norm_805" xlink:href="#tok_805"/><!-- ⲭⲣⲱ -->
<mark id="norm_806" xlink:href="#tok_806"/><!-- ⲙⲡⲉⲉⲓⲕⲟⲥⲙⲟⲥ -->
<mark id="norm_807" xlink:href="#tok_807"/><!-- ϩⲱⲥ -->
<mark id="norm_808" xlink:href="#tok_808"/><!-- ⲉ -->
<mark id="norm_809" xlink:href="#tok_809"/><!-- ⲛ -->
<mark id="norm_810" xlink:href="#tok_810"/><!-- ⲥⲉ -->
<mark id="norm_811" xlink:href="#tok_811"/><!-- ⲭⲣⲱ -->
<mark id="norm_812" xlink:href="#tok_812"/><!-- ⲁⲛ -->
<mark id="norm_813" xlink:href="#tok_813"/><!-- . -->
<mark id="norm_814" xlink:href="#tok_814"/><!-- ϥ -->
<mark id="norm_815" xlink:href="#tok_815"/><!-- ⲛⲁ -->
<mark id="norm_816" xlink:href="#tok_816"/><!-- ⲡⲁⲣⲁⲅⲉ -->
<mark id="norm_817" xlink:href="#tok_817"/><!-- ⲅⲁⲣ -->
<mark id="norm_818" xlink:href="#tok_818"/><!-- ⲛϭⲓ -->
<mark id="norm_819" xlink:href="#tok_819"/><!-- ⲡⲉ -->
<mark id="norm_820" xlink:href="#tok_820"/><!-- ⲥⲭⲏⲙⲁ -->
<mark id="norm_821" xlink:href="#tok_821"/><!-- ⲙ -->
<mark id="norm_822" xlink:href="#tok_822"/><!-- ⲡⲉⲓ -->
<mark id="norm_823" xlink:href="#tok_823"/><!-- ⲕⲟⲥⲙⲟⲥ -->
<mark id="norm_824" xlink:href="#tok_824"/><!-- . -->
<mark id="norm_825" xlink:href="#tok_825"/><!-- ϯ -->
<mark id="norm_826" xlink:href="#tok_826"/><!-- ⲟⲩⲉϣ -->
<mark id="norm_827" xlink:href="#tok_827"/><!-- ⲧⲏⲩⲧⲛ -->
<mark id="norm_828" xlink:href="#tok_828"/><!-- ⲇⲉ -->
<mark id="norm_829" xlink:href="#tok_829"/><!-- ⲉ -->
<mark id="norm_830" xlink:href="#tok_830"/><!-- ⲧⲣⲉ -->
<mark id="norm_831" xlink:href="#tok_831"/><!-- ⲧⲉⲧⲛ -->
<mark id="norm_832" xlink:href="#tok_832"/><!-- ϣⲱⲡⲉ -->
<mark id="norm_833" xlink:href="#tok_833"/><!-- ⲛⲁ -->
<mark id="norm_834" xlink:href="#tok_834"/><!-- ⲧ -->
<mark id="norm_835" xlink:href="#tok_835"/><!-- ⲣⲟⲟⲩϣ -->
<mark id="norm_836" xlink:href="#tok_836"/><!-- . -->
<mark id="norm_837" xlink:href="#tok_837"/><!-- ⲡⲉⲧⲉⲙⲛⲧϥ -->
<mark id="norm_838" xlink:href="#tok_838"/><!-- ⲥϩⲓⲙⲉ -->
<mark id="norm_839" xlink:href="#tok_839"/><!-- ϥϥⲓⲣⲟⲟⲩϣ -->
<mark id="norm_840" xlink:href="#tok_840"/><!-- ⲉ -->
<mark id="norm_841" xlink:href="#tok_841"/><!-- ⲛⲁ -->
<mark id="norm_842" xlink:href="#tok_842"/><!-- ⲡ -->
<mark id="norm_843" xlink:href="#tok_843"/><!-- ϫⲟⲉⲓⲥ -->
<mark id="norm_844" xlink:href="#tok_844"/><!-- ϫⲉ -->
<mark id="norm_845" xlink:href="#tok_845"/><!-- ⲉ -->
<mark id="norm_846" xlink:href="#tok_846"/><!-- ϥ -->
<mark id="norm_847" xlink:href="#tok_847"/><!-- ⲛⲁ -->
<mark id="norm_848" xlink:href="#tok_848"/><!-- ⲁⲣⲉⲥⲕⲉ -->
<mark id="norm_849" xlink:href="#tok_849"/><!-- ⲙ -->
<mark id="norm_850" xlink:href="#tok_850"/><!-- ⲡ -->
<mark id="norm_851" xlink:href="#tok_851"/><!-- ϫⲟⲉⲓⲥ -->
<mark id="norm_852" xlink:href="#tok_852"/><!-- ⲛ -->
<mark id="norm_853" xlink:href="#tok_853"/><!-- ⲁϣ -->
<mark id="norm_854" xlink:href="#tok_854"/><!-- ⲛ -->
<mark id="norm_855" xlink:href="#tok_855"/><!-- ϩⲉ -->
<mark id="norm_856" xlink:href="#tok_856"/><!-- . -->
<mark id="norm_857" xlink:href="#tok_857"/><!-- ⲡ -->
<mark id="norm_858" xlink:href="#tok_858"/><!-- ⲉⲛⲧ -->
<mark id="norm_859" xlink:href="#tok_859"/><!-- ⲁ -->
<mark id="norm_860" xlink:href="#tok_860"/><!-- ϥ -->
<mark id="norm_861" xlink:href="#tok_861"/><!-- ϫⲓ -->
<mark id="norm_862" xlink:href="#tok_862"/><!-- ⲇⲉ -->
<mark id="norm_863" xlink:href="#tok_863"/><!-- ϥϥⲓⲣⲟⲟⲩϣ -->
<mark id="norm_864" xlink:href="#tok_864"/><!-- ⲉ -->
<mark id="norm_865" xlink:href="#tok_865"/><!-- ⲛⲁ -->
<mark id="norm_866" xlink:href="#tok_866"/><!-- ⲡ -->
<mark id="norm_867" xlink:href="#tok_867"/><!-- ⲕⲟⲥⲙⲟⲥ -->
<mark id="norm_868" xlink:href="#tok_868"/><!-- ϫⲉ -->
<mark id="norm_869" xlink:href="#tok_869"/><!-- ⲉ -->
<mark id="norm_870" xlink:href="#tok_870"/><!-- ϥ -->
<mark id="norm_871" xlink:href="#tok_871"/><!-- ⲛⲁ -->
<mark id="norm_872" xlink:href="#tok_872"/><!-- ⲁⲣⲉⲥⲕⲉ -->
<mark id="norm_873" xlink:href="#tok_873"/><!-- ⲛ -->
<mark id="norm_874" xlink:href="#tok_874"/><!-- ⲧⲉϥ -->
<mark id="norm_875" xlink:href="#tok_875"/><!-- ⲥϩⲓⲙⲉ -->
<mark id="norm_876" xlink:href="#tok_876"/><!-- ⲛ -->
<mark id="norm_877" xlink:href="#tok_877"/><!-- ⲁϣ -->
<mark id="norm_878" xlink:href="#tok_878"/><!-- ⲛ -->
<mark id="norm_879" xlink:href="#tok_879"/><!-- ϩⲉ -->
<mark id="norm_880" xlink:href="#tok_880"/><!-- . -->
<mark id="norm_881" xlink:href="#tok_881"/><!-- ⲁⲩⲱ -->
<mark id="norm_882" xlink:href="#tok_882"/><!-- ϥ -->
<mark id="norm_883" xlink:href="#tok_883"/><!-- ⲡⲏϣ -->
<mark id="norm_884" xlink:href="#tok_884"/><!-- ⲁⲩⲱ -->
<mark id="norm_885" xlink:href="#tok_885"/><!-- ⲧⲉ -->
<mark id="norm_886" xlink:href="#tok_886"/><!-- ⲥϩⲓⲙⲉ -->
<mark id="norm_887" xlink:href="#tok_887"/><!-- ⲉⲧⲉⲙⲛⲧⲥ -->
<mark id="norm_888" xlink:href="#tok_888"/><!-- ϩⲁⲓ -->
<mark id="norm_889" xlink:href="#tok_889"/><!-- ⲙⲛ -->
<mark id="norm_890" xlink:href="#tok_890"/><!-- ⲧ -->
<mark id="norm_891" xlink:href="#tok_891"/><!-- ⲡⲁⲣⲑⲉⲛⲟⲥ -->
<mark id="norm_892" xlink:href="#tok_892"/><!-- ϥⲓⲣⲟⲟⲩϣ -->
<mark id="norm_893" xlink:href="#tok_893"/><!-- ⲉ -->
<mark id="norm_894" xlink:href="#tok_894"/><!-- ⲛⲁ -->
<mark id="norm_895" xlink:href="#tok_895"/><!-- ⲡ -->
<mark id="norm_896" xlink:href="#tok_896"/><!-- ϫⲟⲉⲓⲥ -->
<mark id="norm_897" xlink:href="#tok_897"/><!-- ϫⲉⲕⲁⲁⲥ -->
<mark id="norm_898" xlink:href="#tok_898"/><!-- ⲉⲥⲉ -->
<mark id="norm_899" xlink:href="#tok_899"/><!-- ϣⲱⲡⲉ -->
<mark id="norm_900" xlink:href="#tok_900"/><!-- ⲉ -->
<mark id="norm_901" xlink:href="#tok_901"/><!-- ⲥ -->
<mark id="norm_902" xlink:href="#tok_902"/><!-- ⲟⲩⲁⲁⲃ -->
<mark id="norm_903" xlink:href="#tok_903"/><!-- ϩⲙ -->
<mark id="norm_904" xlink:href="#tok_904"/><!-- ⲡⲉⲥ -->
<mark id="norm_905" xlink:href="#tok_905"/><!-- ⲥⲱⲙⲁ -->
<mark id="norm_906" xlink:href="#tok_906"/><!-- ⲙⲛ -->
<mark id="norm_907" xlink:href="#tok_907"/><!-- ⲡⲉⲥ -->
<mark id="norm_908" xlink:href="#tok_908"/><!-- ⲡⲛⲉⲩⲙⲁ -->
<mark id="norm_909" xlink:href="#tok_909"/><!-- ⲧⲉⲛⲧⲁⲥϫⲓϩⲁⲓ -->
<mark id="norm_910" xlink:href="#tok_910"/><!-- ⲇⲉ -->
<mark id="norm_911" xlink:href="#tok_911"/><!-- ϥⲓⲣⲟⲟⲩϣ -->
<mark id="norm_912" xlink:href="#tok_912"/><!-- ⲉ -->
<mark id="norm_913" xlink:href="#tok_913"/><!-- ⲛⲁ -->
<mark id="norm_914" xlink:href="#tok_914"/><!-- ⲡ -->
<mark id="norm_915" xlink:href="#tok_915"/><!-- ⲕⲟⲥⲙⲟⲥ -->
<mark id="norm_916" xlink:href="#tok_916"/><!-- ϫⲉ -->
<mark id="norm_917" xlink:href="#tok_917"/><!-- ⲛ -->
<mark id="norm_918" xlink:href="#tok_918"/><!-- ⲁϣ -->
<mark id="norm_919" xlink:href="#tok_919"/><!-- ⲛ -->
<mark id="norm_920" xlink:href="#tok_920"/><!-- ϩⲉ -->
<mark id="norm_921" xlink:href="#tok_921"/><!-- ⲉ -->
<mark id="norm_922" xlink:href="#tok_922"/><!-- ⲥ -->
<mark id="norm_923" xlink:href="#tok_923"/><!-- ⲛⲁ -->
<mark id="norm_924" xlink:href="#tok_924"/><!-- ⲁⲣⲉⲥⲕⲉ -->
<mark id="norm_925" xlink:href="#tok_925"/><!-- ⲙ -->
<mark id="norm_926" xlink:href="#tok_926"/><!-- ⲡⲉⲥ -->
<mark id="norm_927" xlink:href="#tok_927"/><!-- ϩⲁⲓ -->
<mark id="norm_928" xlink:href="#tok_928"/><!-- . -->
<mark id="norm_929" xlink:href="#tok_929"/><!-- ⲉ -->
<mark id="norm_930" xlink:href="#tok_930"/><!-- ⲓ -->
<mark id="norm_931" xlink:href="#tok_931"/><!-- ϫⲱ -->
<mark id="norm_932" xlink:href="#tok_932"/><!-- ⲇⲉ -->
<mark id="norm_933" xlink:href="#tok_933"/><!-- ⲙ -->
<mark id="norm_934" xlink:href="#tok_934"/><!-- ⲡⲁⲓ -->
<mark id="norm_935" xlink:href="#tok_935"/><!-- ⲉ -->
<mark id="norm_936" xlink:href="#tok_936"/><!-- ⲧⲉⲧⲛ -->
<mark id="norm_937" xlink:href="#tok_937"/><!-- ⲛⲟϥⲣⲉ -->
<mark id="norm_938" xlink:href="#tok_938"/><!-- . -->
<mark id="norm_939" xlink:href="#tok_939"/><!-- ϫⲉⲕⲁⲁⲥ -->
<mark id="norm_940" xlink:href="#tok_940"/><!-- ⲁⲛ -->
<mark id="norm_941" xlink:href="#tok_941"/><!-- ⲉⲓⲉ -->
<mark id="norm_942" xlink:href="#tok_942"/><!-- ϯ -->
<mark id="norm_943" xlink:href="#tok_943"/><!-- ⲛⲟⲩⲉⲗⲱ -->
<mark id="norm_944" xlink:href="#tok_944"/><!-- ⲉ -->
<mark id="norm_945" xlink:href="#tok_945"/><!-- ϩⲏⲧ -->
<mark id="norm_946" xlink:href="#tok_946"/><!-- ⲧⲏⲩⲧⲛ -->
<mark id="norm_947" xlink:href="#tok_947"/><!-- ⲁⲗⲗⲁ -->
<mark id="norm_948" xlink:href="#tok_948"/><!-- ⲡⲣⲟⲥⲟⲩⲧⲥⲁⲛⲟ -->
<mark id="norm_949" xlink:href="#tok_949"/><!-- ⲙⲛⲧϭⲓⲛⲁϩⲉⲣⲁⲧⲕ -->
<mark id="norm_950" xlink:href="#tok_950"/><!-- ⲉ -->
<mark id="norm_951" xlink:href="#tok_951"/><!-- ⲡ -->
<mark id="norm_952" xlink:href="#tok_952"/><!-- ϫⲟⲉⲓⲥ -->
<mark id="norm_953" xlink:href="#tok_953"/><!-- ⲕⲁⲗⲱⲥ -->
<mark id="norm_954" xlink:href="#tok_954"/><!-- ⲁϫⲛⲣⲟⲟⲩϣ -->
<mark id="norm_955" xlink:href="#tok_955"/><!-- ⲉϣϫⲉ -->
<mark id="norm_956" xlink:href="#tok_956"/><!-- ⲟⲩⲛ -->
<mark id="norm_957" xlink:href="#tok_957"/><!-- ⲟⲩⲁ -->
<mark id="norm_958" xlink:href="#tok_958"/><!-- ⲇⲉ -->
<mark id="norm_959" xlink:href="#tok_959"/><!-- ϫⲱ -->
<mark id="norm_960" xlink:href="#tok_960"/><!-- ⲙⲙⲟ -->
<mark id="norm_961" xlink:href="#tok_961"/><!-- ⲥ -->
<mark id="norm_962" xlink:href="#tok_962"/><!-- ϫⲉ -->
<mark id="norm_963" xlink:href="#tok_963"/><!-- ϥϣⲓⲡⲉ -->
<mark id="norm_964" xlink:href="#tok_964"/><!-- ⲉϫⲛ -->
<mark id="norm_965" xlink:href="#tok_965"/><!-- ⲧⲉϥ -->
<mark id="norm_966" xlink:href="#tok_966"/><!-- ϣⲉⲉⲣⲉ -->
<mark id="norm_967" xlink:href="#tok_967"/><!-- ⲉϣⲱⲡⲉ -->
<mark id="norm_968" xlink:href="#tok_968"/><!-- ⲁ -->
<mark id="norm_969" xlink:href="#tok_969"/><!-- ⲥ -->
<mark id="norm_970" xlink:href="#tok_970"/><!-- ⲣ -->
<mark id="norm_971" xlink:href="#tok_971"/><!-- ⲛⲟϭ -->
<mark id="norm_972" xlink:href="#tok_972"/><!-- ⲁⲩⲱ -->
<mark id="norm_973" xlink:href="#tok_973"/><!-- ⲧⲁⲓ -->
<mark id="norm_974" xlink:href="#tok_974"/><!-- ⲧⲉ -->
<mark id="norm_975" xlink:href="#tok_975"/><!-- ⲧ -->
<mark id="norm_976" xlink:href="#tok_976"/><!-- ϩⲉ -->
<mark id="norm_977" xlink:href="#tok_977"/><!-- ⲉⲧ -->
<mark id="norm_978" xlink:href="#tok_978"/><!-- ϣϣⲉ -->
<mark id="norm_979" xlink:href="#tok_979"/><!-- ⲉϣⲱⲡⲉ -->
<mark id="norm_980" xlink:href="#tok_980"/><!-- ⲡⲉⲧϥⲟⲩⲁϣϥ -->
<mark id="norm_981" xlink:href="#tok_981"/><!-- ⲙⲁⲣⲉ -->
<mark id="norm_982" xlink:href="#tok_982"/><!-- ϥ -->
<mark id="norm_983" xlink:href="#tok_983"/><!-- ⲁⲁ -->
<mark id="norm_984" xlink:href="#tok_984"/><!-- ϥ -->
<mark id="norm_985" xlink:href="#tok_985"/><!-- ⲛ -->
<mark id="norm_986" xlink:href="#tok_986"/><!-- ϥ -->
<mark id="norm_987" xlink:href="#tok_987"/><!-- ⲣⲛⲟⲃⲉ -->
<mark id="norm_988" xlink:href="#tok_988"/><!-- ⲁⲛ -->
<mark id="norm_989" xlink:href="#tok_989"/><!-- ⲙⲁⲣⲟⲩϫⲓ -->
<mark id="norm_990" xlink:href="#tok_990"/><!-- . -->
<mark id="norm_991" xlink:href="#tok_991"/><!-- ⲡ -->
<mark id="norm_992" xlink:href="#tok_992"/><!-- ⲉⲛⲧ -->
<mark id="norm_993" xlink:href="#tok_993"/><!-- ⲁ -->
<mark id="norm_994" xlink:href="#tok_994"/><!-- ϥ -->
<mark id="norm_995" xlink:href="#tok_995"/><!-- ⲁϩⲉ -->
<mark id="norm_996" xlink:href="#tok_996"/><!-- ⲇⲉ -->
<mark id="norm_997" xlink:href="#tok_997"/><!-- ⲉⲣⲁⲧ -->
<mark id="norm_998" xlink:href="#tok_998"/><!-- ϥ -->
<mark id="norm_999" xlink:href="#tok_999"/><!-- ϩⲙ -->
<mark id="norm_1000" xlink:href="#tok_1000"/><!-- ⲡⲉϥ -->
<mark id="norm_1001" xlink:href="#tok_1001"/><!-- ϩⲏⲧ -->
<mark id="norm_1002" xlink:href="#tok_1002"/><!-- ⲉ -->
<mark id="norm_1003" xlink:href="#tok_1003"/><!-- ϥ -->
<mark id="norm_1004" xlink:href="#tok_1004"/><!-- ⲧⲁϫⲣⲏⲩ -->
<mark id="norm_1005" xlink:href="#tok_1005"/><!-- ⲉ -->
<mark id="norm_1006" xlink:href="#tok_1006"/><!-- ⲙⲛ -->
<mark id="norm_1007" xlink:href="#tok_1007"/><!-- ϩⲧⲟ -->
<mark id="norm_1008" xlink:href="#tok_1008"/><!-- ⲣ -->
<mark id="norm_1009" xlink:href="#tok_1009"/><!-- ⲉⲣⲟ -->
<mark id="norm_1010" xlink:href="#tok_1010"/><!-- ϥ -->
<mark id="norm_1011" xlink:href="#tok_1011"/><!-- . -->
<mark id="norm_1012" xlink:href="#tok_1012"/><!-- ⲟⲩⲛⲧ -->
<mark id="norm_1013" xlink:href="#tok_1013"/><!-- ϥ -->
<mark id="norm_1014" xlink:href="#tok_1014"/><!-- ⲉⲝⲟⲩⲥⲓⲁ -->
<mark id="norm_1015" xlink:href="#tok_1015"/><!-- ⲇⲉ -->
<mark id="norm_1016" xlink:href="#tok_1016"/><!-- ⲙⲙⲁⲩ -->
<mark id="norm_1017" xlink:href="#tok_1017"/><!-- ⲉⲧⲃⲉ -->
<mark id="norm_1018" xlink:href="#tok_1018"/><!-- ⲡⲉϥ -->
<mark id="norm_1019" xlink:href="#tok_1019"/><!-- ⲟⲩⲱϣ -->
<mark id="norm_1020" xlink:href="#tok_1020"/><!-- ⲙⲙⲓⲛ -->
<mark id="norm_1021" xlink:href="#tok_1021"/><!-- ⲙⲙⲟ -->
<mark id="norm_1022" xlink:href="#tok_1022"/><!-- ϥ -->
<mark id="norm_1023" xlink:href="#tok_1023"/><!-- . -->
<mark id="norm_1024" xlink:href="#tok_1024"/><!-- ⲁⲩⲱ -->
<mark id="norm_1025" xlink:href="#tok_1025"/><!-- ⲁ -->
<mark id="norm_1026" xlink:href="#tok_1026"/><!-- ϥ -->
<mark id="norm_1027" xlink:href="#tok_1027"/><!-- ⲕⲣⲓⲛⲉ -->
<mark id="norm_1028" xlink:href="#tok_1028"/><!-- ⲙ -->
<mark id="norm_1029" xlink:href="#tok_1029"/><!-- ⲡⲁⲓ -->
<mark id="norm_1030" xlink:href="#tok_1030"/><!-- ϩⲙ -->
<mark id="norm_1031" xlink:href="#tok_1031"/><!-- ⲡⲉϥ -->
<mark id="norm_1032" xlink:href="#tok_1032"/><!-- ϩⲏⲧ -->
<mark id="norm_1033" xlink:href="#tok_1033"/><!-- ⲉ -->
<mark id="norm_1034" xlink:href="#tok_1034"/><!-- ϩⲁⲣⲉϩ -->
<mark id="norm_1035" xlink:href="#tok_1035"/><!-- ⲉ -->
<mark id="norm_1036" xlink:href="#tok_1036"/><!-- ⲧⲉϥ -->
<mark id="norm_1037" xlink:href="#tok_1037"/><!-- ϣⲉⲉⲣⲉ -->
<mark id="norm_1038" xlink:href="#tok_1038"/><!-- ⲕⲁⲗⲱⲥ -->
<mark id="norm_1039" xlink:href="#tok_1039"/><!-- ϥ -->
<mark id="norm_1040" xlink:href="#tok_1040"/><!-- ⲛⲁ -->
<mark id="norm_1041" xlink:href="#tok_1041"/><!-- ⲁⲁ -->
<mark id="norm_1042" xlink:href="#tok_1042"/><!-- ⲥ -->
<mark id="norm_1043" xlink:href="#tok_1043"/><!-- . -->
<mark id="norm_1044" xlink:href="#tok_1044"/><!-- ϩⲱⲥⲧⲉ -->
<mark id="norm_1045" xlink:href="#tok_1045"/><!-- ⲡ -->
<mark id="norm_1046" xlink:href="#tok_1046"/><!-- ⲉⲧ -->
<mark id="norm_1047" xlink:href="#tok_1047"/><!-- ⲛⲁ -->
<mark id="norm_1048" xlink:href="#tok_1048"/><!-- ϯ -->
<mark id="norm_1049" xlink:href="#tok_1049"/><!-- ⲧⲉϥ -->
<mark id="norm_1050" xlink:href="#tok_1050"/><!-- ϣⲉⲉⲣⲉ -->
<mark id="norm_1051" xlink:href="#tok_1051"/><!-- ⲛ -->
<mark id="norm_1052" xlink:href="#tok_1052"/><!-- ϩⲁⲓ -->
<mark id="norm_1053" xlink:href="#tok_1053"/><!-- ⲕⲁⲗⲱⲥ -->
<mark id="norm_1054" xlink:href="#tok_1054"/><!-- ϥ -->
<mark id="norm_1055" xlink:href="#tok_1055"/><!-- ⲛⲁ -->
<mark id="norm_1056" xlink:href="#tok_1056"/><!-- ⲁⲁ -->
<mark id="norm_1057" xlink:href="#tok_1057"/><!-- ⲥ -->
<mark id="norm_1058" xlink:href="#tok_1058"/><!-- . -->
<mark id="norm_1059" xlink:href="#tok_1059"/><!-- ⲁⲩⲱ -->
<mark id="norm_1060" xlink:href="#tok_1060"/><!-- ⲡⲉⲧⲉⲛϥⲛⲁⲧⲁⲁⲥ -->
<mark id="norm_1061" xlink:href="#tok_1061"/><!-- ⲁⲛ -->
<mark id="norm_1062" xlink:href="#tok_1062"/><!-- ⲉϥⲛⲁⲣⲟⲩϩⲟⲩⲟ -->
<mark id="norm_1063" xlink:href="#tok_1063"/><!-- . -->
<mark id="norm_1064" xlink:href="#tok_1064"/><!-- ⲧⲉ -->
<mark id="norm_1065" xlink:href="#tok_1065"/><!-- ⲥϩⲓⲙⲉ -->
<mark id="norm_1066" xlink:href="#tok_1066"/><!-- ⲙⲏⲣ -->
<mark id="norm_1067" xlink:href="#tok_1067"/><!-- ⲉ -->
<mark id="norm_1068" xlink:href="#tok_1068"/><!-- ⲡ -->
<mark id="norm_1069" xlink:href="#tok_1069"/><!-- ϩⲟⲥⲟⲛ -->
<mark id="norm_1070" xlink:href="#tok_1070"/><!-- ⲡⲉ -->
<mark id="norm_1071" xlink:href="#tok_1071"/><!-- ⲩⲟⲉⲓϣ -->
<mark id="norm_1072" xlink:href="#tok_1072"/><!-- ⲡⲉⲥ -->
<mark id="norm_1073" xlink:href="#tok_1073"/><!-- ϩⲁⲓ -->
<mark id="norm_1074" xlink:href="#tok_1074"/><!-- ⲟⲛϩ -->
<mark id="norm_1075" xlink:href="#tok_1075"/><!-- ⲉⲣϣⲁⲛ -->
<mark id="norm_1076" xlink:href="#tok_1076"/><!-- ⲡⲉⲥ -->
<mark id="norm_1077" xlink:href="#tok_1077"/><!-- ϩⲁⲓ -->
<mark id="norm_1078" xlink:href="#tok_1078"/><!-- ⲇⲉ -->
<mark id="norm_1079" xlink:href="#tok_1079"/><!-- ⲙⲟⲩ -->
<mark id="norm_1080" xlink:href="#tok_1080"/><!-- ⲟⲩⲣⲙϩⲏ -->
<mark id="norm_1081" xlink:href="#tok_1081"/><!-- ⲧⲉ -->
<mark id="norm_1082" xlink:href="#tok_1082"/><!-- ⲉ -->
<mark id="norm_1083" xlink:href="#tok_1083"/><!-- ϩⲙⲟⲟⲥ -->
<mark id="norm_1084" xlink:href="#tok_1084"/><!-- ⲙⲛ -->
<mark id="norm_1085" xlink:href="#tok_1085"/><!-- ⲡⲉⲧⲉϩⲛⲁⲥ -->
<mark id="norm_1086" xlink:href="#tok_1086"/><!-- ⲙⲟⲛⲟⲛ -->
<mark id="norm_1087" xlink:href="#tok_1087"/><!-- ϩⲙ -->
<mark id="norm_1088" xlink:href="#tok_1088"/><!-- ⲡ -->
<mark id="norm_1089" xlink:href="#tok_1089"/><!-- ϫⲟⲉⲓⲥ -->
<mark id="norm_1090" xlink:href="#tok_1090"/><!-- . -->
<mark id="norm_1091" xlink:href="#tok_1091"/><!-- ⲛⲁⲓⲁⲧ -->
<mark id="norm_1092" xlink:href="#tok_1092"/><!-- ⲥ -->
<mark id="norm_1093" xlink:href="#tok_1093"/><!-- ⲇⲉ -->
<mark id="norm_1094" xlink:href="#tok_1094"/><!-- ⲛϩⲟⲩⲟ -->
<mark id="norm_1095" xlink:href="#tok_1095"/><!-- ⲉⲥϣⲁⲛ -->
<mark id="norm_1096" xlink:href="#tok_1096"/><!-- ϭⲱ -->
<mark id="norm_1097" xlink:href="#tok_1097"/><!-- ⲛⲧⲉⲉⲓϩⲉ -->
<mark id="norm_1098" xlink:href="#tok_1098"/><!-- ⲕⲁⲧⲁ -->
<mark id="norm_1099" xlink:href="#tok_1099"/><!-- ⲧⲁ -->
<mark id="norm_1100" xlink:href="#tok_1100"/><!-- ⲅⲛⲱⲙⲏ -->
<mark id="norm_1101" xlink:href="#tok_1101"/><!-- . -->
<mark id="norm_1102" xlink:href="#tok_1102"/><!-- ϯ -->
<mark id="norm_1103" xlink:href="#tok_1103"/><!-- ϫⲱ -->
<mark id="norm_1104" xlink:href="#tok_1104"/><!-- ⲅⲁⲣ -->
<mark id="norm_1105" xlink:href="#tok_1105"/><!-- ⲙⲙⲟ -->
<mark id="norm_1106" xlink:href="#tok_1106"/><!-- ⲥ -->
<mark id="norm_1107" xlink:href="#tok_1107"/><!-- ϩⲱ -->
<mark id="norm_1108" xlink:href="#tok_1108"/><!-- ϫⲉ -->
<mark id="norm_1109" xlink:href="#tok_1109"/><!-- ⲟⲩⲛⲧⲁ -->
<mark id="norm_1110" xlink:href="#tok_1110"/><!-- ⲓ -->
<mark id="norm_1111" xlink:href="#tok_1111"/><!-- ⲙⲙⲁⲩ -->
<mark id="norm_1112" xlink:href="#tok_1112"/><!-- ⲙ -->
<mark id="norm_1113" xlink:href="#tok_1113"/><!-- ⲡⲉ -->
<mark id="norm_1114" xlink:href="#tok_1114"/><!-- ⲡⲛⲉⲩⲙⲁ -->
<mark id="norm_1115" xlink:href="#tok_1115"/><!-- ⲙ -->
<mark id="norm_1116" xlink:href="#tok_1116"/><!-- ⲡ -->
<mark id="norm_1117" xlink:href="#tok_1117"/><!-- ⲛⲟⲩⲧⲉ -->
<mark id="norm_1118" xlink:href="#tok_1118"/><!-- . -->
</markList>
</paula>
