<?xml version="1.0" encoding="UTF-8" standalone="no"?>

<!DOCTYPE paula SYSTEM "paula_feat.dtd">
<paula version="1.0">

<header paula_id="sahidica.nt.1_Corinthians_7_norm_group"/>

<featList xmlns:xlink="http://www.w3.org/1999/xlink" type="norm_group" xml:base="sahidica.nt.1_Corinthians_7.norm_groupSeg.xml">
<feat xlink:href="#norm_group_1" value="ⲉⲧⲃⲉ"/><!-- ⲉⲧⲃⲉ -->
<feat xlink:href="#norm_group_2" value="ⲛⲉⲛⲧⲁⲧⲉⲧⲛⲥϩⲁⲓⲥⲟⲩ"/><!-- ⲛⲉⲛⲧⲁⲧⲉⲧⲛⲥϩⲁⲓⲥⲟⲩ -->
<feat xlink:href="#norm_group_3" value="ⲇⲉ"/><!-- ⲇⲉ -->
<feat xlink:href="#norm_group_4" value="ⲛⲁⲓ"/><!-- ⲛⲁⲓ -->
<feat xlink:href="#norm_group_5" value="ⲛⲁⲛⲟⲩⲥ"/><!-- ⲛⲁⲛⲟⲩ...ⲥ -->
<feat xlink:href="#norm_group_7" value="ⲙⲡⲣⲱⲙⲉ"/><!-- ⲙ...ⲣⲱⲙⲉ -->
<feat xlink:href="#norm_group_10" value="ⲉⲧⲙϫⲱϩ"/><!-- ⲉ...ϫⲱϩ -->
<feat xlink:href="#norm_group_13" value="ⲉⲥϩⲓⲙⲉ"/><!-- ⲉ...ⲥϩⲓⲙⲉ -->
<feat xlink:href="#norm_group_15" value="."/><!-- . -->
<feat xlink:href="#norm_group_16" value="ⲉⲧⲃⲉ"/><!-- ⲉⲧⲃⲉ -->
<feat xlink:href="#norm_group_17" value="ⲙⲡⲟⲣⲛⲉⲓⲁ"/><!-- ⲙ...ⲡⲟⲣⲛⲉⲓⲁ -->
<feat xlink:href="#norm_group_19" value="ⲇⲉ"/><!-- ⲇⲉ -->
<feat xlink:href="#norm_group_20" value="ⲙⲁⲣⲉ"/><!-- ⲙⲁⲣⲉ -->
<feat xlink:href="#norm_group_21" value="ⲡⲟⲩⲁ"/><!-- ⲡ...ⲟⲩⲁ -->
<feat xlink:href="#norm_group_23" value="ⲡⲟⲩⲁ"/><!-- ⲡ...ⲟⲩⲁ -->
<feat xlink:href="#norm_group_25" value="ϫⲓ"/><!-- ϫⲓ -->
<feat xlink:href="#norm_group_26" value="ⲛⲁϥ"/><!-- ⲛⲁ...ϥ -->
<feat xlink:href="#norm_group_28" value="ⲛⲧⲉϥⲥϩⲓⲙⲉ"/><!-- ⲛ...ⲥϩⲓⲙⲉ -->
<feat xlink:href="#norm_group_31" value="."/><!-- . -->
<feat xlink:href="#norm_group_32" value="ⲁⲩⲱ"/><!-- ⲁⲩⲱ -->
<feat xlink:href="#norm_group_33" value="ⲙⲁⲣⲉ"/><!-- ⲙⲁⲣⲉ -->
<feat xlink:href="#norm_group_34" value="ⲧⲟⲩⲉⲓ"/><!-- ⲧ...ⲟⲩⲉⲓ -->
<feat xlink:href="#norm_group_36" value="ⲧⲟⲩⲉⲓ"/><!-- ⲧ...ⲟⲩⲉⲓ -->
<feat xlink:href="#norm_group_38" value="ϫⲓ"/><!-- ϫⲓ -->
<feat xlink:href="#norm_group_39" value="ⲛⲁⲥ"/><!-- ⲛⲁ...ⲥ -->
<feat xlink:href="#norm_group_41" value="ⲙⲡⲉⲥϩⲁⲓ"/><!-- ⲙ...ϩⲁⲓ -->
<feat xlink:href="#norm_group_44" value="."/><!-- . -->
<feat xlink:href="#norm_group_45" value="ⲡϩⲟⲟⲩⲧ"/><!-- ⲡ...ϩⲟⲟⲩⲧ -->
<feat xlink:href="#norm_group_47" value="ⲙⲁⲣⲉϥϯ"/><!-- ⲙⲁⲣⲉ...ϯ -->
<feat xlink:href="#norm_group_50" value="ⲙⲡⲉⲧⲉⲣⲟϥ"/><!-- ⲙ...ϥ -->
<feat xlink:href="#norm_group_55" value="ⲛⲧⲉϥⲥϩⲓⲙⲉ"/><!-- ⲛ...ⲥϩⲓⲙⲉ -->
<feat xlink:href="#norm_group_58" value="."/><!-- . -->
<feat xlink:href="#norm_group_59" value="ϩⲟⲙⲟⲓⲱⲥ"/><!-- ϩⲟⲙⲟⲓⲱⲥ -->
<feat xlink:href="#norm_group_60" value="ⲇⲉ"/><!-- ⲇⲉ -->
<feat xlink:href="#norm_group_61" value="ⲧⲕⲉⲥϩⲓⲙⲉ"/><!-- ⲧⲕⲉⲥϩⲓⲙⲉ -->
<feat xlink:href="#norm_group_62" value="ⲙⲁⲣⲉⲥϯ"/><!-- ⲙⲁⲣⲉ...ϯ -->
<feat xlink:href="#norm_group_65" value="ⲙⲡⲉⲧⲉⲣⲟⲥ"/><!-- ⲙ...ⲥ -->
<feat xlink:href="#norm_group_70" value="ⲙⲡⲉⲥϩⲁⲓ"/><!-- ⲙ...ϩⲁⲓ -->
<feat xlink:href="#norm_group_73" value="."/><!-- . -->
<feat xlink:href="#norm_group_74" value="ⲧⲉⲥϩⲓⲙⲉ"/><!-- ⲧⲉ...ⲥϩⲓⲙⲉ -->
<feat xlink:href="#norm_group_76" value="ⲟⲙⲡϫⲟⲉⲓⲥ"/><!-- ⲟⲙⲡϫⲟⲉⲓⲥ -->
<feat xlink:href="#norm_group_77" value="ⲁⲛ"/><!-- ⲁⲛ -->
<feat xlink:href="#norm_group_78" value="ⲙⲡⲉⲥⲥⲱⲙⲁ"/><!-- ⲙ...ⲥⲱⲙⲁ -->
<feat xlink:href="#norm_group_81" value="ⲁⲗⲗⲁ"/><!-- ⲁⲗⲗⲁ -->
<feat xlink:href="#norm_group_82" value="ⲡⲉⲥϩⲁⲓ"/><!-- ⲡⲉⲥ...ϩⲁⲓ -->
<feat xlink:href="#norm_group_84" value="ⲡⲉ"/><!-- ⲡⲉ -->
<feat xlink:href="#norm_group_85" value="."/><!-- . -->
<feat xlink:href="#norm_group_86" value="ϩⲟⲙⲟⲓⲱⲥ"/><!-- ϩⲟⲙⲟⲓⲱⲥ -->
<feat xlink:href="#norm_group_87" value="ⲇⲉ"/><!-- ⲇⲉ -->
<feat xlink:href="#norm_group_88" value="ⲙⲡϩⲁⲓ"/><!-- ⲙ...ϩⲁⲓ -->
<feat xlink:href="#norm_group_91" value="ⲟⲙⲡϫⲟⲉⲓⲥ"/><!-- ⲟⲙⲡϫⲟⲉⲓⲥ -->
<feat xlink:href="#norm_group_92" value="ⲁⲛ"/><!-- ⲁⲛ -->
<feat xlink:href="#norm_group_93" value="ⲙⲡⲉϥⲥⲱⲙⲁ"/><!-- ⲙ...ⲥⲱⲙⲁ -->
<feat xlink:href="#norm_group_96" value="."/><!-- . -->
<feat xlink:href="#norm_group_97" value="ⲁⲗⲗⲁ"/><!-- ⲁⲗⲗⲁ -->
<feat xlink:href="#norm_group_98" value="ⲧⲉϥⲥϩⲓⲙⲉ"/><!-- ⲧⲉϥ...ⲥϩⲓⲙⲉ -->
<feat xlink:href="#norm_group_100" value="ⲧⲉ"/><!-- ⲧⲉ -->
<feat xlink:href="#norm_group_101" value="."/><!-- . -->
<feat xlink:href="#norm_group_102" value="ⲙⲡⲣϥⲉϭ"/><!-- ⲙⲡⲣ...ϥⲉϭ -->
<feat xlink:href="#norm_group_104" value="ⲛⲉⲧⲛⲉⲣⲏⲩ"/><!-- ⲛⲉⲧⲛ...ⲉⲣⲏⲩ -->
<feat xlink:href="#norm_group_106" value="ⲉⲓⲙⲏⲧⲓ"/><!-- ⲉⲓⲙⲏⲧⲓ -->
<feat xlink:href="#norm_group_107" value="ϩⲛ"/><!-- ϩⲛ -->
<feat xlink:href="#norm_group_108" value="ⲟⲩϣⲱⲛⲃ"/><!-- ⲟⲩϣⲱⲛⲃ -->
<feat xlink:href="#norm_group_109" value="ⲡⲣⲟⲥ"/><!-- ⲡⲣⲟⲥ -->
<feat xlink:href="#norm_group_110" value="ⲟⲩⲟⲉⲓϣ"/><!-- ⲟⲩⲟⲉⲓϣ -->
<feat xlink:href="#norm_group_111" value="ϫⲉ"/><!-- ϫⲉ -->
<feat xlink:href="#norm_group_112" value="ⲉⲧⲉⲧⲛⲉⲥⲣϥⲉ"/><!-- ⲉⲧⲉⲧⲛⲉ...ⲥⲣϥⲉ -->
<feat xlink:href="#norm_group_114" value="ⲉⲡⲉϣⲗⲏⲗ"/><!-- ⲉⲡⲉϣⲗⲏⲗ -->
<feat xlink:href="#norm_group_115" value="."/><!-- . -->
<feat xlink:href="#norm_group_116" value="ⲁⲩⲱ"/><!-- ⲁⲩⲱ -->
<feat xlink:href="#norm_group_117" value="ⲟⲛ"/><!-- ⲟⲛ -->
<feat xlink:href="#norm_group_118" value="ⲛⲧⲉⲧⲛ"/><!-- ⲛⲧⲉⲧⲛ -->
<feat xlink:href="#norm_group_119" value="ⲉⲓ"/><!-- ⲉ...ⲓ -->
<feat xlink:href="#norm_group_121" value="ⲉⲧⲟⲩⲉⲛ"/><!-- ⲉⲧ...ⲟⲩⲉⲛ -->
<feat xlink:href="#norm_group_123" value="ⲛⲉⲧⲛⲉⲣⲏⲩ"/><!-- ⲛⲉⲧⲛ...ⲉⲣⲏⲩ -->
<feat xlink:href="#norm_group_125" value="ϫⲉ"/><!-- ϫⲉ -->
<feat xlink:href="#norm_group_126" value="ⲛⲛⲉ"/><!-- ⲛⲛⲉ -->
<feat xlink:href="#norm_group_127" value="ⲡⲥⲁⲧⲁⲛⲁⲥ"/><!-- ⲡ...ⲥⲁⲧⲁⲛⲁⲥ -->
<feat xlink:href="#norm_group_129" value="ⲡⲉⲓⲣⲁⲍⲉ"/><!-- ⲡⲉⲓⲣⲁⲍⲉ -->
<feat xlink:href="#norm_group_130" value="ⲙⲙⲱⲧⲛ"/><!-- ⲙⲙⲱ...ⲧⲛ -->
<feat xlink:href="#norm_group_132" value="ⲉⲧⲃⲉ"/><!-- ⲉⲧⲃⲉ -->
<feat xlink:href="#norm_group_133" value="ⲧⲉⲧⲛⲙⲛⲧⲁⲧⲁⲙⲁϩⲧⲉ"/><!-- ⲧⲉⲧⲛⲙⲛⲧⲁⲧⲁⲙⲁϩⲧⲉ -->
<feat xlink:href="#norm_group_134" value="."/><!-- . -->
<feat xlink:href="#norm_group_135" value="ⲡⲁⲓ"/><!-- ⲡⲁⲓ -->
<feat xlink:href="#norm_group_136" value="ⲇⲉ"/><!-- ⲇⲉ -->
<feat xlink:href="#norm_group_137" value="ⲉⲓϫⲱ"/><!-- ⲉ...ϫⲱ -->
<feat xlink:href="#norm_group_140" value="ⲙⲙⲟϥ"/><!-- ⲙⲙⲟ...ϥ -->
<feat xlink:href="#norm_group_142" value="ⲕⲁⲧⲁ"/><!-- ⲕⲁⲧⲁ -->
<feat xlink:href="#norm_group_143" value="ⲟⲩⲥⲩⲛⲅⲛⲱⲙⲏ"/><!-- ⲟⲩⲥⲩⲛⲅⲛⲱⲙⲏ -->
<feat xlink:href="#norm_group_144" value="."/><!-- . -->
<feat xlink:href="#norm_group_145" value="ⲛⲕⲁⲧⲁ"/><!-- ⲛⲕⲁⲧⲁ -->
<feat xlink:href="#norm_group_146" value="ⲟⲩⲉϩⲥⲁϩⲛⲉ"/><!-- ⲟⲩⲉϩⲥⲁϩⲛⲉ -->
<feat xlink:href="#norm_group_147" value="ⲁⲛ"/><!-- ⲁⲛ -->
<feat xlink:href="#norm_group_148" value="."/><!-- . -->
<feat xlink:href="#norm_group_149" value="ϯⲟⲩⲱϣ"/><!-- ϯ...ⲟⲩⲱϣ -->
<feat xlink:href="#norm_group_151" value="ⲅⲁⲣ"/><!-- ⲅⲁⲣ -->
<feat xlink:href="#norm_group_152" value="ⲉⲧⲣⲉ"/><!-- ⲉⲧ...ⲣⲉ -->
<feat xlink:href="#norm_group_154" value="ⲣⲱⲙⲉ"/><!-- ⲣⲱⲙⲉ -->
<feat xlink:href="#norm_group_155" value="ⲛⲓⲙ"/><!-- ⲛⲓⲙ -->
<feat xlink:href="#norm_group_156" value="ϣⲱⲡⲉ"/><!-- ϣⲱⲡⲉ -->
<feat xlink:href="#norm_group_157" value="ⲛⲧⲁϩⲉ"/><!-- ⲛ...ϩⲉ -->
<feat xlink:href="#norm_group_160" value="ⲁⲗⲗⲁ"/><!-- ⲁⲗⲗⲁ -->
<feat xlink:href="#norm_group_161" value="ⲟⲩⲛⲧⲉ"/><!-- ⲟⲩⲛⲧⲉ -->
<feat xlink:href="#norm_group_162" value="ⲡⲟⲩⲁ"/><!-- ⲡ...ⲟⲩⲁ -->
<feat xlink:href="#norm_group_164" value="ⲡⲟⲩⲁ"/><!-- ⲡ...ⲟⲩⲁ -->
<feat xlink:href="#norm_group_166" value="ⲟⲩⲭⲁⲣⲓⲥⲙⲁ"/><!-- ⲟⲩ...ⲭⲁⲣⲓⲥⲙⲁ -->
<feat xlink:href="#norm_group_168" value="ⲉⲃⲟⲗ"/><!-- ⲉⲃⲟⲗ -->
<feat xlink:href="#norm_group_169" value="ϩⲓⲧⲙ"/><!-- ϩⲓⲧⲙ -->
<feat xlink:href="#norm_group_170" value="ⲡⲛⲟⲩⲧⲉ"/><!-- ⲡ...ⲛⲟⲩⲧⲉ -->
<feat xlink:href="#norm_group_172" value="ⲟⲩⲁ"/><!-- ⲟⲩⲁ -->
<feat xlink:href="#norm_group_173" value="ⲙⲉⲛ"/><!-- ⲙⲉⲛ -->
<feat xlink:href="#norm_group_174" value="ϩⲓⲛⲁⲓ"/><!-- ϩⲓⲛⲁⲓ -->
<feat xlink:href="#norm_group_175" value="ⲕⲉⲧ"/><!-- ⲕⲉⲧ -->
<feat xlink:href="#norm_group_176" value="ⲇⲉ"/><!-- ⲇⲉ -->
<feat xlink:href="#norm_group_177" value="ⲛⲧⲉⲓϩⲉ"/><!-- ⲛ...ϩⲉ -->
<feat xlink:href="#norm_group_180" value="."/><!-- . -->
<feat xlink:href="#norm_group_181" value="ϯϫⲱ"/><!-- ϯ...ϫⲱ -->
<feat xlink:href="#norm_group_183" value="ⲇⲉ"/><!-- ⲇⲉ -->
<feat xlink:href="#norm_group_184" value="ⲙⲙⲟⲥ"/><!-- ⲙⲙⲟ...ⲥ -->
<feat xlink:href="#norm_group_186" value="ⲛⲛⲉⲧⲉⲙⲛⲧⲟⲩ"/><!-- ⲛⲛⲉⲧⲉⲙⲛⲧⲟⲩ -->
<feat xlink:href="#norm_group_187" value="ⲥϩⲓⲙⲉ"/><!-- ⲥϩⲓⲙⲉ -->
<feat xlink:href="#norm_group_188" value="ⲙⲛ"/><!-- ⲙⲛ -->
<feat xlink:href="#norm_group_189" value="ⲛⲉⲭⲏⲣⲁ"/><!-- ⲛⲉ...ⲭⲏⲣⲁ -->
<feat xlink:href="#norm_group_191" value="ϫⲉ"/><!-- ϫⲉ -->
<feat xlink:href="#norm_group_192" value="ⲛⲁⲛⲟⲩⲥ"/><!-- ⲛⲁⲛⲟⲩ...ⲥ -->
<feat xlink:href="#norm_group_194" value="ⲛⲁⲩ"/><!-- ⲛⲁ...ⲩ -->
<feat xlink:href="#norm_group_196" value="ⲉϭⲱ"/><!-- ⲉ...ϭⲱ -->
<feat xlink:href="#norm_group_198" value="ⲛⲧⲁϩⲉ"/><!-- ⲛ...ϩⲉ -->
<feat xlink:href="#norm_group_201" value="ϩⲱ"/><!-- ϩⲱ -->
<feat xlink:href="#norm_group_202" value="."/><!-- . -->
<feat xlink:href="#norm_group_203" value="ⲉϣⲱⲡⲉ"/><!-- ⲉϣⲱⲡⲉ -->
<feat xlink:href="#norm_group_204" value="ⲇⲉ"/><!-- ⲇⲉ -->
<feat xlink:href="#norm_group_205" value="ⲉⲛⲥⲉⲛⲁⲉϣⲉⲅⲕⲣⲁⲧⲉⲩⲉ"/><!-- ⲉⲛⲥⲉⲛⲁⲉϣⲉⲅⲕⲣⲁⲧⲉⲩⲉ -->
<feat xlink:href="#norm_group_206" value="ⲁⲛ"/><!-- ⲁⲛ -->
<feat xlink:href="#norm_group_207" value="ⲙⲙⲟⲟⲩ"/><!-- ⲙⲙⲟ...ⲟⲩ -->
<feat xlink:href="#norm_group_209" value="ⲙⲁⲣⲟⲩϫⲓ"/><!-- ⲙⲁⲣⲟⲩϫⲓ -->
<feat xlink:href="#norm_group_210" value="."/><!-- . -->
<feat xlink:href="#norm_group_211" value="ⲛⲁⲛⲟⲩ"/><!-- ⲛⲁ...ⲛⲟⲩ -->
<feat xlink:href="#norm_group_213" value="ϫⲓ"/><!-- ϫⲓ -->
<feat xlink:href="#norm_group_214" value="ⲅⲁⲣ"/><!-- ⲅⲁⲣ -->
<feat xlink:href="#norm_group_215" value="ⲉϩⲟⲩⲉⲣⲱⲕϩ"/><!-- ⲉϩⲟⲩⲉⲣⲱⲕϩ -->
<feat xlink:href="#norm_group_216" value="."/><!-- . -->
<feat xlink:href="#norm_group_217" value="ⲛⲉⲛⲧⲁⲩϫⲓ"/><!-- ⲛ...ϫⲓ -->
<feat xlink:href="#norm_group_222" value="ⲇⲉ"/><!-- ⲇⲉ -->
<feat xlink:href="#norm_group_223" value="ϯⲡⲁⲣⲁⲅⲅⲉⲓⲗⲉ"/><!-- ϯ...ⲡⲁⲣⲁⲅⲅⲉⲓⲗⲉ -->
<feat xlink:href="#norm_group_225" value="ⲛⲁⲩ"/><!-- ⲛⲁ...ⲩ -->
<feat xlink:href="#norm_group_227" value="ⲁⲛⲟⲕ"/><!-- ⲁⲛⲟⲕ -->
<feat xlink:href="#norm_group_228" value="ⲁⲛ"/><!-- ⲁⲛ -->
<feat xlink:href="#norm_group_229" value="ⲁⲗⲗⲁ"/><!-- ⲁⲗⲗⲁ -->
<feat xlink:href="#norm_group_230" value="ⲡϫⲟⲉⲓⲥ"/><!-- ⲡ...ϫⲟⲉⲓⲥ -->
<feat xlink:href="#norm_group_232" value="ⲉⲧⲙⲧⲣⲉ"/><!-- ⲉⲧⲙⲧⲣⲉ -->
<feat xlink:href="#norm_group_233" value="ⲧⲉⲥϩⲓⲙⲉ"/><!-- ⲧⲉ...ⲥϩⲓⲙⲉ -->
<feat xlink:href="#norm_group_235" value="ⲡⲱⲣϫ"/><!-- ⲡ...ⲱⲣϫ -->
<feat xlink:href="#norm_group_237" value="ⲉⲡⲉⲥϩⲁⲓ"/><!-- ⲉ...ϩⲁⲓ -->
<feat xlink:href="#norm_group_240" value="."/><!-- . -->
<feat xlink:href="#norm_group_241" value="ⲉϣⲱⲡⲉ"/><!-- ⲉϣⲱⲡⲉ -->
<feat xlink:href="#norm_group_242" value="ⲇⲉ"/><!-- ⲇⲉ -->
<feat xlink:href="#norm_group_243" value="ⲉⲥϣⲁⲛⲡⲱⲣϫ"/><!-- ⲉⲥϣⲁⲛ...ⲡⲱⲣϫ -->
<feat xlink:href="#norm_group_245" value="ⲙⲁⲣⲉⲥϭⲱ"/><!-- ⲙⲁⲣⲉ...ϭⲱ -->
<feat xlink:href="#norm_group_248" value="ⲛⲧⲉⲓϩⲉ"/><!-- ⲛ...ϩⲉ -->
<feat xlink:href="#norm_group_251" value="."/><!-- . -->
<feat xlink:href="#norm_group_252" value="ⲏⲛⲥϩⲱⲧⲡ"/><!-- ⲏⲛⲥϩⲱⲧⲡ -->
<feat xlink:href="#norm_group_253" value="ⲉⲡⲉⲥϩⲁⲓ"/><!-- ⲉ...ϩⲁⲓ -->
<feat xlink:href="#norm_group_256" value="."/><!-- . -->
<feat xlink:href="#norm_group_257" value="ⲁⲩⲱ"/><!-- ⲁⲩⲱ -->
<feat xlink:href="#norm_group_258" value="ⲡϩⲟⲟⲩⲧ"/><!-- ⲡ...ϩⲟⲟⲩⲧ -->
<feat xlink:href="#norm_group_260" value="ⲉⲧⲙⲧⲣⲉϥⲕⲱ"/><!-- ⲉ...ⲕⲱ -->
<feat xlink:href="#norm_group_265" value="ⲛⲥⲱϥ"/><!-- ⲛⲥⲱ...ϥ -->
<feat xlink:href="#norm_group_267" value="ⲛⲧⲉϥⲥϩⲓⲙⲉ"/><!-- ⲛ...ⲥϩⲓⲙⲉ -->
<feat xlink:href="#norm_group_270" value="."/><!-- . -->
<feat xlink:href="#norm_group_271" value="ϯϫⲱ"/><!-- ϯ...ϫⲱ -->
<feat xlink:href="#norm_group_273" value="ⲇⲉ"/><!-- ⲇⲉ -->
<feat xlink:href="#norm_group_274" value="ⲙⲙⲟⲥ"/><!-- ⲙⲙⲟ...ⲥ -->
<feat xlink:href="#norm_group_276" value="ⲙⲡⲕⲉⲥⲉⲉⲡⲉ"/><!-- ⲙ...ⲕⲉⲥⲉⲉⲡⲉ -->
<feat xlink:href="#norm_group_279" value="ⲁⲛⲟⲕ"/><!-- ⲁⲛⲟⲕ -->
<feat xlink:href="#norm_group_280" value="ⲙⲡϫⲟⲉⲓⲥ"/><!-- ⲙ...ϫⲟⲉⲓⲥ -->
<feat xlink:href="#norm_group_283" value="ⲁⲛ"/><!-- ⲁⲛ -->
<feat xlink:href="#norm_group_284" value="ϫⲉ"/><!-- ϫⲉ -->
<feat xlink:href="#norm_group_285" value="ⲉϣⲱⲡⲉ"/><!-- ⲉϣⲱⲡⲉ -->
<feat xlink:href="#norm_group_286" value="ⲟⲩⲥⲟⲛ"/><!-- ⲟⲩ...ⲥⲟⲛ -->
<feat xlink:href="#norm_group_288" value="ⲉⲩⲛⲧⲁϥ"/><!-- ⲉ...ⲁϥ -->
<feat xlink:href="#norm_group_293" value="ⲙⲙⲁⲩ"/><!-- ⲙⲙⲁⲩ -->
<feat xlink:href="#norm_group_294" value="ⲛⲟⲩⲥϩⲓⲙⲉ"/><!-- ⲛ...ⲥϩⲓⲙⲉ -->
<feat xlink:href="#norm_group_297" value="ⲛⲁⲡⲓⲥⲧⲟⲥ"/><!-- ⲛ...ⲁⲡⲓⲥⲧⲟⲥ -->
<feat xlink:href="#norm_group_299" value="ⲁⲩⲱ"/><!-- ⲁⲩⲱ -->
<feat xlink:href="#norm_group_300" value="ⲉⲥⲟⲩⲱϣ"/><!-- ⲉ...ⲟⲩⲱϣ -->
<feat xlink:href="#norm_group_303" value="ⲉϭⲱ"/><!-- ⲉ...ϭⲱ -->
<feat xlink:href="#norm_group_305" value="ⲛⲙⲙⲁϥ"/><!-- ⲛⲙⲙⲁ...ϥ -->
<feat xlink:href="#norm_group_307" value="ⲙⲡⲣⲧⲣⲉϥⲗⲟ"/><!-- ⲙⲡⲣⲧⲣⲉ...ⲗⲟ -->
<feat xlink:href="#norm_group_310" value="ϩⲁⲣⲟⲥ"/><!-- ϩⲁⲣⲟ...ⲥ -->
<feat xlink:href="#norm_group_312" value="."/><!-- . -->
<feat xlink:href="#norm_group_313" value="ⲁⲩⲱ"/><!-- ⲁⲩⲱ -->
<feat xlink:href="#norm_group_314" value="ⲉϣⲱⲡⲉ"/><!-- ⲉϣⲱⲡⲉ -->
<feat xlink:href="#norm_group_315" value="ⲟⲩⲥϩⲓⲙⲉ"/><!-- ⲟⲩ...ⲥϩⲓⲙⲉ -->
<feat xlink:href="#norm_group_317" value="ⲉⲩⲛⲧⲁⲥ"/><!-- ⲉ...ⲁⲥ -->
<feat xlink:href="#norm_group_322" value="ⲙⲙⲁⲩ"/><!-- ⲙⲙⲁⲩ -->
<feat xlink:href="#norm_group_323" value="ⲛⲟⲩϩⲁⲓ"/><!-- ⲛ...ϩⲁⲓ -->
<feat xlink:href="#norm_group_326" value="ⲛⲁⲡⲓⲥⲧⲟⲥ"/><!-- ⲛ...ⲁⲡⲓⲥⲧⲟⲥ -->
<feat xlink:href="#norm_group_328" value="ⲉϥⲟⲩⲱϣ"/><!-- ⲉ...ⲟⲩⲱϣ -->
<feat xlink:href="#norm_group_331" value="ⲉϭⲱ"/><!-- ⲉ...ϭⲱ -->
<feat xlink:href="#norm_group_333" value="ⲛⲙⲙⲁⲥ"/><!-- ⲛⲙⲙⲁ...ⲥ -->
<feat xlink:href="#norm_group_335" value="ⲙⲡⲣⲧⲣⲉⲥⲗⲟ"/><!-- ⲙⲡⲣⲧⲣⲉ...ⲗⲟ -->
<feat xlink:href="#norm_group_338" value="ϩⲁ"/><!-- ϩⲁ -->
<feat xlink:href="#norm_group_339" value="ⲡϩⲁⲓ"/><!-- ⲡ...ϩⲁⲓ -->
<feat xlink:href="#norm_group_341" value="."/><!-- . -->
<feat xlink:href="#norm_group_342" value="ⲁϥⲧⲃⲃⲟ"/><!-- ⲁ...ⲧⲃⲃⲟ -->
<feat xlink:href="#norm_group_345" value="ⲅⲁⲣ"/><!-- ⲅⲁⲣ -->
<feat xlink:href="#norm_group_346" value="ⲛϭⲓ"/><!-- ⲛϭⲓ -->
<feat xlink:href="#norm_group_347" value="ⲡϩⲁⲓ"/><!-- ⲡ...ϩⲁⲓ -->
<feat xlink:href="#norm_group_349" value="ⲛⲁⲡⲓⲥⲧⲟⲥ"/><!-- ⲛ...ⲁⲡⲓⲥⲧⲟⲥ -->
<feat xlink:href="#norm_group_351" value="ϩⲛ"/><!-- ϩⲛ -->
<feat xlink:href="#norm_group_352" value="ⲧⲉⲥϩⲓⲙⲉ"/><!-- ⲧⲉ...ⲥϩⲓⲙⲉ -->
<feat xlink:href="#norm_group_354" value="ⲁⲩⲱ"/><!-- ⲁⲩⲱ -->
<feat xlink:href="#norm_group_355" value="ⲁⲥⲧⲃⲃⲟ"/><!-- ⲁ...ⲧⲃⲃⲟ -->
<feat xlink:href="#norm_group_358" value="ⲛϭⲓ"/><!-- ⲛϭⲓ -->
<feat xlink:href="#norm_group_359" value="ⲧⲉⲥϩⲓⲙⲉ"/><!-- ⲧⲉ...ⲥϩⲓⲙⲉ -->
<feat xlink:href="#norm_group_361" value="ⲛⲁⲡⲓⲥⲧⲟⲥ"/><!-- ⲛ...ⲁⲡⲓⲥⲧⲟⲥ -->
<feat xlink:href="#norm_group_363" value="ϩⲙ"/><!-- ϩⲙ -->
<feat xlink:href="#norm_group_364" value="ⲡⲥⲟⲛ"/><!-- ⲡ...ⲥⲟⲛ -->
<feat xlink:href="#norm_group_366" value="ⲉϣϫⲉ"/><!-- ⲉϣϫⲉ -->
<feat xlink:href="#norm_group_367" value="ⲙⲡⲉ"/><!-- ⲙⲡⲉ -->
<feat xlink:href="#norm_group_368" value="ⲉⲓⲉ"/><!-- ⲉⲓⲉ -->
<feat xlink:href="#norm_group_369" value="ⲛⲉⲧⲛϣⲏⲣⲉ"/><!-- ⲛⲉⲧⲛ...ϣⲏⲣⲉ -->
<feat xlink:href="#norm_group_371" value="ϩⲉⲛⲁⲕⲁⲑⲁⲣⲧⲟⲛ"/><!-- ϩⲉⲛ...ⲁⲕⲁⲑⲁⲣⲧⲟⲛ -->
<feat xlink:href="#norm_group_373" value="ⲛⲉ"/><!-- ⲛⲉ -->
<feat xlink:href="#norm_group_374" value="ⲧⲉⲛⲟⲩ"/><!-- ⲧⲉⲛⲟⲩ -->
<feat xlink:href="#norm_group_375" value="ⲇⲉ"/><!-- ⲇⲉ -->
<feat xlink:href="#norm_group_376" value="ⲥⲉⲟⲩⲁⲁⲃ"/><!-- ⲥⲉ...ⲟⲩⲁⲁⲃ -->
<feat xlink:href="#norm_group_378" value="."/><!-- . -->
<feat xlink:href="#norm_group_379" value="ⲉϣϫⲉ"/><!-- ⲉϣϫⲉ -->
<feat xlink:href="#norm_group_380" value="ⲡⲁⲡⲓⲥⲧⲟⲥ"/><!-- ⲡ...ⲁⲡⲓⲥⲧⲟⲥ -->
<feat xlink:href="#norm_group_382" value="ⲇⲉ"/><!-- ⲇⲉ -->
<feat xlink:href="#norm_group_383" value="ⲛⲁⲡⲱⲣϫ"/><!-- ⲛⲁ...ⲱⲣϫ -->
<feat xlink:href="#norm_group_386" value="ⲙⲁⲣⲉϥⲡⲱⲣϫ"/><!-- ⲙⲁⲣⲉ...ⲡⲱⲣϫ -->
<feat xlink:href="#norm_group_389" value="ⲉⲛϥⲟ"/><!-- ⲉ...ϥⲟ -->
<feat xlink:href="#norm_group_392" value="ⲁⲛ"/><!-- ⲁⲛ -->
<feat xlink:href="#norm_group_393" value="ⲛϩⲙϩⲁⲗ"/><!-- ⲛ...ϩⲙϩⲁⲗ -->
<feat xlink:href="#norm_group_395" value="ⲛϭⲓ"/><!-- ⲛϭⲓ -->
<feat xlink:href="#norm_group_396" value="ⲡⲥⲟⲛ"/><!-- ⲡ...ⲥⲟⲛ -->
<feat xlink:href="#norm_group_398" value="ⲏⲧⲥⲱⲛⲉ"/><!-- ⲏⲧⲥⲱⲛⲉ -->
<feat xlink:href="#norm_group_399" value="ϩⲛ"/><!-- ϩⲛ -->
<feat xlink:href="#norm_group_400" value="ⲛⲉⲉⲓϩⲱⲃ"/><!-- ⲛⲉⲉⲓϩⲱⲃ -->
<feat xlink:href="#norm_group_401" value="ⲛⲧⲉⲓⲙⲓⲛⲉ"/><!-- ⲛ...ⲙⲓⲛⲉ -->
<feat xlink:href="#norm_group_404" value="ⲛⲧⲁ"/><!-- ⲛⲧⲁ -->
<feat xlink:href="#norm_group_405" value="ⲡϫⲟⲉⲓⲥ"/><!-- ⲡ...ϫⲟⲉⲓⲥ -->
<feat xlink:href="#norm_group_407" value="ⲅⲁⲣ"/><!-- ⲅⲁⲣ -->
<feat xlink:href="#norm_group_408" value="ⲧⲁϩⲙⲛ"/><!-- ⲧⲁϩⲙ...ⲛ -->
<feat xlink:href="#norm_group_410" value="ϩⲛ"/><!-- ϩⲛ -->
<feat xlink:href="#norm_group_411" value="ⲟⲩⲉⲓⲣⲏⲛⲏ"/><!-- ⲟⲩ...ⲉⲓⲣⲏⲛⲏ -->
<feat xlink:href="#norm_group_413" value="."/><!-- . -->
<feat xlink:href="#norm_group_414" value="ⲟⲩ"/><!-- ⲟⲩ -->
<feat xlink:href="#norm_group_415" value="ⲅⲁⲣ"/><!-- ⲅⲁⲣ -->
<feat xlink:href="#norm_group_416" value="ⲡⲉⲧⲉⲣⲉ"/><!-- ⲡ...ⲉⲧⲉⲣⲉ -->
<feat xlink:href="#norm_group_418" value="ⲥⲟⲟⲩⲛ"/><!-- ⲥⲟⲟⲩⲛ -->
<feat xlink:href="#norm_group_419" value="ⲙⲙⲟϥ"/><!-- ⲙⲙⲟ...ϥ -->
<feat xlink:href="#norm_group_421" value="ⲧⲉⲥϩⲓⲙⲉ"/><!-- ⲧⲉ...ⲥϩⲓⲙⲉ -->
<feat xlink:href="#norm_group_423" value="."/><!-- . -->
<feat xlink:href="#norm_group_424" value="ⲙⲏ"/><!-- ⲙⲏ -->
<feat xlink:href="#norm_group_425" value="ⲧⲉⲛⲁϣⲧⲟⲩϫⲉ"/><!-- ⲧⲉⲛⲁϣⲧⲟⲩϫⲉ -->
<feat xlink:href="#norm_group_426" value="ⲡⲟⲩϩⲁⲓ"/><!-- ⲡⲟⲩϩⲁⲓ -->
<feat xlink:href="#norm_group_427" value="."/><!-- . -->
<feat xlink:href="#norm_group_428" value="ⲁⲩⲱ"/><!-- ⲁⲩⲱ -->
<feat xlink:href="#norm_group_429" value="ⲟⲩ"/><!-- ⲟⲩ -->
<feat xlink:href="#norm_group_430" value="ⲡⲉⲧⲕⲥⲟⲟⲩⲛ"/><!-- ⲡⲉⲧⲕⲥⲟⲟⲩⲛ -->
<feat xlink:href="#norm_group_431" value="ⲙⲙⲟϥ"/><!-- ⲙⲙⲟ...ϥ -->
<feat xlink:href="#norm_group_433" value="ⲡϩⲁⲓ"/><!-- ⲡ...ϩⲁⲓ -->
<feat xlink:href="#norm_group_435" value="ⲙⲏ"/><!-- ⲙⲏ -->
<feat xlink:href="#norm_group_436" value="ⲕⲛⲁϣⲧⲟⲩϫⲉ"/><!-- ⲕⲛⲁϣⲧⲟⲩϫⲉ -->
<feat xlink:href="#norm_group_437" value="ⲧⲉⲕⲥϩⲓⲙⲉ"/><!-- ⲧⲉⲕ...ⲥϩⲓⲙⲉ -->
<feat xlink:href="#norm_group_439" value="."/><!-- . -->
<feat xlink:href="#norm_group_440" value="ⲉⲓⲙⲏ"/><!-- ⲉⲓⲙⲏ -->
<feat xlink:href="#norm_group_441" value="ⲛⲧϩⲉ"/><!-- ⲛ...ϩⲉ -->
<feat xlink:href="#norm_group_444" value="ⲉⲛⲧⲁ"/><!-- ⲉⲛⲧⲁ -->
<feat xlink:href="#norm_group_445" value="ⲡϫⲟⲉⲓⲥ"/><!-- ⲡ...ϫⲟⲉⲓⲥ -->
<feat xlink:href="#norm_group_447" value="ⲧⲉϣ"/><!-- ⲧⲉ...ϣ -->
<feat xlink:href="#norm_group_449" value="ⲡⲟⲩⲁ"/><!-- ⲡ...ⲟⲩⲁ -->
<feat xlink:href="#norm_group_451" value="ⲡⲟⲩⲁ"/><!-- ⲡ...ⲟⲩⲁ -->
<feat xlink:href="#norm_group_453" value="ⲙⲙⲟⲥ"/><!-- ⲙⲙⲟ...ⲥ -->
<feat xlink:href="#norm_group_455" value="."/><!-- . -->
<feat xlink:href="#norm_group_456" value="ⲡⲟⲩⲁ"/><!-- ⲡ...ⲟⲩⲁ -->
<feat xlink:href="#norm_group_458" value="ⲡⲟⲩⲁ"/><!-- ⲡ...ⲟⲩⲁ -->
<feat xlink:href="#norm_group_460" value="ⲛⲧϩⲉ"/><!-- ⲛ...ϩⲉ -->
<feat xlink:href="#norm_group_463" value="ⲉⲛⲧⲁ"/><!-- ⲉⲛⲧⲁ -->
<feat xlink:href="#norm_group_464" value="ⲡⲛⲟⲩⲧⲉ"/><!-- ⲡ...ⲛⲟⲩⲧⲉ -->
<feat xlink:href="#norm_group_466" value="ⲧⲁϩⲙⲉϥ"/><!-- ⲧⲁϩⲙⲉ...ϥ -->
<feat xlink:href="#norm_group_468" value="ⲙⲁⲣⲉϥⲙⲟⲟϣⲉ"/><!-- ⲙⲁⲣⲉ...ⲙⲟⲟϣⲉ -->
<feat xlink:href="#norm_group_471" value="ⲙⲙⲟⲥ"/><!-- ⲙⲙⲟ...ⲥ -->
<feat xlink:href="#norm_group_473" value="."/><!-- . -->
<feat xlink:href="#norm_group_474" value="ⲁⲩⲱ"/><!-- ⲁⲩⲱ -->
<feat xlink:href="#norm_group_475" value="ⲧⲁⲓ"/><!-- ⲧⲁⲓ -->
<feat xlink:href="#norm_group_476" value="ⲧⲉ"/><!-- ⲧⲉ -->
<feat xlink:href="#norm_group_477" value="ⲧϩⲉ"/><!-- ⲧ...ϩⲉ -->
<feat xlink:href="#norm_group_479" value="ⲉϯⲧⲱϣ"/><!-- ⲉϯⲧⲱϣ -->
<feat xlink:href="#norm_group_480" value="ⲙⲙⲟⲥ"/><!-- ⲙⲙⲟ...ⲥ -->
<feat xlink:href="#norm_group_482" value="ϩⲛ"/><!-- ϩⲛ -->
<feat xlink:href="#norm_group_483" value="ⲛⲉⲕⲕⲗⲏⲥⲓⲁ"/><!-- ⲛ...ⲉⲕⲕⲗⲏⲥⲓⲁ -->
<feat xlink:href="#norm_group_485" value="ⲛⲓⲙ"/><!-- ⲛⲓⲙ -->
<feat xlink:href="#norm_group_486" value="."/><!-- . -->
<feat xlink:href="#norm_group_487" value="ⲁⲩⲧⲉϩⲙ"/><!-- ⲁⲩⲧⲉϩⲙ -->
<feat xlink:href="#norm_group_488" value="ⲟⲩⲁ"/><!-- ⲟⲩⲁ -->
<feat xlink:href="#norm_group_489" value="ⲉϥⲥⲃⲃⲏⲩ"/><!-- ⲉϥⲥⲃⲃⲏⲩ -->
<feat xlink:href="#norm_group_490" value="ⲙⲡⲣⲧⲣⲉϥϩⲟⲃⲥϥ"/><!-- ⲙⲡⲣⲧⲣⲉ...ϥ -->
<feat xlink:href="#norm_group_494" value="."/><!-- . -->
<feat xlink:href="#norm_group_495" value="ⲁⲩⲧⲉϩⲙ"/><!-- ⲁⲩⲧⲉϩⲙ -->
<feat xlink:href="#norm_group_496" value="ⲟⲩⲁ"/><!-- ⲟⲩⲁ -->
<feat xlink:href="#norm_group_497" value="ⲉϥⲟ"/><!-- ⲉ...ⲟ -->
<feat xlink:href="#norm_group_500" value="ⲛⲁⲧⲥⲃⲃⲉ"/><!-- ⲛⲁⲧⲥⲃⲃⲉ -->
<feat xlink:href="#norm_group_501" value="ⲙⲡⲣⲧⲣⲉϥⲥⲃⲃⲏⲧϥ"/><!-- ⲙⲡⲣⲧⲣⲉϥⲥⲃⲃⲏⲧϥ -->
<feat xlink:href="#norm_group_502" value="."/><!-- . -->
<feat xlink:href="#norm_group_503" value="ⲡⲥⲃⲃⲉ"/><!-- ⲡⲥⲃⲃⲉ -->
<feat xlink:href="#norm_group_504" value="ⲟⲩⲗⲁⲁⲩ"/><!-- ⲟⲩ...ⲗⲁⲁⲩ -->
<feat xlink:href="#norm_group_506" value="ⲡⲉ"/><!-- ⲡⲉ -->
<feat xlink:href="#norm_group_507" value="ⲁⲩⲱ"/><!-- ⲁⲩⲱ -->
<feat xlink:href="#norm_group_508" value="ⲧⲙⲛⲧⲁⲧⲥⲃⲃⲉ"/><!-- ⲧⲙⲛⲧⲁⲧⲥⲃⲃⲉ -->
<feat xlink:href="#norm_group_509" value="ⲟⲩⲗⲁⲁⲩ"/><!-- ⲟⲩ...ⲗⲁⲁⲩ -->
<feat xlink:href="#norm_group_511" value="ⲧⲉ"/><!-- ⲧⲉ -->
<feat xlink:href="#norm_group_512" value="."/><!-- . -->
<feat xlink:href="#norm_group_513" value="ⲁⲗⲗⲁ"/><!-- ⲁⲗⲗⲁ -->
<feat xlink:href="#norm_group_514" value="ⲡϩⲁⲣⲉϩ"/><!-- ⲡϩⲁⲣⲉϩ -->
<feat xlink:href="#norm_group_515" value="ⲉⲛⲉⲛⲧⲟⲗⲏ"/><!-- ⲉ...ⲉⲛⲧⲟⲗⲏ -->
<feat xlink:href="#norm_group_518" value="ⲙⲡⲛⲟⲩⲧⲉ"/><!-- ⲙ...ⲛⲟⲩⲧⲉ -->
<feat xlink:href="#norm_group_521" value="ⲡⲉ"/><!-- ⲡⲉ -->
<feat xlink:href="#norm_group_522" value="."/><!-- . -->
<feat xlink:href="#norm_group_523" value="ⲡⲟⲩⲁ"/><!-- ⲡ...ⲟⲩⲁ -->
<feat xlink:href="#norm_group_525" value="ⲡⲟⲩⲁ"/><!-- ⲡ...ⲟⲩⲁ -->
<feat xlink:href="#norm_group_527" value="ϩⲙ"/><!-- ϩⲙ -->
<feat xlink:href="#norm_group_528" value="ⲡⲧⲱϩⲙ"/><!-- ⲡ...ⲧⲱϩⲙ -->
<feat xlink:href="#norm_group_530" value="ⲉⲛⲧⲁⲩⲧⲁϩⲙⲉϥ"/><!-- ⲉⲛⲧ...ϥ -->
<feat xlink:href="#norm_group_535" value="ⲛϩⲏⲧϥ"/><!-- ⲛϩⲏⲧ...ϥ -->
<feat xlink:href="#norm_group_537" value="ⲙⲁⲣⲉϥϭⲱ"/><!-- ⲙⲁⲣⲉ...ϭⲱ -->
<feat xlink:href="#norm_group_540" value="ⲛϩⲏⲧϥ"/><!-- ⲛϩⲏⲧ...ϥ -->
<feat xlink:href="#norm_group_542" value="."/><!-- . -->
<feat xlink:href="#norm_group_543" value="ⲁⲩⲧⲁϩⲙⲉⲕ"/><!-- ⲁ...ⲕ -->
<feat xlink:href="#norm_group_547" value="ⲉⲕⲟ"/><!-- ⲉ...ⲟ -->
<feat xlink:href="#norm_group_550" value="ⲛϩⲙϩⲁⲗ"/><!-- ⲛ...ϩⲙϩⲁⲗ -->
<feat xlink:href="#norm_group_552" value="ⲙⲡⲣⲧⲣⲉϥⲣⲣⲟⲟⲩϣ"/><!-- ⲙⲡⲣⲧⲣⲉ...ⲣⲟⲟⲩϣ -->
<feat xlink:href="#norm_group_556" value="ⲛⲁⲕ"/><!-- ⲛⲁ...ⲕ -->
<feat xlink:href="#norm_group_558" value="."/><!-- . -->
<feat xlink:href="#norm_group_559" value="ⲁⲗⲗⲁ"/><!-- ⲁⲗⲗⲁ -->
<feat xlink:href="#norm_group_560" value="ⲕⲁⲛ"/><!-- ⲕⲁⲛ -->
<feat xlink:href="#norm_group_561" value="ⲉϣⲱⲡⲉ"/><!-- ⲉϣⲱⲡⲉ -->
<feat xlink:href="#norm_group_562" value="ⲟⲩⲛϭⲟⲙ"/><!-- ⲟⲩⲛ...ϭⲟⲙ -->
<feat xlink:href="#norm_group_564" value="ⲙⲙⲟⲕ"/><!-- ⲙⲙⲟ...ⲕ -->
<feat xlink:href="#norm_group_566" value="ⲉⲣⲣⲙϩⲉ"/><!-- ⲉⲣⲣⲙϩⲉ -->
<feat xlink:href="#norm_group_567" value="ⲭⲣⲱ"/><!-- ⲭⲣⲱ -->
<feat xlink:href="#norm_group_568" value="ⲛϩⲟⲩⲟ"/><!-- ⲛϩⲟⲩⲟ -->
<feat xlink:href="#norm_group_569" value="."/><!-- . -->
<feat xlink:href="#norm_group_570" value="ⲡϩⲙϩⲁⲗ"/><!-- ⲡ...ϩⲙϩⲁⲗ -->
<feat xlink:href="#norm_group_572" value="ⲅⲁⲣ"/><!-- ⲅⲁⲣ -->
<feat xlink:href="#norm_group_573" value="ⲉⲛⲧⲁⲩⲧⲁϩⲙⲉϥ"/><!-- ⲉⲛⲧ...ϥ -->
<feat xlink:href="#norm_group_578" value="ϩⲙ"/><!-- ϩⲙ -->
<feat xlink:href="#norm_group_579" value="ⲡϫⲟⲉⲓⲥ"/><!-- ⲡ...ϫⲟⲉⲓⲥ -->
<feat xlink:href="#norm_group_581" value="ⲡⲁ"/><!-- ⲡⲁ -->
<feat xlink:href="#norm_group_582" value="ⲡⲉⲗⲉⲩⲑⲉⲣⲟⲥ"/><!-- ⲡⲉⲗⲉⲩⲑⲉⲣⲟⲥ -->
<feat xlink:href="#norm_group_583" value="ⲙⲡϫⲟⲉⲓⲥ"/><!-- ⲙ...ϫⲟⲉⲓⲥ -->
<feat xlink:href="#norm_group_586" value="ⲡⲉ"/><!-- ⲡⲉ -->
<feat xlink:href="#norm_group_587" value="."/><!-- . -->
<feat xlink:href="#norm_group_588" value="ϩⲟⲙⲟⲓⲱⲥ"/><!-- ϩⲟⲙⲟⲓⲱⲥ -->
<feat xlink:href="#norm_group_589" value="ⲡⲣⲙϩⲉ"/><!-- ⲡ...ⲣⲙϩⲉ -->
<feat xlink:href="#norm_group_591" value="ⲉⲛⲧⲁⲩⲧⲁϩⲙⲉϥ"/><!-- ⲉⲛⲧ...ϥ -->
<feat xlink:href="#norm_group_596" value="ⲡϩⲙϩⲁⲗ"/><!-- ⲡ...ϩⲙϩⲁⲗ -->
<feat xlink:href="#norm_group_598" value="ⲙⲡⲉⲭⲣⲓⲥⲧⲟⲥ"/><!-- ⲙ...ⲭⲣⲓⲥⲧⲟⲥ -->
<feat xlink:href="#norm_group_601" value="ⲡⲉ"/><!-- ⲡⲉ -->
<feat xlink:href="#norm_group_602" value="."/><!-- . -->
<feat xlink:href="#norm_group_603" value="ⲁⲩϣⲉⲡ"/><!-- ⲁ...ϣⲉⲡ -->
<feat xlink:href="#norm_group_606" value="ⲧⲏⲩⲧⲛ"/><!-- ⲧⲏⲩⲧⲛ -->
<feat xlink:href="#norm_group_607" value="ϩⲁ"/><!-- ϩⲁ -->
<feat xlink:href="#norm_group_608" value="ⲟⲩⲁⲥⲟⲩ"/><!-- ⲟⲩⲁⲥⲟⲩ -->
<feat xlink:href="#norm_group_609" value="ⲙⲡⲣϣⲱⲡⲉ"/><!-- ⲙⲡⲣ...ϣⲱⲡⲉ -->
<feat xlink:href="#norm_group_611" value="ⲛϩⲙϩⲁⲗ"/><!-- ⲛ...ϩⲙϩⲁⲗ -->
<feat xlink:href="#norm_group_613" value="ⲛⲣⲱⲙⲉ"/><!-- ⲛ...ⲣⲱⲙⲉ -->
<feat xlink:href="#norm_group_615" value="."/><!-- . -->
<feat xlink:href="#norm_group_616" value="ⲡⲟⲩⲁ"/><!-- ⲡ...ⲟⲩⲁ -->
<feat xlink:href="#norm_group_618" value="ⲡⲟⲩⲁ"/><!-- ⲡ...ⲟⲩⲁ -->
<feat xlink:href="#norm_group_620" value="ϩⲙ"/><!-- ϩⲙ -->
<feat xlink:href="#norm_group_621" value="ⲡⲉⲛⲧⲁⲩⲧⲁϩⲙⲉϥ"/><!-- ⲡ...ϥ -->
<feat xlink:href="#norm_group_627" value="ⲛϩⲏⲧϥ"/><!-- ⲛϩⲏⲧ...ϥ -->
<feat xlink:href="#norm_group_629" value="ⲛⲁⲥⲛⲏⲩ"/><!-- ⲛⲁ...ⲥⲛⲏⲩ -->
<feat xlink:href="#norm_group_631" value="ⲙⲁⲣⲉϥϭⲱ"/><!-- ⲙⲁⲣⲉ...ϭⲱ -->
<feat xlink:href="#norm_group_634" value="ϩⲙ"/><!-- ϩⲙ -->
<feat xlink:href="#norm_group_635" value="ⲡⲁⲓ"/><!-- ⲡⲁⲓ -->
<feat xlink:href="#norm_group_636" value="ⲛⲛⲁϩⲣⲙ"/><!-- ⲛⲛⲁϩⲣⲙ -->
<feat xlink:href="#norm_group_637" value="ⲡⲛⲟⲩⲧⲉ"/><!-- ⲡ...ⲛⲟⲩⲧⲉ -->
<feat xlink:href="#norm_group_639" value="."/><!-- . -->
<feat xlink:href="#norm_group_640" value="ⲉⲧⲃⲉ"/><!-- ⲉⲧⲃⲉ -->
<feat xlink:href="#norm_group_641" value="ⲙⲡⲁⲣⲑⲉⲛⲟⲥ"/><!-- ⲙ...ⲡⲁⲣⲑⲉⲛⲟⲥ -->
<feat xlink:href="#norm_group_643" value="ⲇⲉ"/><!-- ⲇⲉ -->
<feat xlink:href="#norm_group_644" value="ⲙⲛⲧⲁⲓ"/><!-- ⲙⲛ...ⲧⲁⲓ -->
<feat xlink:href="#norm_group_646" value="ⲟⲩⲉϩⲥⲁϩⲛⲉ"/><!-- ⲟⲩⲉϩⲥⲁϩⲛⲉ -->
<feat xlink:href="#norm_group_647" value="ⲙⲙⲁⲩ"/><!-- ⲙⲙⲁⲩ -->
<feat xlink:href="#norm_group_648" value="ⲛⲧⲉ"/><!-- ⲛⲧⲉ -->
<feat xlink:href="#norm_group_649" value="ⲡϫⲟⲉⲓⲥ"/><!-- ⲡ...ϫⲟⲉⲓⲥ -->
<feat xlink:href="#norm_group_651" value="."/><!-- . -->
<feat xlink:href="#norm_group_652" value="ϯϯ"/><!-- ϯ...ϯ -->
<feat xlink:href="#norm_group_654" value="ⲇⲉ"/><!-- ⲇⲉ -->
<feat xlink:href="#norm_group_655" value="ⲛⲟⲩⲅⲛⲱⲙⲏ"/><!-- ⲛ...ⲅⲛⲱⲙⲏ -->
<feat xlink:href="#norm_group_658" value="ϩⲱⲥ"/><!-- ϩⲱⲥ -->
<feat xlink:href="#norm_group_659" value="ⲉⲁⲩⲛⲁ"/><!-- ⲉ...ⲛⲁ -->
<feat xlink:href="#norm_group_663" value="ⲛⲁⲓ"/><!-- ⲛⲁⲓ -->
<feat xlink:href="#norm_group_664" value="ϩⲓⲧⲙ"/><!-- ϩⲓⲧⲙ -->
<feat xlink:href="#norm_group_665" value="ⲡϫⲟⲉⲓⲥ"/><!-- ⲡ...ϫⲟⲉⲓⲥ -->
<feat xlink:href="#norm_group_667" value="ⲉⲣⲡⲓⲥⲧⲟⲥ"/><!-- ⲉⲣⲡⲓⲥⲧⲟⲥ -->
<feat xlink:href="#norm_group_668" value="."/><!-- . -->
<feat xlink:href="#norm_group_669" value="ϯⲙⲉⲉⲩⲉ"/><!-- ϯ...ⲙⲉⲉⲩⲉ -->
<feat xlink:href="#norm_group_671" value="ϭⲉ"/><!-- ϭⲉ -->
<feat xlink:href="#norm_group_672" value="ϫⲉ"/><!-- ϫⲉ -->
<feat xlink:href="#norm_group_673" value="ⲛⲁⲛⲟⲩ"/><!-- ⲛⲁ...ⲛⲟⲩ -->
<feat xlink:href="#norm_group_675" value="ⲡⲁⲓ"/><!-- ⲡⲁⲓ -->
<feat xlink:href="#norm_group_676" value="ⲉⲧⲃⲉ"/><!-- ⲉⲧⲃⲉ -->
<feat xlink:href="#norm_group_677" value="ⲧⲁⲛⲁⲅⲕⲏ"/><!-- ⲧ...ⲁⲛⲁⲅⲕⲏ -->
<feat xlink:href="#norm_group_679" value="ⲉⲧϣⲟⲟⲡ"/><!-- ⲉⲧ...ϣⲟⲟⲡ -->
<feat xlink:href="#norm_group_681" value="."/><!-- . -->
<feat xlink:href="#norm_group_682" value="ϫⲉ"/><!-- ϫⲉ -->
<feat xlink:href="#norm_group_683" value="ⲛⲁⲛⲟⲩⲥ"/><!-- ⲛⲁⲛⲟⲩ...ⲥ -->
<feat xlink:href="#norm_group_685" value="ⲙⲡⲣⲱⲙⲉ"/><!-- ⲙ...ⲣⲱⲙⲉ -->
<feat xlink:href="#norm_group_688" value="ⲉϭⲱ"/><!-- ⲉ...ϭⲱ -->
<feat xlink:href="#norm_group_690" value="ⲛⲧⲉⲓϩⲉ"/><!-- ⲛ...ϩⲉ -->
<feat xlink:href="#norm_group_693" value="."/><!-- . -->
<feat xlink:href="#norm_group_694" value="ⲕⲙⲏⲣ"/><!-- ⲕ...ⲙⲏⲣ -->
<feat xlink:href="#norm_group_696" value="ⲉⲥϩⲓⲙⲉ"/><!-- ⲉ...ⲥϩⲓⲙⲉ -->
<feat xlink:href="#norm_group_698" value="ⲙⲡⲣϣⲓⲛⲉ"/><!-- ⲙⲡⲣ...ϣⲓⲛⲉ -->
<feat xlink:href="#norm_group_700" value="ⲛⲥⲁⲃⲱⲗ"/><!-- ⲛⲥⲁⲃⲱⲗ -->
<feat xlink:href="#norm_group_701" value="ⲕⲃⲏⲗ"/><!-- ⲕ...ⲃⲏⲗ -->
<feat xlink:href="#norm_group_703" value="ⲉⲃⲟⲗ"/><!-- ⲉⲃⲟⲗ -->
<feat xlink:href="#norm_group_704" value="ⲛⲥϩⲓⲙⲉ"/><!-- ⲛ...ⲥϩⲓⲙⲉ -->
<feat xlink:href="#norm_group_706" value="ⲙⲡⲣϣⲓⲛⲉ"/><!-- ⲙⲡⲣ...ϣⲓⲛⲉ -->
<feat xlink:href="#norm_group_708" value="ⲛⲥⲁ"/><!-- ⲛⲥⲁ -->
<feat xlink:href="#norm_group_709" value="ⲥϩⲓⲙⲉ"/><!-- ⲥϩⲓⲙⲉ -->
<feat xlink:href="#norm_group_710" value="."/><!-- . -->
<feat xlink:href="#norm_group_711" value="ⲉϣⲱⲡⲉ"/><!-- ⲉϣⲱⲡⲉ -->
<feat xlink:href="#norm_group_712" value="ⲇⲉ"/><!-- ⲇⲉ -->
<feat xlink:href="#norm_group_713" value="ⲉⲕϣⲁⲛϫⲓ"/><!-- ⲉⲕϣⲁⲛ...ϫⲓ -->
<feat xlink:href="#norm_group_715" value="ⲙⲡⲕⲣⲛⲟⲃⲉ"/><!-- ⲙⲡ...ⲣⲛⲟⲃⲉ -->
<feat xlink:href="#norm_group_718" value="ⲁⲩⲱ"/><!-- ⲁⲩⲱ -->
<feat xlink:href="#norm_group_719" value="ⲉⲥϣⲁⲛϫⲓ"/><!-- ⲉⲥϣⲁⲛ...ϫⲓ -->
<feat xlink:href="#norm_group_721" value="ⲛϭⲓ"/><!-- ⲛϭⲓ -->
<feat xlink:href="#norm_group_722" value="ⲧⲡⲁⲣⲑⲉⲛⲟⲥ"/><!-- ⲧ...ⲡⲁⲣⲑⲉⲛⲟⲥ -->
<feat xlink:href="#norm_group_724" value="ⲙⲡⲥⲣⲛⲟⲃⲉ"/><!-- ⲙⲡ...ⲣⲛⲟⲃⲉ -->
<feat xlink:href="#norm_group_727" value="ⲛⲁⲓ"/><!-- ⲛⲁⲓ -->
<feat xlink:href="#norm_group_728" value="ⲇⲉ"/><!-- ⲇⲉ -->
<feat xlink:href="#norm_group_729" value="ⲛⲧⲉⲉⲓⲙⲓⲛⲉ"/><!-- ⲛⲧⲉⲉⲓⲙⲓⲛⲉ -->
<feat xlink:href="#norm_group_730" value="ⲛⲁϣⲉ"/><!-- ⲛⲁ...ϣⲉ -->
<feat xlink:href="#norm_group_732" value="ⲡⲑⲗⲓⲯⲓⲥ"/><!-- ⲡ...ⲑⲗⲓⲯⲓⲥ -->
<feat xlink:href="#norm_group_734" value="ϩⲛ"/><!-- ϩⲛ -->
<feat xlink:href="#norm_group_735" value="ⲧⲉⲩⲥⲁⲣⲝ"/><!-- ⲧⲉⲩ...ⲥⲁⲣⲝ -->
<feat xlink:href="#norm_group_737" value="ⲁⲛⲟⲕ"/><!-- ⲁⲛⲟⲕ -->
<feat xlink:href="#norm_group_738" value="ⲇⲉ"/><!-- ⲇⲉ -->
<feat xlink:href="#norm_group_739" value="ϯϯⲥⲟ"/><!-- ϯ...ϯⲥⲟ -->
<feat xlink:href="#norm_group_741" value="ⲉⲣⲱⲧⲛ"/><!-- ⲉⲣⲱ...ⲧⲛ -->
<feat xlink:href="#norm_group_743" value="."/><!-- . -->
<feat xlink:href="#norm_group_744" value="ⲡⲁⲓ"/><!-- ⲡⲁⲓ -->
<feat xlink:href="#norm_group_745" value="ⲇⲉ"/><!-- ⲇⲉ -->
<feat xlink:href="#norm_group_746" value="ⲉⲓϫⲱ"/><!-- ⲉ...ϫⲱ -->
<feat xlink:href="#norm_group_749" value="ⲙⲙⲟϥ"/><!-- ⲙⲙⲟ...ϥ -->
<feat xlink:href="#norm_group_751" value="ⲛⲁⲥⲛⲏⲩ"/><!-- ⲛⲁ...ⲥⲛⲏⲩ -->
<feat xlink:href="#norm_group_753" value="ϫⲉ"/><!-- ϫⲉ -->
<feat xlink:href="#norm_group_754" value="ⲡⲉⲩⲟⲉⲓϣ"/><!-- ⲡⲉ...ⲩⲟⲉⲓϣ -->
<feat xlink:href="#norm_group_756" value="ⲛⲟⲗⲕ"/><!-- ⲛⲟⲗⲕ -->
<feat xlink:href="#norm_group_757" value="ⲡⲉ"/><!-- ⲡⲉ -->
<feat xlink:href="#norm_group_758" value="."/><!-- . -->
<feat xlink:href="#norm_group_759" value="ϫⲉⲕⲁⲁⲥ"/><!-- ϫⲉⲕⲁⲁⲥ -->
<feat xlink:href="#norm_group_760" value="ϭⲉ"/><!-- ϭⲉ -->
<feat xlink:href="#norm_group_761" value="ⲛⲕⲟⲟⲩⲉ"/><!-- ⲛ...ⲕⲟⲟⲩⲉ -->
<feat xlink:href="#norm_group_763" value="ⲉⲧⲉⲩⲛⲧⲟⲩ"/><!-- ⲉⲧⲉⲩⲛⲧⲟⲩ -->
<feat xlink:href="#norm_group_764" value="ⲥϩⲓⲙⲉ"/><!-- ⲥϩⲓⲙⲉ -->
<feat xlink:href="#norm_group_765" value="ⲙⲙⲁⲩ"/><!-- ⲙⲙⲁⲩ -->
<feat xlink:href="#norm_group_766" value="ⲛⲥⲉⲣⲑⲉ"/><!-- ⲛⲥⲉⲣⲑⲉ -->
<feat xlink:href="#norm_group_767" value="ⲛⲛⲉⲧⲉⲙⲛⲧⲁⲩ"/><!-- ⲛⲛⲉⲧⲉⲙⲛⲧⲁⲩ -->
<feat xlink:href="#norm_group_768" value="."/><!-- . -->
<feat xlink:href="#norm_group_769" value="ⲁⲩⲱ"/><!-- ⲁⲩⲱ -->
<feat xlink:href="#norm_group_770" value="ⲛⲉⲧⲣⲓⲙⲉ"/><!-- ⲛ...ⲣⲓⲙⲉ -->
<feat xlink:href="#norm_group_773" value="ϩⲱⲥ"/><!-- ϩⲱⲥ -->
<feat xlink:href="#norm_group_774" value="ⲉⲛⲥⲉⲣⲓⲙⲉ"/><!-- ⲉ...ⲣⲓⲙⲉ -->
<feat xlink:href="#norm_group_778" value="ⲁⲛ"/><!-- ⲁⲛ -->
<feat xlink:href="#norm_group_779" value="."/><!-- . -->
<feat xlink:href="#norm_group_780" value="ⲁⲩⲱ"/><!-- ⲁⲩⲱ -->
<feat xlink:href="#norm_group_781" value="ⲛⲉⲧⲣⲁϣⲉ"/><!-- ⲛ...ⲣⲁϣⲉ -->
<feat xlink:href="#norm_group_784" value="ϩⲱⲥ"/><!-- ϩⲱⲥ -->
<feat xlink:href="#norm_group_785" value="ⲉⲛⲥⲉⲣⲁϣⲉ"/><!-- ⲉ...ⲣⲁϣⲉ -->
<feat xlink:href="#norm_group_789" value="ⲁⲛ"/><!-- ⲁⲛ -->
<feat xlink:href="#norm_group_790" value="."/><!-- . -->
<feat xlink:href="#norm_group_791" value="ⲁⲩⲱ"/><!-- ⲁⲩⲱ -->
<feat xlink:href="#norm_group_792" value="ⲛⲉⲧϣⲱⲡ"/><!-- ⲛ...ϣⲱⲡ -->
<feat xlink:href="#norm_group_795" value="ϩⲱⲥ"/><!-- ϩⲱⲥ -->
<feat xlink:href="#norm_group_796" value="ⲉⲛⲥⲉⲁⲙⲁϩⲧⲉ"/><!-- ⲉ...ⲁⲙⲁϩⲧⲉ -->
<feat xlink:href="#norm_group_800" value="ⲁⲛ"/><!-- ⲁⲛ -->
<feat xlink:href="#norm_group_801" value="."/><!-- . -->
<feat xlink:href="#norm_group_802" value="ⲁⲩⲱ"/><!-- ⲁⲩⲱ -->
<feat xlink:href="#norm_group_803" value="ⲛⲉⲧⲭⲣⲱ"/><!-- ⲛ...ⲭⲣⲱ -->
<feat xlink:href="#norm_group_806" value="ⲙⲡⲉⲉⲓⲕⲟⲥⲙⲟⲥ"/><!-- ⲙⲡⲉⲉⲓⲕⲟⲥⲙⲟⲥ -->
<feat xlink:href="#norm_group_807" value="ϩⲱⲥ"/><!-- ϩⲱⲥ -->
<feat xlink:href="#norm_group_808" value="ⲉⲛⲥⲉⲭⲣⲱ"/><!-- ⲉ...ⲭⲣⲱ -->
<feat xlink:href="#norm_group_812" value="ⲁⲛ"/><!-- ⲁⲛ -->
<feat xlink:href="#norm_group_813" value="."/><!-- . -->
<feat xlink:href="#norm_group_814" value="ϥⲛⲁⲡⲁⲣⲁⲅⲉ"/><!-- ϥ...ⲡⲁⲣⲁⲅⲉ -->
<feat xlink:href="#norm_group_817" value="ⲅⲁⲣ"/><!-- ⲅⲁⲣ -->
<feat xlink:href="#norm_group_818" value="ⲛϭⲓ"/><!-- ⲛϭⲓ -->
<feat xlink:href="#norm_group_819" value="ⲡⲉⲥⲭⲏⲙⲁ"/><!-- ⲡⲉ...ⲥⲭⲏⲙⲁ -->
<feat xlink:href="#norm_group_821" value="ⲙⲡⲉⲓⲕⲟⲥⲙⲟⲥ"/><!-- ⲙ...ⲕⲟⲥⲙⲟⲥ -->
<feat xlink:href="#norm_group_824" value="."/><!-- . -->
<feat xlink:href="#norm_group_825" value="ϯⲟⲩⲉϣ"/><!-- ϯ...ⲟⲩⲉϣ -->
<feat xlink:href="#norm_group_827" value="ⲧⲏⲩⲧⲛ"/><!-- ⲧⲏⲩⲧⲛ -->
<feat xlink:href="#norm_group_828" value="ⲇⲉ"/><!-- ⲇⲉ -->
<feat xlink:href="#norm_group_829" value="ⲉⲧⲣⲉⲧⲉⲧⲛϣⲱⲡⲉ"/><!-- ⲉ...ϣⲱⲡⲉ -->
<feat xlink:href="#norm_group_833" value="ⲛⲁⲧⲣⲟⲟⲩϣ"/><!-- ⲛⲁ...ⲣⲟⲟⲩϣ -->
<feat xlink:href="#norm_group_836" value="."/><!-- . -->
<feat xlink:href="#norm_group_837" value="ⲡⲉⲧⲉⲙⲛⲧϥ"/><!-- ⲡⲉⲧⲉⲙⲛⲧϥ -->
<feat xlink:href="#norm_group_838" value="ⲥϩⲓⲙⲉ"/><!-- ⲥϩⲓⲙⲉ -->
<feat xlink:href="#norm_group_839" value="ϥϥⲓⲣⲟⲟⲩϣ"/><!-- ϥϥⲓⲣⲟⲟⲩϣ -->
<feat xlink:href="#norm_group_840" value="ⲉⲛⲁ"/><!-- ⲉ...ⲛⲁ -->
<feat xlink:href="#norm_group_842" value="ⲡϫⲟⲉⲓⲥ"/><!-- ⲡ...ϫⲟⲉⲓⲥ -->
<feat xlink:href="#norm_group_844" value="ϫⲉ"/><!-- ϫⲉ -->
<feat xlink:href="#norm_group_845" value="ⲉϥⲛⲁⲁⲣⲉⲥⲕⲉ"/><!-- ⲉ...ⲁⲣⲉⲥⲕⲉ -->
<feat xlink:href="#norm_group_849" value="ⲙⲡϫⲟⲉⲓⲥ"/><!-- ⲙ...ϫⲟⲉⲓⲥ -->
<feat xlink:href="#norm_group_852" value="ⲛⲁϣ"/><!-- ⲛ...ⲁϣ -->
<feat xlink:href="#norm_group_854" value="ⲛϩⲉ"/><!-- ⲛ...ϩⲉ -->
<feat xlink:href="#norm_group_856" value="."/><!-- . -->
<feat xlink:href="#norm_group_857" value="ⲡⲉⲛⲧⲁϥϫⲓ"/><!-- ⲡ...ϫⲓ -->
<feat xlink:href="#norm_group_862" value="ⲇⲉ"/><!-- ⲇⲉ -->
<feat xlink:href="#norm_group_863" value="ϥϥⲓⲣⲟⲟⲩϣ"/><!-- ϥϥⲓⲣⲟⲟⲩϣ -->
<feat xlink:href="#norm_group_864" value="ⲉⲛⲁ"/><!-- ⲉ...ⲛⲁ -->
<feat xlink:href="#norm_group_866" value="ⲡⲕⲟⲥⲙⲟⲥ"/><!-- ⲡ...ⲕⲟⲥⲙⲟⲥ -->
<feat xlink:href="#norm_group_868" value="ϫⲉ"/><!-- ϫⲉ -->
<feat xlink:href="#norm_group_869" value="ⲉϥⲛⲁⲁⲣⲉⲥⲕⲉ"/><!-- ⲉ...ⲁⲣⲉⲥⲕⲉ -->
<feat xlink:href="#norm_group_873" value="ⲛⲧⲉϥⲥϩⲓⲙⲉ"/><!-- ⲛ...ⲥϩⲓⲙⲉ -->
<feat xlink:href="#norm_group_876" value="ⲛⲁϣ"/><!-- ⲛ...ⲁϣ -->
<feat xlink:href="#norm_group_878" value="ⲛϩⲉ"/><!-- ⲛ...ϩⲉ -->
<feat xlink:href="#norm_group_880" value="."/><!-- . -->
<feat xlink:href="#norm_group_881" value="ⲁⲩⲱ"/><!-- ⲁⲩⲱ -->
<feat xlink:href="#norm_group_882" value="ϥⲡⲏϣ"/><!-- ϥ...ⲡⲏϣ -->
<feat xlink:href="#norm_group_884" value="ⲁⲩⲱ"/><!-- ⲁⲩⲱ -->
<feat xlink:href="#norm_group_885" value="ⲧⲉⲥϩⲓⲙⲉ"/><!-- ⲧⲉ...ⲥϩⲓⲙⲉ -->
<feat xlink:href="#norm_group_887" value="ⲉⲧⲉⲙⲛⲧⲥ"/><!-- ⲉⲧⲉⲙⲛⲧⲥ -->
<feat xlink:href="#norm_group_888" value="ϩⲁⲓ"/><!-- ϩⲁⲓ -->
<feat xlink:href="#norm_group_889" value="ⲙⲛ"/><!-- ⲙⲛ -->
<feat xlink:href="#norm_group_890" value="ⲧⲡⲁⲣⲑⲉⲛⲟⲥ"/><!-- ⲧ...ⲡⲁⲣⲑⲉⲛⲟⲥ -->
<feat xlink:href="#norm_group_892" value="ϥⲓⲣⲟⲟⲩϣ"/><!-- ϥⲓⲣⲟⲟⲩϣ -->
<feat xlink:href="#norm_group_893" value="ⲉⲛⲁ"/><!-- ⲉ...ⲛⲁ -->
<feat xlink:href="#norm_group_895" value="ⲡϫⲟⲉⲓⲥ"/><!-- ⲡ...ϫⲟⲉⲓⲥ -->
<feat xlink:href="#norm_group_897" value="ϫⲉⲕⲁⲁⲥ"/><!-- ϫⲉⲕⲁⲁⲥ -->
<feat xlink:href="#norm_group_898" value="ⲉⲥⲉϣⲱⲡⲉ"/><!-- ⲉⲥⲉ...ϣⲱⲡⲉ -->
<feat xlink:href="#norm_group_900" value="ⲉⲥⲟⲩⲁⲁⲃ"/><!-- ⲉ...ⲟⲩⲁⲁⲃ -->
<feat xlink:href="#norm_group_903" value="ϩⲙ"/><!-- ϩⲙ -->
<feat xlink:href="#norm_group_904" value="ⲡⲉⲥⲥⲱⲙⲁ"/><!-- ⲡⲉⲥ...ⲥⲱⲙⲁ -->
<feat xlink:href="#norm_group_906" value="ⲙⲛ"/><!-- ⲙⲛ -->
<feat xlink:href="#norm_group_907" value="ⲡⲉⲥⲡⲛⲉⲩⲙⲁ"/><!-- ⲡⲉⲥ...ⲡⲛⲉⲩⲙⲁ -->
<feat xlink:href="#norm_group_909" value="ⲧⲉⲛⲧⲁⲥϫⲓϩⲁⲓ"/><!-- ⲧⲉⲛⲧⲁⲥϫⲓϩⲁⲓ -->
<feat xlink:href="#norm_group_910" value="ⲇⲉ"/><!-- ⲇⲉ -->
<feat xlink:href="#norm_group_911" value="ϥⲓⲣⲟⲟⲩϣ"/><!-- ϥⲓⲣⲟⲟⲩϣ -->
<feat xlink:href="#norm_group_912" value="ⲉⲛⲁ"/><!-- ⲉ...ⲛⲁ -->
<feat xlink:href="#norm_group_914" value="ⲡⲕⲟⲥⲙⲟⲥ"/><!-- ⲡ...ⲕⲟⲥⲙⲟⲥ -->
<feat xlink:href="#norm_group_916" value="ϫⲉ"/><!-- ϫⲉ -->
<feat xlink:href="#norm_group_917" value="ⲛⲁϣ"/><!-- ⲛ...ⲁϣ -->
<feat xlink:href="#norm_group_919" value="ⲛϩⲉ"/><!-- ⲛ...ϩⲉ -->
<feat xlink:href="#norm_group_921" value="ⲉⲥⲛⲁⲁⲣⲉⲥⲕⲉ"/><!-- ⲉ...ⲁⲣⲉⲥⲕⲉ -->
<feat xlink:href="#norm_group_925" value="ⲙⲡⲉⲥϩⲁⲓ"/><!-- ⲙ...ϩⲁⲓ -->
<feat xlink:href="#norm_group_928" value="."/><!-- . -->
<feat xlink:href="#norm_group_929" value="ⲉⲓϫⲱ"/><!-- ⲉ...ϫⲱ -->
<feat xlink:href="#norm_group_932" value="ⲇⲉ"/><!-- ⲇⲉ -->
<feat xlink:href="#norm_group_933" value="ⲙⲡⲁⲓ"/><!-- ⲙ...ⲡⲁⲓ -->
<feat xlink:href="#norm_group_935" value="ⲉⲧⲉⲧⲛⲛⲟϥⲣⲉ"/><!-- ⲉ...ⲛⲟϥⲣⲉ -->
<feat xlink:href="#norm_group_938" value="."/><!-- . -->
<feat xlink:href="#norm_group_939" value="ϫⲉⲕⲁⲁⲥ"/><!-- ϫⲉⲕⲁⲁⲥ -->
<feat xlink:href="#norm_group_940" value="ⲁⲛ"/><!-- ⲁⲛ -->
<feat xlink:href="#norm_group_941" value="ⲉⲓⲉϯ"/><!-- ⲉⲓⲉ...ϯ -->
<feat xlink:href="#norm_group_943" value="ⲛⲟⲩⲉⲗⲱ"/><!-- ⲛⲟⲩⲉⲗⲱ -->
<feat xlink:href="#norm_group_944" value="ⲉϩⲏⲧ"/><!-- ⲉ...ϩⲏⲧ -->
<feat xlink:href="#norm_group_946" value="ⲧⲏⲩⲧⲛ"/><!-- ⲧⲏⲩⲧⲛ -->
<feat xlink:href="#norm_group_947" value="ⲁⲗⲗⲁ"/><!-- ⲁⲗⲗⲁ -->
<feat xlink:href="#norm_group_948" value="ⲡⲣⲟⲥⲟⲩⲧⲥⲁⲛⲟ"/><!-- ⲡⲣⲟⲥⲟⲩⲧⲥⲁⲛⲟ -->
<feat xlink:href="#norm_group_949" value="ⲙⲛⲧϭⲓⲛⲁϩⲉⲣⲁⲧⲕ"/><!-- ⲙⲛⲧϭⲓⲛⲁϩⲉⲣⲁⲧⲕ -->
<feat xlink:href="#norm_group_950" value="ⲉⲡϫⲟⲉⲓⲥ"/><!-- ⲉ...ϫⲟⲉⲓⲥ -->
<feat xlink:href="#norm_group_953" value="ⲕⲁⲗⲱⲥ"/><!-- ⲕⲁⲗⲱⲥ -->
<feat xlink:href="#norm_group_954" value="ⲁϫⲛⲣⲟⲟⲩϣ"/><!-- ⲁϫⲛⲣⲟⲟⲩϣ -->
<feat xlink:href="#norm_group_955" value="ⲉϣϫⲉ"/><!-- ⲉϣϫⲉ -->
<feat xlink:href="#norm_group_956" value="ⲟⲩⲛ"/><!-- ⲟⲩⲛ -->
<feat xlink:href="#norm_group_957" value="ⲟⲩⲁ"/><!-- ⲟⲩⲁ -->
<feat xlink:href="#norm_group_958" value="ⲇⲉ"/><!-- ⲇⲉ -->
<feat xlink:href="#norm_group_959" value="ϫⲱ"/><!-- ϫⲱ -->
<feat xlink:href="#norm_group_960" value="ⲙⲙⲟⲥ"/><!-- ⲙⲙⲟ...ⲥ -->
<feat xlink:href="#norm_group_962" value="ϫⲉ"/><!-- ϫⲉ -->
<feat xlink:href="#norm_group_963" value="ϥϣⲓⲡⲉ"/><!-- ϥϣⲓⲡⲉ -->
<feat xlink:href="#norm_group_964" value="ⲉϫⲛ"/><!-- ⲉϫⲛ -->
<feat xlink:href="#norm_group_965" value="ⲧⲉϥϣⲉⲉⲣⲉ"/><!-- ⲧⲉϥ...ϣⲉⲉⲣⲉ -->
<feat xlink:href="#norm_group_967" value="ⲉϣⲱⲡⲉ"/><!-- ⲉϣⲱⲡⲉ -->
<feat xlink:href="#norm_group_968" value="ⲁⲥⲣⲛⲟϭ"/><!-- ⲁ...ⲛⲟϭ -->
<feat xlink:href="#norm_group_972" value="ⲁⲩⲱ"/><!-- ⲁⲩⲱ -->
<feat xlink:href="#norm_group_973" value="ⲧⲁⲓ"/><!-- ⲧⲁⲓ -->
<feat xlink:href="#norm_group_974" value="ⲧⲉ"/><!-- ⲧⲉ -->
<feat xlink:href="#norm_group_975" value="ⲧϩⲉ"/><!-- ⲧ...ϩⲉ -->
<feat xlink:href="#norm_group_977" value="ⲉⲧϣϣⲉ"/><!-- ⲉⲧ...ϣϣⲉ -->
<feat xlink:href="#norm_group_979" value="ⲉϣⲱⲡⲉ"/><!-- ⲉϣⲱⲡⲉ -->
<feat xlink:href="#norm_group_980" value="ⲡⲉⲧϥⲟⲩⲁϣϥ"/><!-- ⲡⲉⲧϥⲟⲩⲁϣϥ -->
<feat xlink:href="#norm_group_981" value="ⲙⲁⲣⲉϥⲁⲁϥ"/><!-- ⲙⲁⲣⲉ...ϥ -->
<feat xlink:href="#norm_group_985" value="ⲛϥⲣⲛⲟⲃⲉ"/><!-- ⲛ...ⲣⲛⲟⲃⲉ -->
<feat xlink:href="#norm_group_988" value="ⲁⲛ"/><!-- ⲁⲛ -->
<feat xlink:href="#norm_group_989" value="ⲙⲁⲣⲟⲩϫⲓ"/><!-- ⲙⲁⲣⲟⲩϫⲓ -->
<feat xlink:href="#norm_group_990" value="."/><!-- . -->
<feat xlink:href="#norm_group_991" value="ⲡⲉⲛⲧⲁϥⲁϩⲉ"/><!-- ⲡ...ⲁϩⲉ -->
<feat xlink:href="#norm_group_996" value="ⲇⲉ"/><!-- ⲇⲉ -->
<feat xlink:href="#norm_group_997" value="ⲉⲣⲁⲧϥ"/><!-- ⲉⲣⲁⲧ...ϥ -->
<feat xlink:href="#norm_group_999" value="ϩⲙ"/><!-- ϩⲙ -->
<feat xlink:href="#norm_group_1000" value="ⲡⲉϥϩⲏⲧ"/><!-- ⲡⲉϥ...ϩⲏⲧ -->
<feat xlink:href="#norm_group_1002" value="ⲉϥⲧⲁϫⲣⲏⲩ"/><!-- ⲉ...ⲧⲁϫⲣⲏⲩ -->
<feat xlink:href="#norm_group_1005" value="ⲉⲙⲛϩⲧⲟⲣ"/><!-- ⲉ...ⲣ -->
<feat xlink:href="#norm_group_1009" value="ⲉⲣⲟϥ"/><!-- ⲉⲣⲟ...ϥ -->
<feat xlink:href="#norm_group_1011" value="."/><!-- . -->
<feat xlink:href="#norm_group_1012" value="ⲟⲩⲛⲧϥ"/><!-- ⲟⲩⲛⲧ...ϥ -->
<feat xlink:href="#norm_group_1014" value="ⲉⲝⲟⲩⲥⲓⲁ"/><!-- ⲉⲝⲟⲩⲥⲓⲁ -->
<feat xlink:href="#norm_group_1015" value="ⲇⲉ"/><!-- ⲇⲉ -->
<feat xlink:href="#norm_group_1016" value="ⲙⲙⲁⲩ"/><!-- ⲙⲙⲁⲩ -->
<feat xlink:href="#norm_group_1017" value="ⲉⲧⲃⲉ"/><!-- ⲉⲧⲃⲉ -->
<feat xlink:href="#norm_group_1018" value="ⲡⲉϥⲟⲩⲱϣ"/><!-- ⲡⲉϥ...ⲟⲩⲱϣ -->
<feat xlink:href="#norm_group_1020" value="ⲙⲙⲓⲛ"/><!-- ⲙⲙⲓⲛ -->
<feat xlink:href="#norm_group_1021" value="ⲙⲙⲟϥ"/><!-- ⲙⲙⲟ...ϥ -->
<feat xlink:href="#norm_group_1023" value="."/><!-- . -->
<feat xlink:href="#norm_group_1024" value="ⲁⲩⲱ"/><!-- ⲁⲩⲱ -->
<feat xlink:href="#norm_group_1025" value="ⲁϥⲕⲣⲓⲛⲉ"/><!-- ⲁ...ⲕⲣⲓⲛⲉ -->
<feat xlink:href="#norm_group_1028" value="ⲙⲡⲁⲓ"/><!-- ⲙ...ⲡⲁⲓ -->
<feat xlink:href="#norm_group_1030" value="ϩⲙ"/><!-- ϩⲙ -->
<feat xlink:href="#norm_group_1031" value="ⲡⲉϥϩⲏⲧ"/><!-- ⲡⲉϥ...ϩⲏⲧ -->
<feat xlink:href="#norm_group_1033" value="ⲉϩⲁⲣⲉϩ"/><!-- ⲉ...ϩⲁⲣⲉϩ -->
<feat xlink:href="#norm_group_1035" value="ⲉⲧⲉϥϣⲉⲉⲣⲉ"/><!-- ⲉ...ϣⲉⲉⲣⲉ -->
<feat xlink:href="#norm_group_1038" value="ⲕⲁⲗⲱⲥ"/><!-- ⲕⲁⲗⲱⲥ -->
<feat xlink:href="#norm_group_1039" value="ϥⲛⲁⲁⲁⲥ"/><!-- ϥ...ⲥ -->
<feat xlink:href="#norm_group_1043" value="."/><!-- . -->
<feat xlink:href="#norm_group_1044" value="ϩⲱⲥⲧⲉ"/><!-- ϩⲱⲥⲧⲉ -->
<feat xlink:href="#norm_group_1045" value="ⲡⲉⲧⲛⲁϯ"/><!-- ⲡ...ϯ -->
<feat xlink:href="#norm_group_1049" value="ⲧⲉϥϣⲉⲉⲣⲉ"/><!-- ⲧⲉϥ...ϣⲉⲉⲣⲉ -->
<feat xlink:href="#norm_group_1051" value="ⲛϩⲁⲓ"/><!-- ⲛ...ϩⲁⲓ -->
<feat xlink:href="#norm_group_1053" value="ⲕⲁⲗⲱⲥ"/><!-- ⲕⲁⲗⲱⲥ -->
<feat xlink:href="#norm_group_1054" value="ϥⲛⲁⲁⲁⲥ"/><!-- ϥ...ⲥ -->
<feat xlink:href="#norm_group_1058" value="."/><!-- . -->
<feat xlink:href="#norm_group_1059" value="ⲁⲩⲱ"/><!-- ⲁⲩⲱ -->
<feat xlink:href="#norm_group_1060" value="ⲡⲉⲧⲉⲛϥⲛⲁⲧⲁⲁⲥ"/><!-- ⲡⲉⲧⲉⲛϥⲛⲁⲧⲁⲁⲥ -->
<feat xlink:href="#norm_group_1061" value="ⲁⲛ"/><!-- ⲁⲛ -->
<feat xlink:href="#norm_group_1062" value="ⲉϥⲛⲁⲣⲟⲩϩⲟⲩⲟ"/><!-- ⲉϥⲛⲁⲣⲟⲩϩⲟⲩⲟ -->
<feat xlink:href="#norm_group_1063" value="."/><!-- . -->
<feat xlink:href="#norm_group_1064" value="ⲧⲉⲥϩⲓⲙⲉ"/><!-- ⲧⲉ...ⲥϩⲓⲙⲉ -->
<feat xlink:href="#norm_group_1066" value="ⲙⲏⲣ"/><!-- ⲙⲏⲣ -->
<feat xlink:href="#norm_group_1067" value="ⲉⲡϩⲟⲥⲟⲛ"/><!-- ⲉ...ϩⲟⲥⲟⲛ -->
<feat xlink:href="#norm_group_1070" value="ⲡⲉⲩⲟⲉⲓϣ"/><!-- ⲡⲉ...ⲩⲟⲉⲓϣ -->
<feat xlink:href="#norm_group_1072" value="ⲡⲉⲥϩⲁⲓ"/><!-- ⲡⲉⲥ...ϩⲁⲓ -->
<feat xlink:href="#norm_group_1074" value="ⲟⲛϩ"/><!-- ⲟⲛϩ -->
<feat xlink:href="#norm_group_1075" value="ⲉⲣϣⲁⲛ"/><!-- ⲉⲣϣⲁⲛ -->
<feat xlink:href="#norm_group_1076" value="ⲡⲉⲥϩⲁⲓ"/><!-- ⲡⲉⲥ...ϩⲁⲓ -->
<feat xlink:href="#norm_group_1078" value="ⲇⲉ"/><!-- ⲇⲉ -->
<feat xlink:href="#norm_group_1079" value="ⲙⲟⲩ"/><!-- ⲙⲟⲩ -->
<feat xlink:href="#norm_group_1080" value="ⲟⲩⲣⲙϩⲏ"/><!-- ⲟⲩⲣⲙϩⲏ -->
<feat xlink:href="#norm_group_1081" value="ⲧⲉ"/><!-- ⲧⲉ -->
<feat xlink:href="#norm_group_1082" value="ⲉϩⲙⲟⲟⲥ"/><!-- ⲉ...ϩⲙⲟⲟⲥ -->
<feat xlink:href="#norm_group_1084" value="ⲙⲛ"/><!-- ⲙⲛ -->
<feat xlink:href="#norm_group_1085" value="ⲡⲉⲧⲉϩⲛⲁⲥ"/><!-- ⲡⲉⲧⲉϩⲛⲁⲥ -->
<feat xlink:href="#norm_group_1086" value="ⲙⲟⲛⲟⲛ"/><!-- ⲙⲟⲛⲟⲛ -->
<feat xlink:href="#norm_group_1087" value="ϩⲙ"/><!-- ϩⲙ -->
<feat xlink:href="#norm_group_1088" value="ⲡϫⲟⲉⲓⲥ"/><!-- ⲡ...ϫⲟⲉⲓⲥ -->
<feat xlink:href="#norm_group_1090" value="."/><!-- . -->
<feat xlink:href="#norm_group_1091" value="ⲛⲁⲓⲁⲧⲥ"/><!-- ⲛⲁⲓⲁⲧ...ⲥ -->
<feat xlink:href="#norm_group_1093" value="ⲇⲉ"/><!-- ⲇⲉ -->
<feat xlink:href="#norm_group_1094" value="ⲛϩⲟⲩⲟ"/><!-- ⲛϩⲟⲩⲟ -->
<feat xlink:href="#norm_group_1095" value="ⲉⲥϣⲁⲛϭⲱ"/><!-- ⲉⲥϣⲁⲛ...ϭⲱ -->
<feat xlink:href="#norm_group_1097" value="ⲛⲧⲉⲉⲓϩⲉ"/><!-- ⲛⲧⲉⲉⲓϩⲉ -->
<feat xlink:href="#norm_group_1098" value="ⲕⲁⲧⲁ"/><!-- ⲕⲁⲧⲁ -->
<feat xlink:href="#norm_group_1099" value="ⲧⲁⲅⲛⲱⲙⲏ"/><!-- ⲧⲁ...ⲅⲛⲱⲙⲏ -->
<feat xlink:href="#norm_group_1101" value="."/><!-- . -->
<feat xlink:href="#norm_group_1102" value="ϯϫⲱ"/><!-- ϯ...ϫⲱ -->
<feat xlink:href="#norm_group_1104" value="ⲅⲁⲣ"/><!-- ⲅⲁⲣ -->
<feat xlink:href="#norm_group_1105" value="ⲙⲙⲟⲥ"/><!-- ⲙⲙⲟ...ⲥ -->
<feat xlink:href="#norm_group_1107" value="ϩⲱ"/><!-- ϩⲱ -->
<feat xlink:href="#norm_group_1108" value="ϫⲉ"/><!-- ϫⲉ -->
<feat xlink:href="#norm_group_1109" value="ⲟⲩⲛⲧⲁⲓ"/><!-- ⲟⲩⲛⲧⲁ...ⲓ -->
<feat xlink:href="#norm_group_1111" value="ⲙⲙⲁⲩ"/><!-- ⲙⲙⲁⲩ -->
<feat xlink:href="#norm_group_1112" value="ⲙⲡⲉⲡⲛⲉⲩⲙⲁ"/><!-- ⲙ...ⲡⲛⲉⲩⲙⲁ -->
<feat xlink:href="#norm_group_1115" value="ⲙⲡⲛⲟⲩⲧⲉ"/><!-- ⲙ...ⲛⲟⲩⲧⲉ -->
<feat xlink:href="#norm_group_1118" value="."/><!-- . -->
</featList>
</paula>
