<?xml version="1.0" encoding="UTF-8" standalone="no"?>

<!DOCTYPE paula SYSTEM "paula_mark.dtd">
<paula version="1.0">

<header paula_id="sahidica.nt.1_Corinthians_7_origSeg"/>

<markList xmlns:xlink="http://www.w3.org/1999/xlink" type="origSeg" xml:base="sahidica.nt.1_Corinthians_7.tok.xml">
<mark id="orig_1" xlink:href="#tok_1"/><!-- ⲉⲧⲃⲉ -->
<mark id="orig_2" xlink:href="#tok_2"/><!-- ⲛⲉⲛⲧⲁⲧⲉⲧⲛⲥϩⲁⲓⲥⲟⲩ -->
<mark id="orig_3" xlink:href="#tok_3"/><!-- ⲇⲉ -->
<mark id="orig_4" xlink:href="#tok_4"/><!-- ⲛⲁⲓ -->
<mark id="orig_5" xlink:href="#tok_5"/><!-- ⲛⲁⲛⲟⲩ -->
<mark id="orig_6" xlink:href="#tok_6"/><!-- ⲥ -->
<mark id="orig_7" xlink:href="#tok_7"/><!-- ⲙ -->
<mark id="orig_8" xlink:href="#tok_8"/><!-- ⲡ -->
<mark id="orig_9" xlink:href="#tok_9"/><!-- ⲣⲱⲙⲉ -->
<mark id="orig_10" xlink:href="#tok_10"/><!-- ⲉ -->
<mark id="orig_11" xlink:href="#tok_11"/><!-- ⲧⲙ -->
<mark id="orig_12" xlink:href="#tok_12"/><!-- ϫⲱϩ -->
<mark id="orig_13" xlink:href="#tok_13"/><!-- ⲉ -->
<mark id="orig_14" xlink:href="#tok_14"/><!-- ⲥϩⲓⲙⲉ -->
<mark id="orig_15" xlink:href="#tok_15"/><!-- . -->
<mark id="orig_16" xlink:href="#tok_16"/><!-- ⲉⲧⲃⲉ -->
<mark id="orig_17" xlink:href="#tok_17"/><!-- ⲙ -->
<mark id="orig_18" xlink:href="#tok_18"/><!-- ⲡⲟⲣⲛⲉⲓⲁ -->
<mark id="orig_19" xlink:href="#tok_19"/><!-- ⲇⲉ -->
<mark id="orig_20" xlink:href="#tok_20"/><!-- ⲙⲁⲣⲉ -->
<mark id="orig_21" xlink:href="#tok_21"/><!-- ⲡ -->
<mark id="orig_22" xlink:href="#tok_22"/><!-- ⲟⲩⲁ -->
<mark id="orig_23" xlink:href="#tok_23"/><!-- ⲡ -->
<mark id="orig_24" xlink:href="#tok_24"/><!-- ⲟⲩⲁ -->
<mark id="orig_25" xlink:href="#tok_25"/><!-- ϫⲓ -->
<mark id="orig_26" xlink:href="#tok_26"/><!-- ⲛⲁ -->
<mark id="orig_27" xlink:href="#tok_27"/><!-- ϥ -->
<mark id="orig_28" xlink:href="#tok_28"/><!-- ⲛ -->
<mark id="orig_29" xlink:href="#tok_29"/><!-- ⲧⲉϥ -->
<mark id="orig_30" xlink:href="#tok_30"/><!-- ⲥϩⲓⲙⲉ -->
<mark id="orig_31" xlink:href="#tok_31"/><!-- . -->
<mark id="orig_32" xlink:href="#tok_32"/><!-- ⲁⲩⲱ -->
<mark id="orig_33" xlink:href="#tok_33"/><!-- ⲙⲁⲣⲉ -->
<mark id="orig_34" xlink:href="#tok_34"/><!-- ⲧ -->
<mark id="orig_35" xlink:href="#tok_35"/><!-- ⲟⲩⲉⲓ -->
<mark id="orig_36" xlink:href="#tok_36"/><!-- ⲧ -->
<mark id="orig_37" xlink:href="#tok_37"/><!-- ⲟⲩⲉⲓ -->
<mark id="orig_38" xlink:href="#tok_38"/><!-- ϫⲓ -->
<mark id="orig_39" xlink:href="#tok_39"/><!-- ⲛⲁ -->
<mark id="orig_40" xlink:href="#tok_40"/><!-- ⲥ -->
<mark id="orig_41" xlink:href="#tok_41"/><!-- ⲙ -->
<mark id="orig_42" xlink:href="#tok_42"/><!-- ⲡⲉⲥ -->
<mark id="orig_43" xlink:href="#tok_43"/><!-- ϩⲁⲓ -->
<mark id="orig_44" xlink:href="#tok_44"/><!-- . -->
<mark id="orig_45" xlink:href="#tok_45"/><!-- ⲡ -->
<mark id="orig_46" xlink:href="#tok_46"/><!-- ϩⲟⲟⲩⲧ -->
<mark id="orig_47" xlink:href="#tok_47"/><!-- ⲙⲁⲣⲉ -->
<mark id="orig_48" xlink:href="#tok_48"/><!-- ϥ -->
<mark id="orig_49" xlink:href="#tok_49"/><!-- ϯ -->
<mark id="orig_50" xlink:href="#tok_50"/><!-- ⲙ -->
<mark id="orig_51" xlink:href="#tok_51"/><!-- ⲡ -->
<mark id="orig_52" xlink:href="#tok_52"/><!-- ⲉⲧ -->
<mark id="orig_53" xlink:href="#tok_53"/><!-- ⲉⲣⲟ -->
<mark id="orig_54" xlink:href="#tok_54"/><!-- ϥ -->
<mark id="orig_55" xlink:href="#tok_55"/><!-- ⲛ -->
<mark id="orig_56" xlink:href="#tok_56"/><!-- ⲧⲉϥ -->
<mark id="orig_57" xlink:href="#tok_57"/><!-- ⲥϩⲓⲙⲉ -->
<mark id="orig_58" xlink:href="#tok_58"/><!-- . -->
<mark id="orig_59" xlink:href="#tok_59"/><!-- ϩⲟⲙⲟⲓⲱⲥ -->
<mark id="orig_60" xlink:href="#tok_60"/><!-- ⲇⲉ -->
<mark id="orig_61" xlink:href="#tok_61"/><!-- ⲧⲕⲉⲥϩⲓⲙⲉ -->
<mark id="orig_62" xlink:href="#tok_62"/><!-- ⲙⲁⲣⲉ -->
<mark id="orig_63" xlink:href="#tok_63"/><!-- ⲥ -->
<mark id="orig_64" xlink:href="#tok_64"/><!-- ϯ -->
<mark id="orig_65" xlink:href="#tok_65"/><!-- ⲙ -->
<mark id="orig_66" xlink:href="#tok_66"/><!-- ⲡ -->
<mark id="orig_67" xlink:href="#tok_67"/><!-- ⲉⲧ -->
<mark id="orig_68" xlink:href="#tok_68"/><!-- ⲉⲣⲟ -->
<mark id="orig_69" xlink:href="#tok_69"/><!-- ⲥ -->
<mark id="orig_70" xlink:href="#tok_70"/><!-- ⲙ -->
<mark id="orig_71" xlink:href="#tok_71"/><!-- ⲡⲉⲥ -->
<mark id="orig_72" xlink:href="#tok_72"/><!-- ϩⲁⲓ -->
<mark id="orig_73" xlink:href="#tok_73"/><!-- . -->
<mark id="orig_74" xlink:href="#tok_74"/><!-- ⲧⲉ -->
<mark id="orig_75" xlink:href="#tok_75"/><!-- ⲥϩⲓⲙⲉ -->
<mark id="orig_76" xlink:href="#tok_76"/><!-- ⲟⲙⲡϫⲟⲉⲓⲥ -->
<mark id="orig_77" xlink:href="#tok_77"/><!-- ⲁⲛ -->
<mark id="orig_78" xlink:href="#tok_78"/><!-- ⲙ -->
<mark id="orig_79" xlink:href="#tok_79"/><!-- ⲡⲉⲥ -->
<mark id="orig_80" xlink:href="#tok_80"/><!-- ⲥⲱⲙⲁ -->
<mark id="orig_81" xlink:href="#tok_81"/><!-- ⲁⲗⲗⲁ -->
<mark id="orig_82" xlink:href="#tok_82"/><!-- ⲡⲉⲥ -->
<mark id="orig_83" xlink:href="#tok_83"/><!-- ϩⲁⲓ -->
<mark id="orig_84" xlink:href="#tok_84"/><!-- ⲡⲉ -->
<mark id="orig_85" xlink:href="#tok_85"/><!-- . -->
<mark id="orig_86" xlink:href="#tok_86"/><!-- ϩⲟⲙⲟⲓⲱⲥ -->
<mark id="orig_87" xlink:href="#tok_87"/><!-- ⲇⲉ -->
<mark id="orig_88" xlink:href="#tok_88"/><!-- ⲙ -->
<mark id="orig_89" xlink:href="#tok_89"/><!-- ⲡ -->
<mark id="orig_90" xlink:href="#tok_90"/><!-- ϩⲁⲓ -->
<mark id="orig_91" xlink:href="#tok_91"/><!-- ⲟⲙⲡϫⲟⲉⲓⲥ -->
<mark id="orig_92" xlink:href="#tok_92"/><!-- ⲁⲛ -->
<mark id="orig_93" xlink:href="#tok_93"/><!-- ⲙ -->
<mark id="orig_94" xlink:href="#tok_94"/><!-- ⲡⲉϥ -->
<mark id="orig_95" xlink:href="#tok_95"/><!-- ⲥⲱⲙⲁ -->
<mark id="orig_96" xlink:href="#tok_96"/><!-- . -->
<mark id="orig_97" xlink:href="#tok_97"/><!-- ⲁⲗⲗⲁ -->
<mark id="orig_98" xlink:href="#tok_98"/><!-- ⲧⲉϥ -->
<mark id="orig_99" xlink:href="#tok_99"/><!-- ⲥϩⲓⲙⲉ -->
<mark id="orig_100" xlink:href="#tok_100"/><!-- ⲧⲉ -->
<mark id="orig_101" xlink:href="#tok_101"/><!-- . -->
<mark id="orig_102" xlink:href="#tok_102"/><!-- ⲙⲡⲣ -->
<mark id="orig_103" xlink:href="#tok_103"/><!-- ϥⲉϭ -->
<mark id="orig_104" xlink:href="#tok_104"/><!-- ⲛⲉⲧⲛ -->
<mark id="orig_105" xlink:href="#tok_105"/><!-- ⲉⲣⲏⲩ -->
<mark id="orig_106" xlink:href="#tok_106"/><!-- ⲉⲓⲙⲏⲧⲓ -->
<mark id="orig_107" xlink:href="#tok_107"/><!-- ϩⲛ -->
<mark id="orig_108" xlink:href="#tok_108"/><!-- ⲟⲩϣⲱⲛⲃ -->
<mark id="orig_109" xlink:href="#tok_109"/><!-- ⲡⲣⲟⲥ -->
<mark id="orig_110" xlink:href="#tok_110"/><!-- ⲟⲩⲟⲉⲓϣ -->
<mark id="orig_111" xlink:href="#tok_111"/><!-- ϫⲉ -->
<mark id="orig_112" xlink:href="#tok_112"/><!-- ⲉⲧⲉⲧⲛⲉ -->
<mark id="orig_113" xlink:href="#tok_113"/><!-- ⲥⲣϥⲉ -->
<mark id="orig_114" xlink:href="#tok_114"/><!-- ⲉⲡⲉϣⲗⲏⲗ -->
<mark id="orig_115" xlink:href="#tok_115"/><!-- . -->
<mark id="orig_116" xlink:href="#tok_116"/><!-- ⲁⲩⲱ -->
<mark id="orig_117" xlink:href="#tok_117"/><!-- ⲟⲛ -->
<mark id="orig_118" xlink:href="#tok_118"/><!-- ⲛⲧⲉⲧⲛ -->
<mark id="orig_119" xlink:href="#tok_119"/><!-- ⲉ -->
<mark id="orig_120" xlink:href="#tok_120"/><!-- ⲓ -->
<mark id="orig_121" xlink:href="#tok_121"/><!-- ⲉⲧ -->
<mark id="orig_122" xlink:href="#tok_122"/><!-- ⲟⲩⲉⲛ -->
<mark id="orig_123" xlink:href="#tok_123"/><!-- ⲛⲉⲧⲛ -->
<mark id="orig_124" xlink:href="#tok_124"/><!-- ⲉⲣⲏⲩ -->
<mark id="orig_125" xlink:href="#tok_125"/><!-- ϫⲉ -->
<mark id="orig_126" xlink:href="#tok_126"/><!-- ⲛⲛⲉ -->
<mark id="orig_127" xlink:href="#tok_127"/><!-- ⲡ -->
<mark id="orig_128" xlink:href="#tok_128"/><!-- ⲥⲁⲧⲁⲛⲁⲥ -->
<mark id="orig_129" xlink:href="#tok_129"/><!-- ⲡⲉⲓⲣⲁⲍⲉ -->
<mark id="orig_130" xlink:href="#tok_130"/><!-- ⲙⲙⲱ -->
<mark id="orig_131" xlink:href="#tok_131"/><!-- ⲧⲛ -->
<mark id="orig_132" xlink:href="#tok_132"/><!-- ⲉⲧⲃⲉ -->
<mark id="orig_133" xlink:href="#tok_133"/><!-- ⲧⲉⲧⲛⲙⲛⲧⲁⲧⲁⲙⲁϩⲧⲉ -->
<mark id="orig_134" xlink:href="#tok_134"/><!-- . -->
<mark id="orig_135" xlink:href="#tok_135"/><!-- ⲡⲁⲓ -->
<mark id="orig_136" xlink:href="#tok_136"/><!-- ⲇⲉ -->
<mark id="orig_137" xlink:href="#tok_137"/><!-- ⲉ -->
<mark id="orig_138" xlink:href="#tok_138"/><!-- ⲓ -->
<mark id="orig_139" xlink:href="#tok_139"/><!-- ϫⲱ -->
<mark id="orig_140" xlink:href="#tok_140"/><!-- ⲙⲙⲟ -->
<mark id="orig_141" xlink:href="#tok_141"/><!-- ϥ -->
<mark id="orig_142" xlink:href="#tok_142"/><!-- ⲕⲁⲧⲁ -->
<mark id="orig_143" xlink:href="#tok_143"/><!-- ⲟⲩⲥⲩⲛⲅⲛⲱⲙⲏ -->
<mark id="orig_144" xlink:href="#tok_144"/><!-- . -->
<mark id="orig_145" xlink:href="#tok_145"/><!-- ⲛⲕⲁⲧⲁ -->
<mark id="orig_146" xlink:href="#tok_146"/><!-- ⲟⲩⲉϩⲥⲁϩⲛⲉ -->
<mark id="orig_147" xlink:href="#tok_147"/><!-- ⲁⲛ -->
<mark id="orig_148" xlink:href="#tok_148"/><!-- . -->
<mark id="orig_149" xlink:href="#tok_149"/><!-- ϯ -->
<mark id="orig_150" xlink:href="#tok_150"/><!-- ⲟⲩⲱϣ -->
<mark id="orig_151" xlink:href="#tok_151"/><!-- ⲅⲁⲣ -->
<mark id="orig_152" xlink:href="#tok_152"/><!-- ⲉⲧ -->
<mark id="orig_153" xlink:href="#tok_153"/><!-- ⲣⲉ -->
<mark id="orig_154" xlink:href="#tok_154"/><!-- ⲣⲱⲙⲉ -->
<mark id="orig_155" xlink:href="#tok_155"/><!-- ⲛⲓⲙ -->
<mark id="orig_156" xlink:href="#tok_156"/><!-- ϣⲱⲡⲉ -->
<mark id="orig_157" xlink:href="#tok_157"/><!-- ⲛ -->
<mark id="orig_158" xlink:href="#tok_158"/><!-- ⲧⲁ -->
<mark id="orig_159" xlink:href="#tok_159"/><!-- ϩⲉ -->
<mark id="orig_160" xlink:href="#tok_160"/><!-- ⲁⲗⲗⲁ -->
<mark id="orig_161" xlink:href="#tok_161"/><!-- ⲟⲩⲛⲧⲉ -->
<mark id="orig_162" xlink:href="#tok_162"/><!-- ⲡ -->
<mark id="orig_163" xlink:href="#tok_163"/><!-- ⲟⲩⲁ -->
<mark id="orig_164" xlink:href="#tok_164"/><!-- ⲡ -->
<mark id="orig_165" xlink:href="#tok_165"/><!-- ⲟⲩⲁ -->
<mark id="orig_166" xlink:href="#tok_166"/><!-- ⲟⲩ -->
<mark id="orig_167" xlink:href="#tok_167"/><!-- ⲭⲁⲣⲓⲥⲙⲁ -->
<mark id="orig_168" xlink:href="#tok_168"/><!-- ⲉⲃⲟⲗ -->
<mark id="orig_169" xlink:href="#tok_169"/><!-- ϩⲓⲧⲙ -->
<mark id="orig_170" xlink:href="#tok_170"/><!-- ⲡ -->
<mark id="orig_171" xlink:href="#tok_171"/><!-- ⲛⲟⲩⲧⲉ -->
<mark id="orig_172" xlink:href="#tok_172"/><!-- ⲟⲩⲁ -->
<mark id="orig_173" xlink:href="#tok_173"/><!-- ⲙⲉⲛ -->
<mark id="orig_174" xlink:href="#tok_174"/><!-- ϩⲓⲛⲁⲓ -->
<mark id="orig_175" xlink:href="#tok_175"/><!-- ⲕⲉⲧ -->
<mark id="orig_176" xlink:href="#tok_176"/><!-- ⲇⲉ -->
<mark id="orig_177" xlink:href="#tok_177"/><!-- ⲛ -->
<mark id="orig_178" xlink:href="#tok_178"/><!-- ⲧⲉⲓ -->
<mark id="orig_179" xlink:href="#tok_179"/><!-- ϩⲉ -->
<mark id="orig_180" xlink:href="#tok_180"/><!-- . -->
<mark id="orig_181" xlink:href="#tok_181"/><!-- ϯ -->
<mark id="orig_182" xlink:href="#tok_182"/><!-- ϫⲱ -->
<mark id="orig_183" xlink:href="#tok_183"/><!-- ⲇⲉ -->
<mark id="orig_184" xlink:href="#tok_184"/><!-- ⲙⲙⲟ -->
<mark id="orig_185" xlink:href="#tok_185"/><!-- ⲥ -->
<mark id="orig_186" xlink:href="#tok_186"/><!-- ⲛⲛⲉⲧⲉⲙⲛⲧⲟⲩ -->
<mark id="orig_187" xlink:href="#tok_187"/><!-- ⲥϩⲓⲙⲉ -->
<mark id="orig_188" xlink:href="#tok_188"/><!-- ⲙⲛ -->
<mark id="orig_189" xlink:href="#tok_189"/><!-- ⲛⲉ -->
<mark id="orig_190" xlink:href="#tok_190"/><!-- ⲭⲏⲣⲁ -->
<mark id="orig_191" xlink:href="#tok_191"/><!-- ϫⲉ -->
<mark id="orig_192" xlink:href="#tok_192"/><!-- ⲛⲁⲛⲟⲩ -->
<mark id="orig_193" xlink:href="#tok_193"/><!-- ⲥ -->
<mark id="orig_194" xlink:href="#tok_194"/><!-- ⲛⲁ -->
<mark id="orig_195" xlink:href="#tok_195"/><!-- ⲩ -->
<mark id="orig_196" xlink:href="#tok_196"/><!-- ⲉ -->
<mark id="orig_197" xlink:href="#tok_197"/><!-- ϭⲱ -->
<mark id="orig_198" xlink:href="#tok_198"/><!-- ⲛ -->
<mark id="orig_199" xlink:href="#tok_199"/><!-- ⲧⲁ -->
<mark id="orig_200" xlink:href="#tok_200"/><!-- ϩⲉ -->
<mark id="orig_201" xlink:href="#tok_201"/><!-- ϩⲱ -->
<mark id="orig_202" xlink:href="#tok_202"/><!-- . -->
<mark id="orig_203" xlink:href="#tok_203"/><!-- ⲉϣⲱⲡⲉ -->
<mark id="orig_204" xlink:href="#tok_204"/><!-- ⲇⲉ -->
<mark id="orig_205" xlink:href="#tok_205"/><!-- ⲉⲛⲥⲉⲛⲁⲉϣⲉⲅⲕⲣⲁⲧⲉⲩⲉ -->
<mark id="orig_206" xlink:href="#tok_206"/><!-- ⲁⲛ -->
<mark id="orig_207" xlink:href="#tok_207"/><!-- ⲙⲙⲟ -->
<mark id="orig_208" xlink:href="#tok_208"/><!-- ⲟⲩ -->
<mark id="orig_209" xlink:href="#tok_209"/><!-- ⲙⲁⲣⲟⲩϫⲓ -->
<mark id="orig_210" xlink:href="#tok_210"/><!-- . -->
<mark id="orig_211" xlink:href="#tok_211"/><!-- ⲛⲁ -->
<mark id="orig_212" xlink:href="#tok_212"/><!-- ⲛⲟⲩ -->
<mark id="orig_213" xlink:href="#tok_213"/><!-- ϫⲓ -->
<mark id="orig_214" xlink:href="#tok_214"/><!-- ⲅⲁⲣ -->
<mark id="orig_215" xlink:href="#tok_215"/><!-- ⲉϩⲟⲩⲉⲣⲱⲕϩ -->
<mark id="orig_216" xlink:href="#tok_216"/><!-- . -->
<mark id="orig_217" xlink:href="#tok_217"/><!-- ⲛ -->
<mark id="orig_218" xlink:href="#tok_218"/><!-- ⲉⲛⲧ -->
<mark id="orig_219" xlink:href="#tok_219"/><!-- ⲁ -->
<mark id="orig_220" xlink:href="#tok_220"/><!-- ⲩ -->
<mark id="orig_221" xlink:href="#tok_221"/><!-- ϫⲓ -->
<mark id="orig_222" xlink:href="#tok_222"/><!-- ⲇⲉ -->
<mark id="orig_223" xlink:href="#tok_223"/><!-- ϯ -->
<mark id="orig_224" xlink:href="#tok_224"/><!-- ⲡⲁⲣⲁⲅⲅⲉⲓⲗⲉ -->
<mark id="orig_225" xlink:href="#tok_225"/><!-- ⲛⲁ -->
<mark id="orig_226" xlink:href="#tok_226"/><!-- ⲩ -->
<mark id="orig_227" xlink:href="#tok_227"/><!-- ⲁⲛⲟⲕ -->
<mark id="orig_228" xlink:href="#tok_228"/><!-- ⲁⲛ -->
<mark id="orig_229" xlink:href="#tok_229"/><!-- ⲁⲗⲗⲁ -->
<mark id="orig_230" xlink:href="#tok_230"/><!-- ⲡ -->
<mark id="orig_231" xlink:href="#tok_231"/><!-- ϫⲟⲉⲓⲥ -->
<mark id="orig_232" xlink:href="#tok_232"/><!-- ⲉⲧⲙⲧⲣⲉ -->
<mark id="orig_233" xlink:href="#tok_233"/><!-- ⲧⲉ -->
<mark id="orig_234" xlink:href="#tok_234"/><!-- ⲥϩⲓⲙⲉ -->
<mark id="orig_235" xlink:href="#tok_235"/><!-- ⲡ -->
<mark id="orig_236" xlink:href="#tok_236"/><!-- ⲱⲣϫ -->
<mark id="orig_237" xlink:href="#tok_237"/><!-- ⲉ -->
<mark id="orig_238" xlink:href="#tok_238"/><!-- ⲡⲉⲥ -->
<mark id="orig_239" xlink:href="#tok_239"/><!-- ϩⲁⲓ -->
<mark id="orig_240" xlink:href="#tok_240"/><!-- . -->
<mark id="orig_241" xlink:href="#tok_241"/><!-- ⲉϣⲱⲡⲉ -->
<mark id="orig_242" xlink:href="#tok_242"/><!-- ⲇⲉ -->
<mark id="orig_243" xlink:href="#tok_243"/><!-- ⲉⲥϣⲁⲛ -->
<mark id="orig_244" xlink:href="#tok_244"/><!-- ⲡⲱⲣϫ -->
<mark id="orig_245" xlink:href="#tok_245"/><!-- ⲙⲁⲣⲉ -->
<mark id="orig_246" xlink:href="#tok_246"/><!-- ⲥ -->
<mark id="orig_247" xlink:href="#tok_247"/><!-- ϭⲱ -->
<mark id="orig_248" xlink:href="#tok_248"/><!-- ⲛ -->
<mark id="orig_249" xlink:href="#tok_249"/><!-- ⲧⲉⲓ -->
<mark id="orig_250" xlink:href="#tok_250"/><!-- ϩⲉ -->
<mark id="orig_251" xlink:href="#tok_251"/><!-- . -->
<mark id="orig_252" xlink:href="#tok_252"/><!-- ⲏⲛⲥϩⲱⲧⲡ -->
<mark id="orig_253" xlink:href="#tok_253"/><!-- ⲉ -->
<mark id="orig_254" xlink:href="#tok_254"/><!-- ⲡⲉⲥ -->
<mark id="orig_255" xlink:href="#tok_255"/><!-- ϩⲁⲓ -->
<mark id="orig_256" xlink:href="#tok_256"/><!-- . -->
<mark id="orig_257" xlink:href="#tok_257"/><!-- ⲁⲩⲱ -->
<mark id="orig_258" xlink:href="#tok_258"/><!-- ⲡ -->
<mark id="orig_259" xlink:href="#tok_259"/><!-- ϩⲟⲟⲩⲧ -->
<mark id="orig_260" xlink:href="#tok_260"/><!-- ⲉ -->
<mark id="orig_261" xlink:href="#tok_261"/><!-- ⲧⲙ -->
<mark id="orig_262" xlink:href="#tok_262"/><!-- ⲧⲣⲉ -->
<mark id="orig_263" xlink:href="#tok_263"/><!-- ϥ -->
<mark id="orig_264" xlink:href="#tok_264"/><!-- ⲕⲱ -->
<mark id="orig_265" xlink:href="#tok_265"/><!-- ⲛⲥⲱ -->
<mark id="orig_266" xlink:href="#tok_266"/><!-- ϥ -->
<mark id="orig_267" xlink:href="#tok_267"/><!-- ⲛ -->
<mark id="orig_268" xlink:href="#tok_268"/><!-- ⲧⲉϥ -->
<mark id="orig_269" xlink:href="#tok_269"/><!-- ⲥϩⲓⲙⲉ -->
<mark id="orig_270" xlink:href="#tok_270"/><!-- . -->
<mark id="orig_271" xlink:href="#tok_271"/><!-- ϯ -->
<mark id="orig_272" xlink:href="#tok_272"/><!-- ϫⲱ -->
<mark id="orig_273" xlink:href="#tok_273"/><!-- ⲇⲉ -->
<mark id="orig_274" xlink:href="#tok_274"/><!-- ⲙⲙⲟ -->
<mark id="orig_275" xlink:href="#tok_275"/><!-- ⲥ -->
<mark id="orig_276" xlink:href="#tok_276"/><!-- ⲙ -->
<mark id="orig_277" xlink:href="#tok_277"/><!-- ⲡ -->
<mark id="orig_278" xlink:href="#tok_278"/><!-- ⲕⲉⲥⲉⲉⲡⲉ -->
<mark id="orig_279" xlink:href="#tok_279"/><!-- ⲁⲛⲟⲕ -->
<mark id="orig_280" xlink:href="#tok_280"/><!-- ⲙ -->
<mark id="orig_281" xlink:href="#tok_281"/><!-- ⲡ -->
<mark id="orig_282" xlink:href="#tok_282"/><!-- ϫⲟⲉⲓⲥ -->
<mark id="orig_283" xlink:href="#tok_283"/><!-- ⲁⲛ -->
<mark id="orig_284" xlink:href="#tok_284"/><!-- ϫⲉ -->
<mark id="orig_285" xlink:href="#tok_285"/><!-- ⲉϣⲱⲡⲉ -->
<mark id="orig_286" xlink:href="#tok_286"/><!-- ⲟⲩ -->
<mark id="orig_287" xlink:href="#tok_287"/><!-- ⲥⲟⲛ -->
<mark id="orig_288" xlink:href="#tok_288"/><!-- ⲉ -->
<mark id="orig_289" xlink:href="#tok_289"/><!-- ⲩ -->
<mark id="orig_290" xlink:href="#tok_290"/><!-- ⲛ -->
<mark id="orig_291" xlink:href="#tok_291"/><!-- ⲧ -->
<mark id="orig_292" xlink:href="#tok_292"/><!-- ⲁϥ -->
<mark id="orig_293" xlink:href="#tok_293"/><!-- ⲙⲙⲁⲩ -->
<mark id="orig_294" xlink:href="#tok_294"/><!-- ⲛ -->
<mark id="orig_295" xlink:href="#tok_295"/><!-- ⲟⲩ -->
<mark id="orig_296" xlink:href="#tok_296"/><!-- ⲥϩⲓⲙⲉ -->
<mark id="orig_297" xlink:href="#tok_297"/><!-- ⲛ -->
<mark id="orig_298" xlink:href="#tok_298"/><!-- ⲁⲡⲓⲥⲧⲟⲥ -->
<mark id="orig_299" xlink:href="#tok_299"/><!-- ⲁⲩⲱ -->
<mark id="orig_300" xlink:href="#tok_300"/><!-- ⲉ -->
<mark id="orig_301" xlink:href="#tok_301"/><!-- ⲥ -->
<mark id="orig_302" xlink:href="#tok_302"/><!-- ⲟⲩⲱϣ -->
<mark id="orig_303" xlink:href="#tok_303"/><!-- ⲉ -->
<mark id="orig_304" xlink:href="#tok_304"/><!-- ϭⲱ -->
<mark id="orig_305" xlink:href="#tok_305"/><!-- ⲛⲙⲙⲁ -->
<mark id="orig_306" xlink:href="#tok_306"/><!-- ϥ -->
<mark id="orig_307" xlink:href="#tok_307"/><!-- ⲙⲡⲣⲧⲣⲉ -->
<mark id="orig_308" xlink:href="#tok_308"/><!-- ϥ -->
<mark id="orig_309" xlink:href="#tok_309"/><!-- ⲗⲟ -->
<mark id="orig_310" xlink:href="#tok_310"/><!-- ϩⲁⲣⲟ -->
<mark id="orig_311" xlink:href="#tok_311"/><!-- ⲥ -->
<mark id="orig_312" xlink:href="#tok_312"/><!-- . -->
<mark id="orig_313" xlink:href="#tok_313"/><!-- ⲁⲩⲱ -->
<mark id="orig_314" xlink:href="#tok_314"/><!-- ⲉϣⲱⲡⲉ -->
<mark id="orig_315" xlink:href="#tok_315"/><!-- ⲟⲩ -->
<mark id="orig_316" xlink:href="#tok_316"/><!-- ⲥϩⲓⲙⲉ -->
<mark id="orig_317" xlink:href="#tok_317"/><!-- ⲉ -->
<mark id="orig_318" xlink:href="#tok_318"/><!-- ⲩ -->
<mark id="orig_319" xlink:href="#tok_319"/><!-- ⲛ -->
<mark id="orig_320" xlink:href="#tok_320"/><!-- ⲧ -->
<mark id="orig_321" xlink:href="#tok_321"/><!-- ⲁⲥ -->
<mark id="orig_322" xlink:href="#tok_322"/><!-- ⲙⲙⲁⲩ -->
<mark id="orig_323" xlink:href="#tok_323"/><!-- ⲛ -->
<mark id="orig_324" xlink:href="#tok_324"/><!-- ⲟⲩ -->
<mark id="orig_325" xlink:href="#tok_325"/><!-- ϩⲁⲓ -->
<mark id="orig_326" xlink:href="#tok_326"/><!-- ⲛ -->
<mark id="orig_327" xlink:href="#tok_327"/><!-- ⲁⲡⲓⲥⲧⲟⲥ -->
<mark id="orig_328" xlink:href="#tok_328"/><!-- ⲉ -->
<mark id="orig_329" xlink:href="#tok_329"/><!-- ϥ -->
<mark id="orig_330" xlink:href="#tok_330"/><!-- ⲟⲩⲱϣ -->
<mark id="orig_331" xlink:href="#tok_331"/><!-- ⲉ -->
<mark id="orig_332" xlink:href="#tok_332"/><!-- ϭⲱ -->
<mark id="orig_333" xlink:href="#tok_333"/><!-- ⲛⲙⲙⲁ -->
<mark id="orig_334" xlink:href="#tok_334"/><!-- ⲥ -->
<mark id="orig_335" xlink:href="#tok_335"/><!-- ⲙⲡⲣⲧⲣⲉ -->
<mark id="orig_336" xlink:href="#tok_336"/><!-- ⲥ -->
<mark id="orig_337" xlink:href="#tok_337"/><!-- ⲗⲟ -->
<mark id="orig_338" xlink:href="#tok_338"/><!-- ϩⲁ -->
<mark id="orig_339" xlink:href="#tok_339"/><!-- ⲡ -->
<mark id="orig_340" xlink:href="#tok_340"/><!-- ϩⲁⲓ -->
<mark id="orig_341" xlink:href="#tok_341"/><!-- . -->
<mark id="orig_342" xlink:href="#tok_342"/><!-- ⲁ -->
<mark id="orig_343" xlink:href="#tok_343"/><!-- ϥ -->
<mark id="orig_344" xlink:href="#tok_344"/><!-- ⲧⲃⲃⲟ -->
<mark id="orig_345" xlink:href="#tok_345"/><!-- ⲅⲁⲣ -->
<mark id="orig_346" xlink:href="#tok_346"/><!-- ⲛϭⲓ -->
<mark id="orig_347" xlink:href="#tok_347"/><!-- ⲡ -->
<mark id="orig_348" xlink:href="#tok_348"/><!-- ϩⲁⲓ -->
<mark id="orig_349" xlink:href="#tok_349"/><!-- ⲛ -->
<mark id="orig_350" xlink:href="#tok_350"/><!-- ⲁⲡⲓⲥⲧⲟⲥ -->
<mark id="orig_351" xlink:href="#tok_351"/><!-- ϩⲛ -->
<mark id="orig_352" xlink:href="#tok_352"/><!-- ⲧⲉ -->
<mark id="orig_353" xlink:href="#tok_353"/><!-- ⲥϩⲓⲙⲉ -->
<mark id="orig_354" xlink:href="#tok_354"/><!-- ⲁⲩⲱ -->
<mark id="orig_355" xlink:href="#tok_355"/><!-- ⲁ -->
<mark id="orig_356" xlink:href="#tok_356"/><!-- ⲥ -->
<mark id="orig_357" xlink:href="#tok_357"/><!-- ⲧⲃⲃⲟ -->
<mark id="orig_358" xlink:href="#tok_358"/><!-- ⲛϭⲓ -->
<mark id="orig_359" xlink:href="#tok_359"/><!-- ⲧⲉ -->
<mark id="orig_360" xlink:href="#tok_360"/><!-- ⲥϩⲓⲙⲉ -->
<mark id="orig_361" xlink:href="#tok_361"/><!-- ⲛ -->
<mark id="orig_362" xlink:href="#tok_362"/><!-- ⲁⲡⲓⲥⲧⲟⲥ -->
<mark id="orig_363" xlink:href="#tok_363"/><!-- ϩⲙ -->
<mark id="orig_364" xlink:href="#tok_364"/><!-- ⲡ -->
<mark id="orig_365" xlink:href="#tok_365"/><!-- ⲥⲟⲛ -->
<mark id="orig_366" xlink:href="#tok_366"/><!-- ⲉϣϫⲉ -->
<mark id="orig_367" xlink:href="#tok_367"/><!-- ⲙⲡⲉ -->
<mark id="orig_368" xlink:href="#tok_368"/><!-- ⲉⲓⲉ -->
<mark id="orig_369" xlink:href="#tok_369"/><!-- ⲛⲉⲧⲛ -->
<mark id="orig_370" xlink:href="#tok_370"/><!-- ϣⲏⲣⲉ -->
<mark id="orig_371" xlink:href="#tok_371"/><!-- ϩⲉⲛ -->
<mark id="orig_372" xlink:href="#tok_372"/><!-- ⲁⲕⲁⲑⲁⲣⲧⲟⲛ -->
<mark id="orig_373" xlink:href="#tok_373"/><!-- ⲛⲉ -->
<mark id="orig_374" xlink:href="#tok_374"/><!-- ⲧⲉⲛⲟⲩ -->
<mark id="orig_375" xlink:href="#tok_375"/><!-- ⲇⲉ -->
<mark id="orig_376" xlink:href="#tok_376"/><!-- ⲥⲉ -->
<mark id="orig_377" xlink:href="#tok_377"/><!-- ⲟⲩⲁⲁⲃ -->
<mark id="orig_378" xlink:href="#tok_378"/><!-- . -->
<mark id="orig_379" xlink:href="#tok_379"/><!-- ⲉϣϫⲉ -->
<mark id="orig_380" xlink:href="#tok_380"/><!-- ⲡ -->
<mark id="orig_381" xlink:href="#tok_381"/><!-- ⲁⲡⲓⲥⲧⲟⲥ -->
<mark id="orig_382" xlink:href="#tok_382"/><!-- ⲇⲉ -->
<mark id="orig_383" xlink:href="#tok_383"/><!-- ⲛⲁ -->
<mark id="orig_384" xlink:href="#tok_384"/><!-- ⲡ -->
<mark id="orig_385" xlink:href="#tok_385"/><!-- ⲱⲣϫ -->
<mark id="orig_386" xlink:href="#tok_386"/><!-- ⲙⲁⲣⲉ -->
<mark id="orig_387" xlink:href="#tok_387"/><!-- ϥ -->
<mark id="orig_388" xlink:href="#tok_388"/><!-- ⲡⲱⲣϫ -->
<mark id="orig_389" xlink:href="#tok_389"/><!-- ⲉ -->
<mark id="orig_390" xlink:href="#tok_390"/><!-- ⲛ -->
<mark id="orig_391" xlink:href="#tok_391"/><!-- ϥⲟ -->
<mark id="orig_392" xlink:href="#tok_392"/><!-- ⲁⲛ -->
<mark id="orig_393" xlink:href="#tok_393"/><!-- ⲛ -->
<mark id="orig_394" xlink:href="#tok_394"/><!-- ϩⲙϩⲁⲗ -->
<mark id="orig_395" xlink:href="#tok_395"/><!-- ⲛϭⲓ -->
<mark id="orig_396" xlink:href="#tok_396"/><!-- ⲡ -->
<mark id="orig_397" xlink:href="#tok_397"/><!-- ⲥⲟⲛ -->
<mark id="orig_398" xlink:href="#tok_398"/><!-- ⲏⲧⲥⲱⲛⲉ -->
<mark id="orig_399" xlink:href="#tok_399"/><!-- ϩⲛ -->
<mark id="orig_400" xlink:href="#tok_400"/><!-- ⲛⲉⲉⲓϩⲱⲃ -->
<mark id="orig_401" xlink:href="#tok_401"/><!-- ⲛ -->
<mark id="orig_402" xlink:href="#tok_402"/><!-- ⲧⲉⲓ -->
<mark id="orig_403" xlink:href="#tok_403"/><!-- ⲙⲓⲛⲉ -->
<mark id="orig_404" xlink:href="#tok_404"/><!-- ⲛⲧⲁ -->
<mark id="orig_405" xlink:href="#tok_405"/><!-- ⲡ -->
<mark id="orig_406" xlink:href="#tok_406"/><!-- ϫⲟⲉⲓⲥ -->
<mark id="orig_407" xlink:href="#tok_407"/><!-- ⲅⲁⲣ -->
<mark id="orig_408" xlink:href="#tok_408"/><!-- ⲧⲁϩⲙ -->
<mark id="orig_409" xlink:href="#tok_409"/><!-- ⲛ -->
<mark id="orig_410" xlink:href="#tok_410"/><!-- ϩⲛ -->
<mark id="orig_411" xlink:href="#tok_411"/><!-- ⲟⲩ -->
<mark id="orig_412" xlink:href="#tok_412"/><!-- ⲉⲓⲣⲏⲛⲏ -->
<mark id="orig_413" xlink:href="#tok_413"/><!-- . -->
<mark id="orig_414" xlink:href="#tok_414"/><!-- ⲟⲩ -->
<mark id="orig_415" xlink:href="#tok_415"/><!-- ⲅⲁⲣ -->
<mark id="orig_416" xlink:href="#tok_416"/><!-- ⲡ -->
<mark id="orig_417" xlink:href="#tok_417"/><!-- ⲉⲧⲉⲣⲉ -->
<mark id="orig_418" xlink:href="#tok_418"/><!-- ⲥⲟⲟⲩⲛ -->
<mark id="orig_419" xlink:href="#tok_419"/><!-- ⲙⲙⲟ -->
<mark id="orig_420" xlink:href="#tok_420"/><!-- ϥ -->
<mark id="orig_421" xlink:href="#tok_421"/><!-- ⲧⲉ -->
<mark id="orig_422" xlink:href="#tok_422"/><!-- ⲥϩⲓⲙⲉ -->
<mark id="orig_423" xlink:href="#tok_423"/><!-- . -->
<mark id="orig_424" xlink:href="#tok_424"/><!-- ⲙⲏ -->
<mark id="orig_425" xlink:href="#tok_425"/><!-- ⲧⲉⲛⲁϣⲧⲟⲩϫⲉ -->
<mark id="orig_426" xlink:href="#tok_426"/><!-- ⲡⲟⲩϩⲁⲓ -->
<mark id="orig_427" xlink:href="#tok_427"/><!-- . -->
<mark id="orig_428" xlink:href="#tok_428"/><!-- ⲁⲩⲱ -->
<mark id="orig_429" xlink:href="#tok_429"/><!-- ⲟⲩ -->
<mark id="orig_430" xlink:href="#tok_430"/><!-- ⲡⲉⲧⲕⲥⲟⲟⲩⲛ -->
<mark id="orig_431" xlink:href="#tok_431"/><!-- ⲙⲙⲟ -->
<mark id="orig_432" xlink:href="#tok_432"/><!-- ϥ -->
<mark id="orig_433" xlink:href="#tok_433"/><!-- ⲡ -->
<mark id="orig_434" xlink:href="#tok_434"/><!-- ϩⲁⲓ -->
<mark id="orig_435" xlink:href="#tok_435"/><!-- ⲙⲏ -->
<mark id="orig_436" xlink:href="#tok_436"/><!-- ⲕⲛⲁϣⲧⲟⲩϫⲉ -->
<mark id="orig_437" xlink:href="#tok_437"/><!-- ⲧⲉⲕ -->
<mark id="orig_438" xlink:href="#tok_438"/><!-- ⲥϩⲓⲙⲉ -->
<mark id="orig_439" xlink:href="#tok_439"/><!-- . -->
<mark id="orig_440" xlink:href="#tok_440"/><!-- ⲉⲓⲙⲏ -->
<mark id="orig_441" xlink:href="#tok_441"/><!-- ⲛ -->
<mark id="orig_442" xlink:href="#tok_442"/><!-- ⲧ -->
<mark id="orig_443" xlink:href="#tok_443"/><!-- ϩⲉ -->
<mark id="orig_444" xlink:href="#tok_444"/><!-- ⲉⲛⲧⲁ -->
<mark id="orig_445" xlink:href="#tok_445"/><!-- ⲡ -->
<mark id="orig_446" xlink:href="#tok_446"/><!-- ϫⲟⲉⲓⲥ -->
<mark id="orig_447" xlink:href="#tok_447"/><!-- ⲧⲉ -->
<mark id="orig_448" xlink:href="#tok_448"/><!-- ϣ -->
<mark id="orig_449" xlink:href="#tok_449"/><!-- ⲡ -->
<mark id="orig_450" xlink:href="#tok_450"/><!-- ⲟⲩⲁ -->
<mark id="orig_451" xlink:href="#tok_451"/><!-- ⲡ -->
<mark id="orig_452" xlink:href="#tok_452"/><!-- ⲟⲩⲁ -->
<mark id="orig_453" xlink:href="#tok_453"/><!-- ⲙⲙⲟ -->
<mark id="orig_454" xlink:href="#tok_454"/><!-- ⲥ -->
<mark id="orig_455" xlink:href="#tok_455"/><!-- . -->
<mark id="orig_456" xlink:href="#tok_456"/><!-- ⲡ -->
<mark id="orig_457" xlink:href="#tok_457"/><!-- ⲟⲩⲁ -->
<mark id="orig_458" xlink:href="#tok_458"/><!-- ⲡ -->
<mark id="orig_459" xlink:href="#tok_459"/><!-- ⲟⲩⲁ -->
<mark id="orig_460" xlink:href="#tok_460"/><!-- ⲛ -->
<mark id="orig_461" xlink:href="#tok_461"/><!-- ⲧ -->
<mark id="orig_462" xlink:href="#tok_462"/><!-- ϩⲉ -->
<mark id="orig_463" xlink:href="#tok_463"/><!-- ⲉⲛⲧⲁ -->
<mark id="orig_464" xlink:href="#tok_464"/><!-- ⲡ -->
<mark id="orig_465" xlink:href="#tok_465"/><!-- ⲛⲟⲩⲧⲉ -->
<mark id="orig_466" xlink:href="#tok_466"/><!-- ⲧⲁϩⲙⲉ -->
<mark id="orig_467" xlink:href="#tok_467"/><!-- ϥ -->
<mark id="orig_468" xlink:href="#tok_468"/><!-- ⲙⲁⲣⲉ -->
<mark id="orig_469" xlink:href="#tok_469"/><!-- ϥ -->
<mark id="orig_470" xlink:href="#tok_470"/><!-- ⲙⲟⲟϣⲉ -->
<mark id="orig_471" xlink:href="#tok_471"/><!-- ⲙⲙⲟ -->
<mark id="orig_472" xlink:href="#tok_472"/><!-- ⲥ -->
<mark id="orig_473" xlink:href="#tok_473"/><!-- . -->
<mark id="orig_474" xlink:href="#tok_474"/><!-- ⲁⲩⲱ -->
<mark id="orig_475" xlink:href="#tok_475"/><!-- ⲧⲁⲓ -->
<mark id="orig_476" xlink:href="#tok_476"/><!-- ⲧⲉ -->
<mark id="orig_477" xlink:href="#tok_477"/><!-- ⲧ -->
<mark id="orig_478" xlink:href="#tok_478"/><!-- ϩⲉ -->
<mark id="orig_479" xlink:href="#tok_479"/><!-- ⲉϯⲧⲱϣ -->
<mark id="orig_480" xlink:href="#tok_480"/><!-- ⲙⲙⲟ -->
<mark id="orig_481" xlink:href="#tok_481"/><!-- ⲥ -->
<mark id="orig_482" xlink:href="#tok_482"/><!-- ϩⲛ -->
<mark id="orig_483" xlink:href="#tok_483"/><!-- ⲛ -->
<mark id="orig_484" xlink:href="#tok_484"/><!-- ⲉⲕⲕⲗⲏⲥⲓⲁ -->
<mark id="orig_485" xlink:href="#tok_485"/><!-- ⲛⲓⲙ -->
<mark id="orig_486" xlink:href="#tok_486"/><!-- . -->
<mark id="orig_487" xlink:href="#tok_487"/><!-- ⲁⲩⲧⲉϩⲙ -->
<mark id="orig_488" xlink:href="#tok_488"/><!-- ⲟⲩⲁ -->
<mark id="orig_489" xlink:href="#tok_489"/><!-- ⲉϥⲥⲃⲃⲏⲩ -->
<mark id="orig_490" xlink:href="#tok_490"/><!-- ⲙⲡⲣⲧⲣⲉ -->
<mark id="orig_491" xlink:href="#tok_491"/><!-- ϥ -->
<mark id="orig_492" xlink:href="#tok_492"/><!-- ϩⲟⲃⲥ -->
<mark id="orig_493" xlink:href="#tok_493"/><!-- ϥ -->
<mark id="orig_494" xlink:href="#tok_494"/><!-- . -->
<mark id="orig_495" xlink:href="#tok_495"/><!-- ⲁⲩⲧⲉϩⲙ -->
<mark id="orig_496" xlink:href="#tok_496"/><!-- ⲟⲩⲁ -->
<mark id="orig_497" xlink:href="#tok_497"/><!-- ⲉ -->
<mark id="orig_498" xlink:href="#tok_498"/><!-- ϥ -->
<mark id="orig_499" xlink:href="#tok_499"/><!-- ⲟ -->
<mark id="orig_500" xlink:href="#tok_500"/><!-- ⲛⲁⲧⲥⲃⲃⲉ -->
<mark id="orig_501" xlink:href="#tok_501"/><!-- ⲙⲡⲣⲧⲣⲉϥⲥⲃⲃⲏⲧϥ -->
<mark id="orig_502" xlink:href="#tok_502"/><!-- . -->
<mark id="orig_503" xlink:href="#tok_503"/><!-- ⲡⲥⲃⲃⲉ -->
<mark id="orig_504" xlink:href="#tok_504"/><!-- ⲟⲩ -->
<mark id="orig_505" xlink:href="#tok_505"/><!-- ⲗⲁⲁⲩ -->
<mark id="orig_506" xlink:href="#tok_506"/><!-- ⲡⲉ -->
<mark id="orig_507" xlink:href="#tok_507"/><!-- ⲁⲩⲱ -->
<mark id="orig_508" xlink:href="#tok_508"/><!-- ⲧⲙⲛⲧⲁⲧⲥⲃⲃⲉ -->
<mark id="orig_509" xlink:href="#tok_509"/><!-- ⲟⲩ -->
<mark id="orig_510" xlink:href="#tok_510"/><!-- ⲗⲁⲁⲩ -->
<mark id="orig_511" xlink:href="#tok_511"/><!-- ⲧⲉ -->
<mark id="orig_512" xlink:href="#tok_512"/><!-- . -->
<mark id="orig_513" xlink:href="#tok_513"/><!-- ⲁⲗⲗⲁ -->
<mark id="orig_514" xlink:href="#tok_514"/><!-- ⲡϩⲁⲣⲉϩ -->
<mark id="orig_515" xlink:href="#tok_515"/><!-- ⲉ -->
<mark id="orig_516" xlink:href="#tok_516"/><!-- ⲛ -->
<mark id="orig_517" xlink:href="#tok_517"/><!-- ⲉⲛⲧⲟⲗⲏ -->
<mark id="orig_518" xlink:href="#tok_518"/><!-- ⲙ -->
<mark id="orig_519" xlink:href="#tok_519"/><!-- ⲡ -->
<mark id="orig_520" xlink:href="#tok_520"/><!-- ⲛⲟⲩⲧⲉ -->
<mark id="orig_521" xlink:href="#tok_521"/><!-- ⲡⲉ -->
<mark id="orig_522" xlink:href="#tok_522"/><!-- . -->
<mark id="orig_523" xlink:href="#tok_523"/><!-- ⲡ -->
<mark id="orig_524" xlink:href="#tok_524"/><!-- ⲟⲩⲁ -->
<mark id="orig_525" xlink:href="#tok_525"/><!-- ⲡ -->
<mark id="orig_526" xlink:href="#tok_526"/><!-- ⲟⲩⲁ -->
<mark id="orig_527" xlink:href="#tok_527"/><!-- ϩⲙ -->
<mark id="orig_528" xlink:href="#tok_528"/><!-- ⲡ -->
<mark id="orig_529" xlink:href="#tok_529"/><!-- ⲧⲱϩⲙ -->
<mark id="orig_530" xlink:href="#tok_530"/><!-- ⲉⲛⲧ -->
<mark id="orig_531" xlink:href="#tok_531"/><!-- ⲁ -->
<mark id="orig_532" xlink:href="#tok_532"/><!-- ⲩ -->
<mark id="orig_533" xlink:href="#tok_533"/><!-- ⲧⲁϩⲙⲉ -->
<mark id="orig_534" xlink:href="#tok_534"/><!-- ϥ -->
<mark id="orig_535" xlink:href="#tok_535"/><!-- ⲛϩⲏⲧ -->
<mark id="orig_536" xlink:href="#tok_536"/><!-- ϥ -->
<mark id="orig_537" xlink:href="#tok_537"/><!-- ⲙⲁⲣⲉ -->
<mark id="orig_538" xlink:href="#tok_538"/><!-- ϥ -->
<mark id="orig_539" xlink:href="#tok_539"/><!-- ϭⲱ -->
<mark id="orig_540" xlink:href="#tok_540"/><!-- ⲛϩⲏⲧ -->
<mark id="orig_541" xlink:href="#tok_541"/><!-- ϥ -->
<mark id="orig_542" xlink:href="#tok_542"/><!-- . -->
<mark id="orig_543" xlink:href="#tok_543"/><!-- ⲁ -->
<mark id="orig_544" xlink:href="#tok_544"/><!-- ⲩ -->
<mark id="orig_545" xlink:href="#tok_545"/><!-- ⲧⲁϩⲙⲉ -->
<mark id="orig_546" xlink:href="#tok_546"/><!-- ⲕ -->
<mark id="orig_547" xlink:href="#tok_547"/><!-- ⲉ -->
<mark id="orig_548" xlink:href="#tok_548"/><!-- ⲕ -->
<mark id="orig_549" xlink:href="#tok_549"/><!-- ⲟ -->
<mark id="orig_550" xlink:href="#tok_550"/><!-- ⲛ -->
<mark id="orig_551" xlink:href="#tok_551"/><!-- ϩⲙϩⲁⲗ -->
<mark id="orig_552" xlink:href="#tok_552"/><!-- ⲙⲡⲣⲧⲣⲉ -->
<mark id="orig_553" xlink:href="#tok_553"/><!-- ϥ -->
<mark id="orig_554" xlink:href="#tok_554"/><!-- ⲣ -->
<mark id="orig_555" xlink:href="#tok_555"/><!-- ⲣⲟⲟⲩϣ -->
<mark id="orig_556" xlink:href="#tok_556"/><!-- ⲛⲁ -->
<mark id="orig_557" xlink:href="#tok_557"/><!-- ⲕ -->
<mark id="orig_558" xlink:href="#tok_558"/><!-- . -->
<mark id="orig_559" xlink:href="#tok_559"/><!-- ⲁⲗⲗⲁ -->
<mark id="orig_560" xlink:href="#tok_560"/><!-- ⲕⲁⲛ -->
<mark id="orig_561" xlink:href="#tok_561"/><!-- ⲉϣⲱⲡⲉ -->
<mark id="orig_562" xlink:href="#tok_562"/><!-- ⲟⲩⲛ -->
<mark id="orig_563" xlink:href="#tok_563"/><!-- ϭⲟⲙ -->
<mark id="orig_564" xlink:href="#tok_564"/><!-- ⲙⲙⲟ -->
<mark id="orig_565" xlink:href="#tok_565"/><!-- ⲕ -->
<mark id="orig_566" xlink:href="#tok_566"/><!-- ⲉⲣⲣⲙϩⲉ -->
<mark id="orig_567" xlink:href="#tok_567"/><!-- ⲭⲣⲱ -->
<mark id="orig_568" xlink:href="#tok_568"/><!-- ⲛϩⲟⲩⲟ -->
<mark id="orig_569" xlink:href="#tok_569"/><!-- . -->
<mark id="orig_570" xlink:href="#tok_570"/><!-- ⲡ -->
<mark id="orig_571" xlink:href="#tok_571"/><!-- ϩⲙϩⲁⲗ -->
<mark id="orig_572" xlink:href="#tok_572"/><!-- ⲅⲁⲣ -->
<mark id="orig_573" xlink:href="#tok_573"/><!-- ⲉⲛⲧ -->
<mark id="orig_574" xlink:href="#tok_574"/><!-- ⲁ -->
<mark id="orig_575" xlink:href="#tok_575"/><!-- ⲩ -->
<mark id="orig_576" xlink:href="#tok_576"/><!-- ⲧⲁϩⲙⲉ -->
<mark id="orig_577" xlink:href="#tok_577"/><!-- ϥ -->
<mark id="orig_578" xlink:href="#tok_578"/><!-- ϩⲙ -->
<mark id="orig_579" xlink:href="#tok_579"/><!-- ⲡ -->
<mark id="orig_580" xlink:href="#tok_580"/><!-- ϫⲟⲉⲓⲥ -->
<mark id="orig_581" xlink:href="#tok_581"/><!-- ⲡⲁ -->
<mark id="orig_582" xlink:href="#tok_582"/><!-- ⲡⲉⲗⲉⲩⲑⲉⲣⲟⲥ -->
<mark id="orig_583" xlink:href="#tok_583"/><!-- ⲙ -->
<mark id="orig_584" xlink:href="#tok_584"/><!-- ⲡ -->
<mark id="orig_585" xlink:href="#tok_585"/><!-- ϫⲟⲉⲓⲥ -->
<mark id="orig_586" xlink:href="#tok_586"/><!-- ⲡⲉ -->
<mark id="orig_587" xlink:href="#tok_587"/><!-- . -->
<mark id="orig_588" xlink:href="#tok_588"/><!-- ϩⲟⲙⲟⲓⲱⲥ -->
<mark id="orig_589" xlink:href="#tok_589"/><!-- ⲡ -->
<mark id="orig_590" xlink:href="#tok_590"/><!-- ⲣⲙϩⲉ -->
<mark id="orig_591" xlink:href="#tok_591"/><!-- ⲉⲛⲧ -->
<mark id="orig_592" xlink:href="#tok_592"/><!-- ⲁ -->
<mark id="orig_593" xlink:href="#tok_593"/><!-- ⲩ -->
<mark id="orig_594" xlink:href="#tok_594"/><!-- ⲧⲁϩⲙⲉ -->
<mark id="orig_595" xlink:href="#tok_595"/><!-- ϥ -->
<mark id="orig_596" xlink:href="#tok_596"/><!-- ⲡ -->
<mark id="orig_597" xlink:href="#tok_597"/><!-- ϩⲙϩⲁⲗ -->
<mark id="orig_598" xlink:href="#tok_598"/><!-- ⲙ -->
<mark id="orig_599" xlink:href="#tok_599"/><!-- ⲡⲉ -->
<mark id="orig_600" xlink:href="#tok_600"/><!-- ⲭⲣⲓⲥⲧⲟⲥ -->
<mark id="orig_601" xlink:href="#tok_601"/><!-- ⲡⲉ -->
<mark id="orig_602" xlink:href="#tok_602"/><!-- . -->
<mark id="orig_603" xlink:href="#tok_603"/><!-- ⲁ -->
<mark id="orig_604" xlink:href="#tok_604"/><!-- ⲩ -->
<mark id="orig_605" xlink:href="#tok_605"/><!-- ϣⲉⲡ -->
<mark id="orig_606" xlink:href="#tok_606"/><!-- ⲧⲏⲩⲧⲛ -->
<mark id="orig_607" xlink:href="#tok_607"/><!-- ϩⲁ -->
<mark id="orig_608" xlink:href="#tok_608"/><!-- ⲟⲩⲁⲥⲟⲩ -->
<mark id="orig_609" xlink:href="#tok_609"/><!-- ⲙⲡⲣ -->
<mark id="orig_610" xlink:href="#tok_610"/><!-- ϣⲱⲡⲉ -->
<mark id="orig_611" xlink:href="#tok_611"/><!-- ⲛ -->
<mark id="orig_612" xlink:href="#tok_612"/><!-- ϩⲙϩⲁⲗ -->
<mark id="orig_613" xlink:href="#tok_613"/><!-- ⲛ -->
<mark id="orig_614" xlink:href="#tok_614"/><!-- ⲣⲱⲙⲉ -->
<mark id="orig_615" xlink:href="#tok_615"/><!-- . -->
<mark id="orig_616" xlink:href="#tok_616"/><!-- ⲡ -->
<mark id="orig_617" xlink:href="#tok_617"/><!-- ⲟⲩⲁ -->
<mark id="orig_618" xlink:href="#tok_618"/><!-- ⲡ -->
<mark id="orig_619" xlink:href="#tok_619"/><!-- ⲟⲩⲁ -->
<mark id="orig_620" xlink:href="#tok_620"/><!-- ϩⲙ -->
<mark id="orig_621" xlink:href="#tok_621"/><!-- ⲡ -->
<mark id="orig_622" xlink:href="#tok_622"/><!-- ⲉⲛⲧ -->
<mark id="orig_623" xlink:href="#tok_623"/><!-- ⲁ -->
<mark id="orig_624" xlink:href="#tok_624"/><!-- ⲩ -->
<mark id="orig_625" xlink:href="#tok_625"/><!-- ⲧⲁϩⲙⲉ -->
<mark id="orig_626" xlink:href="#tok_626"/><!-- ϥ -->
<mark id="orig_627" xlink:href="#tok_627"/><!-- ⲛϩⲏⲧ -->
<mark id="orig_628" xlink:href="#tok_628"/><!-- ϥ -->
<mark id="orig_629" xlink:href="#tok_629"/><!-- ⲛⲁ -->
<mark id="orig_630" xlink:href="#tok_630"/><!-- ⲥⲛⲏⲩ -->
<mark id="orig_631" xlink:href="#tok_631"/><!-- ⲙⲁⲣⲉ -->
<mark id="orig_632" xlink:href="#tok_632"/><!-- ϥ -->
<mark id="orig_633" xlink:href="#tok_633"/><!-- ϭⲱ -->
<mark id="orig_634" xlink:href="#tok_634"/><!-- ϩⲙ -->
<mark id="orig_635" xlink:href="#tok_635"/><!-- ⲡⲁⲓ -->
<mark id="orig_636" xlink:href="#tok_636"/><!-- ⲛⲛⲁϩⲣⲙ -->
<mark id="orig_637" xlink:href="#tok_637"/><!-- ⲡ -->
<mark id="orig_638" xlink:href="#tok_638"/><!-- ⲛⲟⲩⲧⲉ -->
<mark id="orig_639" xlink:href="#tok_639"/><!-- . -->
<mark id="orig_640" xlink:href="#tok_640"/><!-- ⲉⲧⲃⲉ -->
<mark id="orig_641" xlink:href="#tok_641"/><!-- ⲙ -->
<mark id="orig_642" xlink:href="#tok_642"/><!-- ⲡⲁⲣⲑⲉⲛⲟⲥ -->
<mark id="orig_643" xlink:href="#tok_643"/><!-- ⲇⲉ -->
<mark id="orig_644" xlink:href="#tok_644"/><!-- ⲙⲛ -->
<mark id="orig_645" xlink:href="#tok_645"/><!-- ⲧⲁⲓ -->
<mark id="orig_646" xlink:href="#tok_646"/><!-- ⲟⲩⲉϩⲥⲁϩⲛⲉ -->
<mark id="orig_647" xlink:href="#tok_647"/><!-- ⲙⲙⲁⲩ -->
<mark id="orig_648" xlink:href="#tok_648"/><!-- ⲛⲧⲉ -->
<mark id="orig_649" xlink:href="#tok_649"/><!-- ⲡ -->
<mark id="orig_650" xlink:href="#tok_650"/><!-- ϫⲟⲉⲓⲥ -->
<mark id="orig_651" xlink:href="#tok_651"/><!-- . -->
<mark id="orig_652" xlink:href="#tok_652"/><!-- ϯ -->
<mark id="orig_653" xlink:href="#tok_653"/><!-- ϯ -->
<mark id="orig_654" xlink:href="#tok_654"/><!-- ⲇⲉ -->
<mark id="orig_655" xlink:href="#tok_655"/><!-- ⲛ -->
<mark id="orig_656" xlink:href="#tok_656"/><!-- ⲟⲩ -->
<mark id="orig_657" xlink:href="#tok_657"/><!-- ⲅⲛⲱⲙⲏ -->
<mark id="orig_658" xlink:href="#tok_658"/><!-- ϩⲱⲥ -->
<mark id="orig_659" xlink:href="#tok_659"/><!-- ⲉ -->
<mark id="orig_660" xlink:href="#tok_660"/><!-- ⲁ -->
<mark id="orig_661" xlink:href="#tok_661"/><!-- ⲩ -->
<mark id="orig_662" xlink:href="#tok_662"/><!-- ⲛⲁ -->
<mark id="orig_663" xlink:href="#tok_663"/><!-- ⲛⲁⲓ -->
<mark id="orig_664" xlink:href="#tok_664"/><!-- ϩⲓⲧⲙ -->
<mark id="orig_665" xlink:href="#tok_665"/><!-- ⲡ -->
<mark id="orig_666" xlink:href="#tok_666"/><!-- ϫⲟⲉⲓⲥ -->
<mark id="orig_667" xlink:href="#tok_667"/><!-- ⲉⲣⲡⲓⲥⲧⲟⲥ -->
<mark id="orig_668" xlink:href="#tok_668"/><!-- . -->
<mark id="orig_669" xlink:href="#tok_669"/><!-- ϯ -->
<mark id="orig_670" xlink:href="#tok_670"/><!-- ⲙⲉⲉⲩⲉ -->
<mark id="orig_671" xlink:href="#tok_671"/><!-- ϭⲉ -->
<mark id="orig_672" xlink:href="#tok_672"/><!-- ϫⲉ -->
<mark id="orig_673" xlink:href="#tok_673"/><!-- ⲛⲁ -->
<mark id="orig_674" xlink:href="#tok_674"/><!-- ⲛⲟⲩ -->
<mark id="orig_675" xlink:href="#tok_675"/><!-- ⲡⲁⲓ -->
<mark id="orig_676" xlink:href="#tok_676"/><!-- ⲉⲧⲃⲉ -->
<mark id="orig_677" xlink:href="#tok_677"/><!-- ⲧ -->
<mark id="orig_678" xlink:href="#tok_678"/><!-- ⲁⲛⲁⲅⲕⲏ -->
<mark id="orig_679" xlink:href="#tok_679"/><!-- ⲉⲧ -->
<mark id="orig_680" xlink:href="#tok_680"/><!-- ϣⲟⲟⲡ -->
<mark id="orig_681" xlink:href="#tok_681"/><!-- . -->
<mark id="orig_682" xlink:href="#tok_682"/><!-- ϫⲉ -->
<mark id="orig_683" xlink:href="#tok_683"/><!-- ⲛⲁⲛⲟⲩ -->
<mark id="orig_684" xlink:href="#tok_684"/><!-- ⲥ -->
<mark id="orig_685" xlink:href="#tok_685"/><!-- ⲙ -->
<mark id="orig_686" xlink:href="#tok_686"/><!-- ⲡ -->
<mark id="orig_687" xlink:href="#tok_687"/><!-- ⲣⲱⲙⲉ -->
<mark id="orig_688" xlink:href="#tok_688"/><!-- ⲉ -->
<mark id="orig_689" xlink:href="#tok_689"/><!-- ϭⲱ -->
<mark id="orig_690" xlink:href="#tok_690"/><!-- ⲛ -->
<mark id="orig_691" xlink:href="#tok_691"/><!-- ⲧⲉⲓ -->
<mark id="orig_692" xlink:href="#tok_692"/><!-- ϩⲉ -->
<mark id="orig_693" xlink:href="#tok_693"/><!-- . -->
<mark id="orig_694" xlink:href="#tok_694"/><!-- ⲕ -->
<mark id="orig_695" xlink:href="#tok_695"/><!-- ⲙⲏⲣ -->
<mark id="orig_696" xlink:href="#tok_696"/><!-- ⲉ -->
<mark id="orig_697" xlink:href="#tok_697"/><!-- ⲥϩⲓⲙⲉ -->
<mark id="orig_698" xlink:href="#tok_698"/><!-- ⲙⲡⲣ -->
<mark id="orig_699" xlink:href="#tok_699"/><!-- ϣⲓⲛⲉ -->
<mark id="orig_700" xlink:href="#tok_700"/><!-- ⲛⲥⲁⲃⲱⲗ -->
<mark id="orig_701" xlink:href="#tok_701"/><!-- ⲕ -->
<mark id="orig_702" xlink:href="#tok_702"/><!-- ⲃⲏⲗ -->
<mark id="orig_703" xlink:href="#tok_703"/><!-- ⲉⲃⲟⲗ -->
<mark id="orig_704" xlink:href="#tok_704"/><!-- ⲛ -->
<mark id="orig_705" xlink:href="#tok_705"/><!-- ⲥϩⲓⲙⲉ -->
<mark id="orig_706" xlink:href="#tok_706"/><!-- ⲙⲡⲣ -->
<mark id="orig_707" xlink:href="#tok_707"/><!-- ϣⲓⲛⲉ -->
<mark id="orig_708" xlink:href="#tok_708"/><!-- ⲛⲥⲁ -->
<mark id="orig_709" xlink:href="#tok_709"/><!-- ⲥϩⲓⲙⲉ -->
<mark id="orig_710" xlink:href="#tok_710"/><!-- . -->
<mark id="orig_711" xlink:href="#tok_711"/><!-- ⲉϣⲱⲡⲉ -->
<mark id="orig_712" xlink:href="#tok_712"/><!-- ⲇⲉ -->
<mark id="orig_713" xlink:href="#tok_713"/><!-- ⲉⲕϣⲁⲛ -->
<mark id="orig_714" xlink:href="#tok_714"/><!-- ϫⲓ -->
<mark id="orig_715" xlink:href="#tok_715"/><!-- ⲙⲡ -->
<mark id="orig_716" xlink:href="#tok_716"/><!-- ⲕ -->
<mark id="orig_717" xlink:href="#tok_717"/><!-- ⲣⲛⲟⲃⲉ -->
<mark id="orig_718" xlink:href="#tok_718"/><!-- ⲁⲩⲱ -->
<mark id="orig_719" xlink:href="#tok_719"/><!-- ⲉⲥϣⲁⲛ -->
<mark id="orig_720" xlink:href="#tok_720"/><!-- ϫⲓ -->
<mark id="orig_721" xlink:href="#tok_721"/><!-- ⲛϭⲓ -->
<mark id="orig_722" xlink:href="#tok_722"/><!-- ⲧ -->
<mark id="orig_723" xlink:href="#tok_723"/><!-- ⲡⲁⲣⲑⲉⲛⲟⲥ -->
<mark id="orig_724" xlink:href="#tok_724"/><!-- ⲙⲡ -->
<mark id="orig_725" xlink:href="#tok_725"/><!-- ⲥ -->
<mark id="orig_726" xlink:href="#tok_726"/><!-- ⲣⲛⲟⲃⲉ -->
<mark id="orig_727" xlink:href="#tok_727"/><!-- ⲛⲁⲓ -->
<mark id="orig_728" xlink:href="#tok_728"/><!-- ⲇⲉ -->
<mark id="orig_729" xlink:href="#tok_729"/><!-- ⲛⲧⲉⲉⲓⲙⲓⲛⲉ -->
<mark id="orig_730" xlink:href="#tok_730"/><!-- ⲛⲁ -->
<mark id="orig_731" xlink:href="#tok_731"/><!-- ϣⲉ -->
<mark id="orig_732" xlink:href="#tok_732"/><!-- ⲡ -->
<mark id="orig_733" xlink:href="#tok_733"/><!-- ⲑⲗⲓⲯⲓⲥ -->
<mark id="orig_734" xlink:href="#tok_734"/><!-- ϩⲛ -->
<mark id="orig_735" xlink:href="#tok_735"/><!-- ⲧⲉⲩ -->
<mark id="orig_736" xlink:href="#tok_736"/><!-- ⲥⲁⲣⲝ -->
<mark id="orig_737" xlink:href="#tok_737"/><!-- ⲁⲛⲟⲕ -->
<mark id="orig_738" xlink:href="#tok_738"/><!-- ⲇⲉ -->
<mark id="orig_739" xlink:href="#tok_739"/><!-- ϯ -->
<mark id="orig_740" xlink:href="#tok_740"/><!-- ϯⲥⲟ -->
<mark id="orig_741" xlink:href="#tok_741"/><!-- ⲉⲣⲱ -->
<mark id="orig_742" xlink:href="#tok_742"/><!-- ⲧⲛ -->
<mark id="orig_743" xlink:href="#tok_743"/><!-- . -->
<mark id="orig_744" xlink:href="#tok_744"/><!-- ⲡⲁⲓ -->
<mark id="orig_745" xlink:href="#tok_745"/><!-- ⲇⲉ -->
<mark id="orig_746" xlink:href="#tok_746"/><!-- ⲉ -->
<mark id="orig_747" xlink:href="#tok_747"/><!-- ⲓ -->
<mark id="orig_748" xlink:href="#tok_748"/><!-- ϫⲱ -->
<mark id="orig_749" xlink:href="#tok_749"/><!-- ⲙⲙⲟ -->
<mark id="orig_750" xlink:href="#tok_750"/><!-- ϥ -->
<mark id="orig_751" xlink:href="#tok_751"/><!-- ⲛⲁ -->
<mark id="orig_752" xlink:href="#tok_752"/><!-- ⲥⲛⲏⲩ -->
<mark id="orig_753" xlink:href="#tok_753"/><!-- ϫⲉ -->
<mark id="orig_754" xlink:href="#tok_754"/><!-- ⲡⲉ -->
<mark id="orig_755" xlink:href="#tok_755"/><!-- ⲩⲟⲉⲓϣ -->
<mark id="orig_756" xlink:href="#tok_756"/><!-- ⲛⲟⲗⲕ -->
<mark id="orig_757" xlink:href="#tok_757"/><!-- ⲡⲉ -->
<mark id="orig_758" xlink:href="#tok_758"/><!-- . -->
<mark id="orig_759" xlink:href="#tok_759"/><!-- ϫⲉⲕⲁⲁⲥ -->
<mark id="orig_760" xlink:href="#tok_760"/><!-- ϭⲉ -->
<mark id="orig_761" xlink:href="#tok_761"/><!-- ⲛ -->
<mark id="orig_762" xlink:href="#tok_762"/><!-- ⲕⲟⲟⲩⲉ -->
<mark id="orig_763" xlink:href="#tok_763"/><!-- ⲉⲧⲉⲩⲛⲧⲟⲩ -->
<mark id="orig_764" xlink:href="#tok_764"/><!-- ⲥϩⲓⲙⲉ -->
<mark id="orig_765" xlink:href="#tok_765"/><!-- ⲙⲙⲁⲩ -->
<mark id="orig_766" xlink:href="#tok_766"/><!-- ⲛⲥⲉⲣⲑⲉ -->
<mark id="orig_767" xlink:href="#tok_767"/><!-- ⲛⲛⲉⲧⲉⲙⲛⲧⲁⲩ -->
<mark id="orig_768" xlink:href="#tok_768"/><!-- . -->
<mark id="orig_769" xlink:href="#tok_769"/><!-- ⲁⲩⲱ -->
<mark id="orig_770" xlink:href="#tok_770"/><!-- ⲛ -->
<mark id="orig_771" xlink:href="#tok_771"/><!-- ⲉⲧ -->
<mark id="orig_772" xlink:href="#tok_772"/><!-- ⲣⲓⲙⲉ -->
<mark id="orig_773" xlink:href="#tok_773"/><!-- ϩⲱⲥ -->
<mark id="orig_774" xlink:href="#tok_774"/><!-- ⲉ -->
<mark id="orig_775" xlink:href="#tok_775"/><!-- ⲛ -->
<mark id="orig_776" xlink:href="#tok_776"/><!-- ⲥⲉ -->
<mark id="orig_777" xlink:href="#tok_777"/><!-- ⲣⲓⲙⲉ -->
<mark id="orig_778" xlink:href="#tok_778"/><!-- ⲁⲛ -->
<mark id="orig_779" xlink:href="#tok_779"/><!-- . -->
<mark id="orig_780" xlink:href="#tok_780"/><!-- ⲁⲩⲱ -->
<mark id="orig_781" xlink:href="#tok_781"/><!-- ⲛ -->
<mark id="orig_782" xlink:href="#tok_782"/><!-- ⲉⲧ -->
<mark id="orig_783" xlink:href="#tok_783"/><!-- ⲣⲁϣⲉ -->
<mark id="orig_784" xlink:href="#tok_784"/><!-- ϩⲱⲥ -->
<mark id="orig_785" xlink:href="#tok_785"/><!-- ⲉ -->
<mark id="orig_786" xlink:href="#tok_786"/><!-- ⲛ -->
<mark id="orig_787" xlink:href="#tok_787"/><!-- ⲥⲉ -->
<mark id="orig_788" xlink:href="#tok_788"/><!-- ⲣⲁϣⲉ -->
<mark id="orig_789" xlink:href="#tok_789"/><!-- ⲁⲛ -->
<mark id="orig_790" xlink:href="#tok_790"/><!-- . -->
<mark id="orig_791" xlink:href="#tok_791"/><!-- ⲁⲩⲱ -->
<mark id="orig_792" xlink:href="#tok_792"/><!-- ⲛ -->
<mark id="orig_793" xlink:href="#tok_793"/><!-- ⲉⲧ -->
<mark id="orig_794" xlink:href="#tok_794"/><!-- ϣⲱⲡ -->
<mark id="orig_795" xlink:href="#tok_795"/><!-- ϩⲱⲥ -->
<mark id="orig_796" xlink:href="#tok_796"/><!-- ⲉ -->
<mark id="orig_797" xlink:href="#tok_797"/><!-- ⲛ -->
<mark id="orig_798" xlink:href="#tok_798"/><!-- ⲥⲉ -->
<mark id="orig_799" xlink:href="#tok_799"/><!-- ⲁⲙⲁϩⲧⲉ -->
<mark id="orig_800" xlink:href="#tok_800"/><!-- ⲁⲛ -->
<mark id="orig_801" xlink:href="#tok_801"/><!-- . -->
<mark id="orig_802" xlink:href="#tok_802"/><!-- ⲁⲩⲱ -->
<mark id="orig_803" xlink:href="#tok_803"/><!-- ⲛ -->
<mark id="orig_804" xlink:href="#tok_804"/><!-- ⲉⲧ -->
<mark id="orig_805" xlink:href="#tok_805"/><!-- ⲭⲣⲱ -->
<mark id="orig_806" xlink:href="#tok_806"/><!-- ⲙⲡⲉⲉⲓⲕⲟⲥⲙⲟⲥ -->
<mark id="orig_807" xlink:href="#tok_807"/><!-- ϩⲱⲥ -->
<mark id="orig_808" xlink:href="#tok_808"/><!-- ⲉ -->
<mark id="orig_809" xlink:href="#tok_809"/><!-- ⲛ -->
<mark id="orig_810" xlink:href="#tok_810"/><!-- ⲥⲉ -->
<mark id="orig_811" xlink:href="#tok_811"/><!-- ⲭⲣⲱ -->
<mark id="orig_812" xlink:href="#tok_812"/><!-- ⲁⲛ -->
<mark id="orig_813" xlink:href="#tok_813"/><!-- . -->
<mark id="orig_814" xlink:href="#tok_814"/><!-- ϥ -->
<mark id="orig_815" xlink:href="#tok_815"/><!-- ⲛⲁ -->
<mark id="orig_816" xlink:href="#tok_816"/><!-- ⲡⲁⲣⲁⲅⲉ -->
<mark id="orig_817" xlink:href="#tok_817"/><!-- ⲅⲁⲣ -->
<mark id="orig_818" xlink:href="#tok_818"/><!-- ⲛϭⲓ -->
<mark id="orig_819" xlink:href="#tok_819"/><!-- ⲡⲉ -->
<mark id="orig_820" xlink:href="#tok_820"/><!-- ⲥⲭⲏⲙⲁ -->
<mark id="orig_821" xlink:href="#tok_821"/><!-- ⲙ -->
<mark id="orig_822" xlink:href="#tok_822"/><!-- ⲡⲉⲓ -->
<mark id="orig_823" xlink:href="#tok_823"/><!-- ⲕⲟⲥⲙⲟⲥ -->
<mark id="orig_824" xlink:href="#tok_824"/><!-- . -->
<mark id="orig_825" xlink:href="#tok_825"/><!-- ϯ -->
<mark id="orig_826" xlink:href="#tok_826"/><!-- ⲟⲩⲉϣ -->
<mark id="orig_827" xlink:href="#tok_827"/><!-- ⲧⲏⲩⲧⲛ -->
<mark id="orig_828" xlink:href="#tok_828"/><!-- ⲇⲉ -->
<mark id="orig_829" xlink:href="#tok_829"/><!-- ⲉ -->
<mark id="orig_830" xlink:href="#tok_830"/><!-- ⲧⲣⲉ -->
<mark id="orig_831" xlink:href="#tok_831"/><!-- ⲧⲉⲧⲛ -->
<mark id="orig_832" xlink:href="#tok_832"/><!-- ϣⲱⲡⲉ -->
<mark id="orig_833" xlink:href="#tok_833"/><!-- ⲛⲁ -->
<mark id="orig_834" xlink:href="#tok_834"/><!-- ⲧ -->
<mark id="orig_835" xlink:href="#tok_835"/><!-- ⲣⲟⲟⲩϣ -->
<mark id="orig_836" xlink:href="#tok_836"/><!-- . -->
<mark id="orig_837" xlink:href="#tok_837"/><!-- ⲡⲉⲧⲉⲙⲛⲧϥ -->
<mark id="orig_838" xlink:href="#tok_838"/><!-- ⲥϩⲓⲙⲉ -->
<mark id="orig_839" xlink:href="#tok_839"/><!-- ϥϥⲓⲣⲟⲟⲩϣ -->
<mark id="orig_840" xlink:href="#tok_840"/><!-- ⲉ -->
<mark id="orig_841" xlink:href="#tok_841"/><!-- ⲛⲁ -->
<mark id="orig_842" xlink:href="#tok_842"/><!-- ⲡ -->
<mark id="orig_843" xlink:href="#tok_843"/><!-- ϫⲟⲉⲓⲥ -->
<mark id="orig_844" xlink:href="#tok_844"/><!-- ϫⲉ -->
<mark id="orig_845" xlink:href="#tok_845"/><!-- ⲉ -->
<mark id="orig_846" xlink:href="#tok_846"/><!-- ϥ -->
<mark id="orig_847" xlink:href="#tok_847"/><!-- ⲛⲁ -->
<mark id="orig_848" xlink:href="#tok_848"/><!-- ⲁⲣⲉⲥⲕⲉ -->
<mark id="orig_849" xlink:href="#tok_849"/><!-- ⲙ -->
<mark id="orig_850" xlink:href="#tok_850"/><!-- ⲡ -->
<mark id="orig_851" xlink:href="#tok_851"/><!-- ϫⲟⲉⲓⲥ -->
<mark id="orig_852" xlink:href="#tok_852"/><!-- ⲛ -->
<mark id="orig_853" xlink:href="#tok_853"/><!-- ⲁϣ -->
<mark id="orig_854" xlink:href="#tok_854"/><!-- ⲛ -->
<mark id="orig_855" xlink:href="#tok_855"/><!-- ϩⲉ -->
<mark id="orig_856" xlink:href="#tok_856"/><!-- . -->
<mark id="orig_857" xlink:href="#tok_857"/><!-- ⲡ -->
<mark id="orig_858" xlink:href="#tok_858"/><!-- ⲉⲛⲧ -->
<mark id="orig_859" xlink:href="#tok_859"/><!-- ⲁ -->
<mark id="orig_860" xlink:href="#tok_860"/><!-- ϥ -->
<mark id="orig_861" xlink:href="#tok_861"/><!-- ϫⲓ -->
<mark id="orig_862" xlink:href="#tok_862"/><!-- ⲇⲉ -->
<mark id="orig_863" xlink:href="#tok_863"/><!-- ϥϥⲓⲣⲟⲟⲩϣ -->
<mark id="orig_864" xlink:href="#tok_864"/><!-- ⲉ -->
<mark id="orig_865" xlink:href="#tok_865"/><!-- ⲛⲁ -->
<mark id="orig_866" xlink:href="#tok_866"/><!-- ⲡ -->
<mark id="orig_867" xlink:href="#tok_867"/><!-- ⲕⲟⲥⲙⲟⲥ -->
<mark id="orig_868" xlink:href="#tok_868"/><!-- ϫⲉ -->
<mark id="orig_869" xlink:href="#tok_869"/><!-- ⲉ -->
<mark id="orig_870" xlink:href="#tok_870"/><!-- ϥ -->
<mark id="orig_871" xlink:href="#tok_871"/><!-- ⲛⲁ -->
<mark id="orig_872" xlink:href="#tok_872"/><!-- ⲁⲣⲉⲥⲕⲉ -->
<mark id="orig_873" xlink:href="#tok_873"/><!-- ⲛ -->
<mark id="orig_874" xlink:href="#tok_874"/><!-- ⲧⲉϥ -->
<mark id="orig_875" xlink:href="#tok_875"/><!-- ⲥϩⲓⲙⲉ -->
<mark id="orig_876" xlink:href="#tok_876"/><!-- ⲛ -->
<mark id="orig_877" xlink:href="#tok_877"/><!-- ⲁϣ -->
<mark id="orig_878" xlink:href="#tok_878"/><!-- ⲛ -->
<mark id="orig_879" xlink:href="#tok_879"/><!-- ϩⲉ -->
<mark id="orig_880" xlink:href="#tok_880"/><!-- . -->
<mark id="orig_881" xlink:href="#tok_881"/><!-- ⲁⲩⲱ -->
<mark id="orig_882" xlink:href="#tok_882"/><!-- ϥ -->
<mark id="orig_883" xlink:href="#tok_883"/><!-- ⲡⲏϣ -->
<mark id="orig_884" xlink:href="#tok_884"/><!-- ⲁⲩⲱ -->
<mark id="orig_885" xlink:href="#tok_885"/><!-- ⲧⲉ -->
<mark id="orig_886" xlink:href="#tok_886"/><!-- ⲥϩⲓⲙⲉ -->
<mark id="orig_887" xlink:href="#tok_887"/><!-- ⲉⲧⲉⲙⲛⲧⲥ -->
<mark id="orig_888" xlink:href="#tok_888"/><!-- ϩⲁⲓ -->
<mark id="orig_889" xlink:href="#tok_889"/><!-- ⲙⲛ -->
<mark id="orig_890" xlink:href="#tok_890"/><!-- ⲧ -->
<mark id="orig_891" xlink:href="#tok_891"/><!-- ⲡⲁⲣⲑⲉⲛⲟⲥ -->
<mark id="orig_892" xlink:href="#tok_892"/><!-- ϥⲓⲣⲟⲟⲩϣ -->
<mark id="orig_893" xlink:href="#tok_893"/><!-- ⲉ -->
<mark id="orig_894" xlink:href="#tok_894"/><!-- ⲛⲁ -->
<mark id="orig_895" xlink:href="#tok_895"/><!-- ⲡ -->
<mark id="orig_896" xlink:href="#tok_896"/><!-- ϫⲟⲉⲓⲥ -->
<mark id="orig_897" xlink:href="#tok_897"/><!-- ϫⲉⲕⲁⲁⲥ -->
<mark id="orig_898" xlink:href="#tok_898"/><!-- ⲉⲥⲉ -->
<mark id="orig_899" xlink:href="#tok_899"/><!-- ϣⲱⲡⲉ -->
<mark id="orig_900" xlink:href="#tok_900"/><!-- ⲉ -->
<mark id="orig_901" xlink:href="#tok_901"/><!-- ⲥ -->
<mark id="orig_902" xlink:href="#tok_902"/><!-- ⲟⲩⲁⲁⲃ -->
<mark id="orig_903" xlink:href="#tok_903"/><!-- ϩⲙ -->
<mark id="orig_904" xlink:href="#tok_904"/><!-- ⲡⲉⲥ -->
<mark id="orig_905" xlink:href="#tok_905"/><!-- ⲥⲱⲙⲁ -->
<mark id="orig_906" xlink:href="#tok_906"/><!-- ⲙⲛ -->
<mark id="orig_907" xlink:href="#tok_907"/><!-- ⲡⲉⲥ -->
<mark id="orig_908" xlink:href="#tok_908"/><!-- ⲡⲛⲉⲩⲙⲁ -->
<mark id="orig_909" xlink:href="#tok_909"/><!-- ⲧⲉⲛⲧⲁⲥϫⲓϩⲁⲓ -->
<mark id="orig_910" xlink:href="#tok_910"/><!-- ⲇⲉ -->
<mark id="orig_911" xlink:href="#tok_911"/><!-- ϥⲓⲣⲟⲟⲩϣ -->
<mark id="orig_912" xlink:href="#tok_912"/><!-- ⲉ -->
<mark id="orig_913" xlink:href="#tok_913"/><!-- ⲛⲁ -->
<mark id="orig_914" xlink:href="#tok_914"/><!-- ⲡ -->
<mark id="orig_915" xlink:href="#tok_915"/><!-- ⲕⲟⲥⲙⲟⲥ -->
<mark id="orig_916" xlink:href="#tok_916"/><!-- ϫⲉ -->
<mark id="orig_917" xlink:href="#tok_917"/><!-- ⲛ -->
<mark id="orig_918" xlink:href="#tok_918"/><!-- ⲁϣ -->
<mark id="orig_919" xlink:href="#tok_919"/><!-- ⲛ -->
<mark id="orig_920" xlink:href="#tok_920"/><!-- ϩⲉ -->
<mark id="orig_921" xlink:href="#tok_921"/><!-- ⲉ -->
<mark id="orig_922" xlink:href="#tok_922"/><!-- ⲥ -->
<mark id="orig_923" xlink:href="#tok_923"/><!-- ⲛⲁ -->
<mark id="orig_924" xlink:href="#tok_924"/><!-- ⲁⲣⲉⲥⲕⲉ -->
<mark id="orig_925" xlink:href="#tok_925"/><!-- ⲙ -->
<mark id="orig_926" xlink:href="#tok_926"/><!-- ⲡⲉⲥ -->
<mark id="orig_927" xlink:href="#tok_927"/><!-- ϩⲁⲓ -->
<mark id="orig_928" xlink:href="#tok_928"/><!-- . -->
<mark id="orig_929" xlink:href="#tok_929"/><!-- ⲉ -->
<mark id="orig_930" xlink:href="#tok_930"/><!-- ⲓ -->
<mark id="orig_931" xlink:href="#tok_931"/><!-- ϫⲱ -->
<mark id="orig_932" xlink:href="#tok_932"/><!-- ⲇⲉ -->
<mark id="orig_933" xlink:href="#tok_933"/><!-- ⲙ -->
<mark id="orig_934" xlink:href="#tok_934"/><!-- ⲡⲁⲓ -->
<mark id="orig_935" xlink:href="#tok_935"/><!-- ⲉ -->
<mark id="orig_936" xlink:href="#tok_936"/><!-- ⲧⲉⲧⲛ -->
<mark id="orig_937" xlink:href="#tok_937"/><!-- ⲛⲟϥⲣⲉ -->
<mark id="orig_938" xlink:href="#tok_938"/><!-- . -->
<mark id="orig_939" xlink:href="#tok_939"/><!-- ϫⲉⲕⲁⲁⲥ -->
<mark id="orig_940" xlink:href="#tok_940"/><!-- ⲁⲛ -->
<mark id="orig_941" xlink:href="#tok_941"/><!-- ⲉⲓⲉ -->
<mark id="orig_942" xlink:href="#tok_942"/><!-- ϯ -->
<mark id="orig_943" xlink:href="#tok_943"/><!-- ⲛⲟⲩⲉⲗⲱ -->
<mark id="orig_944" xlink:href="#tok_944"/><!-- ⲉ -->
<mark id="orig_945" xlink:href="#tok_945"/><!-- ϩⲏⲧ -->
<mark id="orig_946" xlink:href="#tok_946"/><!-- ⲧⲏⲩⲧⲛ -->
<mark id="orig_947" xlink:href="#tok_947"/><!-- ⲁⲗⲗⲁ -->
<mark id="orig_948" xlink:href="#tok_948"/><!-- ⲡⲣⲟⲥⲟⲩⲧⲥⲁⲛⲟ -->
<mark id="orig_949" xlink:href="#tok_949"/><!-- ⲙⲛⲧϭⲓⲛⲁϩⲉⲣⲁⲧⲕ -->
<mark id="orig_950" xlink:href="#tok_950"/><!-- ⲉ -->
<mark id="orig_951" xlink:href="#tok_951"/><!-- ⲡ -->
<mark id="orig_952" xlink:href="#tok_952"/><!-- ϫⲟⲉⲓⲥ -->
<mark id="orig_953" xlink:href="#tok_953"/><!-- ⲕⲁⲗⲱⲥ -->
<mark id="orig_954" xlink:href="#tok_954"/><!-- ⲁϫⲛⲣⲟⲟⲩϣ -->
<mark id="orig_955" xlink:href="#tok_955"/><!-- ⲉϣϫⲉ -->
<mark id="orig_956" xlink:href="#tok_956"/><!-- ⲟⲩⲛ -->
<mark id="orig_957" xlink:href="#tok_957"/><!-- ⲟⲩⲁ -->
<mark id="orig_958" xlink:href="#tok_958"/><!-- ⲇⲉ -->
<mark id="orig_959" xlink:href="#tok_959"/><!-- ϫⲱ -->
<mark id="orig_960" xlink:href="#tok_960"/><!-- ⲙⲙⲟ -->
<mark id="orig_961" xlink:href="#tok_961"/><!-- ⲥ -->
<mark id="orig_962" xlink:href="#tok_962"/><!-- ϫⲉ -->
<mark id="orig_963" xlink:href="#tok_963"/><!-- ϥϣⲓⲡⲉ -->
<mark id="orig_964" xlink:href="#tok_964"/><!-- ⲉϫⲛ -->
<mark id="orig_965" xlink:href="#tok_965"/><!-- ⲧⲉϥ -->
<mark id="orig_966" xlink:href="#tok_966"/><!-- ϣⲉⲉⲣⲉ -->
<mark id="orig_967" xlink:href="#tok_967"/><!-- ⲉϣⲱⲡⲉ -->
<mark id="orig_968" xlink:href="#tok_968"/><!-- ⲁ -->
<mark id="orig_969" xlink:href="#tok_969"/><!-- ⲥ -->
<mark id="orig_970" xlink:href="#tok_970"/><!-- ⲣ -->
<mark id="orig_971" xlink:href="#tok_971"/><!-- ⲛⲟϭ -->
<mark id="orig_972" xlink:href="#tok_972"/><!-- ⲁⲩⲱ -->
<mark id="orig_973" xlink:href="#tok_973"/><!-- ⲧⲁⲓ -->
<mark id="orig_974" xlink:href="#tok_974"/><!-- ⲧⲉ -->
<mark id="orig_975" xlink:href="#tok_975"/><!-- ⲧ -->
<mark id="orig_976" xlink:href="#tok_976"/><!-- ϩⲉ -->
<mark id="orig_977" xlink:href="#tok_977"/><!-- ⲉⲧ -->
<mark id="orig_978" xlink:href="#tok_978"/><!-- ϣϣⲉ -->
<mark id="orig_979" xlink:href="#tok_979"/><!-- ⲉϣⲱⲡⲉ -->
<mark id="orig_980" xlink:href="#tok_980"/><!-- ⲡⲉⲧϥⲟⲩⲁϣϥ -->
<mark id="orig_981" xlink:href="#tok_981"/><!-- ⲙⲁⲣⲉ -->
<mark id="orig_982" xlink:href="#tok_982"/><!-- ϥ -->
<mark id="orig_983" xlink:href="#tok_983"/><!-- ⲁⲁ -->
<mark id="orig_984" xlink:href="#tok_984"/><!-- ϥ -->
<mark id="orig_985" xlink:href="#tok_985"/><!-- ⲛ -->
<mark id="orig_986" xlink:href="#tok_986"/><!-- ϥ -->
<mark id="orig_987" xlink:href="#tok_987"/><!-- ⲣⲛⲟⲃⲉ -->
<mark id="orig_988" xlink:href="#tok_988"/><!-- ⲁⲛ -->
<mark id="orig_989" xlink:href="#tok_989"/><!-- ⲙⲁⲣⲟⲩϫⲓ -->
<mark id="orig_990" xlink:href="#tok_990"/><!-- . -->
<mark id="orig_991" xlink:href="#tok_991"/><!-- ⲡ -->
<mark id="orig_992" xlink:href="#tok_992"/><!-- ⲉⲛⲧ -->
<mark id="orig_993" xlink:href="#tok_993"/><!-- ⲁ -->
<mark id="orig_994" xlink:href="#tok_994"/><!-- ϥ -->
<mark id="orig_995" xlink:href="#tok_995"/><!-- ⲁϩⲉ -->
<mark id="orig_996" xlink:href="#tok_996"/><!-- ⲇⲉ -->
<mark id="orig_997" xlink:href="#tok_997"/><!-- ⲉⲣⲁⲧ -->
<mark id="orig_998" xlink:href="#tok_998"/><!-- ϥ -->
<mark id="orig_999" xlink:href="#tok_999"/><!-- ϩⲙ -->
<mark id="orig_1000" xlink:href="#tok_1000"/><!-- ⲡⲉϥ -->
<mark id="orig_1001" xlink:href="#tok_1001"/><!-- ϩⲏⲧ -->
<mark id="orig_1002" xlink:href="#tok_1002"/><!-- ⲉ -->
<mark id="orig_1003" xlink:href="#tok_1003"/><!-- ϥ -->
<mark id="orig_1004" xlink:href="#tok_1004"/><!-- ⲧⲁϫⲣⲏⲩ -->
<mark id="orig_1005" xlink:href="#tok_1005"/><!-- ⲉ -->
<mark id="orig_1006" xlink:href="#tok_1006"/><!-- ⲙⲛ -->
<mark id="orig_1007" xlink:href="#tok_1007"/><!-- ϩⲧⲟ -->
<mark id="orig_1008" xlink:href="#tok_1008"/><!-- ⲣ -->
<mark id="orig_1009" xlink:href="#tok_1009"/><!-- ⲉⲣⲟ -->
<mark id="orig_1010" xlink:href="#tok_1010"/><!-- ϥ -->
<mark id="orig_1011" xlink:href="#tok_1011"/><!-- . -->
<mark id="orig_1012" xlink:href="#tok_1012"/><!-- ⲟⲩⲛⲧ -->
<mark id="orig_1013" xlink:href="#tok_1013"/><!-- ϥ -->
<mark id="orig_1014" xlink:href="#tok_1014"/><!-- ⲉⲝⲟⲩⲥⲓⲁ -->
<mark id="orig_1015" xlink:href="#tok_1015"/><!-- ⲇⲉ -->
<mark id="orig_1016" xlink:href="#tok_1016"/><!-- ⲙⲙⲁⲩ -->
<mark id="orig_1017" xlink:href="#tok_1017"/><!-- ⲉⲧⲃⲉ -->
<mark id="orig_1018" xlink:href="#tok_1018"/><!-- ⲡⲉϥ -->
<mark id="orig_1019" xlink:href="#tok_1019"/><!-- ⲟⲩⲱϣ -->
<mark id="orig_1020" xlink:href="#tok_1020"/><!-- ⲙⲙⲓⲛ -->
<mark id="orig_1021" xlink:href="#tok_1021"/><!-- ⲙⲙⲟ -->
<mark id="orig_1022" xlink:href="#tok_1022"/><!-- ϥ -->
<mark id="orig_1023" xlink:href="#tok_1023"/><!-- . -->
<mark id="orig_1024" xlink:href="#tok_1024"/><!-- ⲁⲩⲱ -->
<mark id="orig_1025" xlink:href="#tok_1025"/><!-- ⲁ -->
<mark id="orig_1026" xlink:href="#tok_1026"/><!-- ϥ -->
<mark id="orig_1027" xlink:href="#tok_1027"/><!-- ⲕⲣⲓⲛⲉ -->
<mark id="orig_1028" xlink:href="#tok_1028"/><!-- ⲙ -->
<mark id="orig_1029" xlink:href="#tok_1029"/><!-- ⲡⲁⲓ -->
<mark id="orig_1030" xlink:href="#tok_1030"/><!-- ϩⲙ -->
<mark id="orig_1031" xlink:href="#tok_1031"/><!-- ⲡⲉϥ -->
<mark id="orig_1032" xlink:href="#tok_1032"/><!-- ϩⲏⲧ -->
<mark id="orig_1033" xlink:href="#tok_1033"/><!-- ⲉ -->
<mark id="orig_1034" xlink:href="#tok_1034"/><!-- ϩⲁⲣⲉϩ -->
<mark id="orig_1035" xlink:href="#tok_1035"/><!-- ⲉ -->
<mark id="orig_1036" xlink:href="#tok_1036"/><!-- ⲧⲉϥ -->
<mark id="orig_1037" xlink:href="#tok_1037"/><!-- ϣⲉⲉⲣⲉ -->
<mark id="orig_1038" xlink:href="#tok_1038"/><!-- ⲕⲁⲗⲱⲥ -->
<mark id="orig_1039" xlink:href="#tok_1039"/><!-- ϥ -->
<mark id="orig_1040" xlink:href="#tok_1040"/><!-- ⲛⲁ -->
<mark id="orig_1041" xlink:href="#tok_1041"/><!-- ⲁⲁ -->
<mark id="orig_1042" xlink:href="#tok_1042"/><!-- ⲥ -->
<mark id="orig_1043" xlink:href="#tok_1043"/><!-- . -->
<mark id="orig_1044" xlink:href="#tok_1044"/><!-- ϩⲱⲥⲧⲉ -->
<mark id="orig_1045" xlink:href="#tok_1045"/><!-- ⲡ -->
<mark id="orig_1046" xlink:href="#tok_1046"/><!-- ⲉⲧ -->
<mark id="orig_1047" xlink:href="#tok_1047"/><!-- ⲛⲁ -->
<mark id="orig_1048" xlink:href="#tok_1048"/><!-- ϯ -->
<mark id="orig_1049" xlink:href="#tok_1049"/><!-- ⲧⲉϥ -->
<mark id="orig_1050" xlink:href="#tok_1050"/><!-- ϣⲉⲉⲣⲉ -->
<mark id="orig_1051" xlink:href="#tok_1051"/><!-- ⲛ -->
<mark id="orig_1052" xlink:href="#tok_1052"/><!-- ϩⲁⲓ -->
<mark id="orig_1053" xlink:href="#tok_1053"/><!-- ⲕⲁⲗⲱⲥ -->
<mark id="orig_1054" xlink:href="#tok_1054"/><!-- ϥ -->
<mark id="orig_1055" xlink:href="#tok_1055"/><!-- ⲛⲁ -->
<mark id="orig_1056" xlink:href="#tok_1056"/><!-- ⲁⲁ -->
<mark id="orig_1057" xlink:href="#tok_1057"/><!-- ⲥ -->
<mark id="orig_1058" xlink:href="#tok_1058"/><!-- . -->
<mark id="orig_1059" xlink:href="#tok_1059"/><!-- ⲁⲩⲱ -->
<mark id="orig_1060" xlink:href="#tok_1060"/><!-- ⲡⲉⲧⲉⲛϥⲛⲁⲧⲁⲁⲥ -->
<mark id="orig_1061" xlink:href="#tok_1061"/><!-- ⲁⲛ -->
<mark id="orig_1062" xlink:href="#tok_1062"/><!-- ⲉϥⲛⲁⲣⲟⲩϩⲟⲩⲟ -->
<mark id="orig_1063" xlink:href="#tok_1063"/><!-- . -->
<mark id="orig_1064" xlink:href="#tok_1064"/><!-- ⲧⲉ -->
<mark id="orig_1065" xlink:href="#tok_1065"/><!-- ⲥϩⲓⲙⲉ -->
<mark id="orig_1066" xlink:href="#tok_1066"/><!-- ⲙⲏⲣ -->
<mark id="orig_1067" xlink:href="#tok_1067"/><!-- ⲉ -->
<mark id="orig_1068" xlink:href="#tok_1068"/><!-- ⲡ -->
<mark id="orig_1069" xlink:href="#tok_1069"/><!-- ϩⲟⲥⲟⲛ -->
<mark id="orig_1070" xlink:href="#tok_1070"/><!-- ⲡⲉ -->
<mark id="orig_1071" xlink:href="#tok_1071"/><!-- ⲩⲟⲉⲓϣ -->
<mark id="orig_1072" xlink:href="#tok_1072"/><!-- ⲡⲉⲥ -->
<mark id="orig_1073" xlink:href="#tok_1073"/><!-- ϩⲁⲓ -->
<mark id="orig_1074" xlink:href="#tok_1074"/><!-- ⲟⲛϩ -->
<mark id="orig_1075" xlink:href="#tok_1075"/><!-- ⲉⲣϣⲁⲛ -->
<mark id="orig_1076" xlink:href="#tok_1076"/><!-- ⲡⲉⲥ -->
<mark id="orig_1077" xlink:href="#tok_1077"/><!-- ϩⲁⲓ -->
<mark id="orig_1078" xlink:href="#tok_1078"/><!-- ⲇⲉ -->
<mark id="orig_1079" xlink:href="#tok_1079"/><!-- ⲙⲟⲩ -->
<mark id="orig_1080" xlink:href="#tok_1080"/><!-- ⲟⲩⲣⲙϩⲏ -->
<mark id="orig_1081" xlink:href="#tok_1081"/><!-- ⲧⲉ -->
<mark id="orig_1082" xlink:href="#tok_1082"/><!-- ⲉ -->
<mark id="orig_1083" xlink:href="#tok_1083"/><!-- ϩⲙⲟⲟⲥ -->
<mark id="orig_1084" xlink:href="#tok_1084"/><!-- ⲙⲛ -->
<mark id="orig_1085" xlink:href="#tok_1085"/><!-- ⲡⲉⲧⲉϩⲛⲁⲥ -->
<mark id="orig_1086" xlink:href="#tok_1086"/><!-- ⲙⲟⲛⲟⲛ -->
<mark id="orig_1087" xlink:href="#tok_1087"/><!-- ϩⲙ -->
<mark id="orig_1088" xlink:href="#tok_1088"/><!-- ⲡ -->
<mark id="orig_1089" xlink:href="#tok_1089"/><!-- ϫⲟⲉⲓⲥ -->
<mark id="orig_1090" xlink:href="#tok_1090"/><!-- . -->
<mark id="orig_1091" xlink:href="#tok_1091"/><!-- ⲛⲁⲓⲁⲧ -->
<mark id="orig_1092" xlink:href="#tok_1092"/><!-- ⲥ -->
<mark id="orig_1093" xlink:href="#tok_1093"/><!-- ⲇⲉ -->
<mark id="orig_1094" xlink:href="#tok_1094"/><!-- ⲛϩⲟⲩⲟ -->
<mark id="orig_1095" xlink:href="#tok_1095"/><!-- ⲉⲥϣⲁⲛ -->
<mark id="orig_1096" xlink:href="#tok_1096"/><!-- ϭⲱ -->
<mark id="orig_1097" xlink:href="#tok_1097"/><!-- ⲛⲧⲉⲉⲓϩⲉ -->
<mark id="orig_1098" xlink:href="#tok_1098"/><!-- ⲕⲁⲧⲁ -->
<mark id="orig_1099" xlink:href="#tok_1099"/><!-- ⲧⲁ -->
<mark id="orig_1100" xlink:href="#tok_1100"/><!-- ⲅⲛⲱⲙⲏ -->
<mark id="orig_1101" xlink:href="#tok_1101"/><!-- . -->
<mark id="orig_1102" xlink:href="#tok_1102"/><!-- ϯ -->
<mark id="orig_1103" xlink:href="#tok_1103"/><!-- ϫⲱ -->
<mark id="orig_1104" xlink:href="#tok_1104"/><!-- ⲅⲁⲣ -->
<mark id="orig_1105" xlink:href="#tok_1105"/><!-- ⲙⲙⲟ -->
<mark id="orig_1106" xlink:href="#tok_1106"/><!-- ⲥ -->
<mark id="orig_1107" xlink:href="#tok_1107"/><!-- ϩⲱ -->
<mark id="orig_1108" xlink:href="#tok_1108"/><!-- ϫⲉ -->
<mark id="orig_1109" xlink:href="#tok_1109"/><!-- ⲟⲩⲛⲧⲁ -->
<mark id="orig_1110" xlink:href="#tok_1110"/><!-- ⲓ -->
<mark id="orig_1111" xlink:href="#tok_1111"/><!-- ⲙⲙⲁⲩ -->
<mark id="orig_1112" xlink:href="#tok_1112"/><!-- ⲙ -->
<mark id="orig_1113" xlink:href="#tok_1113"/><!-- ⲡⲉ -->
<mark id="orig_1114" xlink:href="#tok_1114"/><!-- ⲡⲛⲉⲩⲙⲁ -->
<mark id="orig_1115" xlink:href="#tok_1115"/><!-- ⲙ -->
<mark id="orig_1116" xlink:href="#tok_1116"/><!-- ⲡ -->
<mark id="orig_1117" xlink:href="#tok_1117"/><!-- ⲛⲟⲩⲧⲉ -->
<mark id="orig_1118" xlink:href="#tok_1118"/><!-- . -->
</markList>
</paula>
