<?xml version="1.0" encoding="UTF-8" standalone="no"?>

<!DOCTYPE paula SYSTEM "paula_mark.dtd">
<paula version="1.0">

<header paula_id="sahidica.nt.1_Corinthians_7_norm_groupSeg"/>

<markList xmlns:xlink="http://www.w3.org/1999/xlink" type="norm_groupSeg" xml:base="sahidica.nt.1_Corinthians_7.tok.xml">
<mark id="norm_group_1" xlink:href="#tok_1"/><!-- ⲉⲧⲃⲉ -->
<mark id="norm_group_2" xlink:href="#tok_2"/><!-- ⲛⲉⲛⲧⲁⲧⲉⲧⲛⲥϩⲁⲓⲥⲟⲩ -->
<mark id="norm_group_3" xlink:href="#tok_3"/><!-- ⲇⲉ -->
<mark id="norm_group_4" xlink:href="#tok_4"/><!-- ⲛⲁⲓ -->
<mark id="norm_group_5" xlink:href="#xpointer(id('tok_5')/range-to(id('tok_6')))"/><!-- ⲛⲁⲛⲟⲩ...ⲥ -->
<mark id="norm_group_7" xlink:href="#xpointer(id('tok_7')/range-to(id('tok_9')))"/><!-- ⲙ...ⲣⲱⲙⲉ -->
<mark id="norm_group_10" xlink:href="#xpointer(id('tok_10')/range-to(id('tok_12')))"/><!-- ⲉ...ϫⲱϩ -->
<mark id="norm_group_13" xlink:href="#xpointer(id('tok_13')/range-to(id('tok_14')))"/><!-- ⲉ...ⲥϩⲓⲙⲉ -->
<mark id="norm_group_15" xlink:href="#tok_15"/><!-- . -->
<mark id="norm_group_16" xlink:href="#tok_16"/><!-- ⲉⲧⲃⲉ -->
<mark id="norm_group_17" xlink:href="#xpointer(id('tok_17')/range-to(id('tok_18')))"/><!-- ⲙ...ⲡⲟⲣⲛⲉⲓⲁ -->
<mark id="norm_group_19" xlink:href="#tok_19"/><!-- ⲇⲉ -->
<mark id="norm_group_20" xlink:href="#tok_20"/><!-- ⲙⲁⲣⲉ -->
<mark id="norm_group_21" xlink:href="#xpointer(id('tok_21')/range-to(id('tok_22')))"/><!-- ⲡ...ⲟⲩⲁ -->
<mark id="norm_group_23" xlink:href="#xpointer(id('tok_23')/range-to(id('tok_24')))"/><!-- ⲡ...ⲟⲩⲁ -->
<mark id="norm_group_25" xlink:href="#tok_25"/><!-- ϫⲓ -->
<mark id="norm_group_26" xlink:href="#xpointer(id('tok_26')/range-to(id('tok_27')))"/><!-- ⲛⲁ...ϥ -->
<mark id="norm_group_28" xlink:href="#xpointer(id('tok_28')/range-to(id('tok_30')))"/><!-- ⲛ...ⲥϩⲓⲙⲉ -->
<mark id="norm_group_31" xlink:href="#tok_31"/><!-- . -->
<mark id="norm_group_32" xlink:href="#tok_32"/><!-- ⲁⲩⲱ -->
<mark id="norm_group_33" xlink:href="#tok_33"/><!-- ⲙⲁⲣⲉ -->
<mark id="norm_group_34" xlink:href="#xpointer(id('tok_34')/range-to(id('tok_35')))"/><!-- ⲧ...ⲟⲩⲉⲓ -->
<mark id="norm_group_36" xlink:href="#xpointer(id('tok_36')/range-to(id('tok_37')))"/><!-- ⲧ...ⲟⲩⲉⲓ -->
<mark id="norm_group_38" xlink:href="#tok_38"/><!-- ϫⲓ -->
<mark id="norm_group_39" xlink:href="#xpointer(id('tok_39')/range-to(id('tok_40')))"/><!-- ⲛⲁ...ⲥ -->
<mark id="norm_group_41" xlink:href="#xpointer(id('tok_41')/range-to(id('tok_43')))"/><!-- ⲙ...ϩⲁⲓ -->
<mark id="norm_group_44" xlink:href="#tok_44"/><!-- . -->
<mark id="norm_group_45" xlink:href="#xpointer(id('tok_45')/range-to(id('tok_46')))"/><!-- ⲡ...ϩⲟⲟⲩⲧ -->
<mark id="norm_group_47" xlink:href="#xpointer(id('tok_47')/range-to(id('tok_49')))"/><!-- ⲙⲁⲣⲉ...ϯ -->
<mark id="norm_group_50" xlink:href="#xpointer(id('tok_50')/range-to(id('tok_54')))"/><!-- ⲙ...ϥ -->
<mark id="norm_group_55" xlink:href="#xpointer(id('tok_55')/range-to(id('tok_57')))"/><!-- ⲛ...ⲥϩⲓⲙⲉ -->
<mark id="norm_group_58" xlink:href="#tok_58"/><!-- . -->
<mark id="norm_group_59" xlink:href="#tok_59"/><!-- ϩⲟⲙⲟⲓⲱⲥ -->
<mark id="norm_group_60" xlink:href="#tok_60"/><!-- ⲇⲉ -->
<mark id="norm_group_61" xlink:href="#tok_61"/><!-- ⲧⲕⲉⲥϩⲓⲙⲉ -->
<mark id="norm_group_62" xlink:href="#xpointer(id('tok_62')/range-to(id('tok_64')))"/><!-- ⲙⲁⲣⲉ...ϯ -->
<mark id="norm_group_65" xlink:href="#xpointer(id('tok_65')/range-to(id('tok_69')))"/><!-- ⲙ...ⲥ -->
<mark id="norm_group_70" xlink:href="#xpointer(id('tok_70')/range-to(id('tok_72')))"/><!-- ⲙ...ϩⲁⲓ -->
<mark id="norm_group_73" xlink:href="#tok_73"/><!-- . -->
<mark id="norm_group_74" xlink:href="#xpointer(id('tok_74')/range-to(id('tok_75')))"/><!-- ⲧⲉ...ⲥϩⲓⲙⲉ -->
<mark id="norm_group_76" xlink:href="#tok_76"/><!-- ⲟⲙⲡϫⲟⲉⲓⲥ -->
<mark id="norm_group_77" xlink:href="#tok_77"/><!-- ⲁⲛ -->
<mark id="norm_group_78" xlink:href="#xpointer(id('tok_78')/range-to(id('tok_80')))"/><!-- ⲙ...ⲥⲱⲙⲁ -->
<mark id="norm_group_81" xlink:href="#tok_81"/><!-- ⲁⲗⲗⲁ -->
<mark id="norm_group_82" xlink:href="#xpointer(id('tok_82')/range-to(id('tok_83')))"/><!-- ⲡⲉⲥ...ϩⲁⲓ -->
<mark id="norm_group_84" xlink:href="#tok_84"/><!-- ⲡⲉ -->
<mark id="norm_group_85" xlink:href="#tok_85"/><!-- . -->
<mark id="norm_group_86" xlink:href="#tok_86"/><!-- ϩⲟⲙⲟⲓⲱⲥ -->
<mark id="norm_group_87" xlink:href="#tok_87"/><!-- ⲇⲉ -->
<mark id="norm_group_88" xlink:href="#xpointer(id('tok_88')/range-to(id('tok_90')))"/><!-- ⲙ...ϩⲁⲓ -->
<mark id="norm_group_91" xlink:href="#tok_91"/><!-- ⲟⲙⲡϫⲟⲉⲓⲥ -->
<mark id="norm_group_92" xlink:href="#tok_92"/><!-- ⲁⲛ -->
<mark id="norm_group_93" xlink:href="#xpointer(id('tok_93')/range-to(id('tok_95')))"/><!-- ⲙ...ⲥⲱⲙⲁ -->
<mark id="norm_group_96" xlink:href="#tok_96"/><!-- . -->
<mark id="norm_group_97" xlink:href="#tok_97"/><!-- ⲁⲗⲗⲁ -->
<mark id="norm_group_98" xlink:href="#xpointer(id('tok_98')/range-to(id('tok_99')))"/><!-- ⲧⲉϥ...ⲥϩⲓⲙⲉ -->
<mark id="norm_group_100" xlink:href="#tok_100"/><!-- ⲧⲉ -->
<mark id="norm_group_101" xlink:href="#tok_101"/><!-- . -->
<mark id="norm_group_102" xlink:href="#xpointer(id('tok_102')/range-to(id('tok_103')))"/><!-- ⲙⲡⲣ...ϥⲉϭ -->
<mark id="norm_group_104" xlink:href="#xpointer(id('tok_104')/range-to(id('tok_105')))"/><!-- ⲛⲉⲧⲛ...ⲉⲣⲏⲩ -->
<mark id="norm_group_106" xlink:href="#tok_106"/><!-- ⲉⲓⲙⲏⲧⲓ -->
<mark id="norm_group_107" xlink:href="#tok_107"/><!-- ϩⲛ -->
<mark id="norm_group_108" xlink:href="#tok_108"/><!-- ⲟⲩϣⲱⲛⲃ -->
<mark id="norm_group_109" xlink:href="#tok_109"/><!-- ⲡⲣⲟⲥ -->
<mark id="norm_group_110" xlink:href="#tok_110"/><!-- ⲟⲩⲟⲉⲓϣ -->
<mark id="norm_group_111" xlink:href="#tok_111"/><!-- ϫⲉ -->
<mark id="norm_group_112" xlink:href="#xpointer(id('tok_112')/range-to(id('tok_113')))"/><!-- ⲉⲧⲉⲧⲛⲉ...ⲥⲣϥⲉ -->
<mark id="norm_group_114" xlink:href="#tok_114"/><!-- ⲉⲡⲉϣⲗⲏⲗ -->
<mark id="norm_group_115" xlink:href="#tok_115"/><!-- . -->
<mark id="norm_group_116" xlink:href="#tok_116"/><!-- ⲁⲩⲱ -->
<mark id="norm_group_117" xlink:href="#tok_117"/><!-- ⲟⲛ -->
<mark id="norm_group_118" xlink:href="#tok_118"/><!-- ⲛⲧⲉⲧⲛ -->
<mark id="norm_group_119" xlink:href="#xpointer(id('tok_119')/range-to(id('tok_120')))"/><!-- ⲉ...ⲓ -->
<mark id="norm_group_121" xlink:href="#xpointer(id('tok_121')/range-to(id('tok_122')))"/><!-- ⲉⲧ...ⲟⲩⲉⲛ -->
<mark id="norm_group_123" xlink:href="#xpointer(id('tok_123')/range-to(id('tok_124')))"/><!-- ⲛⲉⲧⲛ...ⲉⲣⲏⲩ -->
<mark id="norm_group_125" xlink:href="#tok_125"/><!-- ϫⲉ -->
<mark id="norm_group_126" xlink:href="#tok_126"/><!-- ⲛⲛⲉ -->
<mark id="norm_group_127" xlink:href="#xpointer(id('tok_127')/range-to(id('tok_128')))"/><!-- ⲡ...ⲥⲁⲧⲁⲛⲁⲥ -->
<mark id="norm_group_129" xlink:href="#tok_129"/><!-- ⲡⲉⲓⲣⲁⲍⲉ -->
<mark id="norm_group_130" xlink:href="#xpointer(id('tok_130')/range-to(id('tok_131')))"/><!-- ⲙⲙⲱ...ⲧⲛ -->
<mark id="norm_group_132" xlink:href="#tok_132"/><!-- ⲉⲧⲃⲉ -->
<mark id="norm_group_133" xlink:href="#tok_133"/><!-- ⲧⲉⲧⲛⲙⲛⲧⲁⲧⲁⲙⲁϩⲧⲉ -->
<mark id="norm_group_134" xlink:href="#tok_134"/><!-- . -->
<mark id="norm_group_135" xlink:href="#tok_135"/><!-- ⲡⲁⲓ -->
<mark id="norm_group_136" xlink:href="#tok_136"/><!-- ⲇⲉ -->
<mark id="norm_group_137" xlink:href="#xpointer(id('tok_137')/range-to(id('tok_139')))"/><!-- ⲉ...ϫⲱ -->
<mark id="norm_group_140" xlink:href="#xpointer(id('tok_140')/range-to(id('tok_141')))"/><!-- ⲙⲙⲟ...ϥ -->
<mark id="norm_group_142" xlink:href="#tok_142"/><!-- ⲕⲁⲧⲁ -->
<mark id="norm_group_143" xlink:href="#tok_143"/><!-- ⲟⲩⲥⲩⲛⲅⲛⲱⲙⲏ -->
<mark id="norm_group_144" xlink:href="#tok_144"/><!-- . -->
<mark id="norm_group_145" xlink:href="#tok_145"/><!-- ⲛⲕⲁⲧⲁ -->
<mark id="norm_group_146" xlink:href="#tok_146"/><!-- ⲟⲩⲉϩⲥⲁϩⲛⲉ -->
<mark id="norm_group_147" xlink:href="#tok_147"/><!-- ⲁⲛ -->
<mark id="norm_group_148" xlink:href="#tok_148"/><!-- . -->
<mark id="norm_group_149" xlink:href="#xpointer(id('tok_149')/range-to(id('tok_150')))"/><!-- ϯ...ⲟⲩⲱϣ -->
<mark id="norm_group_151" xlink:href="#tok_151"/><!-- ⲅⲁⲣ -->
<mark id="norm_group_152" xlink:href="#xpointer(id('tok_152')/range-to(id('tok_153')))"/><!-- ⲉⲧ...ⲣⲉ -->
<mark id="norm_group_154" xlink:href="#tok_154"/><!-- ⲣⲱⲙⲉ -->
<mark id="norm_group_155" xlink:href="#tok_155"/><!-- ⲛⲓⲙ -->
<mark id="norm_group_156" xlink:href="#tok_156"/><!-- ϣⲱⲡⲉ -->
<mark id="norm_group_157" xlink:href="#xpointer(id('tok_157')/range-to(id('tok_159')))"/><!-- ⲛ...ϩⲉ -->
<mark id="norm_group_160" xlink:href="#tok_160"/><!-- ⲁⲗⲗⲁ -->
<mark id="norm_group_161" xlink:href="#tok_161"/><!-- ⲟⲩⲛⲧⲉ -->
<mark id="norm_group_162" xlink:href="#xpointer(id('tok_162')/range-to(id('tok_163')))"/><!-- ⲡ...ⲟⲩⲁ -->
<mark id="norm_group_164" xlink:href="#xpointer(id('tok_164')/range-to(id('tok_165')))"/><!-- ⲡ...ⲟⲩⲁ -->
<mark id="norm_group_166" xlink:href="#xpointer(id('tok_166')/range-to(id('tok_167')))"/><!-- ⲟⲩ...ⲭⲁⲣⲓⲥⲙⲁ -->
<mark id="norm_group_168" xlink:href="#tok_168"/><!-- ⲉⲃⲟⲗ -->
<mark id="norm_group_169" xlink:href="#tok_169"/><!-- ϩⲓⲧⲙ -->
<mark id="norm_group_170" xlink:href="#xpointer(id('tok_170')/range-to(id('tok_171')))"/><!-- ⲡ...ⲛⲟⲩⲧⲉ -->
<mark id="norm_group_172" xlink:href="#tok_172"/><!-- ⲟⲩⲁ -->
<mark id="norm_group_173" xlink:href="#tok_173"/><!-- ⲙⲉⲛ -->
<mark id="norm_group_174" xlink:href="#tok_174"/><!-- ϩⲓⲛⲁⲓ -->
<mark id="norm_group_175" xlink:href="#tok_175"/><!-- ⲕⲉⲧ -->
<mark id="norm_group_176" xlink:href="#tok_176"/><!-- ⲇⲉ -->
<mark id="norm_group_177" xlink:href="#xpointer(id('tok_177')/range-to(id('tok_179')))"/><!-- ⲛ...ϩⲉ -->
<mark id="norm_group_180" xlink:href="#tok_180"/><!-- . -->
<mark id="norm_group_181" xlink:href="#xpointer(id('tok_181')/range-to(id('tok_182')))"/><!-- ϯ...ϫⲱ -->
<mark id="norm_group_183" xlink:href="#tok_183"/><!-- ⲇⲉ -->
<mark id="norm_group_184" xlink:href="#xpointer(id('tok_184')/range-to(id('tok_185')))"/><!-- ⲙⲙⲟ...ⲥ -->
<mark id="norm_group_186" xlink:href="#tok_186"/><!-- ⲛⲛⲉⲧⲉⲙⲛⲧⲟⲩ -->
<mark id="norm_group_187" xlink:href="#tok_187"/><!-- ⲥϩⲓⲙⲉ -->
<mark id="norm_group_188" xlink:href="#tok_188"/><!-- ⲙⲛ -->
<mark id="norm_group_189" xlink:href="#xpointer(id('tok_189')/range-to(id('tok_190')))"/><!-- ⲛⲉ...ⲭⲏⲣⲁ -->
<mark id="norm_group_191" xlink:href="#tok_191"/><!-- ϫⲉ -->
<mark id="norm_group_192" xlink:href="#xpointer(id('tok_192')/range-to(id('tok_193')))"/><!-- ⲛⲁⲛⲟⲩ...ⲥ -->
<mark id="norm_group_194" xlink:href="#xpointer(id('tok_194')/range-to(id('tok_195')))"/><!-- ⲛⲁ...ⲩ -->
<mark id="norm_group_196" xlink:href="#xpointer(id('tok_196')/range-to(id('tok_197')))"/><!-- ⲉ...ϭⲱ -->
<mark id="norm_group_198" xlink:href="#xpointer(id('tok_198')/range-to(id('tok_200')))"/><!-- ⲛ...ϩⲉ -->
<mark id="norm_group_201" xlink:href="#tok_201"/><!-- ϩⲱ -->
<mark id="norm_group_202" xlink:href="#tok_202"/><!-- . -->
<mark id="norm_group_203" xlink:href="#tok_203"/><!-- ⲉϣⲱⲡⲉ -->
<mark id="norm_group_204" xlink:href="#tok_204"/><!-- ⲇⲉ -->
<mark id="norm_group_205" xlink:href="#tok_205"/><!-- ⲉⲛⲥⲉⲛⲁⲉϣⲉⲅⲕⲣⲁⲧⲉⲩⲉ -->
<mark id="norm_group_206" xlink:href="#tok_206"/><!-- ⲁⲛ -->
<mark id="norm_group_207" xlink:href="#xpointer(id('tok_207')/range-to(id('tok_208')))"/><!-- ⲙⲙⲟ...ⲟⲩ -->
<mark id="norm_group_209" xlink:href="#tok_209"/><!-- ⲙⲁⲣⲟⲩϫⲓ -->
<mark id="norm_group_210" xlink:href="#tok_210"/><!-- . -->
<mark id="norm_group_211" xlink:href="#xpointer(id('tok_211')/range-to(id('tok_212')))"/><!-- ⲛⲁ...ⲛⲟⲩ -->
<mark id="norm_group_213" xlink:href="#tok_213"/><!-- ϫⲓ -->
<mark id="norm_group_214" xlink:href="#tok_214"/><!-- ⲅⲁⲣ -->
<mark id="norm_group_215" xlink:href="#tok_215"/><!-- ⲉϩⲟⲩⲉⲣⲱⲕϩ -->
<mark id="norm_group_216" xlink:href="#tok_216"/><!-- . -->
<mark id="norm_group_217" xlink:href="#xpointer(id('tok_217')/range-to(id('tok_221')))"/><!-- ⲛ...ϫⲓ -->
<mark id="norm_group_222" xlink:href="#tok_222"/><!-- ⲇⲉ -->
<mark id="norm_group_223" xlink:href="#xpointer(id('tok_223')/range-to(id('tok_224')))"/><!-- ϯ...ⲡⲁⲣⲁⲅⲅⲉⲓⲗⲉ -->
<mark id="norm_group_225" xlink:href="#xpointer(id('tok_225')/range-to(id('tok_226')))"/><!-- ⲛⲁ...ⲩ -->
<mark id="norm_group_227" xlink:href="#tok_227"/><!-- ⲁⲛⲟⲕ -->
<mark id="norm_group_228" xlink:href="#tok_228"/><!-- ⲁⲛ -->
<mark id="norm_group_229" xlink:href="#tok_229"/><!-- ⲁⲗⲗⲁ -->
<mark id="norm_group_230" xlink:href="#xpointer(id('tok_230')/range-to(id('tok_231')))"/><!-- ⲡ...ϫⲟⲉⲓⲥ -->
<mark id="norm_group_232" xlink:href="#tok_232"/><!-- ⲉⲧⲙⲧⲣⲉ -->
<mark id="norm_group_233" xlink:href="#xpointer(id('tok_233')/range-to(id('tok_234')))"/><!-- ⲧⲉ...ⲥϩⲓⲙⲉ -->
<mark id="norm_group_235" xlink:href="#xpointer(id('tok_235')/range-to(id('tok_236')))"/><!-- ⲡ...ⲱⲣϫ -->
<mark id="norm_group_237" xlink:href="#xpointer(id('tok_237')/range-to(id('tok_239')))"/><!-- ⲉ...ϩⲁⲓ -->
<mark id="norm_group_240" xlink:href="#tok_240"/><!-- . -->
<mark id="norm_group_241" xlink:href="#tok_241"/><!-- ⲉϣⲱⲡⲉ -->
<mark id="norm_group_242" xlink:href="#tok_242"/><!-- ⲇⲉ -->
<mark id="norm_group_243" xlink:href="#xpointer(id('tok_243')/range-to(id('tok_244')))"/><!-- ⲉⲥϣⲁⲛ...ⲡⲱⲣϫ -->
<mark id="norm_group_245" xlink:href="#xpointer(id('tok_245')/range-to(id('tok_247')))"/><!-- ⲙⲁⲣⲉ...ϭⲱ -->
<mark id="norm_group_248" xlink:href="#xpointer(id('tok_248')/range-to(id('tok_250')))"/><!-- ⲛ...ϩⲉ -->
<mark id="norm_group_251" xlink:href="#tok_251"/><!-- . -->
<mark id="norm_group_252" xlink:href="#tok_252"/><!-- ⲏⲛⲥϩⲱⲧⲡ -->
<mark id="norm_group_253" xlink:href="#xpointer(id('tok_253')/range-to(id('tok_255')))"/><!-- ⲉ...ϩⲁⲓ -->
<mark id="norm_group_256" xlink:href="#tok_256"/><!-- . -->
<mark id="norm_group_257" xlink:href="#tok_257"/><!-- ⲁⲩⲱ -->
<mark id="norm_group_258" xlink:href="#xpointer(id('tok_258')/range-to(id('tok_259')))"/><!-- ⲡ...ϩⲟⲟⲩⲧ -->
<mark id="norm_group_260" xlink:href="#xpointer(id('tok_260')/range-to(id('tok_264')))"/><!-- ⲉ...ⲕⲱ -->
<mark id="norm_group_265" xlink:href="#xpointer(id('tok_265')/range-to(id('tok_266')))"/><!-- ⲛⲥⲱ...ϥ -->
<mark id="norm_group_267" xlink:href="#xpointer(id('tok_267')/range-to(id('tok_269')))"/><!-- ⲛ...ⲥϩⲓⲙⲉ -->
<mark id="norm_group_270" xlink:href="#tok_270"/><!-- . -->
<mark id="norm_group_271" xlink:href="#xpointer(id('tok_271')/range-to(id('tok_272')))"/><!-- ϯ...ϫⲱ -->
<mark id="norm_group_273" xlink:href="#tok_273"/><!-- ⲇⲉ -->
<mark id="norm_group_274" xlink:href="#xpointer(id('tok_274')/range-to(id('tok_275')))"/><!-- ⲙⲙⲟ...ⲥ -->
<mark id="norm_group_276" xlink:href="#xpointer(id('tok_276')/range-to(id('tok_278')))"/><!-- ⲙ...ⲕⲉⲥⲉⲉⲡⲉ -->
<mark id="norm_group_279" xlink:href="#tok_279"/><!-- ⲁⲛⲟⲕ -->
<mark id="norm_group_280" xlink:href="#xpointer(id('tok_280')/range-to(id('tok_282')))"/><!-- ⲙ...ϫⲟⲉⲓⲥ -->
<mark id="norm_group_283" xlink:href="#tok_283"/><!-- ⲁⲛ -->
<mark id="norm_group_284" xlink:href="#tok_284"/><!-- ϫⲉ -->
<mark id="norm_group_285" xlink:href="#tok_285"/><!-- ⲉϣⲱⲡⲉ -->
<mark id="norm_group_286" xlink:href="#xpointer(id('tok_286')/range-to(id('tok_287')))"/><!-- ⲟⲩ...ⲥⲟⲛ -->
<mark id="norm_group_288" xlink:href="#xpointer(id('tok_288')/range-to(id('tok_292')))"/><!-- ⲉ...ⲁϥ -->
<mark id="norm_group_293" xlink:href="#tok_293"/><!-- ⲙⲙⲁⲩ -->
<mark id="norm_group_294" xlink:href="#xpointer(id('tok_294')/range-to(id('tok_296')))"/><!-- ⲛ...ⲥϩⲓⲙⲉ -->
<mark id="norm_group_297" xlink:href="#xpointer(id('tok_297')/range-to(id('tok_298')))"/><!-- ⲛ...ⲁⲡⲓⲥⲧⲟⲥ -->
<mark id="norm_group_299" xlink:href="#tok_299"/><!-- ⲁⲩⲱ -->
<mark id="norm_group_300" xlink:href="#xpointer(id('tok_300')/range-to(id('tok_302')))"/><!-- ⲉ...ⲟⲩⲱϣ -->
<mark id="norm_group_303" xlink:href="#xpointer(id('tok_303')/range-to(id('tok_304')))"/><!-- ⲉ...ϭⲱ -->
<mark id="norm_group_305" xlink:href="#xpointer(id('tok_305')/range-to(id('tok_306')))"/><!-- ⲛⲙⲙⲁ...ϥ -->
<mark id="norm_group_307" xlink:href="#xpointer(id('tok_307')/range-to(id('tok_309')))"/><!-- ⲙⲡⲣⲧⲣⲉ...ⲗⲟ -->
<mark id="norm_group_310" xlink:href="#xpointer(id('tok_310')/range-to(id('tok_311')))"/><!-- ϩⲁⲣⲟ...ⲥ -->
<mark id="norm_group_312" xlink:href="#tok_312"/><!-- . -->
<mark id="norm_group_313" xlink:href="#tok_313"/><!-- ⲁⲩⲱ -->
<mark id="norm_group_314" xlink:href="#tok_314"/><!-- ⲉϣⲱⲡⲉ -->
<mark id="norm_group_315" xlink:href="#xpointer(id('tok_315')/range-to(id('tok_316')))"/><!-- ⲟⲩ...ⲥϩⲓⲙⲉ -->
<mark id="norm_group_317" xlink:href="#xpointer(id('tok_317')/range-to(id('tok_321')))"/><!-- ⲉ...ⲁⲥ -->
<mark id="norm_group_322" xlink:href="#tok_322"/><!-- ⲙⲙⲁⲩ -->
<mark id="norm_group_323" xlink:href="#xpointer(id('tok_323')/range-to(id('tok_325')))"/><!-- ⲛ...ϩⲁⲓ -->
<mark id="norm_group_326" xlink:href="#xpointer(id('tok_326')/range-to(id('tok_327')))"/><!-- ⲛ...ⲁⲡⲓⲥⲧⲟⲥ -->
<mark id="norm_group_328" xlink:href="#xpointer(id('tok_328')/range-to(id('tok_330')))"/><!-- ⲉ...ⲟⲩⲱϣ -->
<mark id="norm_group_331" xlink:href="#xpointer(id('tok_331')/range-to(id('tok_332')))"/><!-- ⲉ...ϭⲱ -->
<mark id="norm_group_333" xlink:href="#xpointer(id('tok_333')/range-to(id('tok_334')))"/><!-- ⲛⲙⲙⲁ...ⲥ -->
<mark id="norm_group_335" xlink:href="#xpointer(id('tok_335')/range-to(id('tok_337')))"/><!-- ⲙⲡⲣⲧⲣⲉ...ⲗⲟ -->
<mark id="norm_group_338" xlink:href="#tok_338"/><!-- ϩⲁ -->
<mark id="norm_group_339" xlink:href="#xpointer(id('tok_339')/range-to(id('tok_340')))"/><!-- ⲡ...ϩⲁⲓ -->
<mark id="norm_group_341" xlink:href="#tok_341"/><!-- . -->
<mark id="norm_group_342" xlink:href="#xpointer(id('tok_342')/range-to(id('tok_344')))"/><!-- ⲁ...ⲧⲃⲃⲟ -->
<mark id="norm_group_345" xlink:href="#tok_345"/><!-- ⲅⲁⲣ -->
<mark id="norm_group_346" xlink:href="#tok_346"/><!-- ⲛϭⲓ -->
<mark id="norm_group_347" xlink:href="#xpointer(id('tok_347')/range-to(id('tok_348')))"/><!-- ⲡ...ϩⲁⲓ -->
<mark id="norm_group_349" xlink:href="#xpointer(id('tok_349')/range-to(id('tok_350')))"/><!-- ⲛ...ⲁⲡⲓⲥⲧⲟⲥ -->
<mark id="norm_group_351" xlink:href="#tok_351"/><!-- ϩⲛ -->
<mark id="norm_group_352" xlink:href="#xpointer(id('tok_352')/range-to(id('tok_353')))"/><!-- ⲧⲉ...ⲥϩⲓⲙⲉ -->
<mark id="norm_group_354" xlink:href="#tok_354"/><!-- ⲁⲩⲱ -->
<mark id="norm_group_355" xlink:href="#xpointer(id('tok_355')/range-to(id('tok_357')))"/><!-- ⲁ...ⲧⲃⲃⲟ -->
<mark id="norm_group_358" xlink:href="#tok_358"/><!-- ⲛϭⲓ -->
<mark id="norm_group_359" xlink:href="#xpointer(id('tok_359')/range-to(id('tok_360')))"/><!-- ⲧⲉ...ⲥϩⲓⲙⲉ -->
<mark id="norm_group_361" xlink:href="#xpointer(id('tok_361')/range-to(id('tok_362')))"/><!-- ⲛ...ⲁⲡⲓⲥⲧⲟⲥ -->
<mark id="norm_group_363" xlink:href="#tok_363"/><!-- ϩⲙ -->
<mark id="norm_group_364" xlink:href="#xpointer(id('tok_364')/range-to(id('tok_365')))"/><!-- ⲡ...ⲥⲟⲛ -->
<mark id="norm_group_366" xlink:href="#tok_366"/><!-- ⲉϣϫⲉ -->
<mark id="norm_group_367" xlink:href="#tok_367"/><!-- ⲙⲡⲉ -->
<mark id="norm_group_368" xlink:href="#tok_368"/><!-- ⲉⲓⲉ -->
<mark id="norm_group_369" xlink:href="#xpointer(id('tok_369')/range-to(id('tok_370')))"/><!-- ⲛⲉⲧⲛ...ϣⲏⲣⲉ -->
<mark id="norm_group_371" xlink:href="#xpointer(id('tok_371')/range-to(id('tok_372')))"/><!-- ϩⲉⲛ...ⲁⲕⲁⲑⲁⲣⲧⲟⲛ -->
<mark id="norm_group_373" xlink:href="#tok_373"/><!-- ⲛⲉ -->
<mark id="norm_group_374" xlink:href="#tok_374"/><!-- ⲧⲉⲛⲟⲩ -->
<mark id="norm_group_375" xlink:href="#tok_375"/><!-- ⲇⲉ -->
<mark id="norm_group_376" xlink:href="#xpointer(id('tok_376')/range-to(id('tok_377')))"/><!-- ⲥⲉ...ⲟⲩⲁⲁⲃ -->
<mark id="norm_group_378" xlink:href="#tok_378"/><!-- . -->
<mark id="norm_group_379" xlink:href="#tok_379"/><!-- ⲉϣϫⲉ -->
<mark id="norm_group_380" xlink:href="#xpointer(id('tok_380')/range-to(id('tok_381')))"/><!-- ⲡ...ⲁⲡⲓⲥⲧⲟⲥ -->
<mark id="norm_group_382" xlink:href="#tok_382"/><!-- ⲇⲉ -->
<mark id="norm_group_383" xlink:href="#xpointer(id('tok_383')/range-to(id('tok_385')))"/><!-- ⲛⲁ...ⲱⲣϫ -->
<mark id="norm_group_386" xlink:href="#xpointer(id('tok_386')/range-to(id('tok_388')))"/><!-- ⲙⲁⲣⲉ...ⲡⲱⲣϫ -->
<mark id="norm_group_389" xlink:href="#xpointer(id('tok_389')/range-to(id('tok_391')))"/><!-- ⲉ...ϥⲟ -->
<mark id="norm_group_392" xlink:href="#tok_392"/><!-- ⲁⲛ -->
<mark id="norm_group_393" xlink:href="#xpointer(id('tok_393')/range-to(id('tok_394')))"/><!-- ⲛ...ϩⲙϩⲁⲗ -->
<mark id="norm_group_395" xlink:href="#tok_395"/><!-- ⲛϭⲓ -->
<mark id="norm_group_396" xlink:href="#xpointer(id('tok_396')/range-to(id('tok_397')))"/><!-- ⲡ...ⲥⲟⲛ -->
<mark id="norm_group_398" xlink:href="#tok_398"/><!-- ⲏⲧⲥⲱⲛⲉ -->
<mark id="norm_group_399" xlink:href="#tok_399"/><!-- ϩⲛ -->
<mark id="norm_group_400" xlink:href="#tok_400"/><!-- ⲛⲉⲉⲓϩⲱⲃ -->
<mark id="norm_group_401" xlink:href="#xpointer(id('tok_401')/range-to(id('tok_403')))"/><!-- ⲛ...ⲙⲓⲛⲉ -->
<mark id="norm_group_404" xlink:href="#tok_404"/><!-- ⲛⲧⲁ -->
<mark id="norm_group_405" xlink:href="#xpointer(id('tok_405')/range-to(id('tok_406')))"/><!-- ⲡ...ϫⲟⲉⲓⲥ -->
<mark id="norm_group_407" xlink:href="#tok_407"/><!-- ⲅⲁⲣ -->
<mark id="norm_group_408" xlink:href="#xpointer(id('tok_408')/range-to(id('tok_409')))"/><!-- ⲧⲁϩⲙ...ⲛ -->
<mark id="norm_group_410" xlink:href="#tok_410"/><!-- ϩⲛ -->
<mark id="norm_group_411" xlink:href="#xpointer(id('tok_411')/range-to(id('tok_412')))"/><!-- ⲟⲩ...ⲉⲓⲣⲏⲛⲏ -->
<mark id="norm_group_413" xlink:href="#tok_413"/><!-- . -->
<mark id="norm_group_414" xlink:href="#tok_414"/><!-- ⲟⲩ -->
<mark id="norm_group_415" xlink:href="#tok_415"/><!-- ⲅⲁⲣ -->
<mark id="norm_group_416" xlink:href="#xpointer(id('tok_416')/range-to(id('tok_417')))"/><!-- ⲡ...ⲉⲧⲉⲣⲉ -->
<mark id="norm_group_418" xlink:href="#tok_418"/><!-- ⲥⲟⲟⲩⲛ -->
<mark id="norm_group_419" xlink:href="#xpointer(id('tok_419')/range-to(id('tok_420')))"/><!-- ⲙⲙⲟ...ϥ -->
<mark id="norm_group_421" xlink:href="#xpointer(id('tok_421')/range-to(id('tok_422')))"/><!-- ⲧⲉ...ⲥϩⲓⲙⲉ -->
<mark id="norm_group_423" xlink:href="#tok_423"/><!-- . -->
<mark id="norm_group_424" xlink:href="#tok_424"/><!-- ⲙⲏ -->
<mark id="norm_group_425" xlink:href="#tok_425"/><!-- ⲧⲉⲛⲁϣⲧⲟⲩϫⲉ -->
<mark id="norm_group_426" xlink:href="#tok_426"/><!-- ⲡⲟⲩϩⲁⲓ -->
<mark id="norm_group_427" xlink:href="#tok_427"/><!-- . -->
<mark id="norm_group_428" xlink:href="#tok_428"/><!-- ⲁⲩⲱ -->
<mark id="norm_group_429" xlink:href="#tok_429"/><!-- ⲟⲩ -->
<mark id="norm_group_430" xlink:href="#tok_430"/><!-- ⲡⲉⲧⲕⲥⲟⲟⲩⲛ -->
<mark id="norm_group_431" xlink:href="#xpointer(id('tok_431')/range-to(id('tok_432')))"/><!-- ⲙⲙⲟ...ϥ -->
<mark id="norm_group_433" xlink:href="#xpointer(id('tok_433')/range-to(id('tok_434')))"/><!-- ⲡ...ϩⲁⲓ -->
<mark id="norm_group_435" xlink:href="#tok_435"/><!-- ⲙⲏ -->
<mark id="norm_group_436" xlink:href="#tok_436"/><!-- ⲕⲛⲁϣⲧⲟⲩϫⲉ -->
<mark id="norm_group_437" xlink:href="#xpointer(id('tok_437')/range-to(id('tok_438')))"/><!-- ⲧⲉⲕ...ⲥϩⲓⲙⲉ -->
<mark id="norm_group_439" xlink:href="#tok_439"/><!-- . -->
<mark id="norm_group_440" xlink:href="#tok_440"/><!-- ⲉⲓⲙⲏ -->
<mark id="norm_group_441" xlink:href="#xpointer(id('tok_441')/range-to(id('tok_443')))"/><!-- ⲛ...ϩⲉ -->
<mark id="norm_group_444" xlink:href="#tok_444"/><!-- ⲉⲛⲧⲁ -->
<mark id="norm_group_445" xlink:href="#xpointer(id('tok_445')/range-to(id('tok_446')))"/><!-- ⲡ...ϫⲟⲉⲓⲥ -->
<mark id="norm_group_447" xlink:href="#xpointer(id('tok_447')/range-to(id('tok_448')))"/><!-- ⲧⲉ...ϣ -->
<mark id="norm_group_449" xlink:href="#xpointer(id('tok_449')/range-to(id('tok_450')))"/><!-- ⲡ...ⲟⲩⲁ -->
<mark id="norm_group_451" xlink:href="#xpointer(id('tok_451')/range-to(id('tok_452')))"/><!-- ⲡ...ⲟⲩⲁ -->
<mark id="norm_group_453" xlink:href="#xpointer(id('tok_453')/range-to(id('tok_454')))"/><!-- ⲙⲙⲟ...ⲥ -->
<mark id="norm_group_455" xlink:href="#tok_455"/><!-- . -->
<mark id="norm_group_456" xlink:href="#xpointer(id('tok_456')/range-to(id('tok_457')))"/><!-- ⲡ...ⲟⲩⲁ -->
<mark id="norm_group_458" xlink:href="#xpointer(id('tok_458')/range-to(id('tok_459')))"/><!-- ⲡ...ⲟⲩⲁ -->
<mark id="norm_group_460" xlink:href="#xpointer(id('tok_460')/range-to(id('tok_462')))"/><!-- ⲛ...ϩⲉ -->
<mark id="norm_group_463" xlink:href="#tok_463"/><!-- ⲉⲛⲧⲁ -->
<mark id="norm_group_464" xlink:href="#xpointer(id('tok_464')/range-to(id('tok_465')))"/><!-- ⲡ...ⲛⲟⲩⲧⲉ -->
<mark id="norm_group_466" xlink:href="#xpointer(id('tok_466')/range-to(id('tok_467')))"/><!-- ⲧⲁϩⲙⲉ...ϥ -->
<mark id="norm_group_468" xlink:href="#xpointer(id('tok_468')/range-to(id('tok_470')))"/><!-- ⲙⲁⲣⲉ...ⲙⲟⲟϣⲉ -->
<mark id="norm_group_471" xlink:href="#xpointer(id('tok_471')/range-to(id('tok_472')))"/><!-- ⲙⲙⲟ...ⲥ -->
<mark id="norm_group_473" xlink:href="#tok_473"/><!-- . -->
<mark id="norm_group_474" xlink:href="#tok_474"/><!-- ⲁⲩⲱ -->
<mark id="norm_group_475" xlink:href="#tok_475"/><!-- ⲧⲁⲓ -->
<mark id="norm_group_476" xlink:href="#tok_476"/><!-- ⲧⲉ -->
<mark id="norm_group_477" xlink:href="#xpointer(id('tok_477')/range-to(id('tok_478')))"/><!-- ⲧ...ϩⲉ -->
<mark id="norm_group_479" xlink:href="#tok_479"/><!-- ⲉϯⲧⲱϣ -->
<mark id="norm_group_480" xlink:href="#xpointer(id('tok_480')/range-to(id('tok_481')))"/><!-- ⲙⲙⲟ...ⲥ -->
<mark id="norm_group_482" xlink:href="#tok_482"/><!-- ϩⲛ -->
<mark id="norm_group_483" xlink:href="#xpointer(id('tok_483')/range-to(id('tok_484')))"/><!-- ⲛ...ⲉⲕⲕⲗⲏⲥⲓⲁ -->
<mark id="norm_group_485" xlink:href="#tok_485"/><!-- ⲛⲓⲙ -->
<mark id="norm_group_486" xlink:href="#tok_486"/><!-- . -->
<mark id="norm_group_487" xlink:href="#tok_487"/><!-- ⲁⲩⲧⲉϩⲙ -->
<mark id="norm_group_488" xlink:href="#tok_488"/><!-- ⲟⲩⲁ -->
<mark id="norm_group_489" xlink:href="#tok_489"/><!-- ⲉϥⲥⲃⲃⲏⲩ -->
<mark id="norm_group_490" xlink:href="#xpointer(id('tok_490')/range-to(id('tok_493')))"/><!-- ⲙⲡⲣⲧⲣⲉ...ϥ -->
<mark id="norm_group_494" xlink:href="#tok_494"/><!-- . -->
<mark id="norm_group_495" xlink:href="#tok_495"/><!-- ⲁⲩⲧⲉϩⲙ -->
<mark id="norm_group_496" xlink:href="#tok_496"/><!-- ⲟⲩⲁ -->
<mark id="norm_group_497" xlink:href="#xpointer(id('tok_497')/range-to(id('tok_499')))"/><!-- ⲉ...ⲟ -->
<mark id="norm_group_500" xlink:href="#tok_500"/><!-- ⲛⲁⲧⲥⲃⲃⲉ -->
<mark id="norm_group_501" xlink:href="#tok_501"/><!-- ⲙⲡⲣⲧⲣⲉϥⲥⲃⲃⲏⲧϥ -->
<mark id="norm_group_502" xlink:href="#tok_502"/><!-- . -->
<mark id="norm_group_503" xlink:href="#tok_503"/><!-- ⲡⲥⲃⲃⲉ -->
<mark id="norm_group_504" xlink:href="#xpointer(id('tok_504')/range-to(id('tok_505')))"/><!-- ⲟⲩ...ⲗⲁⲁⲩ -->
<mark id="norm_group_506" xlink:href="#tok_506"/><!-- ⲡⲉ -->
<mark id="norm_group_507" xlink:href="#tok_507"/><!-- ⲁⲩⲱ -->
<mark id="norm_group_508" xlink:href="#tok_508"/><!-- ⲧⲙⲛⲧⲁⲧⲥⲃⲃⲉ -->
<mark id="norm_group_509" xlink:href="#xpointer(id('tok_509')/range-to(id('tok_510')))"/><!-- ⲟⲩ...ⲗⲁⲁⲩ -->
<mark id="norm_group_511" xlink:href="#tok_511"/><!-- ⲧⲉ -->
<mark id="norm_group_512" xlink:href="#tok_512"/><!-- . -->
<mark id="norm_group_513" xlink:href="#tok_513"/><!-- ⲁⲗⲗⲁ -->
<mark id="norm_group_514" xlink:href="#tok_514"/><!-- ⲡϩⲁⲣⲉϩ -->
<mark id="norm_group_515" xlink:href="#xpointer(id('tok_515')/range-to(id('tok_517')))"/><!-- ⲉ...ⲉⲛⲧⲟⲗⲏ -->
<mark id="norm_group_518" xlink:href="#xpointer(id('tok_518')/range-to(id('tok_520')))"/><!-- ⲙ...ⲛⲟⲩⲧⲉ -->
<mark id="norm_group_521" xlink:href="#tok_521"/><!-- ⲡⲉ -->
<mark id="norm_group_522" xlink:href="#tok_522"/><!-- . -->
<mark id="norm_group_523" xlink:href="#xpointer(id('tok_523')/range-to(id('tok_524')))"/><!-- ⲡ...ⲟⲩⲁ -->
<mark id="norm_group_525" xlink:href="#xpointer(id('tok_525')/range-to(id('tok_526')))"/><!-- ⲡ...ⲟⲩⲁ -->
<mark id="norm_group_527" xlink:href="#tok_527"/><!-- ϩⲙ -->
<mark id="norm_group_528" xlink:href="#xpointer(id('tok_528')/range-to(id('tok_529')))"/><!-- ⲡ...ⲧⲱϩⲙ -->
<mark id="norm_group_530" xlink:href="#xpointer(id('tok_530')/range-to(id('tok_534')))"/><!-- ⲉⲛⲧ...ϥ -->
<mark id="norm_group_535" xlink:href="#xpointer(id('tok_535')/range-to(id('tok_536')))"/><!-- ⲛϩⲏⲧ...ϥ -->
<mark id="norm_group_537" xlink:href="#xpointer(id('tok_537')/range-to(id('tok_539')))"/><!-- ⲙⲁⲣⲉ...ϭⲱ -->
<mark id="norm_group_540" xlink:href="#xpointer(id('tok_540')/range-to(id('tok_541')))"/><!-- ⲛϩⲏⲧ...ϥ -->
<mark id="norm_group_542" xlink:href="#tok_542"/><!-- . -->
<mark id="norm_group_543" xlink:href="#xpointer(id('tok_543')/range-to(id('tok_546')))"/><!-- ⲁ...ⲕ -->
<mark id="norm_group_547" xlink:href="#xpointer(id('tok_547')/range-to(id('tok_549')))"/><!-- ⲉ...ⲟ -->
<mark id="norm_group_550" xlink:href="#xpointer(id('tok_550')/range-to(id('tok_551')))"/><!-- ⲛ...ϩⲙϩⲁⲗ -->
<mark id="norm_group_552" xlink:href="#xpointer(id('tok_552')/range-to(id('tok_555')))"/><!-- ⲙⲡⲣⲧⲣⲉ...ⲣⲟⲟⲩϣ -->
<mark id="norm_group_556" xlink:href="#xpointer(id('tok_556')/range-to(id('tok_557')))"/><!-- ⲛⲁ...ⲕ -->
<mark id="norm_group_558" xlink:href="#tok_558"/><!-- . -->
<mark id="norm_group_559" xlink:href="#tok_559"/><!-- ⲁⲗⲗⲁ -->
<mark id="norm_group_560" xlink:href="#tok_560"/><!-- ⲕⲁⲛ -->
<mark id="norm_group_561" xlink:href="#tok_561"/><!-- ⲉϣⲱⲡⲉ -->
<mark id="norm_group_562" xlink:href="#xpointer(id('tok_562')/range-to(id('tok_563')))"/><!-- ⲟⲩⲛ...ϭⲟⲙ -->
<mark id="norm_group_564" xlink:href="#xpointer(id('tok_564')/range-to(id('tok_565')))"/><!-- ⲙⲙⲟ...ⲕ -->
<mark id="norm_group_566" xlink:href="#tok_566"/><!-- ⲉⲣⲣⲙϩⲉ -->
<mark id="norm_group_567" xlink:href="#tok_567"/><!-- ⲭⲣⲱ -->
<mark id="norm_group_568" xlink:href="#tok_568"/><!-- ⲛϩⲟⲩⲟ -->
<mark id="norm_group_569" xlink:href="#tok_569"/><!-- . -->
<mark id="norm_group_570" xlink:href="#xpointer(id('tok_570')/range-to(id('tok_571')))"/><!-- ⲡ...ϩⲙϩⲁⲗ -->
<mark id="norm_group_572" xlink:href="#tok_572"/><!-- ⲅⲁⲣ -->
<mark id="norm_group_573" xlink:href="#xpointer(id('tok_573')/range-to(id('tok_577')))"/><!-- ⲉⲛⲧ...ϥ -->
<mark id="norm_group_578" xlink:href="#tok_578"/><!-- ϩⲙ -->
<mark id="norm_group_579" xlink:href="#xpointer(id('tok_579')/range-to(id('tok_580')))"/><!-- ⲡ...ϫⲟⲉⲓⲥ -->
<mark id="norm_group_581" xlink:href="#tok_581"/><!-- ⲡⲁ -->
<mark id="norm_group_582" xlink:href="#tok_582"/><!-- ⲡⲉⲗⲉⲩⲑⲉⲣⲟⲥ -->
<mark id="norm_group_583" xlink:href="#xpointer(id('tok_583')/range-to(id('tok_585')))"/><!-- ⲙ...ϫⲟⲉⲓⲥ -->
<mark id="norm_group_586" xlink:href="#tok_586"/><!-- ⲡⲉ -->
<mark id="norm_group_587" xlink:href="#tok_587"/><!-- . -->
<mark id="norm_group_588" xlink:href="#tok_588"/><!-- ϩⲟⲙⲟⲓⲱⲥ -->
<mark id="norm_group_589" xlink:href="#xpointer(id('tok_589')/range-to(id('tok_590')))"/><!-- ⲡ...ⲣⲙϩⲉ -->
<mark id="norm_group_591" xlink:href="#xpointer(id('tok_591')/range-to(id('tok_595')))"/><!-- ⲉⲛⲧ...ϥ -->
<mark id="norm_group_596" xlink:href="#xpointer(id('tok_596')/range-to(id('tok_597')))"/><!-- ⲡ...ϩⲙϩⲁⲗ -->
<mark id="norm_group_598" xlink:href="#xpointer(id('tok_598')/range-to(id('tok_600')))"/><!-- ⲙ...ⲭⲣⲓⲥⲧⲟⲥ -->
<mark id="norm_group_601" xlink:href="#tok_601"/><!-- ⲡⲉ -->
<mark id="norm_group_602" xlink:href="#tok_602"/><!-- . -->
<mark id="norm_group_603" xlink:href="#xpointer(id('tok_603')/range-to(id('tok_605')))"/><!-- ⲁ...ϣⲉⲡ -->
<mark id="norm_group_606" xlink:href="#tok_606"/><!-- ⲧⲏⲩⲧⲛ -->
<mark id="norm_group_607" xlink:href="#tok_607"/><!-- ϩⲁ -->
<mark id="norm_group_608" xlink:href="#tok_608"/><!-- ⲟⲩⲁⲥⲟⲩ -->
<mark id="norm_group_609" xlink:href="#xpointer(id('tok_609')/range-to(id('tok_610')))"/><!-- ⲙⲡⲣ...ϣⲱⲡⲉ -->
<mark id="norm_group_611" xlink:href="#xpointer(id('tok_611')/range-to(id('tok_612')))"/><!-- ⲛ...ϩⲙϩⲁⲗ -->
<mark id="norm_group_613" xlink:href="#xpointer(id('tok_613')/range-to(id('tok_614')))"/><!-- ⲛ...ⲣⲱⲙⲉ -->
<mark id="norm_group_615" xlink:href="#tok_615"/><!-- . -->
<mark id="norm_group_616" xlink:href="#xpointer(id('tok_616')/range-to(id('tok_617')))"/><!-- ⲡ...ⲟⲩⲁ -->
<mark id="norm_group_618" xlink:href="#xpointer(id('tok_618')/range-to(id('tok_619')))"/><!-- ⲡ...ⲟⲩⲁ -->
<mark id="norm_group_620" xlink:href="#tok_620"/><!-- ϩⲙ -->
<mark id="norm_group_621" xlink:href="#xpointer(id('tok_621')/range-to(id('tok_626')))"/><!-- ⲡ...ϥ -->
<mark id="norm_group_627" xlink:href="#xpointer(id('tok_627')/range-to(id('tok_628')))"/><!-- ⲛϩⲏⲧ...ϥ -->
<mark id="norm_group_629" xlink:href="#xpointer(id('tok_629')/range-to(id('tok_630')))"/><!-- ⲛⲁ...ⲥⲛⲏⲩ -->
<mark id="norm_group_631" xlink:href="#xpointer(id('tok_631')/range-to(id('tok_633')))"/><!-- ⲙⲁⲣⲉ...ϭⲱ -->
<mark id="norm_group_634" xlink:href="#tok_634"/><!-- ϩⲙ -->
<mark id="norm_group_635" xlink:href="#tok_635"/><!-- ⲡⲁⲓ -->
<mark id="norm_group_636" xlink:href="#tok_636"/><!-- ⲛⲛⲁϩⲣⲙ -->
<mark id="norm_group_637" xlink:href="#xpointer(id('tok_637')/range-to(id('tok_638')))"/><!-- ⲡ...ⲛⲟⲩⲧⲉ -->
<mark id="norm_group_639" xlink:href="#tok_639"/><!-- . -->
<mark id="norm_group_640" xlink:href="#tok_640"/><!-- ⲉⲧⲃⲉ -->
<mark id="norm_group_641" xlink:href="#xpointer(id('tok_641')/range-to(id('tok_642')))"/><!-- ⲙ...ⲡⲁⲣⲑⲉⲛⲟⲥ -->
<mark id="norm_group_643" xlink:href="#tok_643"/><!-- ⲇⲉ -->
<mark id="norm_group_644" xlink:href="#xpointer(id('tok_644')/range-to(id('tok_645')))"/><!-- ⲙⲛ...ⲧⲁⲓ -->
<mark id="norm_group_646" xlink:href="#tok_646"/><!-- ⲟⲩⲉϩⲥⲁϩⲛⲉ -->
<mark id="norm_group_647" xlink:href="#tok_647"/><!-- ⲙⲙⲁⲩ -->
<mark id="norm_group_648" xlink:href="#tok_648"/><!-- ⲛⲧⲉ -->
<mark id="norm_group_649" xlink:href="#xpointer(id('tok_649')/range-to(id('tok_650')))"/><!-- ⲡ...ϫⲟⲉⲓⲥ -->
<mark id="norm_group_651" xlink:href="#tok_651"/><!-- . -->
<mark id="norm_group_652" xlink:href="#xpointer(id('tok_652')/range-to(id('tok_653')))"/><!-- ϯ...ϯ -->
<mark id="norm_group_654" xlink:href="#tok_654"/><!-- ⲇⲉ -->
<mark id="norm_group_655" xlink:href="#xpointer(id('tok_655')/range-to(id('tok_657')))"/><!-- ⲛ...ⲅⲛⲱⲙⲏ -->
<mark id="norm_group_658" xlink:href="#tok_658"/><!-- ϩⲱⲥ -->
<mark id="norm_group_659" xlink:href="#xpointer(id('tok_659')/range-to(id('tok_662')))"/><!-- ⲉ...ⲛⲁ -->
<mark id="norm_group_663" xlink:href="#tok_663"/><!-- ⲛⲁⲓ -->
<mark id="norm_group_664" xlink:href="#tok_664"/><!-- ϩⲓⲧⲙ -->
<mark id="norm_group_665" xlink:href="#xpointer(id('tok_665')/range-to(id('tok_666')))"/><!-- ⲡ...ϫⲟⲉⲓⲥ -->
<mark id="norm_group_667" xlink:href="#tok_667"/><!-- ⲉⲣⲡⲓⲥⲧⲟⲥ -->
<mark id="norm_group_668" xlink:href="#tok_668"/><!-- . -->
<mark id="norm_group_669" xlink:href="#xpointer(id('tok_669')/range-to(id('tok_670')))"/><!-- ϯ...ⲙⲉⲉⲩⲉ -->
<mark id="norm_group_671" xlink:href="#tok_671"/><!-- ϭⲉ -->
<mark id="norm_group_672" xlink:href="#tok_672"/><!-- ϫⲉ -->
<mark id="norm_group_673" xlink:href="#xpointer(id('tok_673')/range-to(id('tok_674')))"/><!-- ⲛⲁ...ⲛⲟⲩ -->
<mark id="norm_group_675" xlink:href="#tok_675"/><!-- ⲡⲁⲓ -->
<mark id="norm_group_676" xlink:href="#tok_676"/><!-- ⲉⲧⲃⲉ -->
<mark id="norm_group_677" xlink:href="#xpointer(id('tok_677')/range-to(id('tok_678')))"/><!-- ⲧ...ⲁⲛⲁⲅⲕⲏ -->
<mark id="norm_group_679" xlink:href="#xpointer(id('tok_679')/range-to(id('tok_680')))"/><!-- ⲉⲧ...ϣⲟⲟⲡ -->
<mark id="norm_group_681" xlink:href="#tok_681"/><!-- . -->
<mark id="norm_group_682" xlink:href="#tok_682"/><!-- ϫⲉ -->
<mark id="norm_group_683" xlink:href="#xpointer(id('tok_683')/range-to(id('tok_684')))"/><!-- ⲛⲁⲛⲟⲩ...ⲥ -->
<mark id="norm_group_685" xlink:href="#xpointer(id('tok_685')/range-to(id('tok_687')))"/><!-- ⲙ...ⲣⲱⲙⲉ -->
<mark id="norm_group_688" xlink:href="#xpointer(id('tok_688')/range-to(id('tok_689')))"/><!-- ⲉ...ϭⲱ -->
<mark id="norm_group_690" xlink:href="#xpointer(id('tok_690')/range-to(id('tok_692')))"/><!-- ⲛ...ϩⲉ -->
<mark id="norm_group_693" xlink:href="#tok_693"/><!-- . -->
<mark id="norm_group_694" xlink:href="#xpointer(id('tok_694')/range-to(id('tok_695')))"/><!-- ⲕ...ⲙⲏⲣ -->
<mark id="norm_group_696" xlink:href="#xpointer(id('tok_696')/range-to(id('tok_697')))"/><!-- ⲉ...ⲥϩⲓⲙⲉ -->
<mark id="norm_group_698" xlink:href="#xpointer(id('tok_698')/range-to(id('tok_699')))"/><!-- ⲙⲡⲣ...ϣⲓⲛⲉ -->
<mark id="norm_group_700" xlink:href="#tok_700"/><!-- ⲛⲥⲁⲃⲱⲗ -->
<mark id="norm_group_701" xlink:href="#xpointer(id('tok_701')/range-to(id('tok_702')))"/><!-- ⲕ...ⲃⲏⲗ -->
<mark id="norm_group_703" xlink:href="#tok_703"/><!-- ⲉⲃⲟⲗ -->
<mark id="norm_group_704" xlink:href="#xpointer(id('tok_704')/range-to(id('tok_705')))"/><!-- ⲛ...ⲥϩⲓⲙⲉ -->
<mark id="norm_group_706" xlink:href="#xpointer(id('tok_706')/range-to(id('tok_707')))"/><!-- ⲙⲡⲣ...ϣⲓⲛⲉ -->
<mark id="norm_group_708" xlink:href="#tok_708"/><!-- ⲛⲥⲁ -->
<mark id="norm_group_709" xlink:href="#tok_709"/><!-- ⲥϩⲓⲙⲉ -->
<mark id="norm_group_710" xlink:href="#tok_710"/><!-- . -->
<mark id="norm_group_711" xlink:href="#tok_711"/><!-- ⲉϣⲱⲡⲉ -->
<mark id="norm_group_712" xlink:href="#tok_712"/><!-- ⲇⲉ -->
<mark id="norm_group_713" xlink:href="#xpointer(id('tok_713')/range-to(id('tok_714')))"/><!-- ⲉⲕϣⲁⲛ...ϫⲓ -->
<mark id="norm_group_715" xlink:href="#xpointer(id('tok_715')/range-to(id('tok_717')))"/><!-- ⲙⲡ...ⲣⲛⲟⲃⲉ -->
<mark id="norm_group_718" xlink:href="#tok_718"/><!-- ⲁⲩⲱ -->
<mark id="norm_group_719" xlink:href="#xpointer(id('tok_719')/range-to(id('tok_720')))"/><!-- ⲉⲥϣⲁⲛ...ϫⲓ -->
<mark id="norm_group_721" xlink:href="#tok_721"/><!-- ⲛϭⲓ -->
<mark id="norm_group_722" xlink:href="#xpointer(id('tok_722')/range-to(id('tok_723')))"/><!-- ⲧ...ⲡⲁⲣⲑⲉⲛⲟⲥ -->
<mark id="norm_group_724" xlink:href="#xpointer(id('tok_724')/range-to(id('tok_726')))"/><!-- ⲙⲡ...ⲣⲛⲟⲃⲉ -->
<mark id="norm_group_727" xlink:href="#tok_727"/><!-- ⲛⲁⲓ -->
<mark id="norm_group_728" xlink:href="#tok_728"/><!-- ⲇⲉ -->
<mark id="norm_group_729" xlink:href="#tok_729"/><!-- ⲛⲧⲉⲉⲓⲙⲓⲛⲉ -->
<mark id="norm_group_730" xlink:href="#xpointer(id('tok_730')/range-to(id('tok_731')))"/><!-- ⲛⲁ...ϣⲉ -->
<mark id="norm_group_732" xlink:href="#xpointer(id('tok_732')/range-to(id('tok_733')))"/><!-- ⲡ...ⲑⲗⲓⲯⲓⲥ -->
<mark id="norm_group_734" xlink:href="#tok_734"/><!-- ϩⲛ -->
<mark id="norm_group_735" xlink:href="#xpointer(id('tok_735')/range-to(id('tok_736')))"/><!-- ⲧⲉⲩ...ⲥⲁⲣⲝ -->
<mark id="norm_group_737" xlink:href="#tok_737"/><!-- ⲁⲛⲟⲕ -->
<mark id="norm_group_738" xlink:href="#tok_738"/><!-- ⲇⲉ -->
<mark id="norm_group_739" xlink:href="#xpointer(id('tok_739')/range-to(id('tok_740')))"/><!-- ϯ...ϯⲥⲟ -->
<mark id="norm_group_741" xlink:href="#xpointer(id('tok_741')/range-to(id('tok_742')))"/><!-- ⲉⲣⲱ...ⲧⲛ -->
<mark id="norm_group_743" xlink:href="#tok_743"/><!-- . -->
<mark id="norm_group_744" xlink:href="#tok_744"/><!-- ⲡⲁⲓ -->
<mark id="norm_group_745" xlink:href="#tok_745"/><!-- ⲇⲉ -->
<mark id="norm_group_746" xlink:href="#xpointer(id('tok_746')/range-to(id('tok_748')))"/><!-- ⲉ...ϫⲱ -->
<mark id="norm_group_749" xlink:href="#xpointer(id('tok_749')/range-to(id('tok_750')))"/><!-- ⲙⲙⲟ...ϥ -->
<mark id="norm_group_751" xlink:href="#xpointer(id('tok_751')/range-to(id('tok_752')))"/><!-- ⲛⲁ...ⲥⲛⲏⲩ -->
<mark id="norm_group_753" xlink:href="#tok_753"/><!-- ϫⲉ -->
<mark id="norm_group_754" xlink:href="#xpointer(id('tok_754')/range-to(id('tok_755')))"/><!-- ⲡⲉ...ⲩⲟⲉⲓϣ -->
<mark id="norm_group_756" xlink:href="#tok_756"/><!-- ⲛⲟⲗⲕ -->
<mark id="norm_group_757" xlink:href="#tok_757"/><!-- ⲡⲉ -->
<mark id="norm_group_758" xlink:href="#tok_758"/><!-- . -->
<mark id="norm_group_759" xlink:href="#tok_759"/><!-- ϫⲉⲕⲁⲁⲥ -->
<mark id="norm_group_760" xlink:href="#tok_760"/><!-- ϭⲉ -->
<mark id="norm_group_761" xlink:href="#xpointer(id('tok_761')/range-to(id('tok_762')))"/><!-- ⲛ...ⲕⲟⲟⲩⲉ -->
<mark id="norm_group_763" xlink:href="#tok_763"/><!-- ⲉⲧⲉⲩⲛⲧⲟⲩ -->
<mark id="norm_group_764" xlink:href="#tok_764"/><!-- ⲥϩⲓⲙⲉ -->
<mark id="norm_group_765" xlink:href="#tok_765"/><!-- ⲙⲙⲁⲩ -->
<mark id="norm_group_766" xlink:href="#tok_766"/><!-- ⲛⲥⲉⲣⲑⲉ -->
<mark id="norm_group_767" xlink:href="#tok_767"/><!-- ⲛⲛⲉⲧⲉⲙⲛⲧⲁⲩ -->
<mark id="norm_group_768" xlink:href="#tok_768"/><!-- . -->
<mark id="norm_group_769" xlink:href="#tok_769"/><!-- ⲁⲩⲱ -->
<mark id="norm_group_770" xlink:href="#xpointer(id('tok_770')/range-to(id('tok_772')))"/><!-- ⲛ...ⲣⲓⲙⲉ -->
<mark id="norm_group_773" xlink:href="#tok_773"/><!-- ϩⲱⲥ -->
<mark id="norm_group_774" xlink:href="#xpointer(id('tok_774')/range-to(id('tok_777')))"/><!-- ⲉ...ⲣⲓⲙⲉ -->
<mark id="norm_group_778" xlink:href="#tok_778"/><!-- ⲁⲛ -->
<mark id="norm_group_779" xlink:href="#tok_779"/><!-- . -->
<mark id="norm_group_780" xlink:href="#tok_780"/><!-- ⲁⲩⲱ -->
<mark id="norm_group_781" xlink:href="#xpointer(id('tok_781')/range-to(id('tok_783')))"/><!-- ⲛ...ⲣⲁϣⲉ -->
<mark id="norm_group_784" xlink:href="#tok_784"/><!-- ϩⲱⲥ -->
<mark id="norm_group_785" xlink:href="#xpointer(id('tok_785')/range-to(id('tok_788')))"/><!-- ⲉ...ⲣⲁϣⲉ -->
<mark id="norm_group_789" xlink:href="#tok_789"/><!-- ⲁⲛ -->
<mark id="norm_group_790" xlink:href="#tok_790"/><!-- . -->
<mark id="norm_group_791" xlink:href="#tok_791"/><!-- ⲁⲩⲱ -->
<mark id="norm_group_792" xlink:href="#xpointer(id('tok_792')/range-to(id('tok_794')))"/><!-- ⲛ...ϣⲱⲡ -->
<mark id="norm_group_795" xlink:href="#tok_795"/><!-- ϩⲱⲥ -->
<mark id="norm_group_796" xlink:href="#xpointer(id('tok_796')/range-to(id('tok_799')))"/><!-- ⲉ...ⲁⲙⲁϩⲧⲉ -->
<mark id="norm_group_800" xlink:href="#tok_800"/><!-- ⲁⲛ -->
<mark id="norm_group_801" xlink:href="#tok_801"/><!-- . -->
<mark id="norm_group_802" xlink:href="#tok_802"/><!-- ⲁⲩⲱ -->
<mark id="norm_group_803" xlink:href="#xpointer(id('tok_803')/range-to(id('tok_805')))"/><!-- ⲛ...ⲭⲣⲱ -->
<mark id="norm_group_806" xlink:href="#tok_806"/><!-- ⲙⲡⲉⲉⲓⲕⲟⲥⲙⲟⲥ -->
<mark id="norm_group_807" xlink:href="#tok_807"/><!-- ϩⲱⲥ -->
<mark id="norm_group_808" xlink:href="#xpointer(id('tok_808')/range-to(id('tok_811')))"/><!-- ⲉ...ⲭⲣⲱ -->
<mark id="norm_group_812" xlink:href="#tok_812"/><!-- ⲁⲛ -->
<mark id="norm_group_813" xlink:href="#tok_813"/><!-- . -->
<mark id="norm_group_814" xlink:href="#xpointer(id('tok_814')/range-to(id('tok_816')))"/><!-- ϥ...ⲡⲁⲣⲁⲅⲉ -->
<mark id="norm_group_817" xlink:href="#tok_817"/><!-- ⲅⲁⲣ -->
<mark id="norm_group_818" xlink:href="#tok_818"/><!-- ⲛϭⲓ -->
<mark id="norm_group_819" xlink:href="#xpointer(id('tok_819')/range-to(id('tok_820')))"/><!-- ⲡⲉ...ⲥⲭⲏⲙⲁ -->
<mark id="norm_group_821" xlink:href="#xpointer(id('tok_821')/range-to(id('tok_823')))"/><!-- ⲙ...ⲕⲟⲥⲙⲟⲥ -->
<mark id="norm_group_824" xlink:href="#tok_824"/><!-- . -->
<mark id="norm_group_825" xlink:href="#xpointer(id('tok_825')/range-to(id('tok_826')))"/><!-- ϯ...ⲟⲩⲉϣ -->
<mark id="norm_group_827" xlink:href="#tok_827"/><!-- ⲧⲏⲩⲧⲛ -->
<mark id="norm_group_828" xlink:href="#tok_828"/><!-- ⲇⲉ -->
<mark id="norm_group_829" xlink:href="#xpointer(id('tok_829')/range-to(id('tok_832')))"/><!-- ⲉ...ϣⲱⲡⲉ -->
<mark id="norm_group_833" xlink:href="#xpointer(id('tok_833')/range-to(id('tok_835')))"/><!-- ⲛⲁ...ⲣⲟⲟⲩϣ -->
<mark id="norm_group_836" xlink:href="#tok_836"/><!-- . -->
<mark id="norm_group_837" xlink:href="#tok_837"/><!-- ⲡⲉⲧⲉⲙⲛⲧϥ -->
<mark id="norm_group_838" xlink:href="#tok_838"/><!-- ⲥϩⲓⲙⲉ -->
<mark id="norm_group_839" xlink:href="#tok_839"/><!-- ϥϥⲓⲣⲟⲟⲩϣ -->
<mark id="norm_group_840" xlink:href="#xpointer(id('tok_840')/range-to(id('tok_841')))"/><!-- ⲉ...ⲛⲁ -->
<mark id="norm_group_842" xlink:href="#xpointer(id('tok_842')/range-to(id('tok_843')))"/><!-- ⲡ...ϫⲟⲉⲓⲥ -->
<mark id="norm_group_844" xlink:href="#tok_844"/><!-- ϫⲉ -->
<mark id="norm_group_845" xlink:href="#xpointer(id('tok_845')/range-to(id('tok_848')))"/><!-- ⲉ...ⲁⲣⲉⲥⲕⲉ -->
<mark id="norm_group_849" xlink:href="#xpointer(id('tok_849')/range-to(id('tok_851')))"/><!-- ⲙ...ϫⲟⲉⲓⲥ -->
<mark id="norm_group_852" xlink:href="#xpointer(id('tok_852')/range-to(id('tok_853')))"/><!-- ⲛ...ⲁϣ -->
<mark id="norm_group_854" xlink:href="#xpointer(id('tok_854')/range-to(id('tok_855')))"/><!-- ⲛ...ϩⲉ -->
<mark id="norm_group_856" xlink:href="#tok_856"/><!-- . -->
<mark id="norm_group_857" xlink:href="#xpointer(id('tok_857')/range-to(id('tok_861')))"/><!-- ⲡ...ϫⲓ -->
<mark id="norm_group_862" xlink:href="#tok_862"/><!-- ⲇⲉ -->
<mark id="norm_group_863" xlink:href="#tok_863"/><!-- ϥϥⲓⲣⲟⲟⲩϣ -->
<mark id="norm_group_864" xlink:href="#xpointer(id('tok_864')/range-to(id('tok_865')))"/><!-- ⲉ...ⲛⲁ -->
<mark id="norm_group_866" xlink:href="#xpointer(id('tok_866')/range-to(id('tok_867')))"/><!-- ⲡ...ⲕⲟⲥⲙⲟⲥ -->
<mark id="norm_group_868" xlink:href="#tok_868"/><!-- ϫⲉ -->
<mark id="norm_group_869" xlink:href="#xpointer(id('tok_869')/range-to(id('tok_872')))"/><!-- ⲉ...ⲁⲣⲉⲥⲕⲉ -->
<mark id="norm_group_873" xlink:href="#xpointer(id('tok_873')/range-to(id('tok_875')))"/><!-- ⲛ...ⲥϩⲓⲙⲉ -->
<mark id="norm_group_876" xlink:href="#xpointer(id('tok_876')/range-to(id('tok_877')))"/><!-- ⲛ...ⲁϣ -->
<mark id="norm_group_878" xlink:href="#xpointer(id('tok_878')/range-to(id('tok_879')))"/><!-- ⲛ...ϩⲉ -->
<mark id="norm_group_880" xlink:href="#tok_880"/><!-- . -->
<mark id="norm_group_881" xlink:href="#tok_881"/><!-- ⲁⲩⲱ -->
<mark id="norm_group_882" xlink:href="#xpointer(id('tok_882')/range-to(id('tok_883')))"/><!-- ϥ...ⲡⲏϣ -->
<mark id="norm_group_884" xlink:href="#tok_884"/><!-- ⲁⲩⲱ -->
<mark id="norm_group_885" xlink:href="#xpointer(id('tok_885')/range-to(id('tok_886')))"/><!-- ⲧⲉ...ⲥϩⲓⲙⲉ -->
<mark id="norm_group_887" xlink:href="#tok_887"/><!-- ⲉⲧⲉⲙⲛⲧⲥ -->
<mark id="norm_group_888" xlink:href="#tok_888"/><!-- ϩⲁⲓ -->
<mark id="norm_group_889" xlink:href="#tok_889"/><!-- ⲙⲛ -->
<mark id="norm_group_890" xlink:href="#xpointer(id('tok_890')/range-to(id('tok_891')))"/><!-- ⲧ...ⲡⲁⲣⲑⲉⲛⲟⲥ -->
<mark id="norm_group_892" xlink:href="#tok_892"/><!-- ϥⲓⲣⲟⲟⲩϣ -->
<mark id="norm_group_893" xlink:href="#xpointer(id('tok_893')/range-to(id('tok_894')))"/><!-- ⲉ...ⲛⲁ -->
<mark id="norm_group_895" xlink:href="#xpointer(id('tok_895')/range-to(id('tok_896')))"/><!-- ⲡ...ϫⲟⲉⲓⲥ -->
<mark id="norm_group_897" xlink:href="#tok_897"/><!-- ϫⲉⲕⲁⲁⲥ -->
<mark id="norm_group_898" xlink:href="#xpointer(id('tok_898')/range-to(id('tok_899')))"/><!-- ⲉⲥⲉ...ϣⲱⲡⲉ -->
<mark id="norm_group_900" xlink:href="#xpointer(id('tok_900')/range-to(id('tok_902')))"/><!-- ⲉ...ⲟⲩⲁⲁⲃ -->
<mark id="norm_group_903" xlink:href="#tok_903"/><!-- ϩⲙ -->
<mark id="norm_group_904" xlink:href="#xpointer(id('tok_904')/range-to(id('tok_905')))"/><!-- ⲡⲉⲥ...ⲥⲱⲙⲁ -->
<mark id="norm_group_906" xlink:href="#tok_906"/><!-- ⲙⲛ -->
<mark id="norm_group_907" xlink:href="#xpointer(id('tok_907')/range-to(id('tok_908')))"/><!-- ⲡⲉⲥ...ⲡⲛⲉⲩⲙⲁ -->
<mark id="norm_group_909" xlink:href="#tok_909"/><!-- ⲧⲉⲛⲧⲁⲥϫⲓϩⲁⲓ -->
<mark id="norm_group_910" xlink:href="#tok_910"/><!-- ⲇⲉ -->
<mark id="norm_group_911" xlink:href="#tok_911"/><!-- ϥⲓⲣⲟⲟⲩϣ -->
<mark id="norm_group_912" xlink:href="#xpointer(id('tok_912')/range-to(id('tok_913')))"/><!-- ⲉ...ⲛⲁ -->
<mark id="norm_group_914" xlink:href="#xpointer(id('tok_914')/range-to(id('tok_915')))"/><!-- ⲡ...ⲕⲟⲥⲙⲟⲥ -->
<mark id="norm_group_916" xlink:href="#tok_916"/><!-- ϫⲉ -->
<mark id="norm_group_917" xlink:href="#xpointer(id('tok_917')/range-to(id('tok_918')))"/><!-- ⲛ...ⲁϣ -->
<mark id="norm_group_919" xlink:href="#xpointer(id('tok_919')/range-to(id('tok_920')))"/><!-- ⲛ...ϩⲉ -->
<mark id="norm_group_921" xlink:href="#xpointer(id('tok_921')/range-to(id('tok_924')))"/><!-- ⲉ...ⲁⲣⲉⲥⲕⲉ -->
<mark id="norm_group_925" xlink:href="#xpointer(id('tok_925')/range-to(id('tok_927')))"/><!-- ⲙ...ϩⲁⲓ -->
<mark id="norm_group_928" xlink:href="#tok_928"/><!-- . -->
<mark id="norm_group_929" xlink:href="#xpointer(id('tok_929')/range-to(id('tok_931')))"/><!-- ⲉ...ϫⲱ -->
<mark id="norm_group_932" xlink:href="#tok_932"/><!-- ⲇⲉ -->
<mark id="norm_group_933" xlink:href="#xpointer(id('tok_933')/range-to(id('tok_934')))"/><!-- ⲙ...ⲡⲁⲓ -->
<mark id="norm_group_935" xlink:href="#xpointer(id('tok_935')/range-to(id('tok_937')))"/><!-- ⲉ...ⲛⲟϥⲣⲉ -->
<mark id="norm_group_938" xlink:href="#tok_938"/><!-- . -->
<mark id="norm_group_939" xlink:href="#tok_939"/><!-- ϫⲉⲕⲁⲁⲥ -->
<mark id="norm_group_940" xlink:href="#tok_940"/><!-- ⲁⲛ -->
<mark id="norm_group_941" xlink:href="#xpointer(id('tok_941')/range-to(id('tok_942')))"/><!-- ⲉⲓⲉ...ϯ -->
<mark id="norm_group_943" xlink:href="#tok_943"/><!-- ⲛⲟⲩⲉⲗⲱ -->
<mark id="norm_group_944" xlink:href="#xpointer(id('tok_944')/range-to(id('tok_945')))"/><!-- ⲉ...ϩⲏⲧ -->
<mark id="norm_group_946" xlink:href="#tok_946"/><!-- ⲧⲏⲩⲧⲛ -->
<mark id="norm_group_947" xlink:href="#tok_947"/><!-- ⲁⲗⲗⲁ -->
<mark id="norm_group_948" xlink:href="#tok_948"/><!-- ⲡⲣⲟⲥⲟⲩⲧⲥⲁⲛⲟ -->
<mark id="norm_group_949" xlink:href="#tok_949"/><!-- ⲙⲛⲧϭⲓⲛⲁϩⲉⲣⲁⲧⲕ -->
<mark id="norm_group_950" xlink:href="#xpointer(id('tok_950')/range-to(id('tok_952')))"/><!-- ⲉ...ϫⲟⲉⲓⲥ -->
<mark id="norm_group_953" xlink:href="#tok_953"/><!-- ⲕⲁⲗⲱⲥ -->
<mark id="norm_group_954" xlink:href="#tok_954"/><!-- ⲁϫⲛⲣⲟⲟⲩϣ -->
<mark id="norm_group_955" xlink:href="#tok_955"/><!-- ⲉϣϫⲉ -->
<mark id="norm_group_956" xlink:href="#tok_956"/><!-- ⲟⲩⲛ -->
<mark id="norm_group_957" xlink:href="#tok_957"/><!-- ⲟⲩⲁ -->
<mark id="norm_group_958" xlink:href="#tok_958"/><!-- ⲇⲉ -->
<mark id="norm_group_959" xlink:href="#tok_959"/><!-- ϫⲱ -->
<mark id="norm_group_960" xlink:href="#xpointer(id('tok_960')/range-to(id('tok_961')))"/><!-- ⲙⲙⲟ...ⲥ -->
<mark id="norm_group_962" xlink:href="#tok_962"/><!-- ϫⲉ -->
<mark id="norm_group_963" xlink:href="#tok_963"/><!-- ϥϣⲓⲡⲉ -->
<mark id="norm_group_964" xlink:href="#tok_964"/><!-- ⲉϫⲛ -->
<mark id="norm_group_965" xlink:href="#xpointer(id('tok_965')/range-to(id('tok_966')))"/><!-- ⲧⲉϥ...ϣⲉⲉⲣⲉ -->
<mark id="norm_group_967" xlink:href="#tok_967"/><!-- ⲉϣⲱⲡⲉ -->
<mark id="norm_group_968" xlink:href="#xpointer(id('tok_968')/range-to(id('tok_971')))"/><!-- ⲁ...ⲛⲟϭ -->
<mark id="norm_group_972" xlink:href="#tok_972"/><!-- ⲁⲩⲱ -->
<mark id="norm_group_973" xlink:href="#tok_973"/><!-- ⲧⲁⲓ -->
<mark id="norm_group_974" xlink:href="#tok_974"/><!-- ⲧⲉ -->
<mark id="norm_group_975" xlink:href="#xpointer(id('tok_975')/range-to(id('tok_976')))"/><!-- ⲧ...ϩⲉ -->
<mark id="norm_group_977" xlink:href="#xpointer(id('tok_977')/range-to(id('tok_978')))"/><!-- ⲉⲧ...ϣϣⲉ -->
<mark id="norm_group_979" xlink:href="#tok_979"/><!-- ⲉϣⲱⲡⲉ -->
<mark id="norm_group_980" xlink:href="#tok_980"/><!-- ⲡⲉⲧϥⲟⲩⲁϣϥ -->
<mark id="norm_group_981" xlink:href="#xpointer(id('tok_981')/range-to(id('tok_984')))"/><!-- ⲙⲁⲣⲉ...ϥ -->
<mark id="norm_group_985" xlink:href="#xpointer(id('tok_985')/range-to(id('tok_987')))"/><!-- ⲛ...ⲣⲛⲟⲃⲉ -->
<mark id="norm_group_988" xlink:href="#tok_988"/><!-- ⲁⲛ -->
<mark id="norm_group_989" xlink:href="#tok_989"/><!-- ⲙⲁⲣⲟⲩϫⲓ -->
<mark id="norm_group_990" xlink:href="#tok_990"/><!-- . -->
<mark id="norm_group_991" xlink:href="#xpointer(id('tok_991')/range-to(id('tok_995')))"/><!-- ⲡ...ⲁϩⲉ -->
<mark id="norm_group_996" xlink:href="#tok_996"/><!-- ⲇⲉ -->
<mark id="norm_group_997" xlink:href="#xpointer(id('tok_997')/range-to(id('tok_998')))"/><!-- ⲉⲣⲁⲧ...ϥ -->
<mark id="norm_group_999" xlink:href="#tok_999"/><!-- ϩⲙ -->
<mark id="norm_group_1000" xlink:href="#xpointer(id('tok_1000')/range-to(id('tok_1001')))"/><!-- ⲡⲉϥ...ϩⲏⲧ -->
<mark id="norm_group_1002" xlink:href="#xpointer(id('tok_1002')/range-to(id('tok_1004')))"/><!-- ⲉ...ⲧⲁϫⲣⲏⲩ -->
<mark id="norm_group_1005" xlink:href="#xpointer(id('tok_1005')/range-to(id('tok_1008')))"/><!-- ⲉ...ⲣ -->
<mark id="norm_group_1009" xlink:href="#xpointer(id('tok_1009')/range-to(id('tok_1010')))"/><!-- ⲉⲣⲟ...ϥ -->
<mark id="norm_group_1011" xlink:href="#tok_1011"/><!-- . -->
<mark id="norm_group_1012" xlink:href="#xpointer(id('tok_1012')/range-to(id('tok_1013')))"/><!-- ⲟⲩⲛⲧ...ϥ -->
<mark id="norm_group_1014" xlink:href="#tok_1014"/><!-- ⲉⲝⲟⲩⲥⲓⲁ -->
<mark id="norm_group_1015" xlink:href="#tok_1015"/><!-- ⲇⲉ -->
<mark id="norm_group_1016" xlink:href="#tok_1016"/><!-- ⲙⲙⲁⲩ -->
<mark id="norm_group_1017" xlink:href="#tok_1017"/><!-- ⲉⲧⲃⲉ -->
<mark id="norm_group_1018" xlink:href="#xpointer(id('tok_1018')/range-to(id('tok_1019')))"/><!-- ⲡⲉϥ...ⲟⲩⲱϣ -->
<mark id="norm_group_1020" xlink:href="#tok_1020"/><!-- ⲙⲙⲓⲛ -->
<mark id="norm_group_1021" xlink:href="#xpointer(id('tok_1021')/range-to(id('tok_1022')))"/><!-- ⲙⲙⲟ...ϥ -->
<mark id="norm_group_1023" xlink:href="#tok_1023"/><!-- . -->
<mark id="norm_group_1024" xlink:href="#tok_1024"/><!-- ⲁⲩⲱ -->
<mark id="norm_group_1025" xlink:href="#xpointer(id('tok_1025')/range-to(id('tok_1027')))"/><!-- ⲁ...ⲕⲣⲓⲛⲉ -->
<mark id="norm_group_1028" xlink:href="#xpointer(id('tok_1028')/range-to(id('tok_1029')))"/><!-- ⲙ...ⲡⲁⲓ -->
<mark id="norm_group_1030" xlink:href="#tok_1030"/><!-- ϩⲙ -->
<mark id="norm_group_1031" xlink:href="#xpointer(id('tok_1031')/range-to(id('tok_1032')))"/><!-- ⲡⲉϥ...ϩⲏⲧ -->
<mark id="norm_group_1033" xlink:href="#xpointer(id('tok_1033')/range-to(id('tok_1034')))"/><!-- ⲉ...ϩⲁⲣⲉϩ -->
<mark id="norm_group_1035" xlink:href="#xpointer(id('tok_1035')/range-to(id('tok_1037')))"/><!-- ⲉ...ϣⲉⲉⲣⲉ -->
<mark id="norm_group_1038" xlink:href="#tok_1038"/><!-- ⲕⲁⲗⲱⲥ -->
<mark id="norm_group_1039" xlink:href="#xpointer(id('tok_1039')/range-to(id('tok_1042')))"/><!-- ϥ...ⲥ -->
<mark id="norm_group_1043" xlink:href="#tok_1043"/><!-- . -->
<mark id="norm_group_1044" xlink:href="#tok_1044"/><!-- ϩⲱⲥⲧⲉ -->
<mark id="norm_group_1045" xlink:href="#xpointer(id('tok_1045')/range-to(id('tok_1048')))"/><!-- ⲡ...ϯ -->
<mark id="norm_group_1049" xlink:href="#xpointer(id('tok_1049')/range-to(id('tok_1050')))"/><!-- ⲧⲉϥ...ϣⲉⲉⲣⲉ -->
<mark id="norm_group_1051" xlink:href="#xpointer(id('tok_1051')/range-to(id('tok_1052')))"/><!-- ⲛ...ϩⲁⲓ -->
<mark id="norm_group_1053" xlink:href="#tok_1053"/><!-- ⲕⲁⲗⲱⲥ -->
<mark id="norm_group_1054" xlink:href="#xpointer(id('tok_1054')/range-to(id('tok_1057')))"/><!-- ϥ...ⲥ -->
<mark id="norm_group_1058" xlink:href="#tok_1058"/><!-- . -->
<mark id="norm_group_1059" xlink:href="#tok_1059"/><!-- ⲁⲩⲱ -->
<mark id="norm_group_1060" xlink:href="#tok_1060"/><!-- ⲡⲉⲧⲉⲛϥⲛⲁⲧⲁⲁⲥ -->
<mark id="norm_group_1061" xlink:href="#tok_1061"/><!-- ⲁⲛ -->
<mark id="norm_group_1062" xlink:href="#tok_1062"/><!-- ⲉϥⲛⲁⲣⲟⲩϩⲟⲩⲟ -->
<mark id="norm_group_1063" xlink:href="#tok_1063"/><!-- . -->
<mark id="norm_group_1064" xlink:href="#xpointer(id('tok_1064')/range-to(id('tok_1065')))"/><!-- ⲧⲉ...ⲥϩⲓⲙⲉ -->
<mark id="norm_group_1066" xlink:href="#tok_1066"/><!-- ⲙⲏⲣ -->
<mark id="norm_group_1067" xlink:href="#xpointer(id('tok_1067')/range-to(id('tok_1069')))"/><!-- ⲉ...ϩⲟⲥⲟⲛ -->
<mark id="norm_group_1070" xlink:href="#xpointer(id('tok_1070')/range-to(id('tok_1071')))"/><!-- ⲡⲉ...ⲩⲟⲉⲓϣ -->
<mark id="norm_group_1072" xlink:href="#xpointer(id('tok_1072')/range-to(id('tok_1073')))"/><!-- ⲡⲉⲥ...ϩⲁⲓ -->
<mark id="norm_group_1074" xlink:href="#tok_1074"/><!-- ⲟⲛϩ -->
<mark id="norm_group_1075" xlink:href="#tok_1075"/><!-- ⲉⲣϣⲁⲛ -->
<mark id="norm_group_1076" xlink:href="#xpointer(id('tok_1076')/range-to(id('tok_1077')))"/><!-- ⲡⲉⲥ...ϩⲁⲓ -->
<mark id="norm_group_1078" xlink:href="#tok_1078"/><!-- ⲇⲉ -->
<mark id="norm_group_1079" xlink:href="#tok_1079"/><!-- ⲙⲟⲩ -->
<mark id="norm_group_1080" xlink:href="#tok_1080"/><!-- ⲟⲩⲣⲙϩⲏ -->
<mark id="norm_group_1081" xlink:href="#tok_1081"/><!-- ⲧⲉ -->
<mark id="norm_group_1082" xlink:href="#xpointer(id('tok_1082')/range-to(id('tok_1083')))"/><!-- ⲉ...ϩⲙⲟⲟⲥ -->
<mark id="norm_group_1084" xlink:href="#tok_1084"/><!-- ⲙⲛ -->
<mark id="norm_group_1085" xlink:href="#tok_1085"/><!-- ⲡⲉⲧⲉϩⲛⲁⲥ -->
<mark id="norm_group_1086" xlink:href="#tok_1086"/><!-- ⲙⲟⲛⲟⲛ -->
<mark id="norm_group_1087" xlink:href="#tok_1087"/><!-- ϩⲙ -->
<mark id="norm_group_1088" xlink:href="#xpointer(id('tok_1088')/range-to(id('tok_1089')))"/><!-- ⲡ...ϫⲟⲉⲓⲥ -->
<mark id="norm_group_1090" xlink:href="#tok_1090"/><!-- . -->
<mark id="norm_group_1091" xlink:href="#xpointer(id('tok_1091')/range-to(id('tok_1092')))"/><!-- ⲛⲁⲓⲁⲧ...ⲥ -->
<mark id="norm_group_1093" xlink:href="#tok_1093"/><!-- ⲇⲉ -->
<mark id="norm_group_1094" xlink:href="#tok_1094"/><!-- ⲛϩⲟⲩⲟ -->
<mark id="norm_group_1095" xlink:href="#xpointer(id('tok_1095')/range-to(id('tok_1096')))"/><!-- ⲉⲥϣⲁⲛ...ϭⲱ -->
<mark id="norm_group_1097" xlink:href="#tok_1097"/><!-- ⲛⲧⲉⲉⲓϩⲉ -->
<mark id="norm_group_1098" xlink:href="#tok_1098"/><!-- ⲕⲁⲧⲁ -->
<mark id="norm_group_1099" xlink:href="#xpointer(id('tok_1099')/range-to(id('tok_1100')))"/><!-- ⲧⲁ...ⲅⲛⲱⲙⲏ -->
<mark id="norm_group_1101" xlink:href="#tok_1101"/><!-- . -->
<mark id="norm_group_1102" xlink:href="#xpointer(id('tok_1102')/range-to(id('tok_1103')))"/><!-- ϯ...ϫⲱ -->
<mark id="norm_group_1104" xlink:href="#tok_1104"/><!-- ⲅⲁⲣ -->
<mark id="norm_group_1105" xlink:href="#xpointer(id('tok_1105')/range-to(id('tok_1106')))"/><!-- ⲙⲙⲟ...ⲥ -->
<mark id="norm_group_1107" xlink:href="#tok_1107"/><!-- ϩⲱ -->
<mark id="norm_group_1108" xlink:href="#tok_1108"/><!-- ϫⲉ -->
<mark id="norm_group_1109" xlink:href="#xpointer(id('tok_1109')/range-to(id('tok_1110')))"/><!-- ⲟⲩⲛⲧⲁ...ⲓ -->
<mark id="norm_group_1111" xlink:href="#tok_1111"/><!-- ⲙⲙⲁⲩ -->
<mark id="norm_group_1112" xlink:href="#xpointer(id('tok_1112')/range-to(id('tok_1114')))"/><!-- ⲙ...ⲡⲛⲉⲩⲙⲁ -->
<mark id="norm_group_1115" xlink:href="#xpointer(id('tok_1115')/range-to(id('tok_1117')))"/><!-- ⲙ...ⲛⲟⲩⲧⲉ -->
<mark id="norm_group_1118" xlink:href="#tok_1118"/><!-- . -->
</markList>
</paula>
