<?xml version="1.0" encoding="UTF-8" standalone="no"?>

<!DOCTYPE paula SYSTEM "paula_feat.dtd">
<paula version="1.0">

<header paula_id="sahidica.nt.1_Peter_2_orig_group"/>

<featList xmlns:xlink="http://www.w3.org/1999/xlink" type="orig_group" xml:base="sahidica.nt.1_Peter_2.orig_groupSeg.xml">
<feat xlink:href="#orig_group_1" value="ⲉⲁⲧⲉⲧⲛⲕⲱ"/><!-- ⲉ...ⲕⲱ -->
<feat xlink:href="#orig_group_5" value="ϭⲉ"/><!-- ϭⲉ -->
<feat xlink:href="#orig_group_6" value="ⲉϩⲣⲁⲓ"/><!-- ⲉϩⲣⲁⲓ -->
<feat xlink:href="#orig_group_7" value="ⲛⲕⲁⲕⲓⲁ"/><!-- ⲛ...ⲕⲁⲕⲓⲁ -->
<feat xlink:href="#orig_group_9" value="ⲛⲓⲙ"/><!-- ⲛⲓⲙ -->
<feat xlink:href="#orig_group_10" value="ⲙⲛ"/><!-- ⲙⲛ -->
<feat xlink:href="#orig_group_11" value="ⲕⲣⲟϥ"/><!-- ⲕⲣⲟϥ -->
<feat xlink:href="#orig_group_12" value="ⲛⲓⲙ"/><!-- ⲛⲓⲙ -->
<feat xlink:href="#orig_group_13" value="ⲙⲛ"/><!-- ⲙⲛ -->
<feat xlink:href="#orig_group_14" value="ϩⲩⲡⲟⲕⲣⲏⲥⲓⲥ"/><!-- ϩⲩⲡⲟⲕⲣⲏⲥⲓⲥ -->
<feat xlink:href="#orig_group_15" value="ⲛⲓⲙ"/><!-- ⲛⲓⲙ -->
<feat xlink:href="#orig_group_16" value="ⲙⲛ"/><!-- ⲙⲛ -->
<feat xlink:href="#orig_group_17" value="ⲗⲁ"/><!-- ⲗⲁ -->
<feat xlink:href="#orig_group_18" value="ⲛⲓⲙ"/><!-- ⲛⲓⲙ -->
<feat xlink:href="#orig_group_19" value="ⲙⲛ"/><!-- ⲙⲛ -->
<feat xlink:href="#orig_group_20" value="ⲕⲁⲧⲁⲗⲁⲗⲓⲁ"/><!-- ⲕⲁⲧⲁⲗⲁⲗⲓⲁ -->
<feat xlink:href="#orig_group_21" value="ⲛⲓⲙ"/><!-- ⲛⲓⲙ -->
<feat xlink:href="#orig_group_22" value="ⲛⲧϩⲉ"/><!-- ⲛ...ϩⲉ -->
<feat xlink:href="#orig_group_25" value="ⲛϩⲉⲛϣⲏⲣⲉ"/><!-- ⲛ...ϣⲏⲣⲉ -->
<feat xlink:href="#orig_group_28" value="ϣⲏⲙ"/><!-- ϣⲏⲙ -->
<feat xlink:href="#orig_group_29" value="ⲉⲁⲩϫⲡⲟⲟⲩ"/><!-- ⲉ...ⲟⲩ -->
<feat xlink:href="#orig_group_34" value="ⲧⲉⲛⲟⲩ"/><!-- ⲧⲉⲛⲟⲩ -->
<feat xlink:href="#orig_group_35" value="ⲛⲧⲉⲧⲛⲙⲉⲣⲉ"/><!-- ⲛ...ⲙⲉⲣⲉ -->
<feat xlink:href="#orig_group_38" value="ⲡⲉⲣⲱⲧⲉ"/><!-- ⲡ...ⲉⲣⲱⲧⲉ -->
<feat xlink:href="#orig_group_40" value="ⲉⲧⲟⲩⲁⲁⲃ"/><!-- ⲉⲧ...ⲟⲩⲁⲁⲃ -->
<feat xlink:href="#orig_group_42" value="ⲛⲗⲟⲅⲓⲕⲟⲛ"/><!-- ⲛⲗⲟⲅⲓⲕⲟⲛ -->
<feat xlink:href="#orig_group_43" value="ⲉⲧⲉ"/><!-- ⲉⲧⲉ -->
<feat xlink:href="#orig_group_44" value="ⲙⲛ"/><!-- ⲙⲛ -->
<feat xlink:href="#orig_group_45" value="ⲕⲣⲟϥ"/><!-- ⲕⲣⲟϥ -->
<feat xlink:href="#orig_group_46" value="ⲛϩⲏⲧϥ"/><!-- ⲛϩⲏⲧ...ϥ -->
<feat xlink:href="#orig_group_48" value="ϫⲉⲕⲁⲁⲥ"/><!-- ϫⲉⲕⲁⲁⲥ -->
<feat xlink:href="#orig_group_49" value="ⲉⲧⲉⲧⲛⲛⲁⲓⲁⲓ"/><!-- ⲉⲧⲉⲧⲛⲛⲁⲓⲁⲓ -->
<feat xlink:href="#orig_group_50" value="ϩⲣⲁⲓ"/><!-- ϩⲣⲁⲓ -->
<feat xlink:href="#orig_group_51" value="ⲛϩⲏⲧϥ"/><!-- ⲛϩⲏⲧ...ϥ -->
<feat xlink:href="#orig_group_53" value="ⲉⲩⲟⲩϫⲁⲓ"/><!-- ⲉ...ⲟⲩϫⲁⲓ -->
<feat xlink:href="#orig_group_56" value="."/><!-- . -->
<feat xlink:href="#orig_group_57" value="ⲉϣϫⲉ"/><!-- ⲉϣϫⲉ -->
<feat xlink:href="#orig_group_58" value="ⲁⲧⲉⲧⲛϫⲓ"/><!-- ⲁ...ϫⲓ -->
<feat xlink:href="#orig_group_61" value="ϯⲡⲉ"/><!-- ϯⲡⲉ -->
<feat xlink:href="#orig_group_62" value="ϫⲉ"/><!-- ϫⲉ -->
<feat xlink:href="#orig_group_63" value="ⲟⲩⲭⲣⲏⲥⲧⲟⲥ"/><!-- ⲟⲩ...ⲭⲣⲏⲥⲧⲟⲥ -->
<feat xlink:href="#orig_group_65" value="ⲡⲉ"/><!-- ⲡⲉ -->
<feat xlink:href="#orig_group_66" value="ⲡϫⲟⲉⲓⲥ"/><!-- ⲡ...ϫⲟⲉⲓⲥ -->
<feat xlink:href="#orig_group_68" value="ⲡⲁⲓ"/><!-- ⲡⲁⲓ -->
<feat xlink:href="#orig_group_69" value="ⲉⲧⲉⲧⲛϯ"/><!-- ⲉ...ϯ -->
<feat xlink:href="#orig_group_72" value="ⲙⲡⲉⲧⲛⲟⲩⲟⲓ"/><!-- ⲙ...ⲟⲩⲟⲓ -->
<feat xlink:href="#orig_group_75" value="ⲉϩⲟⲩⲛ"/><!-- ⲉϩⲟⲩⲛ -->
<feat xlink:href="#orig_group_76" value="ⲉⲣⲟϥ"/><!-- ⲉⲣⲟ...ϥ -->
<feat xlink:href="#orig_group_78" value="ⲡⲱⲛⲉ"/><!-- ⲡ...ⲱⲛⲉ -->
<feat xlink:href="#orig_group_80" value="ⲉⲧⲟⲛϩ"/><!-- ⲉⲧ...ⲟⲛϩ -->
<feat xlink:href="#orig_group_82" value="ⲉⲁⲩⲧⲥⲧⲟϥ"/><!-- ⲉ...ϥ -->
<feat xlink:href="#orig_group_87" value="ⲙⲉ"/><!-- ⲙⲉ -->
<feat xlink:href="#orig_group_88" value="ⲉⲃⲟⲗ"/><!-- ⲉⲃⲟⲗ -->
<feat xlink:href="#orig_group_89" value="ϩⲓⲧⲟⲟⲧⲟⲩ"/><!-- ϩⲓⲧⲟⲟⲧ...ⲟⲩ -->
<feat xlink:href="#orig_group_91" value="ⲛⲛⲉⲣⲱⲙⲉ"/><!-- ⲛⲛⲉⲣⲱⲙⲉ -->
<feat xlink:href="#orig_group_92" value="ⲛⲁϩⲣⲙ"/><!-- ⲛⲁϩⲣⲙ -->
<feat xlink:href="#orig_group_93" value="ⲡⲛⲟⲩⲧⲉ"/><!-- ⲡ...ⲛⲟⲩⲧⲉ -->
<feat xlink:href="#orig_group_95" value="ⲇⲉ"/><!-- ⲇⲉ -->
<feat xlink:href="#orig_group_96" value="ⲉϥⲥⲟⲧⲡ"/><!-- ⲉ...ⲥⲟⲧⲡ -->
<feat xlink:href="#orig_group_99" value="ⲁⲩⲱ"/><!-- ⲁⲩⲱ -->
<feat xlink:href="#orig_group_100" value="ⲉϥⲧⲁⲓⲏⲩ"/><!-- ⲉ...ⲧⲁⲓⲏⲩ -->
<feat xlink:href="#orig_group_103" value="."/><!-- . -->
<feat xlink:href="#orig_group_104" value="ⲛⲧⲱⲧⲛ"/><!-- ⲛⲧⲱⲧⲛ -->
<feat xlink:href="#orig_group_105" value="ϩⲱⲧ"/><!-- ϩⲱⲧ -->
<feat xlink:href="#orig_group_106" value="ⲧⲏⲩⲧⲛ"/><!-- ⲧⲏⲩⲧⲛ -->
<feat xlink:href="#orig_group_107" value="ⲕⲱⲧ"/><!-- ⲕⲱⲧ -->
<feat xlink:href="#orig_group_108" value="ⲙⲙⲱⲧⲛ"/><!-- ⲙⲙⲱ...ⲧⲛ -->
<feat xlink:href="#orig_group_110" value="ϩⲱⲥ"/><!-- ϩⲱⲥ -->
<feat xlink:href="#orig_group_111" value="ⲱⲛⲉ"/><!-- ⲱⲛⲉ -->
<feat xlink:href="#orig_group_112" value="ⲉϥⲟⲛϩ"/><!-- ⲉ...ⲟⲛϩ -->
<feat xlink:href="#orig_group_115" value="ⲛⲟⲩⲏⲓ"/><!-- ⲛ...ⲏⲓ -->
<feat xlink:href="#orig_group_118" value="ⲙⲡⲛⲉⲩⲙⲁⲧⲓⲕⲟⲛ"/><!-- ⲙ...ⲡⲛⲉⲩⲙⲁⲧⲓⲕⲟⲛ -->
<feat xlink:href="#orig_group_120" value="ⲉⲩϣⲙϣⲉ"/><!-- ⲉ...ϣⲙϣⲉ -->
<feat xlink:href="#orig_group_123" value="ⲉϥⲟⲩⲁⲁⲃ"/><!-- ⲉ...ⲟⲩⲁⲁⲃ -->
<feat xlink:href="#orig_group_126" value="ⲉⲧⲁⲗⲟ"/><!-- ⲉ...ⲧⲁⲗⲟ -->
<feat xlink:href="#orig_group_128" value="ⲉϩⲣⲁⲓ"/><!-- ⲉϩⲣⲁⲓ -->
<feat xlink:href="#orig_group_129" value="ⲛϩⲉⲛⲑⲩⲥⲓⲁ"/><!-- ⲛ...ⲑⲩⲥⲓⲁ -->
<feat xlink:href="#orig_group_132" value="ⲙⲡⲛⲉⲩⲙⲁⲧⲓⲕⲟⲛ"/><!-- ⲙ...ⲡⲛⲉⲩⲙⲁⲧⲓⲕⲟⲛ -->
<feat xlink:href="#orig_group_134" value="ⲉⲩϣⲏⲡ"/><!-- ⲉ...ϣⲏⲡ -->
<feat xlink:href="#orig_group_137" value="ⲙⲡⲛⲟⲩⲧⲉ"/><!-- ⲙ...ⲛⲟⲩⲧⲉ -->
<feat xlink:href="#orig_group_140" value="ϩⲓⲧⲛ"/><!-- ϩⲓⲧⲛ -->
<feat xlink:href="#orig_group_141" value="ⲓⲏⲥⲟⲩⲥ"/><!-- ⲓⲏⲥⲟⲩⲥ -->
<feat xlink:href="#orig_group_142" value="ⲡⲉⲭⲣⲓⲥⲧⲟⲥ"/><!-- ⲡⲉ...ⲭⲣⲓⲥⲧⲟⲥ -->
<feat xlink:href="#orig_group_144" value="ϫⲉ"/><!-- ϫⲉ -->
<feat xlink:href="#orig_group_145" value="ϥⲥⲏϩ"/><!-- ϥ...ⲥⲏϩ -->
<feat xlink:href="#orig_group_147" value="ϩⲛ"/><!-- ϩⲛ -->
<feat xlink:href="#orig_group_148" value="ⲧⲉⲅⲣⲁⲫⲏ"/><!-- ⲧⲉ...ⲅⲣⲁⲫⲏ -->
<feat xlink:href="#orig_group_150" value="ϫⲉ"/><!-- ϫⲉ -->
<feat xlink:href="#orig_group_151" value="ⲉⲓⲥ"/><!-- ⲉⲓⲥ -->
<feat xlink:href="#orig_group_152" value="ϩⲏⲏⲧⲉ"/><!-- ϩⲏⲏⲧⲉ -->
<feat xlink:href="#orig_group_153" value="ϯⲛⲁⲕⲱ"/><!-- ϯ...ⲕⲱ -->
<feat xlink:href="#orig_group_156" value="ϩⲛ"/><!-- ϩⲛ -->
<feat xlink:href="#orig_group_157" value="ⲥⲓⲱⲛ"/><!-- ⲥⲓⲱⲛ -->
<feat xlink:href="#orig_group_158" value="ⲛⲟⲩⲱⲛⲉ"/><!-- ⲛ...ⲱⲛⲉ -->
<feat xlink:href="#orig_group_161" value="ⲛⲕⲟⲟϩ"/><!-- ⲛ...ⲕⲟⲟϩ -->
<feat xlink:href="#orig_group_163" value="ⲛⲥⲱⲡⲧ"/><!-- ⲛⲥⲱⲡⲧ -->
<feat xlink:href="#orig_group_164" value="ⲉϥⲧⲁⲓⲏⲩ"/><!-- ⲉ...ⲧⲁⲓⲏⲩ -->
<feat xlink:href="#orig_group_167" value="ⲁⲩⲱ"/><!-- ⲁⲩⲱ -->
<feat xlink:href="#orig_group_168" value="ⲡⲉⲧⲛⲁⲡⲓⲥⲧⲉⲩⲉ"/><!-- ⲡ...ⲡⲓⲥⲧⲉⲩⲉ -->
<feat xlink:href="#orig_group_172" value="ⲉⲣⲟϥ"/><!-- ⲉⲣⲟ...ϥ -->
<feat xlink:href="#orig_group_174" value="ⲛϥⲛⲁϫⲓ"/><!-- ⲛϥⲛⲁϫⲓ -->
<feat xlink:href="#orig_group_175" value="ϣⲓⲡⲉ"/><!-- ϣⲓⲡⲉ -->
<feat xlink:href="#orig_group_176" value="ⲁⲛ"/><!-- ⲁⲛ -->
<feat xlink:href="#orig_group_177" value="ⲉⲣⲉ"/><!-- ⲉⲣⲉ -->
<feat xlink:href="#orig_group_178" value="ⲡⲧⲁⲉⲓⲟ"/><!-- ⲡ...ⲧⲁⲉⲓⲟ -->
<feat xlink:href="#orig_group_180" value="ϭⲉ"/><!-- ϭⲉ -->
<feat xlink:href="#orig_group_181" value="ϣⲟⲟⲡ"/><!-- ϣⲟⲟⲡ -->
<feat xlink:href="#orig_group_182" value="ⲛⲏⲧⲛ"/><!-- ⲛⲏ...ⲧⲛ -->
<feat xlink:href="#orig_group_184" value="ⲛⲉⲧⲡⲓⲥⲧⲉⲩⲉ"/><!-- ⲛ...ⲡⲓⲥⲧⲉⲩⲉ -->
<feat xlink:href="#orig_group_187" value="ⲛⲉⲧⲟ"/><!-- ⲛ...ⲟ -->
<feat xlink:href="#orig_group_190" value="ⲇⲉ"/><!-- ⲇⲉ -->
<feat xlink:href="#orig_group_191" value="ⲛⲁⲧⲛⲁϩⲧⲉ"/><!-- ⲛ...ⲁⲧⲛⲁϩⲧⲉ -->
<feat xlink:href="#orig_group_193" value="ⲉⲡⲱⲛⲉ"/><!-- ⲉ...ⲱⲛⲉ -->
<feat xlink:href="#orig_group_196" value="ⲛⲧⲁⲩⲥⲧⲟϥ"/><!-- ⲛⲧ...ϥ -->
<feat xlink:href="#orig_group_201" value="ⲉⲃⲟⲗ"/><!-- ⲉⲃⲟⲗ -->
<feat xlink:href="#orig_group_202" value="ⲛϭⲓ"/><!-- ⲛϭⲓ -->
<feat xlink:href="#orig_group_203" value="ⲛⲛⲉⲧⲕⲱⲧ"/><!-- ⲛ...ⲕⲱⲧ -->
<feat xlink:href="#orig_group_207" value="ⲡⲁⲓ"/><!-- ⲡⲁⲓ -->
<feat xlink:href="#orig_group_208" value="ⲁϥϣⲱⲡⲉ"/><!-- ⲁ...ϣⲱⲡⲉ -->
<feat xlink:href="#orig_group_211" value="ⲉⲉⲩⲁⲡⲉ"/><!-- ⲉⲉⲩⲁⲡⲉ -->
<feat xlink:href="#orig_group_212" value="ⲛⲕⲟⲟϩ"/><!-- ⲛ...ⲕⲟⲟϩ -->
<feat xlink:href="#orig_group_214" value="ⲁⲩⲱ"/><!-- ⲁⲩⲱ -->
<feat xlink:href="#orig_group_215" value="ⲟⲩⲱⲛⲉ"/><!-- ⲟⲩ...ⲱⲛⲉ -->
<feat xlink:href="#orig_group_217" value="ⲛϫⲣⲟⲡ"/><!-- ⲛ...ϫⲣⲟⲡ -->
<feat xlink:href="#orig_group_219" value="ⲙⲛ"/><!-- ⲙⲛ -->
<feat xlink:href="#orig_group_220" value="ⲟⲩⲡⲉⲧⲣⲁ"/><!-- ⲟⲩⲡⲉⲧⲣⲁ -->
<feat xlink:href="#orig_group_221" value="ⲛⲥⲕⲁⲛⲇⲁⲗⲟⲛ"/><!-- ⲛ...ⲥⲕⲁⲛⲇⲁⲗⲟⲛ -->
<feat xlink:href="#orig_group_223" value="ⲛⲛⲁⲓ"/><!-- ⲛ...ⲛⲁⲓ -->
<feat xlink:href="#orig_group_225" value="ⲉⲧϫⲓ"/><!-- ⲉⲧ...ϫⲓ -->
<feat xlink:href="#orig_group_227" value="ϫⲣⲟⲡ"/><!-- ϫⲣⲟⲡ -->
<feat xlink:href="#orig_group_228" value="ⲉⲡϣⲁϫⲉ"/><!-- ⲉ...ϣⲁϫⲉ -->
<feat xlink:href="#orig_group_231" value="ⲉⲩⲟ"/><!-- ⲉ...ⲟ -->
<feat xlink:href="#orig_group_234" value="ⲛⲛⲁⲧⲛⲁϩⲧⲉ"/><!-- ⲛ...ⲁⲧⲛⲁϩⲧⲉ -->
<feat xlink:href="#orig_group_237" value="ⲉⲁⲩⲕⲁⲁⲩ"/><!-- ⲉ...ⲩ -->
<feat xlink:href="#orig_group_242" value="ⲉⲡⲁⲓ"/><!-- ⲉ...ⲡⲁⲓ -->
<feat xlink:href="#orig_group_244" value="."/><!-- . -->
<feat xlink:href="#orig_group_245" value="ⲛⲧⲱⲧⲛ"/><!-- ⲛⲧⲱⲧⲛ -->
<feat xlink:href="#orig_group_246" value="ⲇⲉ"/><!-- ⲇⲉ -->
<feat xlink:href="#orig_group_247" value="ⲛⲧⲉⲧⲛ"/><!-- ⲛⲧⲉⲧⲛ -->
<feat xlink:href="#orig_group_248" value="ⲟⲩⲅⲉⲛⲟⲥ"/><!-- ⲟⲩ...ⲅⲉⲛⲟⲥ -->
<feat xlink:href="#orig_group_250" value="ⲉϥⲥⲟⲧⲡ"/><!-- ⲉ...ⲥⲟⲧⲡ -->
<feat xlink:href="#orig_group_253" value="ⲟⲩⲙⲛⲧⲣⲣⲟ"/><!-- ⲟⲩ...ⲙⲛⲧⲣⲣⲟ -->
<feat xlink:href="#orig_group_255" value="ⲟⲩⲙⲛⲧⲟⲩⲏⲏⲃ"/><!-- ⲟⲩ...ⲙⲛⲧⲟⲩⲏⲏⲃ -->
<feat xlink:href="#orig_group_257" value="ⲟⲩϩⲉⲑⲛⲟⲥ"/><!-- ⲟⲩ...ϩⲉⲑⲛⲟⲥ -->
<feat xlink:href="#orig_group_259" value="ⲉϥⲟⲩⲁⲁⲃ"/><!-- ⲉ...ⲟⲩⲁⲁⲃ -->
<feat xlink:href="#orig_group_262" value="ⲟⲩⲗⲁⲟⲥ"/><!-- ⲟⲩ...ⲗⲁⲟⲥ -->
<feat xlink:href="#orig_group_264" value="ⲉⲡⲱⲛϩ"/><!-- ⲉ...ⲱⲛϩ -->
<feat xlink:href="#orig_group_267" value="ϫⲉⲕⲁⲁⲥ"/><!-- ϫⲉⲕⲁⲁⲥ -->
<feat xlink:href="#orig_group_268" value="ⲉⲧⲉⲧⲛϫⲱ"/><!-- ⲉ...ϫⲱ -->
<feat xlink:href="#orig_group_271" value="ⲛⲛⲛⲉϣⲡⲏⲣⲉ"/><!-- ⲛⲛⲛⲉϣⲡⲏⲣⲉ -->
<feat xlink:href="#orig_group_272" value="ⲙⲡⲉⲛⲧⲁϥⲧⲉϩⲙ"/><!-- ⲙⲡⲉⲛⲧⲁϥⲧⲉϩⲙ -->
<feat xlink:href="#orig_group_273" value="ⲧⲏⲩⲧⲛ"/><!-- ⲧⲏⲩⲧⲛ -->
<feat xlink:href="#orig_group_274" value="ⲉⲃⲟⲗ"/><!-- ⲉⲃⲟⲗ -->
<feat xlink:href="#orig_group_275" value="ϩⲙ"/><!-- ϩⲙ -->
<feat xlink:href="#orig_group_276" value="ⲡⲕⲁⲕⲉ"/><!-- ⲡ...ⲕⲁⲕⲉ -->
<feat xlink:href="#orig_group_278" value="ⲉⲡⲉϥⲟⲩⲟⲉⲓⲛ"/><!-- ⲉ...ⲟⲩⲟⲉⲓⲛ -->
<feat xlink:href="#orig_group_281" value="ⲛϣⲡⲏⲣⲉ"/><!-- ⲛ...ϣⲡⲏⲣⲉ -->
<feat xlink:href="#orig_group_283" value="ⲛⲁⲓ"/><!-- ⲛⲁⲓ -->
<feat xlink:href="#orig_group_284" value="ⲛⲧⲉⲧⲛ"/><!-- ⲛⲧⲉⲧⲛ -->
<feat xlink:href="#orig_group_285" value="ⲡⲗⲁⲟⲥ"/><!-- ⲡ...ⲗⲁⲟⲥ -->
<feat xlink:href="#orig_group_287" value="ⲙⲡⲉⲓⲟⲩⲟⲉⲓϣ"/><!-- ⲙ...ⲟⲩⲟⲉⲓϣ -->
<feat xlink:href="#orig_group_290" value="ⲧⲉⲛⲟⲩ"/><!-- ⲧⲉⲛⲟⲩ -->
<feat xlink:href="#orig_group_291" value="ⲇⲉ"/><!-- ⲇⲉ -->
<feat xlink:href="#orig_group_292" value="ⲛⲧⲉⲧⲛ"/><!-- ⲛⲧⲉⲧⲛ -->
<feat xlink:href="#orig_group_293" value="ⲡⲗⲁⲟⲥ"/><!-- ⲡ...ⲗⲁⲟⲥ -->
<feat xlink:href="#orig_group_295" value="ⲙⲡⲛⲟⲩⲧⲉ"/><!-- ⲙ...ⲛⲟⲩⲧⲉ -->
<feat xlink:href="#orig_group_298" value="ⲛⲉⲧⲉ"/><!-- ⲛⲉⲧⲉ -->
<feat xlink:href="#orig_group_299" value="ⲙⲡⲟⲩⲛⲁ"/><!-- ⲙⲡ...ⲛⲁ -->
<feat xlink:href="#orig_group_302" value="ⲛⲁⲩ"/><!-- ⲛⲁ...ⲩ -->
<feat xlink:href="#orig_group_304" value="ⲧⲉⲛⲟⲩ"/><!-- ⲧⲉⲛⲟⲩ -->
<feat xlink:href="#orig_group_305" value="ⲇⲉ"/><!-- ⲇⲉ -->
<feat xlink:href="#orig_group_306" value="ⲁⲩⲛⲁ"/><!-- ⲁ...ⲛⲁ -->
<feat xlink:href="#orig_group_309" value="ⲛⲏⲧⲛ"/><!-- ⲛⲏ...ⲧⲛ -->
<feat xlink:href="#orig_group_311" value="ⲛⲁⲙⲉⲣⲁⲧⲉ"/><!-- ⲛⲁ...ⲙⲉⲣⲁⲧⲉ -->
<feat xlink:href="#orig_group_313" value="ϯⲡⲁⲣⲁⲕⲁⲗⲉⲓ"/><!-- ϯ...ⲡⲁⲣⲁⲕⲁⲗⲉⲓ -->
<feat xlink:href="#orig_group_315" value="ⲙⲙⲱⲧⲛ"/><!-- ⲙⲙⲱ...ⲧⲛ -->
<feat xlink:href="#orig_group_317" value="ϩⲱⲥ"/><!-- ϩⲱⲥ -->
<feat xlink:href="#orig_group_318" value="ϣⲙⲙⲟ"/><!-- ϣⲙⲙⲟ -->
<feat xlink:href="#orig_group_319" value="ⲁⲩⲱ"/><!-- ⲁⲩⲱ -->
<feat xlink:href="#orig_group_320" value="ϩⲱⲥ"/><!-- ϩⲱⲥ -->
<feat xlink:href="#orig_group_321" value="ⲣⲙⲛϭⲟⲓⲗⲉ"/><!-- ⲣⲙⲛϭⲟⲓⲗⲉ -->
<feat xlink:href="#orig_group_322" value="ⲉⲧⲣⲉⲧⲥⲁϩⲉ"/><!-- ⲉⲧⲣⲉⲧⲥⲁϩⲉ -->
<feat xlink:href="#orig_group_323" value="ⲧⲏⲩⲧⲛ"/><!-- ⲧⲏⲩⲧⲛ -->
<feat xlink:href="#orig_group_324" value="ⲉⲃⲟⲗ"/><!-- ⲉⲃⲟⲗ -->
<feat xlink:href="#orig_group_325" value="ⲛⲛⲉⲡⲓⲑⲩⲙⲓⲁ"/><!-- ⲛ...ⲉⲡⲓⲑⲩⲙⲓⲁ -->
<feat xlink:href="#orig_group_328" value="ⲛⲥⲁⲣⲕⲓⲕⲟⲛ"/><!-- ⲛ...ⲥⲁⲣⲕⲓⲕⲟⲛ -->
<feat xlink:href="#orig_group_330" value="ⲛⲁⲓ"/><!-- ⲛⲁⲓ -->
<feat xlink:href="#orig_group_331" value="ⲉϯ"/><!-- ⲉ...ϯ -->
<feat xlink:href="#orig_group_333" value="ⲟⲩⲃⲉ"/><!-- ⲟⲩⲃⲉ -->
<feat xlink:href="#orig_group_334" value="ⲧⲉⲯⲩⲭⲏ"/><!-- ⲧⲉ...ⲯⲩⲭⲏ -->
<feat xlink:href="#orig_group_336" value="ⲉⲩⲛⲧⲉⲧⲛ"/><!-- ⲉⲩⲛⲧⲉⲧⲛ -->
<feat xlink:href="#orig_group_337" value="ⲙⲙⲁⲩ"/><!-- ⲙⲙⲁⲩ -->
<feat xlink:href="#orig_group_338" value="ⲛⲧⲉⲧⲛⲁⲛⲁⲥⲧⲣⲟⲫⲏ"/><!-- ⲛ...ⲁⲛⲁⲥⲧⲣⲟⲫⲏ -->
<feat xlink:href="#orig_group_341" value="ⲉⲧⲛⲁⲛⲟⲩⲥ"/><!-- ⲉⲧⲛⲁⲛⲟⲩⲥ -->
<feat xlink:href="#orig_group_342" value="ϩⲛ"/><!-- ϩⲛ -->
<feat xlink:href="#orig_group_343" value="ⲛϩⲉⲑⲛⲟⲥ"/><!-- ⲛ...ϩⲉⲑⲛⲟⲥ -->
<feat xlink:href="#orig_group_345" value="ϫⲉⲕⲁⲁⲥ"/><!-- ϫⲉⲕⲁⲁⲥ -->
<feat xlink:href="#orig_group_346" value="ϩⲙ"/><!-- ϩⲙ -->
<feat xlink:href="#orig_group_347" value="ⲡⲉⲧⲟⲩⲕⲁⲧⲁⲗⲁⲗⲓⲁ"/><!-- ⲡⲉⲧⲟⲩⲕⲁⲧⲁⲗⲁⲗⲓⲁ -->
<feat xlink:href="#orig_group_348" value="ⲙⲙⲱⲧⲛ"/><!-- ⲙⲙⲱ...ⲧⲛ -->
<feat xlink:href="#orig_group_350" value="ⲛϩⲏⲧϥ"/><!-- ⲛϩⲏⲧ...ϥ -->
<feat xlink:href="#orig_group_352" value="ϩⲱⲥ"/><!-- ϩⲱⲥ -->
<feat xlink:href="#orig_group_353" value="ⲣⲉϥⲣ"/><!-- ⲣⲉϥⲣ -->
<feat xlink:href="#orig_group_354" value="ⲡⲉⲑⲟⲟⲩ"/><!-- ⲡ...ϩⲟⲟⲩ -->
<feat xlink:href="#orig_group_357" value="ⲉⲩⲉⲛⲁⲩ"/><!-- ⲉⲩⲉ...ⲛⲁⲩ -->
<feat xlink:href="#orig_group_359" value="ⲉⲃⲟⲗ"/><!-- ⲉⲃⲟⲗ -->
<feat xlink:href="#orig_group_360" value="ϩⲛ"/><!-- ϩⲛ -->
<feat xlink:href="#orig_group_361" value="ⲛⲉⲧⲛϩⲉⲃⲏⲩⲉ"/><!-- ⲛⲉⲧⲛϩⲉⲃⲏⲩⲉ -->
<feat xlink:href="#orig_group_362" value="ⲉⲧⲛⲁⲛⲟⲩⲟⲩ"/><!-- ⲉⲧⲛⲁⲛⲟⲩⲟⲩ -->
<feat xlink:href="#orig_group_363" value="ⲛⲥⲉϯ"/><!-- ⲛⲥⲉϯ -->
<feat xlink:href="#orig_group_364" value="ⲉⲟⲟⲩ"/><!-- ⲉⲟⲟⲩ -->
<feat xlink:href="#orig_group_365" value="ⲙⲡⲛⲟⲩⲧⲉ"/><!-- ⲙ...ⲛⲟⲩⲧⲉ -->
<feat xlink:href="#orig_group_368" value="ϩⲙ"/><!-- ϩⲙ -->
<feat xlink:href="#orig_group_369" value="ⲡⲉϩⲟⲟⲩ"/><!-- ⲡⲉ...ϩⲟⲟⲩ -->
<feat xlink:href="#orig_group_371" value="ⲙⲡϭⲙ"/><!-- ⲙⲡϭⲙ -->
<feat xlink:href="#orig_group_372" value="ⲡϣⲓⲛⲉ"/><!-- ⲡ...ϣⲓⲛⲉ -->
<feat xlink:href="#orig_group_374" value="ⲑⲃⲃⲓⲉ"/><!-- ⲑⲃⲃⲓⲉ -->
<feat xlink:href="#orig_group_375" value="ⲧⲏⲩⲧⲛ"/><!-- ⲧⲏⲩⲧⲛ -->
<feat xlink:href="#orig_group_376" value="ⲛⲥⲱⲛⲧ"/><!-- ⲛⲥⲱⲛⲧ -->
<feat xlink:href="#orig_group_377" value="ⲛⲓⲙ"/><!-- ⲛⲓⲙ -->
<feat xlink:href="#orig_group_378" value="ⲛⲣⲱⲙⲉ"/><!-- ⲛ...ⲣⲱⲙⲉ -->
<feat xlink:href="#orig_group_380" value="ⲉⲧⲃⲉ"/><!-- ⲉⲧⲃⲉ -->
<feat xlink:href="#orig_group_381" value="ⲡϫⲟⲉⲓⲥ"/><!-- ⲡ...ϫⲟⲉⲓⲥ -->
<feat xlink:href="#orig_group_383" value="ⲉⲓⲧⲉ"/><!-- ⲉⲓⲧⲉ -->
<feat xlink:href="#orig_group_384" value="ⲟⲩⲣⲣⲟ"/><!-- ⲟⲩ...ⲣⲣⲟ -->
<feat xlink:href="#orig_group_386" value="ϩⲱⲥ"/><!-- ϩⲱⲥ -->
<feat xlink:href="#orig_group_387" value="ⲉϥϫⲟⲥⲉ"/><!-- ⲉ...ϫⲟⲥⲉ -->
<feat xlink:href="#orig_group_390" value="ⲉⲓⲧⲉ"/><!-- ⲉⲓⲧⲉ -->
<feat xlink:href="#orig_group_391" value="ϩⲩⲅⲉⲙⲱⲛ"/><!-- ϩⲩⲅⲉⲙⲱⲛ -->
<feat xlink:href="#orig_group_392" value="ϩⲱⲥ"/><!-- ϩⲱⲥ -->
<feat xlink:href="#orig_group_393" value="ⲉⲩⲧⲛⲛⲟⲟⲩ"/><!-- ⲉ...ⲧⲛⲛⲟⲟⲩ -->
<feat xlink:href="#orig_group_396" value="ⲙⲙⲟⲟⲩ"/><!-- ⲙⲙⲟ...ⲟⲩ -->
<feat xlink:href="#orig_group_398" value="ⲉⲃⲟⲗ"/><!-- ⲉⲃⲟⲗ -->
<feat xlink:href="#orig_group_399" value="ϩⲓⲧⲟⲟⲧϥ"/><!-- ϩⲓⲧⲟⲟⲧ...ϥ -->
<feat xlink:href="#orig_group_401" value="ⲉⲧϫⲓ"/><!-- ⲉⲧ...ϫⲓ -->
<feat xlink:href="#orig_group_403" value="ⲕⲃⲁ"/><!-- ⲕⲃⲁ -->
<feat xlink:href="#orig_group_404" value="ⲛⲛⲉⲧⲉⲓⲣⲉ"/><!-- ⲛ...ⲉⲓⲣⲉ -->
<feat xlink:href="#orig_group_408" value="ⲙⲡⲉⲑⲟⲟⲩ"/><!-- ⲙ...ϩⲟⲟⲩ -->
<feat xlink:href="#orig_group_412" value="ⲉⲡⲧⲁⲓⲟ"/><!-- ⲉⲡⲧⲁⲓⲟ -->
<feat xlink:href="#orig_group_413" value="ⲇⲉ"/><!-- ⲇⲉ -->
<feat xlink:href="#orig_group_414" value="ⲛⲛⲣⲉϥⲣⲡ"/><!-- ⲛⲛⲣⲉϥⲣⲡ -->
<feat xlink:href="#orig_group_415" value="ⲡⲉⲧⲛⲁⲛⲟⲩϥ"/><!-- ⲡⲉⲧⲛⲁⲛⲟⲩϥ -->
<feat xlink:href="#orig_group_416" value="ϫⲉ"/><!-- ϫⲉ -->
<feat xlink:href="#orig_group_417" value="ⲧⲁⲓ"/><!-- ⲧⲁⲓ -->
<feat xlink:href="#orig_group_418" value="ⲧⲉ"/><!-- ⲧⲉ -->
<feat xlink:href="#orig_group_419" value="ⲧϩⲉ"/><!-- ⲧ...ϩⲉ -->
<feat xlink:href="#orig_group_421" value="ⲙⲡⲟⲩⲱϣ"/><!-- ⲙ...ⲟⲩⲱϣ -->
<feat xlink:href="#orig_group_424" value="ⲙⲡⲛⲟⲩⲧⲉ"/><!-- ⲙ...ⲛⲟⲩⲧⲉ -->
<feat xlink:href="#orig_group_427" value="ⲉⲧⲉⲧⲛⲉⲓⲣⲉ"/><!-- ⲉⲧⲉⲧⲛⲉ...ⲓⲣⲉ -->
<feat xlink:href="#orig_group_429" value="ⲙⲡⲡⲉⲧⲛⲁⲛⲟⲩϥ"/><!-- ⲙⲡⲡⲉⲧⲛⲁⲛⲟⲩϥ -->
<feat xlink:href="#orig_group_430" value="ⲛⲧⲉⲧⲛϣⲧⲁⲙ"/><!-- ⲛ...ϣⲧⲁⲙ -->
<feat xlink:href="#orig_group_433" value="ⲉⲣⲉ"/><!-- ⲉⲣⲉ -->
<feat xlink:href="#orig_group_434" value="ⲛⲧⲙⲛⲧⲁⲧⲥⲟⲟⲩⲛ"/><!-- ⲛ...ⲙⲛⲧⲁⲧⲥⲟⲟⲩⲛ -->
<feat xlink:href="#orig_group_437" value="ⲛⲛⲉⲓⲁⲑⲏⲧ"/><!-- ⲛ...ⲁⲑⲏⲧ -->
<feat xlink:href="#orig_group_440" value="ⲛⲣⲱⲙⲉ"/><!-- ⲛ...ⲣⲱⲙⲉ -->
<feat xlink:href="#orig_group_442" value="ϩⲱⲥ"/><!-- ϩⲱⲥ -->
<feat xlink:href="#orig_group_443" value="ⲣⲙϩⲉ"/><!-- ⲣⲙϩⲉ -->
<feat xlink:href="#orig_group_444" value="ⲛⲧⲙⲛⲧⲣⲙϩⲉ"/><!-- ⲛ...ⲙⲛⲧⲣⲙϩⲉ -->
<feat xlink:href="#orig_group_447" value="ϣⲟⲟⲡ"/><!-- ϣⲟⲟⲡ -->
<feat xlink:href="#orig_group_448" value="ⲛⲏⲧⲛ"/><!-- ⲛⲏ...ⲧⲛ -->
<feat xlink:href="#orig_group_450" value="ⲁⲛ"/><!-- ⲁⲛ -->
<feat xlink:href="#orig_group_451" value="ϩⲱⲥ"/><!-- ϩⲱⲥ -->
<feat xlink:href="#orig_group_452" value="."/><!-- . -->
<feat xlink:href="#orig_group_453" value="ϩⲃⲥ"/><!-- ϩⲃⲥ -->
<feat xlink:href="#orig_group_454" value="ⲛⲕⲁⲕⲓⲁ"/><!-- ⲛ...ⲕⲁⲕⲓⲁ -->
<feat xlink:href="#orig_group_456" value="ⲁⲗⲗⲁ"/><!-- ⲁⲗⲗⲁ -->
<feat xlink:href="#orig_group_457" value="ϩⲱⲥ"/><!-- ϩⲱⲥ -->
<feat xlink:href="#orig_group_458" value="ϩⲙϩⲁⲗ"/><!-- ϩⲙϩⲁⲗ -->
<feat xlink:href="#orig_group_459" value="ⲛⲧⲉ"/><!-- ⲛⲧⲉ -->
<feat xlink:href="#orig_group_460" value="ⲡⲛⲟⲩⲧⲉ"/><!-- ⲡ...ⲛⲟⲩⲧⲉ -->
<feat xlink:href="#orig_group_462" value="."/><!-- . -->
<feat xlink:href="#orig_group_463" value="ⲛⲧⲉⲧⲛⲧⲁⲉⲓⲉ"/><!-- ⲛⲧⲉⲧⲛⲧⲁⲉⲓⲉ -->
<feat xlink:href="#orig_group_464" value="ⲟⲩⲟⲛ"/><!-- ⲟⲩⲟⲛ -->
<feat xlink:href="#orig_group_465" value="ⲛⲓⲙ"/><!-- ⲛⲓⲙ -->
<feat xlink:href="#orig_group_466" value="ⲛⲧⲉⲧⲛⲙⲉⲣⲉ"/><!-- ⲛ...ⲙⲉⲣⲉ -->
<feat xlink:href="#orig_group_469" value="ⲛⲉⲧⲛⲉⲣⲏⲩ"/><!-- ⲛⲉⲧⲛ...ⲉⲣⲏⲩ -->
<feat xlink:href="#orig_group_471" value="ⲛⲧⲉⲧⲛⲣ"/><!-- ⲛ...ⲣ -->
<feat xlink:href="#orig_group_474" value="ϩⲟⲧⲉ"/><!-- ϩⲟⲧⲉ -->
<feat xlink:href="#orig_group_475" value="ⲛϩⲏⲧϥ"/><!-- ⲛϩⲏⲧ...ϥ -->
<feat xlink:href="#orig_group_477" value="ⲙⲡⲛⲟⲩⲧⲉ"/><!-- ⲙ...ⲛⲟⲩⲧⲉ -->
<feat xlink:href="#orig_group_480" value="ⲛⲧⲉⲧⲛⲧⲁⲓⲉ"/><!-- ⲛ...ⲧⲁⲓⲉ -->
<feat xlink:href="#orig_group_483" value="ⲡⲣⲣⲟ"/><!-- ⲡ...ⲣⲣⲟ -->
<feat xlink:href="#orig_group_485" value="."/><!-- . -->
<feat xlink:href="#orig_group_486" value="ⲛϩⲙϩⲁⲗ"/><!-- ⲛ...ϩⲙϩⲁⲗ -->
<feat xlink:href="#orig_group_488" value="ⲥⲱⲧⲙ"/><!-- ⲥⲱⲧⲙ -->
<feat xlink:href="#orig_group_489" value="ⲛⲥⲁ"/><!-- ⲛⲥⲁ -->
<feat xlink:href="#orig_group_490" value="ⲛⲉⲧⲛϫⲓⲥⲟⲟⲩⲉ"/><!-- ⲛⲉⲧⲛϫⲓⲥⲟⲟⲩⲉ -->
<feat xlink:href="#orig_group_491" value="ϩⲛ"/><!-- ϩⲛ -->
<feat xlink:href="#orig_group_492" value="ϩⲟⲧⲉ"/><!-- ϩⲟⲧⲉ -->
<feat xlink:href="#orig_group_493" value="ⲛⲓⲙ"/><!-- ⲛⲓⲙ -->
<feat xlink:href="#orig_group_494" value="ⲛⲉⲧⲛⲁⲛⲟⲩⲟⲩ"/><!-- ⲛⲉⲧⲛⲁⲛⲟⲩⲟⲩ -->
<feat xlink:href="#orig_group_495" value="ⲙⲙⲁⲧⲉ"/><!-- ⲙⲙⲁⲧⲉ -->
<feat xlink:href="#orig_group_496" value="ⲁⲛ"/><!-- ⲁⲛ -->
<feat xlink:href="#orig_group_497" value="ⲙⲛ"/><!-- ⲙⲛ -->
<feat xlink:href="#orig_group_498" value="ⲛϩⲁⲕ"/><!-- ⲛ...ϩⲁⲕ -->
<feat xlink:href="#orig_group_500" value="ⲁⲗⲗⲁ"/><!-- ⲁⲗⲗⲁ -->
<feat xlink:href="#orig_group_501" value="ⲛⲕⲟⲟⲩⲉ"/><!-- ⲛ...ⲕⲟⲟⲩⲉ -->
<feat xlink:href="#orig_group_503" value="ⲉⲧϭⲟⲟⲙⲉ"/><!-- ⲉ...ϭⲟⲟⲙⲉ -->
<feat xlink:href="#orig_group_506" value="."/><!-- . -->
<feat xlink:href="#orig_group_507" value="ⲡⲁⲓ"/><!-- ⲡⲁⲓ -->
<feat xlink:href="#orig_group_508" value="ⲅⲁⲣ"/><!-- ⲅⲁⲣ -->
<feat xlink:href="#orig_group_509" value="ⲟⲩϩⲙⲟⲧ"/><!-- ⲟⲩ...ϩⲙⲟⲧ -->
<feat xlink:href="#orig_group_511" value="ⲡⲉ"/><!-- ⲡⲉ -->
<feat xlink:href="#orig_group_512" value="ⲉϣϫⲉ"/><!-- ⲉϣϫⲉ -->
<feat xlink:href="#orig_group_513" value="ⲉⲧⲃⲉ"/><!-- ⲉⲧⲃⲉ -->
<feat xlink:href="#orig_group_514" value="ⲟⲩⲥⲩⲛⲉⲓⲇⲏⲥⲓⲥ"/><!-- ⲟⲩ...ⲥⲩⲛⲉⲓⲇⲏⲥⲓⲥ -->
<feat xlink:href="#orig_group_516" value="ⲛⲧⲉ"/><!-- ⲛⲧⲉ -->
<feat xlink:href="#orig_group_517" value="ⲡⲛⲟⲩⲧⲉ"/><!-- ⲡ...ⲛⲟⲩⲧⲉ -->
<feat xlink:href="#orig_group_519" value="ⲟⲩⲛ"/><!-- ⲟⲩⲛ -->
<feat xlink:href="#orig_group_520" value="ⲟⲩⲁ"/><!-- ⲟⲩⲁ -->
<feat xlink:href="#orig_group_521" value="ⲛⲁϥⲓ"/><!-- ⲛⲁ...ϥⲓ -->
<feat xlink:href="#orig_group_523" value="ϩⲁϩⲉⲛⲗⲏⲡⲏ"/><!-- ϩⲁϩⲉⲛⲗⲏⲡⲏ -->
<feat xlink:href="#orig_group_524" value="ⲉϥϣⲡ"/><!-- ⲉ...ϣⲡ -->
<feat xlink:href="#orig_group_527" value="ϩⲓⲥⲉ"/><!-- ϩⲓⲥⲉ -->
<feat xlink:href="#orig_group_528" value="ϩⲛ"/><!-- ϩⲛ -->
<feat xlink:href="#orig_group_529" value="ⲟⲩϫⲓⲛ"/><!-- ⲟⲩϫⲓⲛ -->
<feat xlink:href="#orig_group_530" value="ϭⲟⲛⲥ"/><!-- ϭⲟⲛⲥ -->
<feat xlink:href="#orig_group_531" value="."/><!-- . -->
<feat xlink:href="#orig_group_532" value="ⲁϣ"/><!-- ⲁϣ -->
<feat xlink:href="#orig_group_533" value="ⲅⲁⲣ"/><!-- ⲅⲁⲣ -->
<feat xlink:href="#orig_group_534" value="ⲡⲉ"/><!-- ⲡⲉ -->
<feat xlink:href="#orig_group_535" value="ⲡⲉⲧⲛⲉⲟⲟⲩ"/><!-- ⲡⲉⲧⲛ...ⲉⲟⲟⲩ -->
<feat xlink:href="#orig_group_537" value="ⲉⲧⲉⲧⲛϣⲁⲛⲣ"/><!-- ⲉⲧⲉⲧⲛϣⲁⲛ...ⲣ -->
<feat xlink:href="#orig_group_539" value="ⲛⲟⲃⲉ"/><!-- ⲛⲟⲃⲉ -->
<feat xlink:href="#orig_group_540" value="ⲛⲥⲉϩⲓⲟⲩⲉ"/><!-- ⲛⲥⲉϩⲓⲟⲩⲉ -->
<feat xlink:href="#orig_group_541" value="ⲉⲣⲱⲧⲛ"/><!-- ⲉⲣⲱ...ⲧⲛ -->
<feat xlink:href="#orig_group_543" value="ⲛⲧⲉⲧⲛϭⲱ"/><!-- ⲛ...ϭⲱ -->
<feat xlink:href="#orig_group_546" value="ⲁⲗⲗⲁ"/><!-- ⲁⲗⲗⲁ -->
<feat xlink:href="#orig_group_547" value="ⲉϣϫⲉ"/><!-- ⲉϣϫⲉ -->
<feat xlink:href="#orig_group_548" value="ⲧⲉⲧⲛⲉⲓⲣⲉ"/><!-- ⲧⲉⲧⲛ...ⲉⲓⲣⲉ -->
<feat xlink:href="#orig_group_550" value="ⲙⲡⲉⲧⲛⲁⲛⲟⲩϥ"/><!-- ⲙⲡⲉⲧⲛⲁⲛⲟⲩϥ -->
<feat xlink:href="#orig_group_551" value="ⲥⲉϩⲓⲟⲩⲉ"/><!-- ⲥⲉ...ϩⲓⲟⲩⲉ -->
<feat xlink:href="#orig_group_553" value="ⲉⲣⲱⲧⲛ"/><!-- ⲉⲣⲱ...ⲧⲛ -->
<feat xlink:href="#orig_group_555" value="ⲧⲉⲧⲛϭⲉⲉⲧ"/><!-- ⲧⲉⲧⲛ...ϭⲉⲉⲧ -->
<feat xlink:href="#orig_group_557" value="ⲡⲁⲓ"/><!-- ⲡⲁⲓ -->
<feat xlink:href="#orig_group_558" value="ⲟⲩϩⲙⲟⲧ"/><!-- ⲟⲩ...ϩⲙⲟⲧ -->
<feat xlink:href="#orig_group_560" value="ⲡⲉ"/><!-- ⲡⲉ -->
<feat xlink:href="#orig_group_561" value="ⲛⲁϩⲣⲙ"/><!-- ⲛⲁϩⲣⲙ -->
<feat xlink:href="#orig_group_562" value="ⲡⲛⲟⲩⲧⲉ"/><!-- ⲡ...ⲛⲟⲩⲧⲉ -->
<feat xlink:href="#orig_group_564" value="ⲛⲧⲁⲩⲧⲉϩⲙ"/><!-- ⲛⲧⲁⲩⲧⲉϩⲙ -->
<feat xlink:href="#orig_group_565" value="ⲧⲏⲩⲧⲛ"/><!-- ⲧⲏⲩⲧⲛ -->
<feat xlink:href="#orig_group_566" value="ⲅⲁⲣ"/><!-- ⲅⲁⲣ -->
<feat xlink:href="#orig_group_567" value="ⲉⲡⲁⲓ"/><!-- ⲉ...ⲡⲁⲓ -->
<feat xlink:href="#orig_group_569" value="ϫⲉ"/><!-- ϫⲉ -->
<feat xlink:href="#orig_group_570" value="ⲡⲉⲭⲣⲓⲥⲧⲟⲥ"/><!-- ⲡⲉ...ⲭⲣⲓⲥⲧⲟⲥ -->
<feat xlink:href="#orig_group_572" value="ϩⲱⲱϥ"/><!-- ϩⲱⲱ...ϥ -->
<feat xlink:href="#orig_group_574" value="ⲁϥϣⲡ"/><!-- ⲁ...ϣⲡ -->
<feat xlink:href="#orig_group_577" value="ϩⲓⲥⲉ"/><!-- ϩⲓⲥⲉ -->
<feat xlink:href="#orig_group_578" value="ϩⲁⲣⲱⲧⲛ"/><!-- ϩⲁⲣⲱ...ⲧⲛ -->
<feat xlink:href="#orig_group_580" value="ⲉϥⲕⲱ"/><!-- ⲉ...ⲕⲱ -->
<feat xlink:href="#orig_group_583" value="ⲛⲏⲧⲛ"/><!-- ⲛⲏ...ⲧⲛ -->
<feat xlink:href="#orig_group_585" value="ⲛⲟⲩⲥⲙⲟⲧ"/><!-- ⲛ...ⲥⲙⲟⲧ -->
<feat xlink:href="#orig_group_588" value="ϫⲉⲕⲁⲁⲥ"/><!-- ϫⲉⲕⲁⲁⲥ -->
<feat xlink:href="#orig_group_589" value="ⲧⲉⲧⲛⲁⲁⲟⲩⲉϩ"/><!-- ⲧⲉⲧⲛⲁⲁⲟⲩⲉϩ -->
<feat xlink:href="#orig_group_590" value="ⲧⲏⲩⲧⲛ"/><!-- ⲧⲏⲩⲧⲛ -->
<feat xlink:href="#orig_group_591" value="ⲛⲥⲁⲛⲉϥϩⲓⲟⲟⲩⲉ"/><!-- ⲛⲥⲁ...ϩⲓⲟⲟⲩⲉ -->
<feat xlink:href="#orig_group_594" value="ⲡⲁⲓ"/><!-- ⲡⲁⲓ -->
<feat xlink:href="#orig_group_595" value="ⲉⲧ"/><!-- ⲉⲧ -->
<feat xlink:href="#orig_group_596" value="ⲙⲡϥⲣ"/><!-- ⲙⲡ...ⲣ -->
<feat xlink:href="#orig_group_599" value="ⲛⲟⲃⲉ"/><!-- ⲛⲟⲃⲉ -->
<feat xlink:href="#orig_group_600" value="ⲟⲩⲇⲉ"/><!-- ⲟⲩⲇⲉ -->
<feat xlink:href="#orig_group_601" value="ⲙⲡⲟⲩϩⲉ"/><!-- ⲙⲡ...ϩⲉ -->
<feat xlink:href="#orig_group_604" value="ⲕⲣⲟϥ"/><!-- ⲕⲣⲟϥ -->
<feat xlink:href="#orig_group_605" value="ϩⲛ"/><!-- ϩⲛ -->
<feat xlink:href="#orig_group_606" value="ⲧⲉϥⲧⲁⲡⲣⲟ"/><!-- ⲧⲉϥ...ⲧⲁⲡⲣⲟ -->
<feat xlink:href="#orig_group_608" value="."/><!-- . -->
<feat xlink:href="#orig_group_609" value="ⲡⲁⲓ"/><!-- ⲡⲁⲓ -->
<feat xlink:href="#orig_group_610" value="ⲉⲩⲥⲁϩⲟⲩ"/><!-- ⲉ...ⲥⲁϩⲟⲩ -->
<feat xlink:href="#orig_group_613" value="ⲙⲙⲟϥ"/><!-- ⲙⲙⲟ...ϥ -->
<feat xlink:href="#orig_group_615" value="ⲙⲡⲉϥⲥⲁϩⲟⲩ"/><!-- ⲙ...ⲥⲁϩⲟⲩ -->
<feat xlink:href="#orig_group_618" value="ⲉϥϣⲡ"/><!-- ⲉ...ϣⲡ -->
<feat xlink:href="#orig_group_621" value="ϩⲓⲥⲉ"/><!-- ϩⲓⲥⲉ -->
<feat xlink:href="#orig_group_622" value="ⲛϥⲛⲟϭⲥ"/><!-- ⲛϥⲛⲟϭⲥ -->
<feat xlink:href="#orig_group_623" value="ⲁⲛ"/><!-- ⲁⲛ -->
<feat xlink:href="#orig_group_624" value="ⲡⲉ"/><!-- ⲡⲉ -->
<feat xlink:href="#orig_group_625" value="ⲛⲉϥⲕⲱ"/><!-- ⲛⲉ...ⲕⲱ -->
<feat xlink:href="#orig_group_628" value="ⲇⲉ"/><!-- ⲇⲉ -->
<feat xlink:href="#orig_group_629" value="ⲙⲡⲙⲁ"/><!-- ⲙ...ⲙⲁ -->
<feat xlink:href="#orig_group_632" value="ⲙⲡⲉⲧⲛⲁⲕⲣⲓⲛⲉ"/><!-- ⲙ...ⲕⲣⲓⲛⲉ -->
<feat xlink:href="#orig_group_637" value="ⲇⲓⲕⲁⲓⲱⲥ"/><!-- ⲇⲓⲕⲁⲓⲱⲥ -->
<feat xlink:href="#orig_group_638" value="."/><!-- . -->
<feat xlink:href="#orig_group_639" value="ⲡⲁⲓ"/><!-- ⲡⲁⲓ -->
<feat xlink:href="#orig_group_640" value="ⲛⲧⲁϥⲧⲁⲗⲟ"/><!-- ⲛⲧ...ⲧⲁⲗⲟ -->
<feat xlink:href="#orig_group_644" value="ⲉϩⲣⲁⲓ"/><!-- ⲉϩⲣⲁⲓ -->
<feat xlink:href="#orig_group_645" value="ⲛⲛⲉⲛⲛⲟⲃⲉ"/><!-- ⲛ...ⲛⲟⲃⲉ -->
<feat xlink:href="#orig_group_648" value="ⲉϩⲣⲁⲓ"/><!-- ⲉϩⲣⲁⲓ -->
<feat xlink:href="#orig_group_649" value="ϩⲙ"/><!-- ϩⲙ -->
<feat xlink:href="#orig_group_650" value="ⲡⲉϥⲥⲱⲙⲁ"/><!-- ⲡⲉϥ...ⲥⲱⲙⲁ -->
<feat xlink:href="#orig_group_652" value="ⲉϫⲙ"/><!-- ⲉϫⲙ -->
<feat xlink:href="#orig_group_653" value="ⲡϣⲉ"/><!-- ⲡ...ϣⲉ -->
<feat xlink:href="#orig_group_655" value="ϫⲉⲕⲁⲁⲥ"/><!-- ϫⲉⲕⲁⲁⲥ -->
<feat xlink:href="#orig_group_656" value="ⲉⲁⲛⲙⲟⲩⲛ"/><!-- ⲉ...ⲛ -->
<feat xlink:href="#orig_group_661" value="ⲛⲁϩⲣⲙ"/><!-- ⲛⲁϩⲣⲙ -->
<feat xlink:href="#orig_group_662" value="ⲡⲛⲟⲃⲉ"/><!-- ⲡ...ⲛⲟⲃⲉ -->
<feat xlink:href="#orig_group_664" value="ⲛⲧⲛⲱⲛϩ"/><!-- ⲛⲧⲛⲱⲛϩ -->
<feat xlink:href="#orig_group_665" value="ϩⲛ"/><!-- ϩⲛ -->
<feat xlink:href="#orig_group_666" value="ⲇⲓⲕⲁⲓⲟⲥⲩⲛⲏ"/><!-- ⲇⲓⲕⲁⲓⲟⲥⲩⲛⲏ -->
<feat xlink:href="#orig_group_667" value="ⲡⲁⲓ"/><!-- ⲡⲁⲓ -->
<feat xlink:href="#orig_group_668" value="ⲛⲧⲁⲧⲉⲧⲛⲧⲁⲗϭⲟ"/><!-- ⲛⲧ...ⲧⲁⲗϭⲟ -->
<feat xlink:href="#orig_group_672" value="ϩⲙ"/><!-- ϩⲙ -->
<feat xlink:href="#orig_group_673" value="ⲡⲉϥⲥⲁϣ"/><!-- ⲡⲉϥⲥⲁϣ -->
<feat xlink:href="#orig_group_674" value="."/><!-- . -->
<feat xlink:href="#orig_group_675" value="ⲛⲉⲧⲉⲧⲛⲟ"/><!-- ⲛⲉ...ⲟ -->
<feat xlink:href="#orig_group_678" value="ⲅⲁⲣ"/><!-- ⲅⲁⲣ -->
<feat xlink:href="#orig_group_679" value="ⲡⲉ"/><!-- ⲡⲉ -->
<feat xlink:href="#orig_group_680" value="ⲛⲧϩⲉ"/><!-- ⲛ...ϩⲉ -->
<feat xlink:href="#orig_group_683" value="ⲛⲛⲉⲓⲉⲥⲟⲟⲩ"/><!-- ⲛ...ⲉⲥⲟⲟⲩ -->
<feat xlink:href="#orig_group_686" value="ⲉⲧⲥⲟⲣⲙ"/><!-- ⲉⲧ...ⲥⲟⲣⲙ -->
<feat xlink:href="#orig_group_688" value="ⲁⲗⲗⲁ"/><!-- ⲁⲗⲗⲁ -->
<feat xlink:href="#orig_group_689" value="ⲧⲉⲛⲟⲩ"/><!-- ⲧⲉⲛⲟⲩ -->
<feat xlink:href="#orig_group_690" value="ⲁⲧⲉⲧⲛⲕⲉⲧ"/><!-- ⲁ...ⲕⲉⲧ -->
<feat xlink:href="#orig_group_693" value="ⲧⲏⲩⲧⲛ"/><!-- ⲧⲏⲩⲧⲛ -->
<feat xlink:href="#orig_group_694" value="ⲉⲡϣⲱⲥ"/><!-- ⲉ...ϣⲱⲥ -->
<feat xlink:href="#orig_group_697" value="ⲡⲉⲡⲓⲥⲕⲟⲡⲟⲥ"/><!-- ⲡ...ⲉⲡⲓⲥⲕⲟⲡⲟⲥ -->
<feat xlink:href="#orig_group_699" value="ⲛⲛⲉⲧⲙⲯⲩⲭⲏ"/><!-- ⲛⲛⲉⲧⲙⲯⲩⲭⲏ -->
<feat xlink:href="#orig_group_700" value="."/><!-- . -->
</featList>
</paula>
