<?xml version="1.0" encoding="UTF-8" standalone="no"?>

<!DOCTYPE paula SYSTEM "paula_mark.dtd">
<paula version="1.0">

<header paula_id="sahidica.nt.1_Peter_2_norm_groupSeg"/>

<markList xmlns:xlink="http://www.w3.org/1999/xlink" type="norm_groupSeg" xml:base="sahidica.nt.1_Peter_2.tok.xml">
<mark id="norm_group_1" xlink:href="#xpointer(id('tok_1')/range-to(id('tok_4')))"/><!-- ⲉ...ⲕⲱ -->
<mark id="norm_group_5" xlink:href="#tok_5"/><!-- ϭⲉ -->
<mark id="norm_group_6" xlink:href="#tok_6"/><!-- ⲉϩⲣⲁⲓ -->
<mark id="norm_group_7" xlink:href="#xpointer(id('tok_7')/range-to(id('tok_8')))"/><!-- ⲛ...ⲕⲁⲕⲓⲁ -->
<mark id="norm_group_9" xlink:href="#tok_9"/><!-- ⲛⲓⲙ -->
<mark id="norm_group_10" xlink:href="#tok_10"/><!-- ⲙⲛ -->
<mark id="norm_group_11" xlink:href="#tok_11"/><!-- ⲕⲣⲟϥ -->
<mark id="norm_group_12" xlink:href="#tok_12"/><!-- ⲛⲓⲙ -->
<mark id="norm_group_13" xlink:href="#tok_13"/><!-- ⲙⲛ -->
<mark id="norm_group_14" xlink:href="#tok_14"/><!-- ϩⲩⲡⲟⲕⲣⲏⲥⲓⲥ -->
<mark id="norm_group_15" xlink:href="#tok_15"/><!-- ⲛⲓⲙ -->
<mark id="norm_group_16" xlink:href="#tok_16"/><!-- ⲙⲛ -->
<mark id="norm_group_17" xlink:href="#tok_17"/><!-- ⲗⲁ -->
<mark id="norm_group_18" xlink:href="#tok_18"/><!-- ⲛⲓⲙ -->
<mark id="norm_group_19" xlink:href="#tok_19"/><!-- ⲙⲛ -->
<mark id="norm_group_20" xlink:href="#tok_20"/><!-- ⲕⲁⲧⲁⲗⲁⲗⲓⲁ -->
<mark id="norm_group_21" xlink:href="#tok_21"/><!-- ⲛⲓⲙ -->
<mark id="norm_group_22" xlink:href="#xpointer(id('tok_22')/range-to(id('tok_24')))"/><!-- ⲛ...ϩⲉ -->
<mark id="norm_group_25" xlink:href="#xpointer(id('tok_25')/range-to(id('tok_27')))"/><!-- ⲛ...ϣⲏⲣⲉ -->
<mark id="norm_group_28" xlink:href="#tok_28"/><!-- ϣⲏⲙ -->
<mark id="norm_group_29" xlink:href="#xpointer(id('tok_29')/range-to(id('tok_33')))"/><!-- ⲉ...ⲟⲩ -->
<mark id="norm_group_34" xlink:href="#tok_34"/><!-- ⲧⲉⲛⲟⲩ -->
<mark id="norm_group_35" xlink:href="#xpointer(id('tok_35')/range-to(id('tok_37')))"/><!-- ⲛ...ⲙⲉⲣⲉ -->
<mark id="norm_group_38" xlink:href="#xpointer(id('tok_38')/range-to(id('tok_39')))"/><!-- ⲡ...ⲉⲣⲱⲧⲉ -->
<mark id="norm_group_40" xlink:href="#xpointer(id('tok_40')/range-to(id('tok_41')))"/><!-- ⲉⲧ...ⲟⲩⲁⲁⲃ -->
<mark id="norm_group_42" xlink:href="#tok_42"/><!-- ⲛⲗⲟⲅⲓⲕⲟⲛ -->
<mark id="norm_group_43" xlink:href="#tok_43"/><!-- ⲉⲧⲉ -->
<mark id="norm_group_44" xlink:href="#tok_44"/><!-- ⲙⲛ -->
<mark id="norm_group_45" xlink:href="#tok_45"/><!-- ⲕⲣⲟϥ -->
<mark id="norm_group_46" xlink:href="#xpointer(id('tok_46')/range-to(id('tok_47')))"/><!-- ⲛϩⲏⲧ...ϥ -->
<mark id="norm_group_48" xlink:href="#tok_48"/><!-- ϫⲉⲕⲁⲁⲥ -->
<mark id="norm_group_49" xlink:href="#tok_49"/><!-- ⲉⲧⲉⲧⲛⲛⲁⲓⲁⲓ -->
<mark id="norm_group_50" xlink:href="#tok_50"/><!-- ϩⲣⲁⲓ -->
<mark id="norm_group_51" xlink:href="#xpointer(id('tok_51')/range-to(id('tok_52')))"/><!-- ⲛϩⲏⲧ...ϥ -->
<mark id="norm_group_53" xlink:href="#xpointer(id('tok_53')/range-to(id('tok_55')))"/><!-- ⲉ...ⲟⲩϫⲁⲓ -->
<mark id="norm_group_56" xlink:href="#tok_56"/><!-- . -->
<mark id="norm_group_57" xlink:href="#tok_57"/><!-- ⲉϣϫⲉ -->
<mark id="norm_group_58" xlink:href="#xpointer(id('tok_58')/range-to(id('tok_60')))"/><!-- ⲁ...ϫⲓ -->
<mark id="norm_group_61" xlink:href="#tok_61"/><!-- ϯⲡⲉ -->
<mark id="norm_group_62" xlink:href="#tok_62"/><!-- ϫⲉ -->
<mark id="norm_group_63" xlink:href="#xpointer(id('tok_63')/range-to(id('tok_64')))"/><!-- ⲟⲩ...ⲭⲣⲏⲥⲧⲟⲥ -->
<mark id="norm_group_65" xlink:href="#tok_65"/><!-- ⲡⲉ -->
<mark id="norm_group_66" xlink:href="#xpointer(id('tok_66')/range-to(id('tok_67')))"/><!-- ⲡ...ϫⲟⲉⲓⲥ -->
<mark id="norm_group_68" xlink:href="#tok_68"/><!-- ⲡⲁⲓ -->
<mark id="norm_group_69" xlink:href="#xpointer(id('tok_69')/range-to(id('tok_71')))"/><!-- ⲉ...ϯ -->
<mark id="norm_group_72" xlink:href="#xpointer(id('tok_72')/range-to(id('tok_74')))"/><!-- ⲙ...ⲟⲩⲟⲓ -->
<mark id="norm_group_75" xlink:href="#tok_75"/><!-- ⲉϩⲟⲩⲛ -->
<mark id="norm_group_76" xlink:href="#xpointer(id('tok_76')/range-to(id('tok_77')))"/><!-- ⲉⲣⲟ...ϥ -->
<mark id="norm_group_78" xlink:href="#xpointer(id('tok_78')/range-to(id('tok_79')))"/><!-- ⲡ...ⲱⲛⲉ -->
<mark id="norm_group_80" xlink:href="#xpointer(id('tok_80')/range-to(id('tok_81')))"/><!-- ⲉⲧ...ⲟⲛϩ -->
<mark id="norm_group_82" xlink:href="#xpointer(id('tok_82')/range-to(id('tok_86')))"/><!-- ⲉ...ϥ -->
<mark id="norm_group_87" xlink:href="#tok_87"/><!-- ⲙⲉ -->
<mark id="norm_group_88" xlink:href="#tok_88"/><!-- ⲉⲃⲟⲗ -->
<mark id="norm_group_89" xlink:href="#xpointer(id('tok_89')/range-to(id('tok_90')))"/><!-- ϩⲓⲧⲟⲟⲧ...ⲟⲩ -->
<mark id="norm_group_91" xlink:href="#tok_91"/><!-- ⲛⲛⲉⲣⲱⲙⲉ -->
<mark id="norm_group_92" xlink:href="#tok_92"/><!-- ⲛⲁϩⲣⲙ -->
<mark id="norm_group_93" xlink:href="#xpointer(id('tok_93')/range-to(id('tok_94')))"/><!-- ⲡ...ⲛⲟⲩⲧⲉ -->
<mark id="norm_group_95" xlink:href="#tok_95"/><!-- ⲇⲉ -->
<mark id="norm_group_96" xlink:href="#xpointer(id('tok_96')/range-to(id('tok_98')))"/><!-- ⲉ...ⲥⲟⲧⲡ -->
<mark id="norm_group_99" xlink:href="#tok_99"/><!-- ⲁⲩⲱ -->
<mark id="norm_group_100" xlink:href="#xpointer(id('tok_100')/range-to(id('tok_102')))"/><!-- ⲉ...ⲧⲁⲓⲏⲩ -->
<mark id="norm_group_103" xlink:href="#tok_103"/><!-- . -->
<mark id="norm_group_104" xlink:href="#tok_104"/><!-- ⲛⲧⲱⲧⲛ -->
<mark id="norm_group_105" xlink:href="#tok_105"/><!-- ϩⲱⲧ -->
<mark id="norm_group_106" xlink:href="#tok_106"/><!-- ⲧⲏⲩⲧⲛ -->
<mark id="norm_group_107" xlink:href="#tok_107"/><!-- ⲕⲱⲧ -->
<mark id="norm_group_108" xlink:href="#xpointer(id('tok_108')/range-to(id('tok_109')))"/><!-- ⲙⲙⲱ...ⲧⲛ -->
<mark id="norm_group_110" xlink:href="#tok_110"/><!-- ϩⲱⲥ -->
<mark id="norm_group_111" xlink:href="#tok_111"/><!-- ⲱⲛⲉ -->
<mark id="norm_group_112" xlink:href="#xpointer(id('tok_112')/range-to(id('tok_114')))"/><!-- ⲉ...ⲟⲛϩ -->
<mark id="norm_group_115" xlink:href="#xpointer(id('tok_115')/range-to(id('tok_117')))"/><!-- ⲛ...ⲏⲓ -->
<mark id="norm_group_118" xlink:href="#xpointer(id('tok_118')/range-to(id('tok_119')))"/><!-- ⲙ...ⲡⲛⲉⲩⲙⲁⲧⲓⲕⲟⲛ -->
<mark id="norm_group_120" xlink:href="#xpointer(id('tok_120')/range-to(id('tok_122')))"/><!-- ⲉ...ϣⲙϣⲉ -->
<mark id="norm_group_123" xlink:href="#xpointer(id('tok_123')/range-to(id('tok_125')))"/><!-- ⲉ...ⲟⲩⲁⲁⲃ -->
<mark id="norm_group_126" xlink:href="#xpointer(id('tok_126')/range-to(id('tok_127')))"/><!-- ⲉ...ⲧⲁⲗⲟ -->
<mark id="norm_group_128" xlink:href="#tok_128"/><!-- ⲉϩⲣⲁⲓ -->
<mark id="norm_group_129" xlink:href="#xpointer(id('tok_129')/range-to(id('tok_131')))"/><!-- ⲛ...ⲑⲩⲥⲓⲁ -->
<mark id="norm_group_132" xlink:href="#xpointer(id('tok_132')/range-to(id('tok_133')))"/><!-- ⲙ...ⲡⲛⲉⲩⲙⲁⲧⲓⲕⲟⲛ -->
<mark id="norm_group_134" xlink:href="#xpointer(id('tok_134')/range-to(id('tok_136')))"/><!-- ⲉ...ϣⲏⲡ -->
<mark id="norm_group_137" xlink:href="#xpointer(id('tok_137')/range-to(id('tok_139')))"/><!-- ⲙ...ⲛⲟⲩⲧⲉ -->
<mark id="norm_group_140" xlink:href="#tok_140"/><!-- ϩⲓⲧⲛ -->
<mark id="norm_group_141" xlink:href="#tok_141"/><!-- ⲓⲏⲥⲟⲩⲥ -->
<mark id="norm_group_142" xlink:href="#xpointer(id('tok_142')/range-to(id('tok_143')))"/><!-- ⲡⲉ...ⲭⲣⲓⲥⲧⲟⲥ -->
<mark id="norm_group_144" xlink:href="#tok_144"/><!-- ϫⲉ -->
<mark id="norm_group_145" xlink:href="#xpointer(id('tok_145')/range-to(id('tok_146')))"/><!-- ϥ...ⲥⲏϩ -->
<mark id="norm_group_147" xlink:href="#tok_147"/><!-- ϩⲛ -->
<mark id="norm_group_148" xlink:href="#xpointer(id('tok_148')/range-to(id('tok_149')))"/><!-- ⲧⲉ...ⲅⲣⲁⲫⲏ -->
<mark id="norm_group_150" xlink:href="#tok_150"/><!-- ϫⲉ -->
<mark id="norm_group_151" xlink:href="#tok_151"/><!-- ⲉⲓⲥ -->
<mark id="norm_group_152" xlink:href="#tok_152"/><!-- ϩⲏⲏⲧⲉ -->
<mark id="norm_group_153" xlink:href="#xpointer(id('tok_153')/range-to(id('tok_155')))"/><!-- ϯ...ⲕⲱ -->
<mark id="norm_group_156" xlink:href="#tok_156"/><!-- ϩⲛ -->
<mark id="norm_group_157" xlink:href="#tok_157"/><!-- ⲥⲓⲱⲛ -->
<mark id="norm_group_158" xlink:href="#xpointer(id('tok_158')/range-to(id('tok_160')))"/><!-- ⲛ...ⲱⲛⲉ -->
<mark id="norm_group_161" xlink:href="#xpointer(id('tok_161')/range-to(id('tok_162')))"/><!-- ⲛ...ⲕⲟⲟϩ -->
<mark id="norm_group_163" xlink:href="#tok_163"/><!-- ⲛⲥⲱⲡⲧ -->
<mark id="norm_group_164" xlink:href="#xpointer(id('tok_164')/range-to(id('tok_166')))"/><!-- ⲉ...ⲧⲁⲓⲏⲩ -->
<mark id="norm_group_167" xlink:href="#tok_167"/><!-- ⲁⲩⲱ -->
<mark id="norm_group_168" xlink:href="#xpointer(id('tok_168')/range-to(id('tok_171')))"/><!-- ⲡ...ⲡⲓⲥⲧⲉⲩⲉ -->
<mark id="norm_group_172" xlink:href="#xpointer(id('tok_172')/range-to(id('tok_173')))"/><!-- ⲉⲣⲟ...ϥ -->
<mark id="norm_group_174" xlink:href="#tok_174"/><!-- ⲛϥⲛⲁϫⲓ -->
<mark id="norm_group_175" xlink:href="#tok_175"/><!-- ϣⲓⲡⲉ -->
<mark id="norm_group_176" xlink:href="#tok_176"/><!-- ⲁⲛ -->
<mark id="norm_group_177" xlink:href="#tok_177"/><!-- ⲉⲣⲉ -->
<mark id="norm_group_178" xlink:href="#xpointer(id('tok_178')/range-to(id('tok_179')))"/><!-- ⲡ...ⲧⲁⲉⲓⲟ -->
<mark id="norm_group_180" xlink:href="#tok_180"/><!-- ϭⲉ -->
<mark id="norm_group_181" xlink:href="#tok_181"/><!-- ϣⲟⲟⲡ -->
<mark id="norm_group_182" xlink:href="#xpointer(id('tok_182')/range-to(id('tok_183')))"/><!-- ⲛⲏ...ⲧⲛ -->
<mark id="norm_group_184" xlink:href="#xpointer(id('tok_184')/range-to(id('tok_186')))"/><!-- ⲛ...ⲡⲓⲥⲧⲉⲩⲉ -->
<mark id="norm_group_187" xlink:href="#xpointer(id('tok_187')/range-to(id('tok_189')))"/><!-- ⲛ...ⲟ -->
<mark id="norm_group_190" xlink:href="#tok_190"/><!-- ⲇⲉ -->
<mark id="norm_group_191" xlink:href="#xpointer(id('tok_191')/range-to(id('tok_192')))"/><!-- ⲛ...ⲁⲧⲛⲁϩⲧⲉ -->
<mark id="norm_group_193" xlink:href="#xpointer(id('tok_193')/range-to(id('tok_195')))"/><!-- ⲉ...ⲱⲛⲉ -->
<mark id="norm_group_196" xlink:href="#xpointer(id('tok_196')/range-to(id('tok_200')))"/><!-- ⲛⲧ...ϥ -->
<mark id="norm_group_201" xlink:href="#tok_201"/><!-- ⲉⲃⲟⲗ -->
<mark id="norm_group_202" xlink:href="#tok_202"/><!-- ⲛϭⲓ -->
<mark id="norm_group_203" xlink:href="#xpointer(id('tok_203')/range-to(id('tok_206')))"/><!-- ⲛ...ⲕⲱⲧ -->
<mark id="norm_group_207" xlink:href="#tok_207"/><!-- ⲡⲁⲓ -->
<mark id="norm_group_208" xlink:href="#xpointer(id('tok_208')/range-to(id('tok_210')))"/><!-- ⲁ...ϣⲱⲡⲉ -->
<mark id="norm_group_211" xlink:href="#tok_211"/><!-- ⲉⲉⲩⲁⲡⲉ -->
<mark id="norm_group_212" xlink:href="#xpointer(id('tok_212')/range-to(id('tok_213')))"/><!-- ⲛ...ⲕⲟⲟϩ -->
<mark id="norm_group_214" xlink:href="#tok_214"/><!-- ⲁⲩⲱ -->
<mark id="norm_group_215" xlink:href="#xpointer(id('tok_215')/range-to(id('tok_216')))"/><!-- ⲟⲩ...ⲱⲛⲉ -->
<mark id="norm_group_217" xlink:href="#xpointer(id('tok_217')/range-to(id('tok_218')))"/><!-- ⲛ...ϫⲣⲟⲡ -->
<mark id="norm_group_219" xlink:href="#tok_219"/><!-- ⲙⲛ -->
<mark id="norm_group_220" xlink:href="#tok_220"/><!-- ⲟⲩⲡⲉⲧⲣⲁ -->
<mark id="norm_group_221" xlink:href="#xpointer(id('tok_221')/range-to(id('tok_222')))"/><!-- ⲛ...ⲥⲕⲁⲛⲇⲁⲗⲟⲛ -->
<mark id="norm_group_223" xlink:href="#xpointer(id('tok_223')/range-to(id('tok_224')))"/><!-- ⲛ...ⲛⲁⲓ -->
<mark id="norm_group_225" xlink:href="#xpointer(id('tok_225')/range-to(id('tok_226')))"/><!-- ⲉⲧ...ϫⲓ -->
<mark id="norm_group_227" xlink:href="#tok_227"/><!-- ϫⲣⲟⲡ -->
<mark id="norm_group_228" xlink:href="#xpointer(id('tok_228')/range-to(id('tok_230')))"/><!-- ⲉ...ϣⲁϫⲉ -->
<mark id="norm_group_231" xlink:href="#xpointer(id('tok_231')/range-to(id('tok_233')))"/><!-- ⲉ...ⲟ -->
<mark id="norm_group_234" xlink:href="#xpointer(id('tok_234')/range-to(id('tok_236')))"/><!-- ⲛ...ⲁⲧⲛⲁϩⲧⲉ -->
<mark id="norm_group_237" xlink:href="#xpointer(id('tok_237')/range-to(id('tok_241')))"/><!-- ⲉ...ⲩ -->
<mark id="norm_group_242" xlink:href="#xpointer(id('tok_242')/range-to(id('tok_243')))"/><!-- ⲉ...ⲡⲁⲓ -->
<mark id="norm_group_244" xlink:href="#tok_244"/><!-- . -->
<mark id="norm_group_245" xlink:href="#tok_245"/><!-- ⲛⲧⲱⲧⲛ -->
<mark id="norm_group_246" xlink:href="#tok_246"/><!-- ⲇⲉ -->
<mark id="norm_group_247" xlink:href="#tok_247"/><!-- ⲛⲧⲉⲧⲛ -->
<mark id="norm_group_248" xlink:href="#xpointer(id('tok_248')/range-to(id('tok_249')))"/><!-- ⲟⲩ...ⲅⲉⲛⲟⲥ -->
<mark id="norm_group_250" xlink:href="#xpointer(id('tok_250')/range-to(id('tok_252')))"/><!-- ⲉ...ⲥⲟⲧⲡ -->
<mark id="norm_group_253" xlink:href="#xpointer(id('tok_253')/range-to(id('tok_254')))"/><!-- ⲟⲩ...ⲙⲛⲧⲣⲣⲟ -->
<mark id="norm_group_255" xlink:href="#xpointer(id('tok_255')/range-to(id('tok_256')))"/><!-- ⲟⲩ...ⲙⲛⲧⲟⲩⲏⲏⲃ -->
<mark id="norm_group_257" xlink:href="#xpointer(id('tok_257')/range-to(id('tok_258')))"/><!-- ⲟⲩ...ϩⲉⲑⲛⲟⲥ -->
<mark id="norm_group_259" xlink:href="#xpointer(id('tok_259')/range-to(id('tok_261')))"/><!-- ⲉ...ⲟⲩⲁⲁⲃ -->
<mark id="norm_group_262" xlink:href="#xpointer(id('tok_262')/range-to(id('tok_263')))"/><!-- ⲟⲩ...ⲗⲁⲟⲥ -->
<mark id="norm_group_264" xlink:href="#xpointer(id('tok_264')/range-to(id('tok_266')))"/><!-- ⲉ...ⲱⲛϩ -->
<mark id="norm_group_267" xlink:href="#tok_267"/><!-- ϫⲉⲕⲁⲁⲥ -->
<mark id="norm_group_268" xlink:href="#xpointer(id('tok_268')/range-to(id('tok_270')))"/><!-- ⲉ...ϫⲱ -->
<mark id="norm_group_271" xlink:href="#tok_271"/><!-- ⲛⲛⲛⲉϣⲡⲏⲣⲉ -->
<mark id="norm_group_272" xlink:href="#tok_272"/><!-- ⲙⲡⲉⲛⲧⲁϥⲧⲉϩⲙ -->
<mark id="norm_group_273" xlink:href="#tok_273"/><!-- ⲧⲏⲩⲧⲛ -->
<mark id="norm_group_274" xlink:href="#tok_274"/><!-- ⲉⲃⲟⲗ -->
<mark id="norm_group_275" xlink:href="#tok_275"/><!-- ϩⲙ -->
<mark id="norm_group_276" xlink:href="#xpointer(id('tok_276')/range-to(id('tok_277')))"/><!-- ⲡ...ⲕⲁⲕⲉ -->
<mark id="norm_group_278" xlink:href="#xpointer(id('tok_278')/range-to(id('tok_280')))"/><!-- ⲉ...ⲟⲩⲟⲉⲓⲛ -->
<mark id="norm_group_281" xlink:href="#xpointer(id('tok_281')/range-to(id('tok_282')))"/><!-- ⲛ...ϣⲡⲏⲣⲉ -->
<mark id="norm_group_283" xlink:href="#tok_283"/><!-- ⲛⲁⲓ -->
<mark id="norm_group_284" xlink:href="#tok_284"/><!-- ⲛⲧⲉⲧⲛ -->
<mark id="norm_group_285" xlink:href="#xpointer(id('tok_285')/range-to(id('tok_286')))"/><!-- ⲡ...ⲗⲁⲟⲥ -->
<mark id="norm_group_287" xlink:href="#xpointer(id('tok_287')/range-to(id('tok_289')))"/><!-- ⲙ...ⲟⲩⲟⲉⲓϣ -->
<mark id="norm_group_290" xlink:href="#tok_290"/><!-- ⲧⲉⲛⲟⲩ -->
<mark id="norm_group_291" xlink:href="#tok_291"/><!-- ⲇⲉ -->
<mark id="norm_group_292" xlink:href="#tok_292"/><!-- ⲛⲧⲉⲧⲛ -->
<mark id="norm_group_293" xlink:href="#xpointer(id('tok_293')/range-to(id('tok_294')))"/><!-- ⲡ...ⲗⲁⲟⲥ -->
<mark id="norm_group_295" xlink:href="#xpointer(id('tok_295')/range-to(id('tok_297')))"/><!-- ⲙ...ⲛⲟⲩⲧⲉ -->
<mark id="norm_group_298" xlink:href="#tok_298"/><!-- ⲛⲉⲧⲉ -->
<mark id="norm_group_299" xlink:href="#xpointer(id('tok_299')/range-to(id('tok_301')))"/><!-- ⲙⲡ...ⲛⲁ -->
<mark id="norm_group_302" xlink:href="#xpointer(id('tok_302')/range-to(id('tok_303')))"/><!-- ⲛⲁ...ⲩ -->
<mark id="norm_group_304" xlink:href="#tok_304"/><!-- ⲧⲉⲛⲟⲩ -->
<mark id="norm_group_305" xlink:href="#tok_305"/><!-- ⲇⲉ -->
<mark id="norm_group_306" xlink:href="#xpointer(id('tok_306')/range-to(id('tok_308')))"/><!-- ⲁ...ⲛⲁ -->
<mark id="norm_group_309" xlink:href="#xpointer(id('tok_309')/range-to(id('tok_310')))"/><!-- ⲛⲏ...ⲧⲛ -->
<mark id="norm_group_311" xlink:href="#xpointer(id('tok_311')/range-to(id('tok_312')))"/><!-- ⲛⲁ...ⲙⲉⲣⲁⲧⲉ -->
<mark id="norm_group_313" xlink:href="#xpointer(id('tok_313')/range-to(id('tok_314')))"/><!-- ϯ...ⲡⲁⲣⲁⲕⲁⲗⲉⲓ -->
<mark id="norm_group_315" xlink:href="#xpointer(id('tok_315')/range-to(id('tok_316')))"/><!-- ⲙⲙⲱ...ⲧⲛ -->
<mark id="norm_group_317" xlink:href="#tok_317"/><!-- ϩⲱⲥ -->
<mark id="norm_group_318" xlink:href="#tok_318"/><!-- ϣⲙⲙⲟ -->
<mark id="norm_group_319" xlink:href="#tok_319"/><!-- ⲁⲩⲱ -->
<mark id="norm_group_320" xlink:href="#tok_320"/><!-- ϩⲱⲥ -->
<mark id="norm_group_321" xlink:href="#tok_321"/><!-- ⲣⲙⲛϭⲟⲓⲗⲉ -->
<mark id="norm_group_322" xlink:href="#tok_322"/><!-- ⲉⲧⲣⲉⲧⲥⲁϩⲉ -->
<mark id="norm_group_323" xlink:href="#tok_323"/><!-- ⲧⲏⲩⲧⲛ -->
<mark id="norm_group_324" xlink:href="#tok_324"/><!-- ⲉⲃⲟⲗ -->
<mark id="norm_group_325" xlink:href="#xpointer(id('tok_325')/range-to(id('tok_327')))"/><!-- ⲛ...ⲉⲡⲓⲑⲩⲙⲓⲁ -->
<mark id="norm_group_328" xlink:href="#xpointer(id('tok_328')/range-to(id('tok_329')))"/><!-- ⲛ...ⲥⲁⲣⲕⲓⲕⲟⲛ -->
<mark id="norm_group_330" xlink:href="#tok_330"/><!-- ⲛⲁⲓ -->
<mark id="norm_group_331" xlink:href="#xpointer(id('tok_331')/range-to(id('tok_332')))"/><!-- ⲉ...ϯ -->
<mark id="norm_group_333" xlink:href="#tok_333"/><!-- ⲟⲩⲃⲉ -->
<mark id="norm_group_334" xlink:href="#xpointer(id('tok_334')/range-to(id('tok_335')))"/><!-- ⲧⲉ...ⲯⲩⲭⲏ -->
<mark id="norm_group_336" xlink:href="#tok_336"/><!-- ⲉⲩⲛⲧⲉⲧⲛ -->
<mark id="norm_group_337" xlink:href="#tok_337"/><!-- ⲙⲙⲁⲩ -->
<mark id="norm_group_338" xlink:href="#xpointer(id('tok_338')/range-to(id('tok_340')))"/><!-- ⲛ...ⲁⲛⲁⲥⲧⲣⲟⲫⲏ -->
<mark id="norm_group_341" xlink:href="#tok_341"/><!-- ⲉⲧⲛⲁⲛⲟⲩⲥ -->
<mark id="norm_group_342" xlink:href="#tok_342"/><!-- ϩⲛ -->
<mark id="norm_group_343" xlink:href="#xpointer(id('tok_343')/range-to(id('tok_344')))"/><!-- ⲛ...ϩⲉⲑⲛⲟⲥ -->
<mark id="norm_group_345" xlink:href="#tok_345"/><!-- ϫⲉⲕⲁⲁⲥ -->
<mark id="norm_group_346" xlink:href="#tok_346"/><!-- ϩⲙ -->
<mark id="norm_group_347" xlink:href="#tok_347"/><!-- ⲡⲉⲧⲟⲩⲕⲁⲧⲁⲗⲁⲗⲓⲁ -->
<mark id="norm_group_348" xlink:href="#xpointer(id('tok_348')/range-to(id('tok_349')))"/><!-- ⲙⲙⲱ...ⲧⲛ -->
<mark id="norm_group_350" xlink:href="#xpointer(id('tok_350')/range-to(id('tok_351')))"/><!-- ⲛϩⲏⲧ...ϥ -->
<mark id="norm_group_352" xlink:href="#tok_352"/><!-- ϩⲱⲥ -->
<mark id="norm_group_353" xlink:href="#tok_353"/><!-- ⲣⲉϥⲣ -->
<mark id="norm_group_354" xlink:href="#xpointer(id('tok_354')/range-to(id('tok_356')))"/><!-- ⲡ...ϩⲟⲟⲩ -->
<mark id="norm_group_357" xlink:href="#xpointer(id('tok_357')/range-to(id('tok_358')))"/><!-- ⲉⲩⲉ...ⲛⲁⲩ -->
<mark id="norm_group_359" xlink:href="#tok_359"/><!-- ⲉⲃⲟⲗ -->
<mark id="norm_group_360" xlink:href="#tok_360"/><!-- ϩⲛ -->
<mark id="norm_group_361" xlink:href="#tok_361"/><!-- ⲛⲉⲧⲛϩⲉⲃⲏⲩⲉ -->
<mark id="norm_group_362" xlink:href="#tok_362"/><!-- ⲉⲧⲛⲁⲛⲟⲩⲟⲩ -->
<mark id="norm_group_363" xlink:href="#tok_363"/><!-- ⲛⲥⲉϯ -->
<mark id="norm_group_364" xlink:href="#tok_364"/><!-- ⲉⲟⲟⲩ -->
<mark id="norm_group_365" xlink:href="#xpointer(id('tok_365')/range-to(id('tok_367')))"/><!-- ⲙ...ⲛⲟⲩⲧⲉ -->
<mark id="norm_group_368" xlink:href="#tok_368"/><!-- ϩⲙ -->
<mark id="norm_group_369" xlink:href="#xpointer(id('tok_369')/range-to(id('tok_370')))"/><!-- ⲡⲉ...ϩⲟⲟⲩ -->
<mark id="norm_group_371" xlink:href="#tok_371"/><!-- ⲙⲡϭⲙ -->
<mark id="norm_group_372" xlink:href="#xpointer(id('tok_372')/range-to(id('tok_373')))"/><!-- ⲡ...ϣⲓⲛⲉ -->
<mark id="norm_group_374" xlink:href="#tok_374"/><!-- ⲑⲃⲃⲓⲉ -->
<mark id="norm_group_375" xlink:href="#tok_375"/><!-- ⲧⲏⲩⲧⲛ -->
<mark id="norm_group_376" xlink:href="#tok_376"/><!-- ⲛⲥⲱⲛⲧ -->
<mark id="norm_group_377" xlink:href="#tok_377"/><!-- ⲛⲓⲙ -->
<mark id="norm_group_378" xlink:href="#xpointer(id('tok_378')/range-to(id('tok_379')))"/><!-- ⲛ...ⲣⲱⲙⲉ -->
<mark id="norm_group_380" xlink:href="#tok_380"/><!-- ⲉⲧⲃⲉ -->
<mark id="norm_group_381" xlink:href="#xpointer(id('tok_381')/range-to(id('tok_382')))"/><!-- ⲡ...ϫⲟⲉⲓⲥ -->
<mark id="norm_group_383" xlink:href="#tok_383"/><!-- ⲉⲓⲧⲉ -->
<mark id="norm_group_384" xlink:href="#xpointer(id('tok_384')/range-to(id('tok_385')))"/><!-- ⲟⲩ...ⲣⲣⲟ -->
<mark id="norm_group_386" xlink:href="#tok_386"/><!-- ϩⲱⲥ -->
<mark id="norm_group_387" xlink:href="#xpointer(id('tok_387')/range-to(id('tok_389')))"/><!-- ⲉ...ϫⲟⲥⲉ -->
<mark id="norm_group_390" xlink:href="#tok_390"/><!-- ⲉⲓⲧⲉ -->
<mark id="norm_group_391" xlink:href="#tok_391"/><!-- ϩⲩⲅⲉⲙⲱⲛ -->
<mark id="norm_group_392" xlink:href="#tok_392"/><!-- ϩⲱⲥ -->
<mark id="norm_group_393" xlink:href="#xpointer(id('tok_393')/range-to(id('tok_395')))"/><!-- ⲉ...ⲧⲛⲛⲟⲟⲩ -->
<mark id="norm_group_396" xlink:href="#xpointer(id('tok_396')/range-to(id('tok_397')))"/><!-- ⲙⲙⲟ...ⲟⲩ -->
<mark id="norm_group_398" xlink:href="#tok_398"/><!-- ⲉⲃⲟⲗ -->
<mark id="norm_group_399" xlink:href="#xpointer(id('tok_399')/range-to(id('tok_400')))"/><!-- ϩⲓⲧⲟⲟⲧ...ϥ -->
<mark id="norm_group_401" xlink:href="#xpointer(id('tok_401')/range-to(id('tok_402')))"/><!-- ⲉⲧ...ϫⲓ -->
<mark id="norm_group_403" xlink:href="#tok_403"/><!-- ⲕⲃⲁ -->
<mark id="norm_group_404" xlink:href="#xpointer(id('tok_404')/range-to(id('tok_407')))"/><!-- ⲛ...ⲉⲓⲣⲉ -->
<mark id="norm_group_408" xlink:href="#xpointer(id('tok_408')/range-to(id('tok_411')))"/><!-- ⲙ...ϩⲟⲟⲩ -->
<mark id="norm_group_412" xlink:href="#tok_412"/><!-- ⲉⲡⲧⲁⲓⲟ -->
<mark id="norm_group_413" xlink:href="#tok_413"/><!-- ⲇⲉ -->
<mark id="norm_group_414" xlink:href="#tok_414"/><!-- ⲛⲛⲣⲉϥⲣⲡ -->
<mark id="norm_group_415" xlink:href="#tok_415"/><!-- ⲡⲉⲧⲛⲁⲛⲟⲩϥ -->
<mark id="norm_group_416" xlink:href="#tok_416"/><!-- ϫⲉ -->
<mark id="norm_group_417" xlink:href="#tok_417"/><!-- ⲧⲁⲓ -->
<mark id="norm_group_418" xlink:href="#tok_418"/><!-- ⲧⲉ -->
<mark id="norm_group_419" xlink:href="#xpointer(id('tok_419')/range-to(id('tok_420')))"/><!-- ⲧ...ϩⲉ -->
<mark id="norm_group_421" xlink:href="#xpointer(id('tok_421')/range-to(id('tok_423')))"/><!-- ⲙ...ⲟⲩⲱϣ -->
<mark id="norm_group_424" xlink:href="#xpointer(id('tok_424')/range-to(id('tok_426')))"/><!-- ⲙ...ⲛⲟⲩⲧⲉ -->
<mark id="norm_group_427" xlink:href="#xpointer(id('tok_427')/range-to(id('tok_428')))"/><!-- ⲉⲧⲉⲧⲛⲉ...ⲓⲣⲉ -->
<mark id="norm_group_429" xlink:href="#tok_429"/><!-- ⲙⲡⲡⲉⲧⲛⲁⲛⲟⲩϥ -->
<mark id="norm_group_430" xlink:href="#xpointer(id('tok_430')/range-to(id('tok_432')))"/><!-- ⲛ...ϣⲧⲁⲙ -->
<mark id="norm_group_433" xlink:href="#tok_433"/><!-- ⲉⲣⲉ -->
<mark id="norm_group_434" xlink:href="#xpointer(id('tok_434')/range-to(id('tok_436')))"/><!-- ⲛ...ⲙⲛⲧⲁⲧⲥⲟⲟⲩⲛ -->
<mark id="norm_group_437" xlink:href="#xpointer(id('tok_437')/range-to(id('tok_439')))"/><!-- ⲛ...ⲁⲑⲏⲧ -->
<mark id="norm_group_440" xlink:href="#xpointer(id('tok_440')/range-to(id('tok_441')))"/><!-- ⲛ...ⲣⲱⲙⲉ -->
<mark id="norm_group_442" xlink:href="#tok_442"/><!-- ϩⲱⲥ -->
<mark id="norm_group_443" xlink:href="#tok_443"/><!-- ⲣⲙϩⲉ -->
<mark id="norm_group_444" xlink:href="#xpointer(id('tok_444')/range-to(id('tok_446')))"/><!-- ⲛ...ⲙⲛⲧⲣⲙϩⲉ -->
<mark id="norm_group_447" xlink:href="#tok_447"/><!-- ϣⲟⲟⲡ -->
<mark id="norm_group_448" xlink:href="#xpointer(id('tok_448')/range-to(id('tok_449')))"/><!-- ⲛⲏ...ⲧⲛ -->
<mark id="norm_group_450" xlink:href="#tok_450"/><!-- ⲁⲛ -->
<mark id="norm_group_451" xlink:href="#tok_451"/><!-- ϩⲱⲥ -->
<mark id="norm_group_452" xlink:href="#tok_452"/><!-- . -->
<mark id="norm_group_453" xlink:href="#tok_453"/><!-- ϩⲃⲥ -->
<mark id="norm_group_454" xlink:href="#xpointer(id('tok_454')/range-to(id('tok_455')))"/><!-- ⲛ...ⲕⲁⲕⲓⲁ -->
<mark id="norm_group_456" xlink:href="#tok_456"/><!-- ⲁⲗⲗⲁ -->
<mark id="norm_group_457" xlink:href="#tok_457"/><!-- ϩⲱⲥ -->
<mark id="norm_group_458" xlink:href="#tok_458"/><!-- ϩⲙϩⲁⲗ -->
<mark id="norm_group_459" xlink:href="#tok_459"/><!-- ⲛⲧⲉ -->
<mark id="norm_group_460" xlink:href="#xpointer(id('tok_460')/range-to(id('tok_461')))"/><!-- ⲡ...ⲛⲟⲩⲧⲉ -->
<mark id="norm_group_462" xlink:href="#tok_462"/><!-- . -->
<mark id="norm_group_463" xlink:href="#tok_463"/><!-- ⲛⲧⲉⲧⲛⲧⲁⲉⲓⲉ -->
<mark id="norm_group_464" xlink:href="#tok_464"/><!-- ⲟⲩⲟⲛ -->
<mark id="norm_group_465" xlink:href="#tok_465"/><!-- ⲛⲓⲙ -->
<mark id="norm_group_466" xlink:href="#xpointer(id('tok_466')/range-to(id('tok_468')))"/><!-- ⲛ...ⲙⲉⲣⲉ -->
<mark id="norm_group_469" xlink:href="#xpointer(id('tok_469')/range-to(id('tok_470')))"/><!-- ⲛⲉⲧⲛ...ⲉⲣⲏⲩ -->
<mark id="norm_group_471" xlink:href="#xpointer(id('tok_471')/range-to(id('tok_473')))"/><!-- ⲛ...ⲣ -->
<mark id="norm_group_474" xlink:href="#tok_474"/><!-- ϩⲟⲧⲉ -->
<mark id="norm_group_475" xlink:href="#xpointer(id('tok_475')/range-to(id('tok_476')))"/><!-- ⲛϩⲏⲧ...ϥ -->
<mark id="norm_group_477" xlink:href="#xpointer(id('tok_477')/range-to(id('tok_479')))"/><!-- ⲙ...ⲛⲟⲩⲧⲉ -->
<mark id="norm_group_480" xlink:href="#xpointer(id('tok_480')/range-to(id('tok_482')))"/><!-- ⲛ...ⲧⲁⲓⲉ -->
<mark id="norm_group_483" xlink:href="#xpointer(id('tok_483')/range-to(id('tok_484')))"/><!-- ⲡ...ⲣⲣⲟ -->
<mark id="norm_group_485" xlink:href="#tok_485"/><!-- . -->
<mark id="norm_group_486" xlink:href="#xpointer(id('tok_486')/range-to(id('tok_487')))"/><!-- ⲛ...ϩⲙϩⲁⲗ -->
<mark id="norm_group_488" xlink:href="#tok_488"/><!-- ⲥⲱⲧⲙ -->
<mark id="norm_group_489" xlink:href="#tok_489"/><!-- ⲛⲥⲁ -->
<mark id="norm_group_490" xlink:href="#tok_490"/><!-- ⲛⲉⲧⲛϫⲓⲥⲟⲟⲩⲉ -->
<mark id="norm_group_491" xlink:href="#tok_491"/><!-- ϩⲛ -->
<mark id="norm_group_492" xlink:href="#tok_492"/><!-- ϩⲟⲧⲉ -->
<mark id="norm_group_493" xlink:href="#tok_493"/><!-- ⲛⲓⲙ -->
<mark id="norm_group_494" xlink:href="#tok_494"/><!-- ⲛⲉⲧⲛⲁⲛⲟⲩⲟⲩ -->
<mark id="norm_group_495" xlink:href="#tok_495"/><!-- ⲙⲙⲁⲧⲉ -->
<mark id="norm_group_496" xlink:href="#tok_496"/><!-- ⲁⲛ -->
<mark id="norm_group_497" xlink:href="#tok_497"/><!-- ⲙⲛ -->
<mark id="norm_group_498" xlink:href="#xpointer(id('tok_498')/range-to(id('tok_499')))"/><!-- ⲛ...ϩⲁⲕ -->
<mark id="norm_group_500" xlink:href="#tok_500"/><!-- ⲁⲗⲗⲁ -->
<mark id="norm_group_501" xlink:href="#xpointer(id('tok_501')/range-to(id('tok_502')))"/><!-- ⲛ...ⲕⲟⲟⲩⲉ -->
<mark id="norm_group_503" xlink:href="#xpointer(id('tok_503')/range-to(id('tok_505')))"/><!-- ⲉ...ϭⲟⲟⲙⲉ -->
<mark id="norm_group_506" xlink:href="#tok_506"/><!-- . -->
<mark id="norm_group_507" xlink:href="#tok_507"/><!-- ⲡⲁⲓ -->
<mark id="norm_group_508" xlink:href="#tok_508"/><!-- ⲅⲁⲣ -->
<mark id="norm_group_509" xlink:href="#xpointer(id('tok_509')/range-to(id('tok_510')))"/><!-- ⲟⲩ...ϩⲙⲟⲧ -->
<mark id="norm_group_511" xlink:href="#tok_511"/><!-- ⲡⲉ -->
<mark id="norm_group_512" xlink:href="#tok_512"/><!-- ⲉϣϫⲉ -->
<mark id="norm_group_513" xlink:href="#tok_513"/><!-- ⲉⲧⲃⲉ -->
<mark id="norm_group_514" xlink:href="#xpointer(id('tok_514')/range-to(id('tok_515')))"/><!-- ⲟⲩ...ⲥⲩⲛⲉⲓⲇⲏⲥⲓⲥ -->
<mark id="norm_group_516" xlink:href="#tok_516"/><!-- ⲛⲧⲉ -->
<mark id="norm_group_517" xlink:href="#xpointer(id('tok_517')/range-to(id('tok_518')))"/><!-- ⲡ...ⲛⲟⲩⲧⲉ -->
<mark id="norm_group_519" xlink:href="#tok_519"/><!-- ⲟⲩⲛ -->
<mark id="norm_group_520" xlink:href="#tok_520"/><!-- ⲟⲩⲁ -->
<mark id="norm_group_521" xlink:href="#xpointer(id('tok_521')/range-to(id('tok_522')))"/><!-- ⲛⲁ...ϥⲓ -->
<mark id="norm_group_523" xlink:href="#tok_523"/><!-- ϩⲁϩⲉⲛⲗⲏⲡⲏ -->
<mark id="norm_group_524" xlink:href="#xpointer(id('tok_524')/range-to(id('tok_526')))"/><!-- ⲉ...ϣⲡ -->
<mark id="norm_group_527" xlink:href="#tok_527"/><!-- ϩⲓⲥⲉ -->
<mark id="norm_group_528" xlink:href="#tok_528"/><!-- ϩⲛ -->
<mark id="norm_group_529" xlink:href="#tok_529"/><!-- ⲟⲩϫⲓⲛ -->
<mark id="norm_group_530" xlink:href="#tok_530"/><!-- ϭⲟⲛⲥ -->
<mark id="norm_group_531" xlink:href="#tok_531"/><!-- . -->
<mark id="norm_group_532" xlink:href="#tok_532"/><!-- ⲁϣ -->
<mark id="norm_group_533" xlink:href="#tok_533"/><!-- ⲅⲁⲣ -->
<mark id="norm_group_534" xlink:href="#tok_534"/><!-- ⲡⲉ -->
<mark id="norm_group_535" xlink:href="#xpointer(id('tok_535')/range-to(id('tok_536')))"/><!-- ⲡⲉⲧⲛ...ⲉⲟⲟⲩ -->
<mark id="norm_group_537" xlink:href="#xpointer(id('tok_537')/range-to(id('tok_538')))"/><!-- ⲉⲧⲉⲧⲛϣⲁⲛ...ⲣ -->
<mark id="norm_group_539" xlink:href="#tok_539"/><!-- ⲛⲟⲃⲉ -->
<mark id="norm_group_540" xlink:href="#tok_540"/><!-- ⲛⲥⲉϩⲓⲟⲩⲉ -->
<mark id="norm_group_541" xlink:href="#xpointer(id('tok_541')/range-to(id('tok_542')))"/><!-- ⲉⲣⲱ...ⲧⲛ -->
<mark id="norm_group_543" xlink:href="#xpointer(id('tok_543')/range-to(id('tok_545')))"/><!-- ⲛ...ϭⲱ -->
<mark id="norm_group_546" xlink:href="#tok_546"/><!-- ⲁⲗⲗⲁ -->
<mark id="norm_group_547" xlink:href="#tok_547"/><!-- ⲉϣϫⲉ -->
<mark id="norm_group_548" xlink:href="#xpointer(id('tok_548')/range-to(id('tok_549')))"/><!-- ⲧⲉⲧⲛ...ⲉⲓⲣⲉ -->
<mark id="norm_group_550" xlink:href="#tok_550"/><!-- ⲙⲡⲉⲧⲛⲁⲛⲟⲩϥ -->
<mark id="norm_group_551" xlink:href="#xpointer(id('tok_551')/range-to(id('tok_552')))"/><!-- ⲥⲉ...ϩⲓⲟⲩⲉ -->
<mark id="norm_group_553" xlink:href="#xpointer(id('tok_553')/range-to(id('tok_554')))"/><!-- ⲉⲣⲱ...ⲧⲛ -->
<mark id="norm_group_555" xlink:href="#xpointer(id('tok_555')/range-to(id('tok_556')))"/><!-- ⲧⲉⲧⲛ...ϭⲉⲉⲧ -->
<mark id="norm_group_557" xlink:href="#tok_557"/><!-- ⲡⲁⲓ -->
<mark id="norm_group_558" xlink:href="#xpointer(id('tok_558')/range-to(id('tok_559')))"/><!-- ⲟⲩ...ϩⲙⲟⲧ -->
<mark id="norm_group_560" xlink:href="#tok_560"/><!-- ⲡⲉ -->
<mark id="norm_group_561" xlink:href="#tok_561"/><!-- ⲛⲁϩⲣⲙ -->
<mark id="norm_group_562" xlink:href="#xpointer(id('tok_562')/range-to(id('tok_563')))"/><!-- ⲡ...ⲛⲟⲩⲧⲉ -->
<mark id="norm_group_564" xlink:href="#tok_564"/><!-- ⲛⲧⲁⲩⲧⲉϩⲙ -->
<mark id="norm_group_565" xlink:href="#tok_565"/><!-- ⲧⲏⲩⲧⲛ -->
<mark id="norm_group_566" xlink:href="#tok_566"/><!-- ⲅⲁⲣ -->
<mark id="norm_group_567" xlink:href="#xpointer(id('tok_567')/range-to(id('tok_568')))"/><!-- ⲉ...ⲡⲁⲓ -->
<mark id="norm_group_569" xlink:href="#tok_569"/><!-- ϫⲉ -->
<mark id="norm_group_570" xlink:href="#xpointer(id('tok_570')/range-to(id('tok_571')))"/><!-- ⲡⲉ...ⲭⲣⲓⲥⲧⲟⲥ -->
<mark id="norm_group_572" xlink:href="#xpointer(id('tok_572')/range-to(id('tok_573')))"/><!-- ϩⲱⲱ...ϥ -->
<mark id="norm_group_574" xlink:href="#xpointer(id('tok_574')/range-to(id('tok_576')))"/><!-- ⲁ...ϣⲡ -->
<mark id="norm_group_577" xlink:href="#tok_577"/><!-- ϩⲓⲥⲉ -->
<mark id="norm_group_578" xlink:href="#xpointer(id('tok_578')/range-to(id('tok_579')))"/><!-- ϩⲁⲣⲱ...ⲧⲛ -->
<mark id="norm_group_580" xlink:href="#xpointer(id('tok_580')/range-to(id('tok_582')))"/><!-- ⲉ...ⲕⲱ -->
<mark id="norm_group_583" xlink:href="#xpointer(id('tok_583')/range-to(id('tok_584')))"/><!-- ⲛⲏ...ⲧⲛ -->
<mark id="norm_group_585" xlink:href="#xpointer(id('tok_585')/range-to(id('tok_587')))"/><!-- ⲛ...ⲥⲙⲟⲧ -->
<mark id="norm_group_588" xlink:href="#tok_588"/><!-- ϫⲉⲕⲁⲁⲥ -->
<mark id="norm_group_589" xlink:href="#tok_589"/><!-- ⲧⲉⲧⲛⲁⲁⲟⲩⲉϩ -->
<mark id="norm_group_590" xlink:href="#tok_590"/><!-- ⲧⲏⲩⲧⲛ -->
<mark id="norm_group_591" xlink:href="#xpointer(id('tok_591')/range-to(id('tok_593')))"/><!-- ⲛⲥⲁ...ϩⲓⲟⲟⲩⲉ -->
<mark id="norm_group_594" xlink:href="#tok_594"/><!-- ⲡⲁⲓ -->
<mark id="norm_group_595" xlink:href="#tok_595"/><!-- ⲉⲧ -->
<mark id="norm_group_596" xlink:href="#xpointer(id('tok_596')/range-to(id('tok_598')))"/><!-- ⲙⲡ...ⲣ -->
<mark id="norm_group_599" xlink:href="#tok_599"/><!-- ⲛⲟⲃⲉ -->
<mark id="norm_group_600" xlink:href="#tok_600"/><!-- ⲟⲩⲇⲉ -->
<mark id="norm_group_601" xlink:href="#xpointer(id('tok_601')/range-to(id('tok_603')))"/><!-- ⲙⲡ...ϩⲉ -->
<mark id="norm_group_604" xlink:href="#tok_604"/><!-- ⲕⲣⲟϥ -->
<mark id="norm_group_605" xlink:href="#tok_605"/><!-- ϩⲛ -->
<mark id="norm_group_606" xlink:href="#xpointer(id('tok_606')/range-to(id('tok_607')))"/><!-- ⲧⲉϥ...ⲧⲁⲡⲣⲟ -->
<mark id="norm_group_608" xlink:href="#tok_608"/><!-- . -->
<mark id="norm_group_609" xlink:href="#tok_609"/><!-- ⲡⲁⲓ -->
<mark id="norm_group_610" xlink:href="#xpointer(id('tok_610')/range-to(id('tok_612')))"/><!-- ⲉ...ⲥⲁϩⲟⲩ -->
<mark id="norm_group_613" xlink:href="#xpointer(id('tok_613')/range-to(id('tok_614')))"/><!-- ⲙⲙⲟ...ϥ -->
<mark id="norm_group_615" xlink:href="#xpointer(id('tok_615')/range-to(id('tok_617')))"/><!-- ⲙ...ⲥⲁϩⲟⲩ -->
<mark id="norm_group_618" xlink:href="#xpointer(id('tok_618')/range-to(id('tok_620')))"/><!-- ⲉ...ϣⲡ -->
<mark id="norm_group_621" xlink:href="#tok_621"/><!-- ϩⲓⲥⲉ -->
<mark id="norm_group_622" xlink:href="#tok_622"/><!-- ⲛϥⲛⲟϭⲥ -->
<mark id="norm_group_623" xlink:href="#tok_623"/><!-- ⲁⲛ -->
<mark id="norm_group_624" xlink:href="#tok_624"/><!-- ⲡⲉ -->
<mark id="norm_group_625" xlink:href="#xpointer(id('tok_625')/range-to(id('tok_627')))"/><!-- ⲛⲉ...ⲕⲱ -->
<mark id="norm_group_628" xlink:href="#tok_628"/><!-- ⲇⲉ -->
<mark id="norm_group_629" xlink:href="#xpointer(id('tok_629')/range-to(id('tok_631')))"/><!-- ⲙ...ⲙⲁ -->
<mark id="norm_group_632" xlink:href="#xpointer(id('tok_632')/range-to(id('tok_636')))"/><!-- ⲙ...ⲕⲣⲓⲛⲉ -->
<mark id="norm_group_637" xlink:href="#tok_637"/><!-- ⲇⲓⲕⲁⲓⲱⲥ -->
<mark id="norm_group_638" xlink:href="#tok_638"/><!-- . -->
<mark id="norm_group_639" xlink:href="#tok_639"/><!-- ⲡⲁⲓ -->
<mark id="norm_group_640" xlink:href="#xpointer(id('tok_640')/range-to(id('tok_643')))"/><!-- ⲛⲧ...ⲧⲁⲗⲟ -->
<mark id="norm_group_644" xlink:href="#tok_644"/><!-- ⲉϩⲣⲁⲓ -->
<mark id="norm_group_645" xlink:href="#xpointer(id('tok_645')/range-to(id('tok_647')))"/><!-- ⲛ...ⲛⲟⲃⲉ -->
<mark id="norm_group_648" xlink:href="#tok_648"/><!-- ⲉϩⲣⲁⲓ -->
<mark id="norm_group_649" xlink:href="#tok_649"/><!-- ϩⲙ -->
<mark id="norm_group_650" xlink:href="#xpointer(id('tok_650')/range-to(id('tok_651')))"/><!-- ⲡⲉϥ...ⲥⲱⲙⲁ -->
<mark id="norm_group_652" xlink:href="#tok_652"/><!-- ⲉϫⲙ -->
<mark id="norm_group_653" xlink:href="#xpointer(id('tok_653')/range-to(id('tok_654')))"/><!-- ⲡ...ϣⲉ -->
<mark id="norm_group_655" xlink:href="#tok_655"/><!-- ϫⲉⲕⲁⲁⲥ -->
<mark id="norm_group_656" xlink:href="#xpointer(id('tok_656')/range-to(id('tok_660')))"/><!-- ⲉ...ⲛ -->
<mark id="norm_group_661" xlink:href="#tok_661"/><!-- ⲛⲁϩⲣⲙ -->
<mark id="norm_group_662" xlink:href="#xpointer(id('tok_662')/range-to(id('tok_663')))"/><!-- ⲡ...ⲛⲟⲃⲉ -->
<mark id="norm_group_664" xlink:href="#tok_664"/><!-- ⲛⲧⲛⲱⲛϩ -->
<mark id="norm_group_665" xlink:href="#tok_665"/><!-- ϩⲛ -->
<mark id="norm_group_666" xlink:href="#tok_666"/><!-- ⲇⲓⲕⲁⲓⲟⲥⲩⲛⲏ -->
<mark id="norm_group_667" xlink:href="#tok_667"/><!-- ⲡⲁⲓ -->
<mark id="norm_group_668" xlink:href="#xpointer(id('tok_668')/range-to(id('tok_671')))"/><!-- ⲛⲧ...ⲧⲁⲗϭⲟ -->
<mark id="norm_group_672" xlink:href="#tok_672"/><!-- ϩⲙ -->
<mark id="norm_group_673" xlink:href="#tok_673"/><!-- ⲡⲉϥⲥⲁϣ -->
<mark id="norm_group_674" xlink:href="#tok_674"/><!-- . -->
<mark id="norm_group_675" xlink:href="#xpointer(id('tok_675')/range-to(id('tok_677')))"/><!-- ⲛⲉ...ⲟ -->
<mark id="norm_group_678" xlink:href="#tok_678"/><!-- ⲅⲁⲣ -->
<mark id="norm_group_679" xlink:href="#tok_679"/><!-- ⲡⲉ -->
<mark id="norm_group_680" xlink:href="#xpointer(id('tok_680')/range-to(id('tok_682')))"/><!-- ⲛ...ϩⲉ -->
<mark id="norm_group_683" xlink:href="#xpointer(id('tok_683')/range-to(id('tok_685')))"/><!-- ⲛ...ⲉⲥⲟⲟⲩ -->
<mark id="norm_group_686" xlink:href="#xpointer(id('tok_686')/range-to(id('tok_687')))"/><!-- ⲉⲧ...ⲥⲟⲣⲙ -->
<mark id="norm_group_688" xlink:href="#tok_688"/><!-- ⲁⲗⲗⲁ -->
<mark id="norm_group_689" xlink:href="#tok_689"/><!-- ⲧⲉⲛⲟⲩ -->
<mark id="norm_group_690" xlink:href="#xpointer(id('tok_690')/range-to(id('tok_692')))"/><!-- ⲁ...ⲕⲉⲧ -->
<mark id="norm_group_693" xlink:href="#tok_693"/><!-- ⲧⲏⲩⲧⲛ -->
<mark id="norm_group_694" xlink:href="#xpointer(id('tok_694')/range-to(id('tok_696')))"/><!-- ⲉ...ϣⲱⲥ -->
<mark id="norm_group_697" xlink:href="#xpointer(id('tok_697')/range-to(id('tok_698')))"/><!-- ⲡ...ⲉⲡⲓⲥⲕⲟⲡⲟⲥ -->
<mark id="norm_group_699" xlink:href="#tok_699"/><!-- ⲛⲛⲉⲧⲙⲯⲩⲭⲏ -->
<mark id="norm_group_700" xlink:href="#tok_700"/><!-- . -->
</markList>
</paula>
