<?xml version="1.0" encoding="UTF-8" standalone="no"?>

<!DOCTYPE paula SYSTEM "paula_feat.dtd">
<paula version="1.0">

<header paula_id="sahidica.nt.1_Peter_2_orig"/>

<featList xmlns:xlink="http://www.w3.org/1999/xlink" type="orig" xml:base="sahidica.nt.1_Peter_2.origSeg.xml">
<feat xlink:href="#orig_1" value="ⲉ"/><!-- ⲉ -->
<feat xlink:href="#orig_2" value="ⲁ"/><!-- ⲁ -->
<feat xlink:href="#orig_3" value="ⲧⲉⲧⲛ"/><!-- ⲧⲉⲧⲛ -->
<feat xlink:href="#orig_4" value="ⲕⲱ"/><!-- ⲕⲱ -->
<feat xlink:href="#orig_5" value="ϭⲉ"/><!-- ϭⲉ -->
<feat xlink:href="#orig_6" value="ⲉϩⲣⲁⲓ"/><!-- ⲉϩⲣⲁⲓ -->
<feat xlink:href="#orig_7" value="ⲛ"/><!-- ⲛ -->
<feat xlink:href="#orig_8" value="ⲕⲁⲕⲓⲁ"/><!-- ⲕⲁⲕⲓⲁ -->
<feat xlink:href="#orig_9" value="ⲛⲓⲙ"/><!-- ⲛⲓⲙ -->
<feat xlink:href="#orig_10" value="ⲙⲛ"/><!-- ⲙⲛ -->
<feat xlink:href="#orig_11" value="ⲕⲣⲟϥ"/><!-- ⲕⲣⲟϥ -->
<feat xlink:href="#orig_12" value="ⲛⲓⲙ"/><!-- ⲛⲓⲙ -->
<feat xlink:href="#orig_13" value="ⲙⲛ"/><!-- ⲙⲛ -->
<feat xlink:href="#orig_14" value="ϩⲩⲡⲟⲕⲣⲏⲥⲓⲥ"/><!-- ϩⲩⲡⲟⲕⲣⲏⲥⲓⲥ -->
<feat xlink:href="#orig_15" value="ⲛⲓⲙ"/><!-- ⲛⲓⲙ -->
<feat xlink:href="#orig_16" value="ⲙⲛ"/><!-- ⲙⲛ -->
<feat xlink:href="#orig_17" value="ⲗⲁ"/><!-- ⲗⲁ -->
<feat xlink:href="#orig_18" value="ⲛⲓⲙ"/><!-- ⲛⲓⲙ -->
<feat xlink:href="#orig_19" value="ⲙⲛ"/><!-- ⲙⲛ -->
<feat xlink:href="#orig_20" value="ⲕⲁⲧⲁⲗⲁⲗⲓⲁ"/><!-- ⲕⲁⲧⲁⲗⲁⲗⲓⲁ -->
<feat xlink:href="#orig_21" value="ⲛⲓⲙ"/><!-- ⲛⲓⲙ -->
<feat xlink:href="#orig_22" value="ⲛ"/><!-- ⲛ -->
<feat xlink:href="#orig_23" value="ⲧ"/><!-- ⲧ -->
<feat xlink:href="#orig_24" value="ϩⲉ"/><!-- ϩⲉ -->
<feat xlink:href="#orig_25" value="ⲛ"/><!-- ⲛ -->
<feat xlink:href="#orig_26" value="ϩⲉⲛ"/><!-- ϩⲉⲛ -->
<feat xlink:href="#orig_27" value="ϣⲏⲣⲉ"/><!-- ϣⲏⲣⲉ -->
<feat xlink:href="#orig_28" value="ϣⲏⲙ"/><!-- ϣⲏⲙ -->
<feat xlink:href="#orig_29" value="ⲉ"/><!-- ⲉ -->
<feat xlink:href="#orig_30" value="ⲁ"/><!-- ⲁ -->
<feat xlink:href="#orig_31" value="ⲩ"/><!-- ⲩ -->
<feat xlink:href="#orig_32" value="ϫⲡⲟ"/><!-- ϫⲡⲟ -->
<feat xlink:href="#orig_33" value="ⲟⲩ"/><!-- ⲟⲩ -->
<feat xlink:href="#orig_34" value="ⲧⲉⲛⲟⲩ"/><!-- ⲧⲉⲛⲟⲩ -->
<feat xlink:href="#orig_35" value="ⲛ"/><!-- ⲛ -->
<feat xlink:href="#orig_36" value="ⲧⲉⲧⲛ"/><!-- ⲧⲉⲧⲛ -->
<feat xlink:href="#orig_37" value="ⲙⲉⲣⲉ"/><!-- ⲙⲉⲣⲉ -->
<feat xlink:href="#orig_38" value="ⲡ"/><!-- ⲡ -->
<feat xlink:href="#orig_39" value="ⲉⲣⲱⲧⲉ"/><!-- ⲉⲣⲱⲧⲉ -->
<feat xlink:href="#orig_40" value="ⲉⲧ"/><!-- ⲉⲧ -->
<feat xlink:href="#orig_41" value="ⲟⲩⲁⲁⲃ"/><!-- ⲟⲩⲁⲁⲃ -->
<feat xlink:href="#orig_42" value="ⲛⲗⲟⲅⲓⲕⲟⲛ"/><!-- ⲛⲗⲟⲅⲓⲕⲟⲛ -->
<feat xlink:href="#orig_43" value="ⲉⲧⲉ"/><!-- ⲉⲧⲉ -->
<feat xlink:href="#orig_44" value="ⲙⲛ"/><!-- ⲙⲛ -->
<feat xlink:href="#orig_45" value="ⲕⲣⲟϥ"/><!-- ⲕⲣⲟϥ -->
<feat xlink:href="#orig_46" value="ⲛϩⲏⲧ"/><!-- ⲛϩⲏⲧ -->
<feat xlink:href="#orig_47" value="ϥ"/><!-- ϥ -->
<feat xlink:href="#orig_48" value="ϫⲉⲕⲁⲁⲥ"/><!-- ϫⲉⲕⲁⲁⲥ -->
<feat xlink:href="#orig_49" value="ⲉⲧⲉⲧⲛⲛⲁⲓⲁⲓ"/><!-- ⲉⲧⲉⲧⲛⲛⲁⲓⲁⲓ -->
<feat xlink:href="#orig_50" value="ϩⲣⲁⲓ"/><!-- ϩⲣⲁⲓ -->
<feat xlink:href="#orig_51" value="ⲛϩⲏⲧ"/><!-- ⲛϩⲏⲧ -->
<feat xlink:href="#orig_52" value="ϥ"/><!-- ϥ -->
<feat xlink:href="#orig_53" value="ⲉ"/><!-- ⲉ -->
<feat xlink:href="#orig_54" value="ⲩ"/><!-- ⲩ -->
<feat xlink:href="#orig_55" value="ⲟⲩϫⲁⲓ"/><!-- ⲟⲩϫⲁⲓ -->
<feat xlink:href="#orig_56" value="."/><!-- . -->
<feat xlink:href="#orig_57" value="ⲉϣϫⲉ"/><!-- ⲉϣϫⲉ -->
<feat xlink:href="#orig_58" value="ⲁ"/><!-- ⲁ -->
<feat xlink:href="#orig_59" value="ⲧⲉⲧⲛ"/><!-- ⲧⲉⲧⲛ -->
<feat xlink:href="#orig_60" value="ϫⲓ"/><!-- ϫⲓ -->
<feat xlink:href="#orig_61" value="ϯⲡⲉ"/><!-- ϯⲡⲉ -->
<feat xlink:href="#orig_62" value="ϫⲉ"/><!-- ϫⲉ -->
<feat xlink:href="#orig_63" value="ⲟⲩ"/><!-- ⲟⲩ -->
<feat xlink:href="#orig_64" value="ⲭⲣⲏⲥⲧⲟⲥ"/><!-- ⲭⲣⲏⲥⲧⲟⲥ -->
<feat xlink:href="#orig_65" value="ⲡⲉ"/><!-- ⲡⲉ -->
<feat xlink:href="#orig_66" value="ⲡ"/><!-- ⲡ -->
<feat xlink:href="#orig_67" value="ϫⲟⲉⲓⲥ"/><!-- ϫⲟⲉⲓⲥ -->
<feat xlink:href="#orig_68" value="ⲡⲁⲓ"/><!-- ⲡⲁⲓ -->
<feat xlink:href="#orig_69" value="ⲉ"/><!-- ⲉ -->
<feat xlink:href="#orig_70" value="ⲧⲉⲧⲛ"/><!-- ⲧⲉⲧⲛ -->
<feat xlink:href="#orig_71" value="ϯ"/><!-- ϯ -->
<feat xlink:href="#orig_72" value="ⲙ"/><!-- ⲙ -->
<feat xlink:href="#orig_73" value="ⲡⲉⲧⲛ"/><!-- ⲡⲉⲧⲛ -->
<feat xlink:href="#orig_74" value="ⲟⲩⲟⲓ"/><!-- ⲟⲩⲟⲓ -->
<feat xlink:href="#orig_75" value="ⲉϩⲟⲩⲛ"/><!-- ⲉϩⲟⲩⲛ -->
<feat xlink:href="#orig_76" value="ⲉⲣⲟ"/><!-- ⲉⲣⲟ -->
<feat xlink:href="#orig_77" value="ϥ"/><!-- ϥ -->
<feat xlink:href="#orig_78" value="ⲡ"/><!-- ⲡ -->
<feat xlink:href="#orig_79" value="ⲱⲛⲉ"/><!-- ⲱⲛⲉ -->
<feat xlink:href="#orig_80" value="ⲉⲧ"/><!-- ⲉⲧ -->
<feat xlink:href="#orig_81" value="ⲟⲛϩ"/><!-- ⲟⲛϩ -->
<feat xlink:href="#orig_82" value="ⲉ"/><!-- ⲉ -->
<feat xlink:href="#orig_83" value="ⲁ"/><!-- ⲁ -->
<feat xlink:href="#orig_84" value="ⲩ"/><!-- ⲩ -->
<feat xlink:href="#orig_85" value="ⲧⲥⲧⲟ"/><!-- ⲧⲥⲧⲟ -->
<feat xlink:href="#orig_86" value="ϥ"/><!-- ϥ -->
<feat xlink:href="#orig_87" value="ⲙⲉ"/><!-- ⲙⲉ -->
<feat xlink:href="#orig_88" value="ⲉⲃⲟⲗ"/><!-- ⲉⲃⲟⲗ -->
<feat xlink:href="#orig_89" value="ϩⲓⲧⲟⲟⲧ"/><!-- ϩⲓⲧⲟⲟⲧ -->
<feat xlink:href="#orig_90" value="ⲟⲩ"/><!-- ⲟⲩ -->
<feat xlink:href="#orig_91" value="ⲛⲛⲉⲣⲱⲙⲉ"/><!-- ⲛⲛⲉⲣⲱⲙⲉ -->
<feat xlink:href="#orig_92" value="ⲛⲁϩⲣⲙ"/><!-- ⲛⲁϩⲣⲙ -->
<feat xlink:href="#orig_93" value="ⲡ"/><!-- ⲡ -->
<feat xlink:href="#orig_94" value="ⲛⲟⲩⲧⲉ"/><!-- ⲛⲟⲩⲧⲉ -->
<feat xlink:href="#orig_95" value="ⲇⲉ"/><!-- ⲇⲉ -->
<feat xlink:href="#orig_96" value="ⲉ"/><!-- ⲉ -->
<feat xlink:href="#orig_97" value="ϥ"/><!-- ϥ -->
<feat xlink:href="#orig_98" value="ⲥⲟⲧⲡ"/><!-- ⲥⲟⲧⲡ -->
<feat xlink:href="#orig_99" value="ⲁⲩⲱ"/><!-- ⲁⲩⲱ -->
<feat xlink:href="#orig_100" value="ⲉ"/><!-- ⲉ -->
<feat xlink:href="#orig_101" value="ϥ"/><!-- ϥ -->
<feat xlink:href="#orig_102" value="ⲧⲁⲓⲏⲩ"/><!-- ⲧⲁⲓⲏⲩ -->
<feat xlink:href="#orig_103" value="."/><!-- . -->
<feat xlink:href="#orig_104" value="ⲛⲧⲱⲧⲛ"/><!-- ⲛⲧⲱⲧⲛ -->
<feat xlink:href="#orig_105" value="ϩⲱⲧ"/><!-- ϩⲱⲧ -->
<feat xlink:href="#orig_106" value="ⲧⲏⲩⲧⲛ"/><!-- ⲧⲏⲩⲧⲛ -->
<feat xlink:href="#orig_107" value="ⲕⲱⲧ"/><!-- ⲕⲱⲧ -->
<feat xlink:href="#orig_108" value="ⲙⲙⲱ"/><!-- ⲙⲙⲱ -->
<feat xlink:href="#orig_109" value="ⲧⲛ"/><!-- ⲧⲛ -->
<feat xlink:href="#orig_110" value="ϩⲱⲥ"/><!-- ϩⲱⲥ -->
<feat xlink:href="#orig_111" value="ⲱⲛⲉ"/><!-- ⲱⲛⲉ -->
<feat xlink:href="#orig_112" value="ⲉ"/><!-- ⲉ -->
<feat xlink:href="#orig_113" value="ϥ"/><!-- ϥ -->
<feat xlink:href="#orig_114" value="ⲟⲛϩ"/><!-- ⲟⲛϩ -->
<feat xlink:href="#orig_115" value="ⲛ"/><!-- ⲛ -->
<feat xlink:href="#orig_116" value="ⲟⲩ"/><!-- ⲟⲩ -->
<feat xlink:href="#orig_117" value="ⲏⲓ"/><!-- ⲏⲓ -->
<feat xlink:href="#orig_118" value="ⲙ"/><!-- ⲙ -->
<feat xlink:href="#orig_119" value="ⲡⲛⲉⲩⲙⲁⲧⲓⲕⲟⲛ"/><!-- ⲡⲛⲉⲩⲙⲁⲧⲓⲕⲟⲛ -->
<feat xlink:href="#orig_120" value="ⲉ"/><!-- ⲉ -->
<feat xlink:href="#orig_121" value="ⲩ"/><!-- ⲩ -->
<feat xlink:href="#orig_122" value="ϣⲙϣⲉ"/><!-- ϣⲙϣⲉ -->
<feat xlink:href="#orig_123" value="ⲉ"/><!-- ⲉ -->
<feat xlink:href="#orig_124" value="ϥ"/><!-- ϥ -->
<feat xlink:href="#orig_125" value="ⲟⲩⲁⲁⲃ"/><!-- ⲟⲩⲁⲁⲃ -->
<feat xlink:href="#orig_126" value="ⲉ"/><!-- ⲉ -->
<feat xlink:href="#orig_127" value="ⲧⲁⲗⲟ"/><!-- ⲧⲁⲗⲟ -->
<feat xlink:href="#orig_128" value="ⲉϩⲣⲁⲓ"/><!-- ⲉϩⲣⲁⲓ -->
<feat xlink:href="#orig_129" value="ⲛ"/><!-- ⲛ -->
<feat xlink:href="#orig_130" value="ϩⲉⲛ"/><!-- ϩⲉⲛ -->
<feat xlink:href="#orig_131" value="ⲑⲩⲥⲓⲁ"/><!-- ⲑⲩⲥⲓⲁ -->
<feat xlink:href="#orig_132" value="ⲙ"/><!-- ⲙ -->
<feat xlink:href="#orig_133" value="ⲡⲛⲉⲩⲙⲁⲧⲓⲕⲟⲛ"/><!-- ⲡⲛⲉⲩⲙⲁⲧⲓⲕⲟⲛ -->
<feat xlink:href="#orig_134" value="ⲉ"/><!-- ⲉ -->
<feat xlink:href="#orig_135" value="ⲩ"/><!-- ⲩ -->
<feat xlink:href="#orig_136" value="ϣⲏⲡ"/><!-- ϣⲏⲡ -->
<feat xlink:href="#orig_137" value="ⲙ"/><!-- ⲙ -->
<feat xlink:href="#orig_138" value="ⲡ"/><!-- ⲡ -->
<feat xlink:href="#orig_139" value="ⲛⲟⲩⲧⲉ"/><!-- ⲛⲟⲩⲧⲉ -->
<feat xlink:href="#orig_140" value="ϩⲓⲧⲛ"/><!-- ϩⲓⲧⲛ -->
<feat xlink:href="#orig_141" value="ⲓⲏⲥⲟⲩⲥ"/><!-- ⲓⲏⲥⲟⲩⲥ -->
<feat xlink:href="#orig_142" value="ⲡⲉ"/><!-- ⲡⲉ -->
<feat xlink:href="#orig_143" value="ⲭⲣⲓⲥⲧⲟⲥ"/><!-- ⲭⲣⲓⲥⲧⲟⲥ -->
<feat xlink:href="#orig_144" value="ϫⲉ"/><!-- ϫⲉ -->
<feat xlink:href="#orig_145" value="ϥ"/><!-- ϥ -->
<feat xlink:href="#orig_146" value="ⲥⲏϩ"/><!-- ⲥⲏϩ -->
<feat xlink:href="#orig_147" value="ϩⲛ"/><!-- ϩⲛ -->
<feat xlink:href="#orig_148" value="ⲧⲉ"/><!-- ⲧⲉ -->
<feat xlink:href="#orig_149" value="ⲅⲣⲁⲫⲏ"/><!-- ⲅⲣⲁⲫⲏ -->
<feat xlink:href="#orig_150" value="ϫⲉ"/><!-- ϫⲉ -->
<feat xlink:href="#orig_151" value="ⲉⲓⲥ"/><!-- ⲉⲓⲥ -->
<feat xlink:href="#orig_152" value="ϩⲏⲏⲧⲉ"/><!-- ϩⲏⲏⲧⲉ -->
<feat xlink:href="#orig_153" value="ϯ"/><!-- ϯ -->
<feat xlink:href="#orig_154" value="ⲛⲁ"/><!-- ⲛⲁ -->
<feat xlink:href="#orig_155" value="ⲕⲱ"/><!-- ⲕⲱ -->
<feat xlink:href="#orig_156" value="ϩⲛ"/><!-- ϩⲛ -->
<feat xlink:href="#orig_157" value="ⲥⲓⲱⲛ"/><!-- ⲥⲓⲱⲛ -->
<feat xlink:href="#orig_158" value="ⲛ"/><!-- ⲛ -->
<feat xlink:href="#orig_159" value="ⲟⲩ"/><!-- ⲟⲩ -->
<feat xlink:href="#orig_160" value="ⲱⲛⲉ"/><!-- ⲱⲛⲉ -->
<feat xlink:href="#orig_161" value="ⲛ"/><!-- ⲛ -->
<feat xlink:href="#orig_162" value="ⲕⲟⲟϩ"/><!-- ⲕⲟⲟϩ -->
<feat xlink:href="#orig_163" value="ⲛⲥⲱⲡⲧ"/><!-- ⲛⲥⲱⲡⲧ -->
<feat xlink:href="#orig_164" value="ⲉ"/><!-- ⲉ -->
<feat xlink:href="#orig_165" value="ϥ"/><!-- ϥ -->
<feat xlink:href="#orig_166" value="ⲧⲁⲓⲏⲩ"/><!-- ⲧⲁⲓⲏⲩ -->
<feat xlink:href="#orig_167" value="ⲁⲩⲱ"/><!-- ⲁⲩⲱ -->
<feat xlink:href="#orig_168" value="ⲡ"/><!-- ⲡ -->
<feat xlink:href="#orig_169" value="ⲉⲧ"/><!-- ⲉⲧ -->
<feat xlink:href="#orig_170" value="ⲛⲁ"/><!-- ⲛⲁ -->
<feat xlink:href="#orig_171" value="ⲡⲓⲥⲧⲉⲩⲉ"/><!-- ⲡⲓⲥⲧⲉⲩⲉ -->
<feat xlink:href="#orig_172" value="ⲉⲣⲟ"/><!-- ⲉⲣⲟ -->
<feat xlink:href="#orig_173" value="ϥ"/><!-- ϥ -->
<feat xlink:href="#orig_174" value="ⲛϥⲛⲁϫⲓ"/><!-- ⲛϥⲛⲁϫⲓ -->
<feat xlink:href="#orig_175" value="ϣⲓⲡⲉ"/><!-- ϣⲓⲡⲉ -->
<feat xlink:href="#orig_176" value="ⲁⲛ"/><!-- ⲁⲛ -->
<feat xlink:href="#orig_177" value="ⲉⲣⲉ"/><!-- ⲉⲣⲉ -->
<feat xlink:href="#orig_178" value="ⲡ"/><!-- ⲡ -->
<feat xlink:href="#orig_179" value="ⲧⲁⲉⲓⲟ"/><!-- ⲧⲁⲉⲓⲟ -->
<feat xlink:href="#orig_180" value="ϭⲉ"/><!-- ϭⲉ -->
<feat xlink:href="#orig_181" value="ϣⲟⲟⲡ"/><!-- ϣⲟⲟⲡ -->
<feat xlink:href="#orig_182" value="ⲛⲏ"/><!-- ⲛⲏ -->
<feat xlink:href="#orig_183" value="ⲧⲛ"/><!-- ⲧⲛ -->
<feat xlink:href="#orig_184" value="ⲛ"/><!-- ⲛ -->
<feat xlink:href="#orig_185" value="ⲉⲧ"/><!-- ⲉⲧ -->
<feat xlink:href="#orig_186" value="ⲡⲓⲥⲧⲉⲩⲉ"/><!-- ⲡⲓⲥⲧⲉⲩⲉ -->
<feat xlink:href="#orig_187" value="ⲛ"/><!-- ⲛ -->
<feat xlink:href="#orig_188" value="ⲉⲧ"/><!-- ⲉⲧ -->
<feat xlink:href="#orig_189" value="ⲟ"/><!-- ⲟ -->
<feat xlink:href="#orig_190" value="ⲇⲉ"/><!-- ⲇⲉ -->
<feat xlink:href="#orig_191" value="ⲛ"/><!-- ⲛ -->
<feat xlink:href="#orig_192" value="ⲁⲧⲛⲁϩⲧⲉ"/><!-- ⲁⲧⲛⲁϩⲧⲉ -->
<feat xlink:href="#orig_193" value="ⲉ"/><!-- ⲉ -->
<feat xlink:href="#orig_194" value="ⲡ"/><!-- ⲡ -->
<feat xlink:href="#orig_195" value="ⲱⲛⲉ"/><!-- ⲱⲛⲉ -->
<feat xlink:href="#orig_196" value="ⲛⲧ"/><!-- ⲛⲧ -->
<feat xlink:href="#orig_197" value="ⲁ"/><!-- ⲁ -->
<feat xlink:href="#orig_198" value="ⲩ"/><!-- ⲩ -->
<feat xlink:href="#orig_199" value="ⲥⲧⲟ"/><!-- ⲥⲧⲟ -->
<feat xlink:href="#orig_200" value="ϥ"/><!-- ϥ -->
<feat xlink:href="#orig_201" value="ⲉⲃⲟⲗ"/><!-- ⲉⲃⲟⲗ -->
<feat xlink:href="#orig_202" value="ⲛϭⲓ"/><!-- ⲛϭⲓ -->
<feat xlink:href="#orig_203" value="ⲛ"/><!-- ⲛ -->
<feat xlink:href="#orig_204" value="ⲛ"/><!-- ⲛ -->
<feat xlink:href="#orig_205" value="ⲉⲧ"/><!-- ⲉⲧ -->
<feat xlink:href="#orig_206" value="ⲕⲱⲧ"/><!-- ⲕⲱⲧ -->
<feat xlink:href="#orig_207" value="ⲡⲁⲓ"/><!-- ⲡⲁⲓ -->
<feat xlink:href="#orig_208" value="ⲁ"/><!-- ⲁ -->
<feat xlink:href="#orig_209" value="ϥ"/><!-- ϥ -->
<feat xlink:href="#orig_210" value="ϣⲱⲡⲉ"/><!-- ϣⲱⲡⲉ -->
<feat xlink:href="#orig_211" value="ⲉⲉⲩⲁⲡⲉ"/><!-- ⲉⲉⲩⲁⲡⲉ -->
<feat xlink:href="#orig_212" value="ⲛ"/><!-- ⲛ -->
<feat xlink:href="#orig_213" value="ⲕⲟⲟϩ"/><!-- ⲕⲟⲟϩ -->
<feat xlink:href="#orig_214" value="ⲁⲩⲱ"/><!-- ⲁⲩⲱ -->
<feat xlink:href="#orig_215" value="ⲟⲩ"/><!-- ⲟⲩ -->
<feat xlink:href="#orig_216" value="ⲱⲛⲉ"/><!-- ⲱⲛⲉ -->
<feat xlink:href="#orig_217" value="ⲛ"/><!-- ⲛ -->
<feat xlink:href="#orig_218" value="ϫⲣⲟⲡ"/><!-- ϫⲣⲟⲡ -->
<feat xlink:href="#orig_219" value="ⲙⲛ"/><!-- ⲙⲛ -->
<feat xlink:href="#orig_220" value="ⲟⲩⲡⲉⲧⲣⲁ"/><!-- ⲟⲩⲡⲉⲧⲣⲁ -->
<feat xlink:href="#orig_221" value="ⲛ"/><!-- ⲛ -->
<feat xlink:href="#orig_222" value="ⲥⲕⲁⲛⲇⲁⲗⲟⲛ"/><!-- ⲥⲕⲁⲛⲇⲁⲗⲟⲛ -->
<feat xlink:href="#orig_223" value="ⲛ"/><!-- ⲛ -->
<feat xlink:href="#orig_224" value="ⲛⲁⲓ"/><!-- ⲛⲁⲓ -->
<feat xlink:href="#orig_225" value="ⲉⲧ"/><!-- ⲉⲧ -->
<feat xlink:href="#orig_226" value="ϫⲓ"/><!-- ϫⲓ -->
<feat xlink:href="#orig_227" value="ϫⲣⲟⲡ"/><!-- ϫⲣⲟⲡ -->
<feat xlink:href="#orig_228" value="ⲉ"/><!-- ⲉ -->
<feat xlink:href="#orig_229" value="ⲡ"/><!-- ⲡ -->
<feat xlink:href="#orig_230" value="ϣⲁϫⲉ"/><!-- ϣⲁϫⲉ -->
<feat xlink:href="#orig_231" value="ⲉ"/><!-- ⲉ -->
<feat xlink:href="#orig_232" value="ⲩ"/><!-- ⲩ -->
<feat xlink:href="#orig_233" value="ⲟ"/><!-- ⲟ -->
<feat xlink:href="#orig_234" value="ⲛ"/><!-- ⲛ -->
<feat xlink:href="#orig_235" value="ⲛ"/><!-- ⲛ -->
<feat xlink:href="#orig_236" value="ⲁⲧⲛⲁϩⲧⲉ"/><!-- ⲁⲧⲛⲁϩⲧⲉ -->
<feat xlink:href="#orig_237" value="ⲉ"/><!-- ⲉ -->
<feat xlink:href="#orig_238" value="ⲁ"/><!-- ⲁ -->
<feat xlink:href="#orig_239" value="ⲩ"/><!-- ⲩ -->
<feat xlink:href="#orig_240" value="ⲕⲁⲁ"/><!-- ⲕⲁⲁ -->
<feat xlink:href="#orig_241" value="ⲩ"/><!-- ⲩ -->
<feat xlink:href="#orig_242" value="ⲉ"/><!-- ⲉ -->
<feat xlink:href="#orig_243" value="ⲡⲁⲓ"/><!-- ⲡⲁⲓ -->
<feat xlink:href="#orig_244" value="."/><!-- . -->
<feat xlink:href="#orig_245" value="ⲛⲧⲱⲧⲛ"/><!-- ⲛⲧⲱⲧⲛ -->
<feat xlink:href="#orig_246" value="ⲇⲉ"/><!-- ⲇⲉ -->
<feat xlink:href="#orig_247" value="ⲛⲧⲉⲧⲛ"/><!-- ⲛⲧⲉⲧⲛ -->
<feat xlink:href="#orig_248" value="ⲟⲩ"/><!-- ⲟⲩ -->
<feat xlink:href="#orig_249" value="ⲅⲉⲛⲟⲥ"/><!-- ⲅⲉⲛⲟⲥ -->
<feat xlink:href="#orig_250" value="ⲉ"/><!-- ⲉ -->
<feat xlink:href="#orig_251" value="ϥ"/><!-- ϥ -->
<feat xlink:href="#orig_252" value="ⲥⲟⲧⲡ"/><!-- ⲥⲟⲧⲡ -->
<feat xlink:href="#orig_253" value="ⲟⲩ"/><!-- ⲟⲩ -->
<feat xlink:href="#orig_254" value="ⲙⲛⲧⲣⲣⲟ"/><!-- ⲙⲛⲧⲣⲣⲟ -->
<feat xlink:href="#orig_255" value="ⲟⲩ"/><!-- ⲟⲩ -->
<feat xlink:href="#orig_256" value="ⲙⲛⲧⲟⲩⲏⲏⲃ"/><!-- ⲙⲛⲧⲟⲩⲏⲏⲃ -->
<feat xlink:href="#orig_257" value="ⲟⲩ"/><!-- ⲟⲩ -->
<feat xlink:href="#orig_258" value="ϩⲉⲑⲛⲟⲥ"/><!-- ϩⲉⲑⲛⲟⲥ -->
<feat xlink:href="#orig_259" value="ⲉ"/><!-- ⲉ -->
<feat xlink:href="#orig_260" value="ϥ"/><!-- ϥ -->
<feat xlink:href="#orig_261" value="ⲟⲩⲁⲁⲃ"/><!-- ⲟⲩⲁⲁⲃ -->
<feat xlink:href="#orig_262" value="ⲟⲩ"/><!-- ⲟⲩ -->
<feat xlink:href="#orig_263" value="ⲗⲁⲟⲥ"/><!-- ⲗⲁⲟⲥ -->
<feat xlink:href="#orig_264" value="ⲉ"/><!-- ⲉ -->
<feat xlink:href="#orig_265" value="ⲡ"/><!-- ⲡ -->
<feat xlink:href="#orig_266" value="ⲱⲛϩ"/><!-- ⲱⲛϩ -->
<feat xlink:href="#orig_267" value="ϫⲉⲕⲁⲁⲥ"/><!-- ϫⲉⲕⲁⲁⲥ -->
<feat xlink:href="#orig_268" value="ⲉ"/><!-- ⲉ -->
<feat xlink:href="#orig_269" value="ⲧⲉⲧⲛ"/><!-- ⲧⲉⲧⲛ -->
<feat xlink:href="#orig_270" value="ϫⲱ"/><!-- ϫⲱ -->
<feat xlink:href="#orig_271" value="ⲛⲛⲛⲉϣⲡⲏⲣⲉ"/><!-- ⲛⲛⲛⲉϣⲡⲏⲣⲉ -->
<feat xlink:href="#orig_272" value="ⲙⲡⲉⲛⲧⲁϥⲧⲉϩⲙ"/><!-- ⲙⲡⲉⲛⲧⲁϥⲧⲉϩⲙ -->
<feat xlink:href="#orig_273" value="ⲧⲏⲩⲧⲛ"/><!-- ⲧⲏⲩⲧⲛ -->
<feat xlink:href="#orig_274" value="ⲉⲃⲟⲗ"/><!-- ⲉⲃⲟⲗ -->
<feat xlink:href="#orig_275" value="ϩⲙ"/><!-- ϩⲙ -->
<feat xlink:href="#orig_276" value="ⲡ"/><!-- ⲡ -->
<feat xlink:href="#orig_277" value="ⲕⲁⲕⲉ"/><!-- ⲕⲁⲕⲉ -->
<feat xlink:href="#orig_278" value="ⲉ"/><!-- ⲉ -->
<feat xlink:href="#orig_279" value="ⲡⲉϥ"/><!-- ⲡⲉϥ -->
<feat xlink:href="#orig_280" value="ⲟⲩⲟⲉⲓⲛ"/><!-- ⲟⲩⲟⲉⲓⲛ -->
<feat xlink:href="#orig_281" value="ⲛ"/><!-- ⲛ -->
<feat xlink:href="#orig_282" value="ϣⲡⲏⲣⲉ"/><!-- ϣⲡⲏⲣⲉ -->
<feat xlink:href="#orig_283" value="ⲛⲁⲓ"/><!-- ⲛⲁⲓ -->
<feat xlink:href="#orig_284" value="ⲛⲧⲉⲧⲛ"/><!-- ⲛⲧⲉⲧⲛ -->
<feat xlink:href="#orig_285" value="ⲡ"/><!-- ⲡ -->
<feat xlink:href="#orig_286" value="ⲗⲁⲟⲥ"/><!-- ⲗⲁⲟⲥ -->
<feat xlink:href="#orig_287" value="ⲙ"/><!-- ⲙ -->
<feat xlink:href="#orig_288" value="ⲡⲉⲓ"/><!-- ⲡⲉⲓ -->
<feat xlink:href="#orig_289" value="ⲟⲩⲟⲉⲓϣ"/><!-- ⲟⲩⲟⲉⲓϣ -->
<feat xlink:href="#orig_290" value="ⲧⲉⲛⲟⲩ"/><!-- ⲧⲉⲛⲟⲩ -->
<feat xlink:href="#orig_291" value="ⲇⲉ"/><!-- ⲇⲉ -->
<feat xlink:href="#orig_292" value="ⲛⲧⲉⲧⲛ"/><!-- ⲛⲧⲉⲧⲛ -->
<feat xlink:href="#orig_293" value="ⲡ"/><!-- ⲡ -->
<feat xlink:href="#orig_294" value="ⲗⲁⲟⲥ"/><!-- ⲗⲁⲟⲥ -->
<feat xlink:href="#orig_295" value="ⲙ"/><!-- ⲙ -->
<feat xlink:href="#orig_296" value="ⲡ"/><!-- ⲡ -->
<feat xlink:href="#orig_297" value="ⲛⲟⲩⲧⲉ"/><!-- ⲛⲟⲩⲧⲉ -->
<feat xlink:href="#orig_298" value="ⲛⲉⲧⲉ"/><!-- ⲛⲉⲧⲉ -->
<feat xlink:href="#orig_299" value="ⲙⲡ"/><!-- ⲙⲡ -->
<feat xlink:href="#orig_300" value="ⲟⲩ"/><!-- ⲟⲩ -->
<feat xlink:href="#orig_301" value="ⲛⲁ"/><!-- ⲛⲁ -->
<feat xlink:href="#orig_302" value="ⲛⲁ"/><!-- ⲛⲁ -->
<feat xlink:href="#orig_303" value="ⲩ"/><!-- ⲩ -->
<feat xlink:href="#orig_304" value="ⲧⲉⲛⲟⲩ"/><!-- ⲧⲉⲛⲟⲩ -->
<feat xlink:href="#orig_305" value="ⲇⲉ"/><!-- ⲇⲉ -->
<feat xlink:href="#orig_306" value="ⲁ"/><!-- ⲁ -->
<feat xlink:href="#orig_307" value="ⲩ"/><!-- ⲩ -->
<feat xlink:href="#orig_308" value="ⲛⲁ"/><!-- ⲛⲁ -->
<feat xlink:href="#orig_309" value="ⲛⲏ"/><!-- ⲛⲏ -->
<feat xlink:href="#orig_310" value="ⲧⲛ"/><!-- ⲧⲛ -->
<feat xlink:href="#orig_311" value="ⲛⲁ"/><!-- ⲛⲁ -->
<feat xlink:href="#orig_312" value="ⲙⲉⲣⲁⲧⲉ"/><!-- ⲙⲉⲣⲁⲧⲉ -->
<feat xlink:href="#orig_313" value="ϯ"/><!-- ϯ -->
<feat xlink:href="#orig_314" value="ⲡⲁⲣⲁⲕⲁⲗⲉⲓ"/><!-- ⲡⲁⲣⲁⲕⲁⲗⲉⲓ -->
<feat xlink:href="#orig_315" value="ⲙⲙⲱ"/><!-- ⲙⲙⲱ -->
<feat xlink:href="#orig_316" value="ⲧⲛ"/><!-- ⲧⲛ -->
<feat xlink:href="#orig_317" value="ϩⲱⲥ"/><!-- ϩⲱⲥ -->
<feat xlink:href="#orig_318" value="ϣⲙⲙⲟ"/><!-- ϣⲙⲙⲟ -->
<feat xlink:href="#orig_319" value="ⲁⲩⲱ"/><!-- ⲁⲩⲱ -->
<feat xlink:href="#orig_320" value="ϩⲱⲥ"/><!-- ϩⲱⲥ -->
<feat xlink:href="#orig_321" value="ⲣⲙⲛϭⲟⲓⲗⲉ"/><!-- ⲣⲙⲛϭⲟⲓⲗⲉ -->
<feat xlink:href="#orig_322" value="ⲉⲧⲣⲉⲧⲥⲁϩⲉ"/><!-- ⲉⲧⲣⲉⲧⲥⲁϩⲉ -->
<feat xlink:href="#orig_323" value="ⲧⲏⲩⲧⲛ"/><!-- ⲧⲏⲩⲧⲛ -->
<feat xlink:href="#orig_324" value="ⲉⲃⲟⲗ"/><!-- ⲉⲃⲟⲗ -->
<feat xlink:href="#orig_325" value="ⲛ"/><!-- ⲛ -->
<feat xlink:href="#orig_326" value="ⲛ"/><!-- ⲛ -->
<feat xlink:href="#orig_327" value="ⲉⲡⲓⲑⲩⲙⲓⲁ"/><!-- ⲉⲡⲓⲑⲩⲙⲓⲁ -->
<feat xlink:href="#orig_328" value="ⲛ"/><!-- ⲛ -->
<feat xlink:href="#orig_329" value="ⲥⲁⲣⲕⲓⲕⲟⲛ"/><!-- ⲥⲁⲣⲕⲓⲕⲟⲛ -->
<feat xlink:href="#orig_330" value="ⲛⲁⲓ"/><!-- ⲛⲁⲓ -->
<feat xlink:href="#orig_331" value="ⲉ"/><!-- ⲉ -->
<feat xlink:href="#orig_332" value="ϯ"/><!-- ϯ -->
<feat xlink:href="#orig_333" value="ⲟⲩⲃⲉ"/><!-- ⲟⲩⲃⲉ -->
<feat xlink:href="#orig_334" value="ⲧⲉ"/><!-- ⲧⲉ -->
<feat xlink:href="#orig_335" value="ⲯⲩⲭⲏ"/><!-- ⲯⲩⲭⲏ -->
<feat xlink:href="#orig_336" value="ⲉⲩⲛⲧⲉⲧⲛ"/><!-- ⲉⲩⲛⲧⲉⲧⲛ -->
<feat xlink:href="#orig_337" value="ⲙⲙⲁⲩ"/><!-- ⲙⲙⲁⲩ -->
<feat xlink:href="#orig_338" value="ⲛ"/><!-- ⲛ -->
<feat xlink:href="#orig_339" value="ⲧⲉⲧⲛ"/><!-- ⲧⲉⲧⲛ -->
<feat xlink:href="#orig_340" value="ⲁⲛⲁⲥⲧⲣⲟⲫⲏ"/><!-- ⲁⲛⲁⲥⲧⲣⲟⲫⲏ -->
<feat xlink:href="#orig_341" value="ⲉⲧⲛⲁⲛⲟⲩⲥ"/><!-- ⲉⲧⲛⲁⲛⲟⲩⲥ -->
<feat xlink:href="#orig_342" value="ϩⲛ"/><!-- ϩⲛ -->
<feat xlink:href="#orig_343" value="ⲛ"/><!-- ⲛ -->
<feat xlink:href="#orig_344" value="ϩⲉⲑⲛⲟⲥ"/><!-- ϩⲉⲑⲛⲟⲥ -->
<feat xlink:href="#orig_345" value="ϫⲉⲕⲁⲁⲥ"/><!-- ϫⲉⲕⲁⲁⲥ -->
<feat xlink:href="#orig_346" value="ϩⲙ"/><!-- ϩⲙ -->
<feat xlink:href="#orig_347" value="ⲡⲉⲧⲟⲩⲕⲁⲧⲁⲗⲁⲗⲓⲁ"/><!-- ⲡⲉⲧⲟⲩⲕⲁⲧⲁⲗⲁⲗⲓⲁ -->
<feat xlink:href="#orig_348" value="ⲙⲙⲱ"/><!-- ⲙⲙⲱ -->
<feat xlink:href="#orig_349" value="ⲧⲛ"/><!-- ⲧⲛ -->
<feat xlink:href="#orig_350" value="ⲛϩⲏⲧ"/><!-- ⲛϩⲏⲧ -->
<feat xlink:href="#orig_351" value="ϥ"/><!-- ϥ -->
<feat xlink:href="#orig_352" value="ϩⲱⲥ"/><!-- ϩⲱⲥ -->
<feat xlink:href="#orig_353" value="ⲣⲉϥⲣ"/><!-- ⲣⲉϥⲣ -->
<feat xlink:href="#orig_354" value="ⲡ"/><!-- ⲡ -->
<feat xlink:href="#orig_355" value="ⲉⲧ"/><!-- ⲉⲧ -->
<feat xlink:href="#orig_356" value="ϩⲟⲟⲩ"/><!-- ϩⲟⲟⲩ -->
<feat xlink:href="#orig_357" value="ⲉⲩⲉ"/><!-- ⲉⲩⲉ -->
<feat xlink:href="#orig_358" value="ⲛⲁⲩ"/><!-- ⲛⲁⲩ -->
<feat xlink:href="#orig_359" value="ⲉⲃⲟⲗ"/><!-- ⲉⲃⲟⲗ -->
<feat xlink:href="#orig_360" value="ϩⲛ"/><!-- ϩⲛ -->
<feat xlink:href="#orig_361" value="ⲛⲉⲧⲛϩⲉⲃⲏⲩⲉ"/><!-- ⲛⲉⲧⲛϩⲉⲃⲏⲩⲉ -->
<feat xlink:href="#orig_362" value="ⲉⲧⲛⲁⲛⲟⲩⲟⲩ"/><!-- ⲉⲧⲛⲁⲛⲟⲩⲟⲩ -->
<feat xlink:href="#orig_363" value="ⲛⲥⲉϯ"/><!-- ⲛⲥⲉϯ -->
<feat xlink:href="#orig_364" value="ⲉⲟⲟⲩ"/><!-- ⲉⲟⲟⲩ -->
<feat xlink:href="#orig_365" value="ⲙ"/><!-- ⲙ -->
<feat xlink:href="#orig_366" value="ⲡ"/><!-- ⲡ -->
<feat xlink:href="#orig_367" value="ⲛⲟⲩⲧⲉ"/><!-- ⲛⲟⲩⲧⲉ -->
<feat xlink:href="#orig_368" value="ϩⲙ"/><!-- ϩⲙ -->
<feat xlink:href="#orig_369" value="ⲡⲉ"/><!-- ⲡⲉ -->
<feat xlink:href="#orig_370" value="ϩⲟⲟⲩ"/><!-- ϩⲟⲟⲩ -->
<feat xlink:href="#orig_371" value="ⲙⲡϭⲙ"/><!-- ⲙⲡϭⲙ -->
<feat xlink:href="#orig_372" value="ⲡ"/><!-- ⲡ -->
<feat xlink:href="#orig_373" value="ϣⲓⲛⲉ"/><!-- ϣⲓⲛⲉ -->
<feat xlink:href="#orig_374" value="ⲑⲃⲃⲓⲉ"/><!-- ⲑⲃⲃⲓⲉ -->
<feat xlink:href="#orig_375" value="ⲧⲏⲩⲧⲛ"/><!-- ⲧⲏⲩⲧⲛ -->
<feat xlink:href="#orig_376" value="ⲛⲥⲱⲛⲧ"/><!-- ⲛⲥⲱⲛⲧ -->
<feat xlink:href="#orig_377" value="ⲛⲓⲙ"/><!-- ⲛⲓⲙ -->
<feat xlink:href="#orig_378" value="ⲛ"/><!-- ⲛ -->
<feat xlink:href="#orig_379" value="ⲣⲱⲙⲉ"/><!-- ⲣⲱⲙⲉ -->
<feat xlink:href="#orig_380" value="ⲉⲧⲃⲉ"/><!-- ⲉⲧⲃⲉ -->
<feat xlink:href="#orig_381" value="ⲡ"/><!-- ⲡ -->
<feat xlink:href="#orig_382" value="ϫⲟⲉⲓⲥ"/><!-- ϫⲟⲉⲓⲥ -->
<feat xlink:href="#orig_383" value="ⲉⲓⲧⲉ"/><!-- ⲉⲓⲧⲉ -->
<feat xlink:href="#orig_384" value="ⲟⲩ"/><!-- ⲟⲩ -->
<feat xlink:href="#orig_385" value="ⲣⲣⲟ"/><!-- ⲣⲣⲟ -->
<feat xlink:href="#orig_386" value="ϩⲱⲥ"/><!-- ϩⲱⲥ -->
<feat xlink:href="#orig_387" value="ⲉ"/><!-- ⲉ -->
<feat xlink:href="#orig_388" value="ϥ"/><!-- ϥ -->
<feat xlink:href="#orig_389" value="ϫⲟⲥⲉ"/><!-- ϫⲟⲥⲉ -->
<feat xlink:href="#orig_390" value="ⲉⲓⲧⲉ"/><!-- ⲉⲓⲧⲉ -->
<feat xlink:href="#orig_391" value="ϩⲩⲅⲉⲙⲱⲛ"/><!-- ϩⲩⲅⲉⲙⲱⲛ -->
<feat xlink:href="#orig_392" value="ϩⲱⲥ"/><!-- ϩⲱⲥ -->
<feat xlink:href="#orig_393" value="ⲉ"/><!-- ⲉ -->
<feat xlink:href="#orig_394" value="ⲩ"/><!-- ⲩ -->
<feat xlink:href="#orig_395" value="ⲧⲛⲛⲟⲟⲩ"/><!-- ⲧⲛⲛⲟⲟⲩ -->
<feat xlink:href="#orig_396" value="ⲙⲙⲟ"/><!-- ⲙⲙⲟ -->
<feat xlink:href="#orig_397" value="ⲟⲩ"/><!-- ⲟⲩ -->
<feat xlink:href="#orig_398" value="ⲉⲃⲟⲗ"/><!-- ⲉⲃⲟⲗ -->
<feat xlink:href="#orig_399" value="ϩⲓⲧⲟⲟⲧ"/><!-- ϩⲓⲧⲟⲟⲧ -->
<feat xlink:href="#orig_400" value="ϥ"/><!-- ϥ -->
<feat xlink:href="#orig_401" value="ⲉⲧ"/><!-- ⲉⲧ -->
<feat xlink:href="#orig_402" value="ϫⲓ"/><!-- ϫⲓ -->
<feat xlink:href="#orig_403" value="ⲕⲃⲁ"/><!-- ⲕⲃⲁ -->
<feat xlink:href="#orig_404" value="ⲛ"/><!-- ⲛ -->
<feat xlink:href="#orig_405" value="ⲛ"/><!-- ⲛ -->
<feat xlink:href="#orig_406" value="ⲉⲧ"/><!-- ⲉⲧ -->
<feat xlink:href="#orig_407" value="ⲉⲓⲣⲉ"/><!-- ⲉⲓⲣⲉ -->
<feat xlink:href="#orig_408" value="ⲙ"/><!-- ⲙ -->
<feat xlink:href="#orig_409" value="ⲡ"/><!-- ⲡ -->
<feat xlink:href="#orig_410" value="ⲉⲧ"/><!-- ⲉⲧ -->
<feat xlink:href="#orig_411" value="ϩⲟⲟⲩ"/><!-- ϩⲟⲟⲩ -->
<feat xlink:href="#orig_412" value="ⲉⲡⲧⲁⲓⲟ"/><!-- ⲉⲡⲧⲁⲓⲟ -->
<feat xlink:href="#orig_413" value="ⲇⲉ"/><!-- ⲇⲉ -->
<feat xlink:href="#orig_414" value="ⲛⲛⲣⲉϥⲣⲡ"/><!-- ⲛⲛⲣⲉϥⲣⲡ -->
<feat xlink:href="#orig_415" value="ⲡⲉⲧⲛⲁⲛⲟⲩϥ"/><!-- ⲡⲉⲧⲛⲁⲛⲟⲩϥ -->
<feat xlink:href="#orig_416" value="ϫⲉ"/><!-- ϫⲉ -->
<feat xlink:href="#orig_417" value="ⲧⲁⲓ"/><!-- ⲧⲁⲓ -->
<feat xlink:href="#orig_418" value="ⲧⲉ"/><!-- ⲧⲉ -->
<feat xlink:href="#orig_419" value="ⲧ"/><!-- ⲧ -->
<feat xlink:href="#orig_420" value="ϩⲉ"/><!-- ϩⲉ -->
<feat xlink:href="#orig_421" value="ⲙ"/><!-- ⲙ -->
<feat xlink:href="#orig_422" value="ⲡ"/><!-- ⲡ -->
<feat xlink:href="#orig_423" value="ⲟⲩⲱϣ"/><!-- ⲟⲩⲱϣ -->
<feat xlink:href="#orig_424" value="ⲙ"/><!-- ⲙ -->
<feat xlink:href="#orig_425" value="ⲡ"/><!-- ⲡ -->
<feat xlink:href="#orig_426" value="ⲛⲟⲩⲧⲉ"/><!-- ⲛⲟⲩⲧⲉ -->
<feat xlink:href="#orig_427" value="ⲉⲧⲉⲧⲛⲉ"/><!-- ⲉⲧⲉⲧⲛⲉ -->
<feat xlink:href="#orig_428" value="ⲓⲣⲉ"/><!-- ⲓⲣⲉ -->
<feat xlink:href="#orig_429" value="ⲙⲡⲡⲉⲧⲛⲁⲛⲟⲩϥ"/><!-- ⲙⲡⲡⲉⲧⲛⲁⲛⲟⲩϥ -->
<feat xlink:href="#orig_430" value="ⲛ"/><!-- ⲛ -->
<feat xlink:href="#orig_431" value="ⲧⲉⲧⲛ"/><!-- ⲧⲉⲧⲛ -->
<feat xlink:href="#orig_432" value="ϣⲧⲁⲙ"/><!-- ϣⲧⲁⲙ -->
<feat xlink:href="#orig_433" value="ⲉⲣⲉ"/><!-- ⲉⲣⲉ -->
<feat xlink:href="#orig_434" value="ⲛ"/><!-- ⲛ -->
<feat xlink:href="#orig_435" value="ⲧ"/><!-- ⲧ -->
<feat xlink:href="#orig_436" value="ⲙⲛⲧⲁⲧⲥⲟⲟⲩⲛ"/><!-- ⲙⲛⲧⲁⲧⲥⲟⲟⲩⲛ -->
<feat xlink:href="#orig_437" value="ⲛ"/><!-- ⲛ -->
<feat xlink:href="#orig_438" value="ⲛⲉⲓ"/><!-- ⲛⲉⲓ -->
<feat xlink:href="#orig_439" value="ⲁⲑⲏⲧ"/><!-- ⲁⲑⲏⲧ -->
<feat xlink:href="#orig_440" value="ⲛ"/><!-- ⲛ -->
<feat xlink:href="#orig_441" value="ⲣⲱⲙⲉ"/><!-- ⲣⲱⲙⲉ -->
<feat xlink:href="#orig_442" value="ϩⲱⲥ"/><!-- ϩⲱⲥ -->
<feat xlink:href="#orig_443" value="ⲣⲙϩⲉ"/><!-- ⲣⲙϩⲉ -->
<feat xlink:href="#orig_444" value="ⲛ"/><!-- ⲛ -->
<feat xlink:href="#orig_445" value="ⲧ"/><!-- ⲧ -->
<feat xlink:href="#orig_446" value="ⲙⲛⲧⲣⲙϩⲉ"/><!-- ⲙⲛⲧⲣⲙϩⲉ -->
<feat xlink:href="#orig_447" value="ϣⲟⲟⲡ"/><!-- ϣⲟⲟⲡ -->
<feat xlink:href="#orig_448" value="ⲛⲏ"/><!-- ⲛⲏ -->
<feat xlink:href="#orig_449" value="ⲧⲛ"/><!-- ⲧⲛ -->
<feat xlink:href="#orig_450" value="ⲁⲛ"/><!-- ⲁⲛ -->
<feat xlink:href="#orig_451" value="ϩⲱⲥ"/><!-- ϩⲱⲥ -->
<feat xlink:href="#orig_452" value="."/><!-- . -->
<feat xlink:href="#orig_453" value="ϩⲃⲥ"/><!-- ϩⲃⲥ -->
<feat xlink:href="#orig_454" value="ⲛ"/><!-- ⲛ -->
<feat xlink:href="#orig_455" value="ⲕⲁⲕⲓⲁ"/><!-- ⲕⲁⲕⲓⲁ -->
<feat xlink:href="#orig_456" value="ⲁⲗⲗⲁ"/><!-- ⲁⲗⲗⲁ -->
<feat xlink:href="#orig_457" value="ϩⲱⲥ"/><!-- ϩⲱⲥ -->
<feat xlink:href="#orig_458" value="ϩⲙϩⲁⲗ"/><!-- ϩⲙϩⲁⲗ -->
<feat xlink:href="#orig_459" value="ⲛⲧⲉ"/><!-- ⲛⲧⲉ -->
<feat xlink:href="#orig_460" value="ⲡ"/><!-- ⲡ -->
<feat xlink:href="#orig_461" value="ⲛⲟⲩⲧⲉ"/><!-- ⲛⲟⲩⲧⲉ -->
<feat xlink:href="#orig_462" value="."/><!-- . -->
<feat xlink:href="#orig_463" value="ⲛⲧⲉⲧⲛⲧⲁⲉⲓⲉ"/><!-- ⲛⲧⲉⲧⲛⲧⲁⲉⲓⲉ -->
<feat xlink:href="#orig_464" value="ⲟⲩⲟⲛ"/><!-- ⲟⲩⲟⲛ -->
<feat xlink:href="#orig_465" value="ⲛⲓⲙ"/><!-- ⲛⲓⲙ -->
<feat xlink:href="#orig_466" value="ⲛ"/><!-- ⲛ -->
<feat xlink:href="#orig_467" value="ⲧⲉⲧⲛ"/><!-- ⲧⲉⲧⲛ -->
<feat xlink:href="#orig_468" value="ⲙⲉⲣⲉ"/><!-- ⲙⲉⲣⲉ -->
<feat xlink:href="#orig_469" value="ⲛⲉⲧⲛ"/><!-- ⲛⲉⲧⲛ -->
<feat xlink:href="#orig_470" value="ⲉⲣⲏⲩ"/><!-- ⲉⲣⲏⲩ -->
<feat xlink:href="#orig_471" value="ⲛ"/><!-- ⲛ -->
<feat xlink:href="#orig_472" value="ⲧⲉⲧⲛ"/><!-- ⲧⲉⲧⲛ -->
<feat xlink:href="#orig_473" value="ⲣ"/><!-- ⲣ -->
<feat xlink:href="#orig_474" value="ϩⲟⲧⲉ"/><!-- ϩⲟⲧⲉ -->
<feat xlink:href="#orig_475" value="ⲛϩⲏⲧ"/><!-- ⲛϩⲏⲧ -->
<feat xlink:href="#orig_476" value="ϥ"/><!-- ϥ -->
<feat xlink:href="#orig_477" value="ⲙ"/><!-- ⲙ -->
<feat xlink:href="#orig_478" value="ⲡ"/><!-- ⲡ -->
<feat xlink:href="#orig_479" value="ⲛⲟⲩⲧⲉ"/><!-- ⲛⲟⲩⲧⲉ -->
<feat xlink:href="#orig_480" value="ⲛ"/><!-- ⲛ -->
<feat xlink:href="#orig_481" value="ⲧⲉⲧⲛ"/><!-- ⲧⲉⲧⲛ -->
<feat xlink:href="#orig_482" value="ⲧⲁⲓⲉ"/><!-- ⲧⲁⲓⲉ -->
<feat xlink:href="#orig_483" value="ⲡ"/><!-- ⲡ -->
<feat xlink:href="#orig_484" value="ⲣⲣⲟ"/><!-- ⲣⲣⲟ -->
<feat xlink:href="#orig_485" value="."/><!-- . -->
<feat xlink:href="#orig_486" value="ⲛ"/><!-- ⲛ -->
<feat xlink:href="#orig_487" value="ϩⲙϩⲁⲗ"/><!-- ϩⲙϩⲁⲗ -->
<feat xlink:href="#orig_488" value="ⲥⲱⲧⲙ"/><!-- ⲥⲱⲧⲙ -->
<feat xlink:href="#orig_489" value="ⲛⲥⲁ"/><!-- ⲛⲥⲁ -->
<feat xlink:href="#orig_490" value="ⲛⲉⲧⲛϫⲓⲥⲟⲟⲩⲉ"/><!-- ⲛⲉⲧⲛϫⲓⲥⲟⲟⲩⲉ -->
<feat xlink:href="#orig_491" value="ϩⲛ"/><!-- ϩⲛ -->
<feat xlink:href="#orig_492" value="ϩⲟⲧⲉ"/><!-- ϩⲟⲧⲉ -->
<feat xlink:href="#orig_493" value="ⲛⲓⲙ"/><!-- ⲛⲓⲙ -->
<feat xlink:href="#orig_494" value="ⲛⲉⲧⲛⲁⲛⲟⲩⲟⲩ"/><!-- ⲛⲉⲧⲛⲁⲛⲟⲩⲟⲩ -->
<feat xlink:href="#orig_495" value="ⲙⲙⲁⲧⲉ"/><!-- ⲙⲙⲁⲧⲉ -->
<feat xlink:href="#orig_496" value="ⲁⲛ"/><!-- ⲁⲛ -->
<feat xlink:href="#orig_497" value="ⲙⲛ"/><!-- ⲙⲛ -->
<feat xlink:href="#orig_498" value="ⲛ"/><!-- ⲛ -->
<feat xlink:href="#orig_499" value="ϩⲁⲕ"/><!-- ϩⲁⲕ -->
<feat xlink:href="#orig_500" value="ⲁⲗⲗⲁ"/><!-- ⲁⲗⲗⲁ -->
<feat xlink:href="#orig_501" value="ⲛ"/><!-- ⲛ -->
<feat xlink:href="#orig_502" value="ⲕⲟⲟⲩⲉ"/><!-- ⲕⲟⲟⲩⲉ -->
<feat xlink:href="#orig_503" value="ⲉ"/><!-- ⲉ -->
<feat xlink:href="#orig_504" value="ⲧ"/><!-- ⲧ -->
<feat xlink:href="#orig_505" value="ϭⲟⲟⲙⲉ"/><!-- ϭⲟⲟⲙⲉ -->
<feat xlink:href="#orig_506" value="."/><!-- . -->
<feat xlink:href="#orig_507" value="ⲡⲁⲓ"/><!-- ⲡⲁⲓ -->
<feat xlink:href="#orig_508" value="ⲅⲁⲣ"/><!-- ⲅⲁⲣ -->
<feat xlink:href="#orig_509" value="ⲟⲩ"/><!-- ⲟⲩ -->
<feat xlink:href="#orig_510" value="ϩⲙⲟⲧ"/><!-- ϩⲙⲟⲧ -->
<feat xlink:href="#orig_511" value="ⲡⲉ"/><!-- ⲡⲉ -->
<feat xlink:href="#orig_512" value="ⲉϣϫⲉ"/><!-- ⲉϣϫⲉ -->
<feat xlink:href="#orig_513" value="ⲉⲧⲃⲉ"/><!-- ⲉⲧⲃⲉ -->
<feat xlink:href="#orig_514" value="ⲟⲩ"/><!-- ⲟⲩ -->
<feat xlink:href="#orig_515" value="ⲥⲩⲛⲉⲓⲇⲏⲥⲓⲥ"/><!-- ⲥⲩⲛⲉⲓⲇⲏⲥⲓⲥ -->
<feat xlink:href="#orig_516" value="ⲛⲧⲉ"/><!-- ⲛⲧⲉ -->
<feat xlink:href="#orig_517" value="ⲡ"/><!-- ⲡ -->
<feat xlink:href="#orig_518" value="ⲛⲟⲩⲧⲉ"/><!-- ⲛⲟⲩⲧⲉ -->
<feat xlink:href="#orig_519" value="ⲟⲩⲛ"/><!-- ⲟⲩⲛ -->
<feat xlink:href="#orig_520" value="ⲟⲩⲁ"/><!-- ⲟⲩⲁ -->
<feat xlink:href="#orig_521" value="ⲛⲁ"/><!-- ⲛⲁ -->
<feat xlink:href="#orig_522" value="ϥⲓ"/><!-- ϥⲓ -->
<feat xlink:href="#orig_523" value="ϩⲁϩⲉⲛⲗⲏⲡⲏ"/><!-- ϩⲁϩⲉⲛⲗⲏⲡⲏ -->
<feat xlink:href="#orig_524" value="ⲉ"/><!-- ⲉ -->
<feat xlink:href="#orig_525" value="ϥ"/><!-- ϥ -->
<feat xlink:href="#orig_526" value="ϣⲡ"/><!-- ϣⲡ -->
<feat xlink:href="#orig_527" value="ϩⲓⲥⲉ"/><!-- ϩⲓⲥⲉ -->
<feat xlink:href="#orig_528" value="ϩⲛ"/><!-- ϩⲛ -->
<feat xlink:href="#orig_529" value="ⲟⲩϫⲓⲛ"/><!-- ⲟⲩϫⲓⲛ -->
<feat xlink:href="#orig_530" value="ϭⲟⲛⲥ"/><!-- ϭⲟⲛⲥ -->
<feat xlink:href="#orig_531" value="."/><!-- . -->
<feat xlink:href="#orig_532" value="ⲁϣ"/><!-- ⲁϣ -->
<feat xlink:href="#orig_533" value="ⲅⲁⲣ"/><!-- ⲅⲁⲣ -->
<feat xlink:href="#orig_534" value="ⲡⲉ"/><!-- ⲡⲉ -->
<feat xlink:href="#orig_535" value="ⲡⲉⲧⲛ"/><!-- ⲡⲉⲧⲛ -->
<feat xlink:href="#orig_536" value="ⲉⲟⲟⲩ"/><!-- ⲉⲟⲟⲩ -->
<feat xlink:href="#orig_537" value="ⲉⲧⲉⲧⲛϣⲁⲛ"/><!-- ⲉⲧⲉⲧⲛϣⲁⲛ -->
<feat xlink:href="#orig_538" value="ⲣ"/><!-- ⲣ -->
<feat xlink:href="#orig_539" value="ⲛⲟⲃⲉ"/><!-- ⲛⲟⲃⲉ -->
<feat xlink:href="#orig_540" value="ⲛⲥⲉϩⲓⲟⲩⲉ"/><!-- ⲛⲥⲉϩⲓⲟⲩⲉ -->
<feat xlink:href="#orig_541" value="ⲉⲣⲱ"/><!-- ⲉⲣⲱ -->
<feat xlink:href="#orig_542" value="ⲧⲛ"/><!-- ⲧⲛ -->
<feat xlink:href="#orig_543" value="ⲛ"/><!-- ⲛ -->
<feat xlink:href="#orig_544" value="ⲧⲉⲧⲛ"/><!-- ⲧⲉⲧⲛ -->
<feat xlink:href="#orig_545" value="ϭⲱ"/><!-- ϭⲱ -->
<feat xlink:href="#orig_546" value="ⲁⲗⲗⲁ"/><!-- ⲁⲗⲗⲁ -->
<feat xlink:href="#orig_547" value="ⲉϣϫⲉ"/><!-- ⲉϣϫⲉ -->
<feat xlink:href="#orig_548" value="ⲧⲉⲧⲛ"/><!-- ⲧⲉⲧⲛ -->
<feat xlink:href="#orig_549" value="ⲉⲓⲣⲉ"/><!-- ⲉⲓⲣⲉ -->
<feat xlink:href="#orig_550" value="ⲙⲡⲉⲧⲛⲁⲛⲟⲩϥ"/><!-- ⲙⲡⲉⲧⲛⲁⲛⲟⲩϥ -->
<feat xlink:href="#orig_551" value="ⲥⲉ"/><!-- ⲥⲉ -->
<feat xlink:href="#orig_552" value="ϩⲓⲟⲩⲉ"/><!-- ϩⲓⲟⲩⲉ -->
<feat xlink:href="#orig_553" value="ⲉⲣⲱ"/><!-- ⲉⲣⲱ -->
<feat xlink:href="#orig_554" value="ⲧⲛ"/><!-- ⲧⲛ -->
<feat xlink:href="#orig_555" value="ⲧⲉⲧⲛ"/><!-- ⲧⲉⲧⲛ -->
<feat xlink:href="#orig_556" value="ϭⲉⲉⲧ"/><!-- ϭⲉⲉⲧ -->
<feat xlink:href="#orig_557" value="ⲡⲁⲓ"/><!-- ⲡⲁⲓ -->
<feat xlink:href="#orig_558" value="ⲟⲩ"/><!-- ⲟⲩ -->
<feat xlink:href="#orig_559" value="ϩⲙⲟⲧ"/><!-- ϩⲙⲟⲧ -->
<feat xlink:href="#orig_560" value="ⲡⲉ"/><!-- ⲡⲉ -->
<feat xlink:href="#orig_561" value="ⲛⲁϩⲣⲙ"/><!-- ⲛⲁϩⲣⲙ -->
<feat xlink:href="#orig_562" value="ⲡ"/><!-- ⲡ -->
<feat xlink:href="#orig_563" value="ⲛⲟⲩⲧⲉ"/><!-- ⲛⲟⲩⲧⲉ -->
<feat xlink:href="#orig_564" value="ⲛⲧⲁⲩⲧⲉϩⲙ"/><!-- ⲛⲧⲁⲩⲧⲉϩⲙ -->
<feat xlink:href="#orig_565" value="ⲧⲏⲩⲧⲛ"/><!-- ⲧⲏⲩⲧⲛ -->
<feat xlink:href="#orig_566" value="ⲅⲁⲣ"/><!-- ⲅⲁⲣ -->
<feat xlink:href="#orig_567" value="ⲉ"/><!-- ⲉ -->
<feat xlink:href="#orig_568" value="ⲡⲁⲓ"/><!-- ⲡⲁⲓ -->
<feat xlink:href="#orig_569" value="ϫⲉ"/><!-- ϫⲉ -->
<feat xlink:href="#orig_570" value="ⲡⲉ"/><!-- ⲡⲉ -->
<feat xlink:href="#orig_571" value="ⲭⲣⲓⲥⲧⲟⲥ"/><!-- ⲭⲣⲓⲥⲧⲟⲥ -->
<feat xlink:href="#orig_572" value="ϩⲱⲱ"/><!-- ϩⲱⲱ -->
<feat xlink:href="#orig_573" value="ϥ"/><!-- ϥ -->
<feat xlink:href="#orig_574" value="ⲁ"/><!-- ⲁ -->
<feat xlink:href="#orig_575" value="ϥ"/><!-- ϥ -->
<feat xlink:href="#orig_576" value="ϣⲡ"/><!-- ϣⲡ -->
<feat xlink:href="#orig_577" value="ϩⲓⲥⲉ"/><!-- ϩⲓⲥⲉ -->
<feat xlink:href="#orig_578" value="ϩⲁⲣⲱ"/><!-- ϩⲁⲣⲱ -->
<feat xlink:href="#orig_579" value="ⲧⲛ"/><!-- ⲧⲛ -->
<feat xlink:href="#orig_580" value="ⲉ"/><!-- ⲉ -->
<feat xlink:href="#orig_581" value="ϥ"/><!-- ϥ -->
<feat xlink:href="#orig_582" value="ⲕⲱ"/><!-- ⲕⲱ -->
<feat xlink:href="#orig_583" value="ⲛⲏ"/><!-- ⲛⲏ -->
<feat xlink:href="#orig_584" value="ⲧⲛ"/><!-- ⲧⲛ -->
<feat xlink:href="#orig_585" value="ⲛ"/><!-- ⲛ -->
<feat xlink:href="#orig_586" value="ⲟⲩ"/><!-- ⲟⲩ -->
<feat xlink:href="#orig_587" value="ⲥⲙⲟⲧ"/><!-- ⲥⲙⲟⲧ -->
<feat xlink:href="#orig_588" value="ϫⲉⲕⲁⲁⲥ"/><!-- ϫⲉⲕⲁⲁⲥ -->
<feat xlink:href="#orig_589" value="ⲧⲉⲧⲛⲁⲁⲟⲩⲉϩ"/><!-- ⲧⲉⲧⲛⲁⲁⲟⲩⲉϩ -->
<feat xlink:href="#orig_590" value="ⲧⲏⲩⲧⲛ"/><!-- ⲧⲏⲩⲧⲛ -->
<feat xlink:href="#orig_591" value="ⲛⲥⲁ"/><!-- ⲛⲥⲁ -->
<feat xlink:href="#orig_592" value="ⲛⲉϥ"/><!-- ⲛⲉϥ -->
<feat xlink:href="#orig_593" value="ϩⲓⲟⲟⲩⲉ"/><!-- ϩⲓⲟⲟⲩⲉ -->
<feat xlink:href="#orig_594" value="ⲡⲁⲓ"/><!-- ⲡⲁⲓ -->
<feat xlink:href="#orig_595" value="ⲉⲧ"/><!-- ⲉⲧ -->
<feat xlink:href="#orig_596" value="ⲙⲡ"/><!-- ⲙⲡ -->
<feat xlink:href="#orig_597" value="ϥ"/><!-- ϥ -->
<feat xlink:href="#orig_598" value="ⲣ"/><!-- ⲣ -->
<feat xlink:href="#orig_599" value="ⲛⲟⲃⲉ"/><!-- ⲛⲟⲃⲉ -->
<feat xlink:href="#orig_600" value="ⲟⲩⲇⲉ"/><!-- ⲟⲩⲇⲉ -->
<feat xlink:href="#orig_601" value="ⲙⲡ"/><!-- ⲙⲡ -->
<feat xlink:href="#orig_602" value="ⲟⲩ"/><!-- ⲟⲩ -->
<feat xlink:href="#orig_603" value="ϩⲉ"/><!-- ϩⲉ -->
<feat xlink:href="#orig_604" value="ⲕⲣⲟϥ"/><!-- ⲕⲣⲟϥ -->
<feat xlink:href="#orig_605" value="ϩⲛ"/><!-- ϩⲛ -->
<feat xlink:href="#orig_606" value="ⲧⲉϥ"/><!-- ⲧⲉϥ -->
<feat xlink:href="#orig_607" value="ⲧⲁⲡⲣⲟ"/><!-- ⲧⲁⲡⲣⲟ -->
<feat xlink:href="#orig_608" value="."/><!-- . -->
<feat xlink:href="#orig_609" value="ⲡⲁⲓ"/><!-- ⲡⲁⲓ -->
<feat xlink:href="#orig_610" value="ⲉ"/><!-- ⲉ -->
<feat xlink:href="#orig_611" value="ⲩ"/><!-- ⲩ -->
<feat xlink:href="#orig_612" value="ⲥⲁϩⲟⲩ"/><!-- ⲥⲁϩⲟⲩ -->
<feat xlink:href="#orig_613" value="ⲙⲙⲟ"/><!-- ⲙⲙⲟ -->
<feat xlink:href="#orig_614" value="ϥ"/><!-- ϥ -->
<feat xlink:href="#orig_615" value="ⲙ"/><!-- ⲙ -->
<feat xlink:href="#orig_616" value="ⲡⲉϥ"/><!-- ⲡⲉϥ -->
<feat xlink:href="#orig_617" value="ⲥⲁϩⲟⲩ"/><!-- ⲥⲁϩⲟⲩ -->
<feat xlink:href="#orig_618" value="ⲉ"/><!-- ⲉ -->
<feat xlink:href="#orig_619" value="ϥ"/><!-- ϥ -->
<feat xlink:href="#orig_620" value="ϣⲡ"/><!-- ϣⲡ -->
<feat xlink:href="#orig_621" value="ϩⲓⲥⲉ"/><!-- ϩⲓⲥⲉ -->
<feat xlink:href="#orig_622" value="ⲛϥⲛⲟϭⲥ"/><!-- ⲛϥⲛⲟϭⲥ -->
<feat xlink:href="#orig_623" value="ⲁⲛ"/><!-- ⲁⲛ -->
<feat xlink:href="#orig_624" value="ⲡⲉ"/><!-- ⲡⲉ -->
<feat xlink:href="#orig_625" value="ⲛⲉ"/><!-- ⲛⲉ -->
<feat xlink:href="#orig_626" value="ϥ"/><!-- ϥ -->
<feat xlink:href="#orig_627" value="ⲕⲱ"/><!-- ⲕⲱ -->
<feat xlink:href="#orig_628" value="ⲇⲉ"/><!-- ⲇⲉ -->
<feat xlink:href="#orig_629" value="ⲙ"/><!-- ⲙ -->
<feat xlink:href="#orig_630" value="ⲡ"/><!-- ⲡ -->
<feat xlink:href="#orig_631" value="ⲙⲁ"/><!-- ⲙⲁ -->
<feat xlink:href="#orig_632" value="ⲙ"/><!-- ⲙ -->
<feat xlink:href="#orig_633" value="ⲡ"/><!-- ⲡ -->
<feat xlink:href="#orig_634" value="ⲉⲧ"/><!-- ⲉⲧ -->
<feat xlink:href="#orig_635" value="ⲛⲁ"/><!-- ⲛⲁ -->
<feat xlink:href="#orig_636" value="ⲕⲣⲓⲛⲉ"/><!-- ⲕⲣⲓⲛⲉ -->
<feat xlink:href="#orig_637" value="ⲇⲓⲕⲁⲓⲱⲥ"/><!-- ⲇⲓⲕⲁⲓⲱⲥ -->
<feat xlink:href="#orig_638" value="."/><!-- . -->
<feat xlink:href="#orig_639" value="ⲡⲁⲓ"/><!-- ⲡⲁⲓ -->
<feat xlink:href="#orig_640" value="ⲛⲧ"/><!-- ⲛⲧ -->
<feat xlink:href="#orig_641" value="ⲁ"/><!-- ⲁ -->
<feat xlink:href="#orig_642" value="ϥ"/><!-- ϥ -->
<feat xlink:href="#orig_643" value="ⲧⲁⲗⲟ"/><!-- ⲧⲁⲗⲟ -->
<feat xlink:href="#orig_644" value="ⲉϩⲣⲁⲓ"/><!-- ⲉϩⲣⲁⲓ -->
<feat xlink:href="#orig_645" value="ⲛ"/><!-- ⲛ -->
<feat xlink:href="#orig_646" value="ⲛⲉⲛ"/><!-- ⲛⲉⲛ -->
<feat xlink:href="#orig_647" value="ⲛⲟⲃⲉ"/><!-- ⲛⲟⲃⲉ -->
<feat xlink:href="#orig_648" value="ⲉϩⲣⲁⲓ"/><!-- ⲉϩⲣⲁⲓ -->
<feat xlink:href="#orig_649" value="ϩⲙ"/><!-- ϩⲙ -->
<feat xlink:href="#orig_650" value="ⲡⲉϥ"/><!-- ⲡⲉϥ -->
<feat xlink:href="#orig_651" value="ⲥⲱⲙⲁ"/><!-- ⲥⲱⲙⲁ -->
<feat xlink:href="#orig_652" value="ⲉϫⲙ"/><!-- ⲉϫⲙ -->
<feat xlink:href="#orig_653" value="ⲡ"/><!-- ⲡ -->
<feat xlink:href="#orig_654" value="ϣⲉ"/><!-- ϣⲉ -->
<feat xlink:href="#orig_655" value="ϫⲉⲕⲁⲁⲥ"/><!-- ϫⲉⲕⲁⲁⲥ -->
<feat xlink:href="#orig_656" value="ⲉ"/><!-- ⲉ -->
<feat xlink:href="#orig_657" value="ⲁ"/><!-- ⲁ -->
<feat xlink:href="#orig_658" value="ⲛ"/><!-- ⲛ -->
<feat xlink:href="#orig_659" value="ⲙⲟⲩ"/><!-- ⲙⲟⲩ -->
<feat xlink:href="#orig_660" value="ⲛ"/><!-- ⲛ -->
<feat xlink:href="#orig_661" value="ⲛⲁϩⲣⲙ"/><!-- ⲛⲁϩⲣⲙ -->
<feat xlink:href="#orig_662" value="ⲡ"/><!-- ⲡ -->
<feat xlink:href="#orig_663" value="ⲛⲟⲃⲉ"/><!-- ⲛⲟⲃⲉ -->
<feat xlink:href="#orig_664" value="ⲛⲧⲛⲱⲛϩ"/><!-- ⲛⲧⲛⲱⲛϩ -->
<feat xlink:href="#orig_665" value="ϩⲛ"/><!-- ϩⲛ -->
<feat xlink:href="#orig_666" value="ⲇⲓⲕⲁⲓⲟⲥⲩⲛⲏ"/><!-- ⲇⲓⲕⲁⲓⲟⲥⲩⲛⲏ -->
<feat xlink:href="#orig_667" value="ⲡⲁⲓ"/><!-- ⲡⲁⲓ -->
<feat xlink:href="#orig_668" value="ⲛⲧ"/><!-- ⲛⲧ -->
<feat xlink:href="#orig_669" value="ⲁ"/><!-- ⲁ -->
<feat xlink:href="#orig_670" value="ⲧⲉⲧⲛ"/><!-- ⲧⲉⲧⲛ -->
<feat xlink:href="#orig_671" value="ⲧⲁⲗϭⲟ"/><!-- ⲧⲁⲗϭⲟ -->
<feat xlink:href="#orig_672" value="ϩⲙ"/><!-- ϩⲙ -->
<feat xlink:href="#orig_673" value="ⲡⲉϥⲥⲁϣ"/><!-- ⲡⲉϥⲥⲁϣ -->
<feat xlink:href="#orig_674" value="."/><!-- . -->
<feat xlink:href="#orig_675" value="ⲛⲉ"/><!-- ⲛⲉ -->
<feat xlink:href="#orig_676" value="ⲧⲉⲧⲛ"/><!-- ⲧⲉⲧⲛ -->
<feat xlink:href="#orig_677" value="ⲟ"/><!-- ⲟ -->
<feat xlink:href="#orig_678" value="ⲅⲁⲣ"/><!-- ⲅⲁⲣ -->
<feat xlink:href="#orig_679" value="ⲡⲉ"/><!-- ⲡⲉ -->
<feat xlink:href="#orig_680" value="ⲛ"/><!-- ⲛ -->
<feat xlink:href="#orig_681" value="ⲧ"/><!-- ⲧ -->
<feat xlink:href="#orig_682" value="ϩⲉ"/><!-- ϩⲉ -->
<feat xlink:href="#orig_683" value="ⲛ"/><!-- ⲛ -->
<feat xlink:href="#orig_684" value="ⲛⲉⲓ"/><!-- ⲛⲉⲓ -->
<feat xlink:href="#orig_685" value="ⲉⲥⲟⲟⲩ"/><!-- ⲉⲥⲟⲟⲩ -->
<feat xlink:href="#orig_686" value="ⲉⲧ"/><!-- ⲉⲧ -->
<feat xlink:href="#orig_687" value="ⲥⲟⲣⲙ"/><!-- ⲥⲟⲣⲙ -->
<feat xlink:href="#orig_688" value="ⲁⲗⲗⲁ"/><!-- ⲁⲗⲗⲁ -->
<feat xlink:href="#orig_689" value="ⲧⲉⲛⲟⲩ"/><!-- ⲧⲉⲛⲟⲩ -->
<feat xlink:href="#orig_690" value="ⲁ"/><!-- ⲁ -->
<feat xlink:href="#orig_691" value="ⲧⲉⲧⲛ"/><!-- ⲧⲉⲧⲛ -->
<feat xlink:href="#orig_692" value="ⲕⲉⲧ"/><!-- ⲕⲉⲧ -->
<feat xlink:href="#orig_693" value="ⲧⲏⲩⲧⲛ"/><!-- ⲧⲏⲩⲧⲛ -->
<feat xlink:href="#orig_694" value="ⲉ"/><!-- ⲉ -->
<feat xlink:href="#orig_695" value="ⲡ"/><!-- ⲡ -->
<feat xlink:href="#orig_696" value="ϣⲱⲥ"/><!-- ϣⲱⲥ -->
<feat xlink:href="#orig_697" value="ⲡ"/><!-- ⲡ -->
<feat xlink:href="#orig_698" value="ⲉⲡⲓⲥⲕⲟⲡⲟⲥ"/><!-- ⲉⲡⲓⲥⲕⲟⲡⲟⲥ -->
<feat xlink:href="#orig_699" value="ⲛⲛⲉⲧⲙⲯⲩⲭⲏ"/><!-- ⲛⲛⲉⲧⲙⲯⲩⲭⲏ -->
<feat xlink:href="#orig_700" value="."/><!-- . -->
</featList>
</paula>
