<?xml version="1.0" encoding="UTF-8" standalone="no"?>

<!DOCTYPE paula SYSTEM "paula_mark.dtd">
<paula version="1.0">

<header paula_id="sahidica.nt.1_Corinthians_11_origSeg"/>

<markList xmlns:xlink="http://www.w3.org/1999/xlink" type="origSeg" xml:base="sahidica.nt.1_Corinthians_11.tok.xml">
<mark id="orig_1" xlink:href="#tok_1"/><!-- ⲧⲛⲧⲛ -->
<mark id="orig_2" xlink:href="#tok_2"/><!-- ⲧⲏⲩⲧⲛ -->
<mark id="orig_3" xlink:href="#tok_3"/><!-- ⲉⲣⲟ -->
<mark id="orig_4" xlink:href="#tok_4"/><!-- ⲓ -->
<mark id="orig_5" xlink:href="#tok_5"/><!-- ⲕⲁⲧⲁ -->
<mark id="orig_6" xlink:href="#tok_6"/><!-- ⲧ -->
<mark id="orig_7" xlink:href="#tok_7"/><!-- ϩⲉ -->
<mark id="orig_8" xlink:href="#tok_8"/><!-- ⲉⲛⲧⲁⲓ -->
<mark id="orig_9" xlink:href="#tok_9"/><!-- ⲧⲛⲧⲱⲛⲧ -->
<mark id="orig_10" xlink:href="#tok_10"/><!-- ⲉ -->
<mark id="orig_11" xlink:href="#tok_11"/><!-- ⲡⲉ -->
<mark id="orig_12" xlink:href="#tok_12"/><!-- ⲭⲣⲓⲥⲧⲟⲥ -->
<mark id="orig_13" xlink:href="#tok_13"/><!-- . -->
<mark id="orig_14" xlink:href="#tok_14"/><!-- ϯ -->
<mark id="orig_15" xlink:href="#tok_15"/><!-- ⲉⲡⲁⲓⲛⲟⲩ -->
<mark id="orig_16" xlink:href="#tok_16"/><!-- ⲇⲉ -->
<mark id="orig_17" xlink:href="#tok_17"/><!-- ⲙⲙⲱ -->
<mark id="orig_18" xlink:href="#tok_18"/><!-- ⲧⲛ -->
<mark id="orig_19" xlink:href="#tok_19"/><!-- ϫⲉ -->
<mark id="orig_20" xlink:href="#tok_20"/><!-- ⲧⲉⲧⲛ -->
<mark id="orig_21" xlink:href="#tok_21"/><!-- ⲉⲓⲣⲉ -->
<mark id="orig_22" xlink:href="#tok_22"/><!-- ⲙ -->
<mark id="orig_23" xlink:href="#tok_23"/><!-- ⲡⲁ -->
<mark id="orig_24" xlink:href="#tok_24"/><!-- ⲙⲉⲉⲩⲉ -->
<mark id="orig_25" xlink:href="#tok_25"/><!-- ϩⲛ -->
<mark id="orig_26" xlink:href="#tok_26"/><!-- ϩⲱⲃ -->
<mark id="orig_27" xlink:href="#tok_27"/><!-- ⲛⲓⲙ -->
<mark id="orig_28" xlink:href="#tok_28"/><!-- . -->
<mark id="orig_29" xlink:href="#tok_29"/><!-- ⲁⲩⲱ -->
<mark id="orig_30" xlink:href="#tok_30"/><!-- ⲕⲁⲧⲁ -->
<mark id="orig_31" xlink:href="#tok_31"/><!-- ⲧ -->
<mark id="orig_32" xlink:href="#tok_32"/><!-- ϩⲉ -->
<mark id="orig_33" xlink:href="#tok_33"/><!-- ⲉⲛⲧ -->
<mark id="orig_34" xlink:href="#tok_34"/><!-- ⲁ -->
<mark id="orig_35" xlink:href="#tok_35"/><!-- ⲓ -->
<mark id="orig_36" xlink:href="#tok_36"/><!-- ϯ -->
<mark id="orig_37" xlink:href="#tok_37"/><!-- ⲛⲏ -->
<mark id="orig_38" xlink:href="#tok_38"/><!-- ⲧⲛ -->
<mark id="orig_39" xlink:href="#tok_39"/><!-- ⲛⲙⲡⲁⲣⲁⲇⲟⲥⲓⲥ -->
<mark id="orig_40" xlink:href="#tok_40"/><!-- ⲧⲉⲧⲛ -->
<mark id="orig_41" xlink:href="#tok_41"/><!-- ⲁⲙⲁϩⲧⲉ -->
<mark id="orig_42" xlink:href="#tok_42"/><!-- ⲙⲙⲟ -->
<mark id="orig_43" xlink:href="#tok_43"/><!-- ⲟⲩ -->
<mark id="orig_44" xlink:href="#tok_44"/><!-- . -->
<mark id="orig_45" xlink:href="#tok_45"/><!-- ϯ -->
<mark id="orig_46" xlink:href="#tok_46"/><!-- ⲟⲩⲱϣ -->
<mark id="orig_47" xlink:href="#tok_47"/><!-- ⲇⲉ -->
<mark id="orig_48" xlink:href="#tok_48"/><!-- ⲉ -->
<mark id="orig_49" xlink:href="#tok_49"/><!-- ⲧⲣⲉ -->
<mark id="orig_50" xlink:href="#tok_50"/><!-- ⲧⲛ -->
<mark id="orig_51" xlink:href="#tok_51"/><!-- ⲉⲓⲙⲉ -->
<mark id="orig_52" xlink:href="#tok_52"/><!-- ϫⲉ -->
<mark id="orig_53" xlink:href="#tok_53"/><!-- ⲧ -->
<mark id="orig_54" xlink:href="#tok_54"/><!-- ⲁⲡⲉ -->
<mark id="orig_55" xlink:href="#tok_55"/><!-- ⲛ -->
<mark id="orig_56" xlink:href="#tok_56"/><!-- ϩⲟⲟⲩⲧ -->
<mark id="orig_57" xlink:href="#tok_57"/><!-- ⲛⲓⲙ -->
<mark id="orig_58" xlink:href="#tok_58"/><!-- ⲡⲉ -->
<mark id="orig_59" xlink:href="#tok_59"/><!-- ⲡⲉ -->
<mark id="orig_60" xlink:href="#tok_60"/><!-- ⲭⲣⲓⲥⲧⲟⲥ -->
<mark id="orig_61" xlink:href="#tok_61"/><!-- . -->
<mark id="orig_62" xlink:href="#tok_62"/><!-- ⲧ -->
<mark id="orig_63" xlink:href="#tok_63"/><!-- ⲁⲡⲉ -->
<mark id="orig_64" xlink:href="#tok_64"/><!-- ⲇⲉ -->
<mark id="orig_65" xlink:href="#tok_65"/><!-- ⲛⲧⲉⲥϩⲓ -->
<mark id="orig_66" xlink:href="#tok_66"/><!-- ⲙⲉ -->
<mark id="orig_67" xlink:href="#tok_67"/><!-- ⲡⲉ -->
<mark id="orig_68" xlink:href="#tok_68"/><!-- ⲡⲉⲥ -->
<mark id="orig_69" xlink:href="#tok_69"/><!-- ϩⲁⲓ -->
<mark id="orig_70" xlink:href="#tok_70"/><!-- . -->
<mark id="orig_71" xlink:href="#tok_71"/><!-- ⲧ -->
<mark id="orig_72" xlink:href="#tok_72"/><!-- ⲁⲡⲉ -->
<mark id="orig_73" xlink:href="#tok_73"/><!-- ⲇⲉ -->
<mark id="orig_74" xlink:href="#tok_74"/><!-- ⲛ -->
<mark id="orig_75" xlink:href="#tok_75"/><!-- ⲡⲉ -->
<mark id="orig_76" xlink:href="#tok_76"/><!-- ⲭⲣⲓⲥⲧⲟⲥ -->
<mark id="orig_77" xlink:href="#tok_77"/><!-- ⲡⲉ -->
<mark id="orig_78" xlink:href="#tok_78"/><!-- ⲡ -->
<mark id="orig_79" xlink:href="#tok_79"/><!-- ⲛⲟⲩⲧⲉ -->
<mark id="orig_80" xlink:href="#tok_80"/><!-- . -->
<mark id="orig_81" xlink:href="#tok_81"/><!-- ⲣⲱⲙⲉ -->
<mark id="orig_82" xlink:href="#tok_82"/><!-- ⲛⲓⲙ -->
<mark id="orig_83" xlink:href="#tok_83"/><!-- ⲉ -->
<mark id="orig_84" xlink:href="#tok_84"/><!-- ϥ -->
<mark id="orig_85" xlink:href="#tok_85"/><!-- ϣⲗⲏⲗ -->
<mark id="orig_86" xlink:href="#tok_86"/><!-- ⲏⲉϥⲡⲣⲟⲫⲏⲧⲉⲩⲉ -->
<mark id="orig_87" xlink:href="#tok_87"/><!-- ⲉⲣⲉ -->
<mark id="orig_88" xlink:href="#tok_88"/><!-- ⲧⲉϥ -->
<mark id="orig_89" xlink:href="#tok_89"/><!-- ⲁⲡⲉ -->
<mark id="orig_90" xlink:href="#tok_90"/><!-- ϩⲟⲃⲥ -->
<mark id="orig_91" xlink:href="#tok_91"/><!-- ϥ -->
<mark id="orig_92" xlink:href="#tok_92"/><!-- ϯϣⲓⲡⲉ -->
<mark id="orig_93" xlink:href="#tok_93"/><!-- ⲛ -->
<mark id="orig_94" xlink:href="#tok_94"/><!-- ⲧⲉϥ -->
<mark id="orig_95" xlink:href="#tok_95"/><!-- ⲁⲡⲉ -->
<mark id="orig_96" xlink:href="#tok_96"/><!-- . -->
<mark id="orig_97" xlink:href="#tok_97"/><!-- ⲥϩⲓⲙⲉ -->
<mark id="orig_98" xlink:href="#tok_98"/><!-- ⲇⲉ -->
<mark id="orig_99" xlink:href="#tok_99"/><!-- ⲛⲓⲙ -->
<mark id="orig_100" xlink:href="#tok_100"/><!-- ⲉ -->
<mark id="orig_101" xlink:href="#tok_101"/><!-- ⲥ -->
<mark id="orig_102" xlink:href="#tok_102"/><!-- ϣⲗⲏⲗ -->
<mark id="orig_103" xlink:href="#tok_103"/><!-- ⲏⲉⲥⲡⲣⲟⲫⲏ -->
<mark id="orig_104" xlink:href="#tok_104"/><!-- ⲧⲉⲩⲉ -->
<mark id="orig_105" xlink:href="#tok_105"/><!-- ⲉⲣⲉ -->
<mark id="orig_106" xlink:href="#tok_106"/><!-- ⲧⲉⲥ -->
<mark id="orig_107" xlink:href="#tok_107"/><!-- ⲁⲡⲉ -->
<mark id="orig_108" xlink:href="#tok_108"/><!-- ϭⲟⲗⲡ -->
<mark id="orig_109" xlink:href="#tok_109"/><!-- ⲉⲃⲟⲗ -->
<mark id="orig_110" xlink:href="#tok_110"/><!-- ⲥ -->
<mark id="orig_111" xlink:href="#tok_111"/><!-- ϯϣⲓⲡⲉ -->
<mark id="orig_112" xlink:href="#tok_112"/><!-- ⲛ -->
<mark id="orig_113" xlink:href="#tok_113"/><!-- ⲧⲉⲥ -->
<mark id="orig_114" xlink:href="#tok_114"/><!-- ⲁⲡⲉ -->
<mark id="orig_115" xlink:href="#tok_115"/><!-- . -->
<mark id="orig_116" xlink:href="#tok_116"/><!-- ⲧⲉⲓϩⲉ -->
<mark id="orig_117" xlink:href="#tok_117"/><!-- ⲅⲁⲣ -->
<mark id="orig_118" xlink:href="#tok_118"/><!-- ⲧⲉ -->
<mark id="orig_119" xlink:href="#tok_119"/><!-- . -->
<mark id="orig_120" xlink:href="#tok_120"/><!-- ⲁⲩⲱ -->
<mark id="orig_121" xlink:href="#tok_121"/><!-- ⲡⲉⲉⲓϩⲱⲃ -->
<mark id="orig_122" xlink:href="#tok_122"/><!-- ⲛ -->
<mark id="orig_123" xlink:href="#tok_123"/><!-- ⲟⲩⲱⲧ -->
<mark id="orig_124" xlink:href="#tok_124"/><!-- ⲡⲉ -->
<mark id="orig_125" xlink:href="#tok_125"/><!-- ⲛ -->
<mark id="orig_126" xlink:href="#tok_126"/><!-- ⲧ -->
<mark id="orig_127" xlink:href="#tok_127"/><!-- ⲉⲧⲉⲣⲉ -->
<mark id="orig_128" xlink:href="#tok_128"/><!-- ϫⲱ -->
<mark id="orig_129" xlink:href="#tok_129"/><!-- ⲥ -->
<mark id="orig_130" xlink:href="#tok_130"/><!-- ϩⲟⲟⲕⲉ -->
<mark id="orig_131" xlink:href="#tok_131"/><!-- . -->
<mark id="orig_132" xlink:href="#tok_132"/><!-- ⲉϣϫⲉ -->
<mark id="orig_133" xlink:href="#tok_133"/><!-- ⲥⲛⲁϩⲃⲥ -->
<mark id="orig_134" xlink:href="#tok_134"/><!-- ϫⲱ -->
<mark id="orig_135" xlink:href="#tok_135"/><!-- ⲥ -->
<mark id="orig_136" xlink:href="#tok_136"/><!-- ⲅⲁⲣ -->
<mark id="orig_137" xlink:href="#tok_137"/><!-- ⲁⲛ -->
<mark id="orig_138" xlink:href="#tok_138"/><!-- ⲛϭⲓ -->
<mark id="orig_139" xlink:href="#tok_139"/><!-- ⲧⲉ -->
<mark id="orig_140" xlink:href="#tok_140"/><!-- ⲥϩⲓⲙⲉ -->
<mark id="orig_141" xlink:href="#tok_141"/><!-- ⲙⲁⲣⲉⲥϣⲃ -->
<mark id="orig_142" xlink:href="#tok_142"/><!-- ϫⲱ -->
<mark id="orig_143" xlink:href="#tok_143"/><!-- ⲥ -->
<mark id="orig_144" xlink:href="#tok_144"/><!-- . -->
<mark id="orig_145" xlink:href="#tok_145"/><!-- ⲉϣϫⲉ -->
<mark id="orig_146" xlink:href="#tok_146"/><!-- ⲟⲩ -->
<mark id="orig_147" xlink:href="#tok_147"/><!-- ϣⲗⲟϥ -->
<mark id="orig_148" xlink:href="#tok_148"/><!-- ⲇⲉ -->
<mark id="orig_149" xlink:href="#tok_149"/><!-- ⲛ -->
<mark id="orig_150" xlink:href="#tok_150"/><!-- ⲧⲉ -->
<mark id="orig_151" xlink:href="#tok_151"/><!-- ⲥϩⲓⲙⲉ -->
<mark id="orig_152" xlink:href="#tok_152"/><!-- ⲡⲉ -->
<mark id="orig_153" xlink:href="#tok_153"/><!-- ϣⲃ -->
<mark id="orig_154" xlink:href="#tok_154"/><!-- ϫⲱ -->
<mark id="orig_155" xlink:href="#tok_155"/><!-- ⲥ -->
<mark id="orig_156" xlink:href="#tok_156"/><!-- ⲏϩⲉⲕⲉ -->
<mark id="orig_157" xlink:href="#tok_157"/><!-- ϫⲱ -->
<mark id="orig_158" xlink:href="#tok_158"/><!-- ⲥ -->
<mark id="orig_159" xlink:href="#tok_159"/><!-- . -->
<mark id="orig_160" xlink:href="#tok_160"/><!-- ⲙⲁⲣⲉⲥϩⲃⲥ -->
<mark id="orig_161" xlink:href="#tok_161"/><!-- ϫⲱ -->
<mark id="orig_162" xlink:href="#tok_162"/><!-- ⲥ -->
<mark id="orig_163" xlink:href="#tok_163"/><!-- . -->
<mark id="orig_164" xlink:href="#tok_164"/><!-- ⲡ -->
<mark id="orig_165" xlink:href="#tok_165"/><!-- ϩⲟⲟⲩⲧ -->
<mark id="orig_166" xlink:href="#tok_166"/><!-- ⲅⲁⲣ -->
<mark id="orig_167" xlink:href="#tok_167"/><!-- ⲛϣϣⲉ -->
<mark id="orig_168" xlink:href="#tok_168"/><!-- ⲁⲛ -->
<mark id="orig_169" xlink:href="#tok_169"/><!-- ⲉⲣⲟ -->
<mark id="orig_170" xlink:href="#tok_170"/><!-- ϥ -->
<mark id="orig_171" xlink:href="#tok_171"/><!-- ⲉ -->
<mark id="orig_172" xlink:href="#tok_172"/><!-- ϩⲱⲃⲥ -->
<mark id="orig_173" xlink:href="#tok_173"/><!-- ⲛ -->
<mark id="orig_174" xlink:href="#tok_174"/><!-- ⲧⲉϥ -->
<mark id="orig_175" xlink:href="#tok_175"/><!-- ⲁⲡⲉ -->
<mark id="orig_176" xlink:href="#tok_176"/><!-- . -->
<mark id="orig_177" xlink:href="#tok_177"/><!-- ⲉ -->
<mark id="orig_178" xlink:href="#tok_178"/><!-- ⲧ -->
<mark id="orig_179" xlink:href="#tok_179"/><!-- ϩⲓⲕⲱⲛ -->
<mark id="orig_180" xlink:href="#tok_180"/><!-- ⲡⲉ -->
<mark id="orig_181" xlink:href="#tok_181"/><!-- ⲁⲩⲱ -->
<mark id="orig_182" xlink:href="#tok_182"/><!-- ⲡ -->
<mark id="orig_183" xlink:href="#tok_183"/><!-- ⲉⲟⲟⲩ -->
<mark id="orig_184" xlink:href="#tok_184"/><!-- ⲙ -->
<mark id="orig_185" xlink:href="#tok_185"/><!-- ⲡ -->
<mark id="orig_186" xlink:href="#tok_186"/><!-- ⲛⲟⲩⲧⲉ -->
<mark id="orig_187" xlink:href="#tok_187"/><!-- . -->
<mark id="orig_188" xlink:href="#tok_188"/><!-- ⲧⲉ -->
<mark id="orig_189" xlink:href="#tok_189"/><!-- ⲥϩⲓⲙⲉ -->
<mark id="orig_190" xlink:href="#tok_190"/><!-- ⲇⲉ -->
<mark id="orig_191" xlink:href="#tok_191"/><!-- ⲡ -->
<mark id="orig_192" xlink:href="#tok_192"/><!-- ⲉⲟⲟⲩ -->
<mark id="orig_193" xlink:href="#tok_193"/><!-- ⲙ -->
<mark id="orig_194" xlink:href="#tok_194"/><!-- ⲡⲉⲥ -->
<mark id="orig_195" xlink:href="#tok_195"/><!-- ϩⲁⲓ -->
<mark id="orig_196" xlink:href="#tok_196"/><!-- ⲧⲉ -->
<mark id="orig_197" xlink:href="#tok_197"/><!-- . -->
<mark id="orig_198" xlink:href="#tok_198"/><!-- ⲛⲧ -->
<mark id="orig_199" xlink:href="#tok_199"/><!-- ⲁ -->
<mark id="orig_200" xlink:href="#tok_200"/><!-- ⲩ -->
<mark id="orig_201" xlink:href="#tok_201"/><!-- ϫⲓ -->
<mark id="orig_202" xlink:href="#tok_202"/><!-- ⲡ -->
<mark id="orig_203" xlink:href="#tok_203"/><!-- ⲣⲱⲙⲉ -->
<mark id="orig_204" xlink:href="#tok_204"/><!-- ⲅⲁⲣ -->
<mark id="orig_205" xlink:href="#tok_205"/><!-- ⲁⲛ -->
<mark id="orig_206" xlink:href="#tok_206"/><!-- ⲉⲃⲟⲗ -->
<mark id="orig_207" xlink:href="#tok_207"/><!-- ϩⲛ -->
<mark id="orig_208" xlink:href="#tok_208"/><!-- ⲧⲉ -->
<mark id="orig_209" xlink:href="#tok_209"/><!-- ⲥϩⲓⲙⲉ -->
<mark id="orig_210" xlink:href="#tok_210"/><!-- ⲁⲗⲗⲁ -->
<mark id="orig_211" xlink:href="#tok_211"/><!-- ⲛⲧ -->
<mark id="orig_212" xlink:href="#tok_212"/><!-- ⲁ -->
<mark id="orig_213" xlink:href="#tok_213"/><!-- ⲩ -->
<mark id="orig_214" xlink:href="#tok_214"/><!-- ϫⲓ -->
<mark id="orig_215" xlink:href="#tok_215"/><!-- ⲧⲉ -->
<mark id="orig_216" xlink:href="#tok_216"/><!-- ⲥϩⲓⲙⲉ -->
<mark id="orig_217" xlink:href="#tok_217"/><!-- ⲉⲃⲟⲗ -->
<mark id="orig_218" xlink:href="#tok_218"/><!-- ϩⲙ -->
<mark id="orig_219" xlink:href="#tok_219"/><!-- ⲡ -->
<mark id="orig_220" xlink:href="#tok_220"/><!-- ⲣⲱⲙⲉ -->
<mark id="orig_221" xlink:href="#tok_221"/><!-- . -->
<mark id="orig_222" xlink:href="#tok_222"/><!-- ⲕⲁⲓⲅⲁⲣ -->
<mark id="orig_223" xlink:href="#tok_223"/><!-- ⲛⲧⲁⲩⲥⲛⲧ -->
<mark id="orig_224" xlink:href="#tok_224"/><!-- ⲡ -->
<mark id="orig_225" xlink:href="#tok_225"/><!-- ⲣⲱⲙⲉ -->
<mark id="orig_226" xlink:href="#tok_226"/><!-- ⲁⲛ -->
<mark id="orig_227" xlink:href="#tok_227"/><!-- ⲉⲧⲃⲉ -->
<mark id="orig_228" xlink:href="#tok_228"/><!-- ⲧⲉ -->
<mark id="orig_229" xlink:href="#tok_229"/><!-- ⲥϩⲓⲙⲉ -->
<mark id="orig_230" xlink:href="#tok_230"/><!-- . -->
<mark id="orig_231" xlink:href="#tok_231"/><!-- ⲁⲗⲗⲁ -->
<mark id="orig_232" xlink:href="#tok_232"/><!-- ⲧⲉ -->
<mark id="orig_233" xlink:href="#tok_233"/><!-- ⲥϩⲓⲙⲉ -->
<mark id="orig_234" xlink:href="#tok_234"/><!-- ⲉⲧⲃⲉ -->
<mark id="orig_235" xlink:href="#tok_235"/><!-- ⲡ -->
<mark id="orig_236" xlink:href="#tok_236"/><!-- ⲣⲱⲙⲉ -->
<mark id="orig_237" xlink:href="#tok_237"/><!-- . -->
<mark id="orig_238" xlink:href="#tok_238"/><!-- ⲉⲧⲃⲉ -->
<mark id="orig_239" xlink:href="#tok_239"/><!-- ⲡⲁⲓ -->
<mark id="orig_240" xlink:href="#tok_240"/><!-- ϣϣⲉ -->
<mark id="orig_241" xlink:href="#tok_241"/><!-- ⲉ -->
<mark id="orig_242" xlink:href="#tok_242"/><!-- ⲧⲉ -->
<mark id="orig_243" xlink:href="#tok_243"/><!-- ⲥϩⲓⲙⲉ -->
<mark id="orig_244" xlink:href="#tok_244"/><!-- ⲉ -->
<mark id="orig_245" xlink:href="#tok_245"/><!-- ⲕⲱ -->
<mark id="orig_246" xlink:href="#tok_246"/><!-- ⲛ -->
<mark id="orig_247" xlink:href="#tok_247"/><!-- ⲟⲩ -->
<mark id="orig_248" xlink:href="#tok_248"/><!-- ⲉⲝⲟⲩⲥⲓⲁ -->
<mark id="orig_249" xlink:href="#tok_249"/><!-- ⲉϫⲛ -->
<mark id="orig_250" xlink:href="#tok_250"/><!-- ⲧⲉⲥ -->
<mark id="orig_251" xlink:href="#tok_251"/><!-- ⲁⲡⲉ -->
<mark id="orig_252" xlink:href="#tok_252"/><!-- ⲉⲧⲃⲉ -->
<mark id="orig_253" xlink:href="#tok_253"/><!-- ⲛ -->
<mark id="orig_254" xlink:href="#tok_254"/><!-- ⲁⲅⲅⲉⲗⲟⲥ -->
<mark id="orig_255" xlink:href="#tok_255"/><!-- . -->
<mark id="orig_256" xlink:href="#tok_256"/><!-- ⲡⲗⲏⲛ -->
<mark id="orig_257" xlink:href="#tok_257"/><!-- ⲙⲛ -->
<mark id="orig_258" xlink:href="#tok_258"/><!-- ⲥϩⲓⲙⲉ -->
<mark id="orig_259" xlink:href="#tok_259"/><!-- ⲁϫⲛ -->
<mark id="orig_260" xlink:href="#tok_260"/><!-- ϩⲟⲟⲩⲧ -->
<mark id="orig_261" xlink:href="#tok_261"/><!-- ⲟⲩⲇⲉ -->
<mark id="orig_262" xlink:href="#tok_262"/><!-- ϩⲟⲟⲩⲧ -->
<mark id="orig_263" xlink:href="#tok_263"/><!-- ⲛ -->
<mark id="orig_264" xlink:href="#tok_264"/><!-- ⲟⲩ -->
<mark id="orig_265" xlink:href="#tok_265"/><!-- ⲉϣ -->
<mark id="orig_266" xlink:href="#tok_266"/><!-- ⲛ -->
<mark id="orig_267" xlink:href="#tok_267"/><!-- ⲥϩⲓⲙⲉ -->
<mark id="orig_268" xlink:href="#tok_268"/><!-- ϩⲙ -->
<mark id="orig_269" xlink:href="#tok_269"/><!-- ⲡ -->
<mark id="orig_270" xlink:href="#tok_270"/><!-- ϫⲟⲉⲓⲥ -->
<mark id="orig_271" xlink:href="#tok_271"/><!-- . -->
<mark id="orig_272" xlink:href="#tok_272"/><!-- ⲛ -->
<mark id="orig_273" xlink:href="#tok_273"/><!-- ⲧ -->
<mark id="orig_274" xlink:href="#tok_274"/><!-- ϩⲉ -->
<mark id="orig_275" xlink:href="#tok_275"/><!-- ⲅⲁⲣ -->
<mark id="orig_276" xlink:href="#tok_276"/><!-- ⲛ -->
<mark id="orig_277" xlink:href="#tok_277"/><!-- ⲧⲉ -->
<mark id="orig_278" xlink:href="#tok_278"/><!-- ⲥϩⲓⲙⲉ -->
<mark id="orig_279" xlink:href="#tok_279"/><!-- ⲉⲩⲉ -->
<mark id="orig_280" xlink:href="#tok_280"/><!-- ⲃⲟⲗ -->
<mark id="orig_281" xlink:href="#tok_281"/><!-- ϩⲙ -->
<mark id="orig_282" xlink:href="#tok_282"/><!-- ⲡ -->
<mark id="orig_283" xlink:href="#tok_283"/><!-- ϩⲟⲟⲩⲧ -->
<mark id="orig_284" xlink:href="#tok_284"/><!-- ⲧⲉ -->
<mark id="orig_285" xlink:href="#tok_285"/><!-- . -->
<mark id="orig_286" xlink:href="#tok_286"/><!-- ⲧⲁⲓ -->
<mark id="orig_287" xlink:href="#tok_287"/><!-- ⲧⲉ -->
<mark id="orig_288" xlink:href="#tok_288"/><!-- ⲧ -->
<mark id="orig_289" xlink:href="#tok_289"/><!-- ϩⲉ -->
<mark id="orig_290" xlink:href="#tok_290"/><!-- ⲙ -->
<mark id="orig_291" xlink:href="#tok_291"/><!-- ⲡ -->
<mark id="orig_292" xlink:href="#tok_292"/><!-- ϩⲟⲟⲩⲧ -->
<mark id="orig_293" xlink:href="#tok_293"/><!-- ⲉⲩⲉ -->
<mark id="orig_294" xlink:href="#tok_294"/><!-- ⲃⲟⲗ -->
<mark id="orig_295" xlink:href="#tok_295"/><!-- ϩⲛ -->
<mark id="orig_296" xlink:href="#tok_296"/><!-- ⲧⲉ -->
<mark id="orig_297" xlink:href="#tok_297"/><!-- ⲥϩⲓⲙⲉ -->
<mark id="orig_298" xlink:href="#tok_298"/><!-- ⲡⲉ -->
<mark id="orig_299" xlink:href="#tok_299"/><!-- . -->
<mark id="orig_300" xlink:href="#tok_300"/><!-- ⲡ -->
<mark id="orig_301" xlink:href="#tok_301"/><!-- ⲧⲏⲣϥ -->
<mark id="orig_302" xlink:href="#tok_302"/><!-- ⲇⲉ -->
<mark id="orig_303" xlink:href="#tok_303"/><!-- ϩⲉⲛⲉⲃⲟⲗ -->
<mark id="orig_304" xlink:href="#tok_304"/><!-- ϩⲙ -->
<mark id="orig_305" xlink:href="#tok_305"/><!-- ⲡ -->
<mark id="orig_306" xlink:href="#tok_306"/><!-- ⲛⲟⲩⲧⲉ -->
<mark id="orig_307" xlink:href="#tok_307"/><!-- ⲛⲉ -->
<mark id="orig_308" xlink:href="#tok_308"/><!-- . -->
<mark id="orig_309" xlink:href="#tok_309"/><!-- ⲕⲣⲓⲛⲉ -->
<mark id="orig_310" xlink:href="#tok_310"/><!-- ⲛⲧⲱⲧⲛ -->
<mark id="orig_311" xlink:href="#tok_311"/><!-- ⲛϩⲏ -->
<mark id="orig_312" xlink:href="#tok_312"/><!-- ⲧⲧⲏⲩⲧⲛ -->
<mark id="orig_313" xlink:href="#tok_313"/><!-- . -->
<mark id="orig_314" xlink:href="#tok_314"/><!-- ϣϣⲉ -->
<mark id="orig_315" xlink:href="#tok_315"/><!-- ⲉ -->
<mark id="orig_316" xlink:href="#tok_316"/><!-- ⲩ -->
<mark id="orig_317" xlink:href="#tok_317"/><!-- ⲥϩⲓⲙⲉ -->
<mark id="orig_318" xlink:href="#tok_318"/><!-- ⲉ -->
<mark id="orig_319" xlink:href="#tok_319"/><!-- ϣⲗⲏⲗ -->
<mark id="orig_320" xlink:href="#tok_320"/><!-- ⲉ -->
<mark id="orig_321" xlink:href="#tok_321"/><!-- ⲡ -->
<mark id="orig_322" xlink:href="#tok_322"/><!-- ⲛⲟⲩⲧⲉ -->
<mark id="orig_323" xlink:href="#tok_323"/><!-- ⲉⲣⲉ -->
<mark id="orig_324" xlink:href="#tok_324"/><!-- ϫⲱ -->
<mark id="orig_325" xlink:href="#tok_325"/><!-- ⲥ -->
<mark id="orig_326" xlink:href="#tok_326"/><!-- ϭⲟⲗⲡ -->
<mark id="orig_327" xlink:href="#tok_327"/><!-- ⲉⲃⲟⲗ -->
<mark id="orig_328" xlink:href="#tok_328"/><!-- . -->
<mark id="orig_329" xlink:href="#tok_329"/><!-- ⲉⲓⲉ -->
<mark id="orig_330" xlink:href="#tok_330"/><!-- ⲛⲧⲉⲉⲓⲕⲉⲫⲩⲥⲓⲥ -->
<mark id="orig_331" xlink:href="#tok_331"/><!-- ⲛⲁ -->
<mark id="orig_332" xlink:href="#tok_332"/><!-- ⲧ -->
<mark id="orig_333" xlink:href="#tok_333"/><!-- ⲥⲁⲃⲉ -->
<mark id="orig_334" xlink:href="#tok_334"/><!-- ⲧⲏⲩⲧⲛ -->
<mark id="orig_335" xlink:href="#tok_335"/><!-- ⲁⲛ -->
<mark id="orig_336" xlink:href="#tok_336"/><!-- . -->
<mark id="orig_337" xlink:href="#tok_337"/><!-- ϫⲉ -->
<mark id="orig_338" xlink:href="#tok_338"/><!-- ⲟⲩ -->
<mark id="orig_339" xlink:href="#tok_339"/><!-- ⲣⲱⲙⲉ -->
<mark id="orig_340" xlink:href="#tok_340"/><!-- ⲙⲉⲛ -->
<mark id="orig_341" xlink:href="#tok_341"/><!-- ⲉϥϣⲁⲛ -->
<mark id="orig_342" xlink:href="#tok_342"/><!-- ⲟⲩⲉϩ -->
<mark id="orig_343" xlink:href="#tok_343"/><!-- ϥⲱ -->
<mark id="orig_344" xlink:href="#tok_344"/><!-- ⲟⲩⲥⲱϣ -->
<mark id="orig_345" xlink:href="#tok_345"/><!-- ⲛⲁ -->
<mark id="orig_346" xlink:href="#tok_346"/><!-- ϥ -->
<mark id="orig_347" xlink:href="#tok_347"/><!-- ⲡⲉ -->
<mark id="orig_348" xlink:href="#tok_348"/><!-- ⲟⲩ -->
<mark id="orig_349" xlink:href="#tok_349"/><!-- ⲥϩⲓⲙⲉ -->
<mark id="orig_350" xlink:href="#tok_350"/><!-- ⲇⲉ -->
<mark id="orig_351" xlink:href="#tok_351"/><!-- ⲉⲥϣⲁⲛ -->
<mark id="orig_352" xlink:href="#tok_352"/><!-- ⲟⲩⲉϩ -->
<mark id="orig_353" xlink:href="#tok_353"/><!-- ϥⲱ -->
<mark id="orig_354" xlink:href="#tok_354"/><!-- ⲟⲩ -->
<mark id="orig_355" xlink:href="#tok_355"/><!-- ⲉⲟⲟⲩ -->
<mark id="orig_356" xlink:href="#tok_356"/><!-- ⲛⲁ -->
<mark id="orig_357" xlink:href="#tok_357"/><!-- ⲥ -->
<mark id="orig_358" xlink:href="#tok_358"/><!-- ⲡⲉ -->
<mark id="orig_359" xlink:href="#tok_359"/><!-- . -->
<mark id="orig_360" xlink:href="#tok_360"/><!-- ϫⲉ -->
<mark id="orig_361" xlink:href="#tok_361"/><!-- ⲡ -->
<mark id="orig_362" xlink:href="#tok_362"/><!-- ϥⲱ -->
<mark id="orig_363" xlink:href="#tok_363"/><!-- ⲉⲛⲧ -->
<mark id="orig_364" xlink:href="#tok_364"/><!-- ⲁ -->
<mark id="orig_365" xlink:href="#tok_365"/><!-- ⲩ -->
<mark id="orig_366" xlink:href="#tok_366"/><!-- ⲧⲁⲁ -->
<mark id="orig_367" xlink:href="#tok_367"/><!-- ϥ -->
<mark id="orig_368" xlink:href="#tok_368"/><!-- ⲛⲁ -->
<mark id="orig_369" xlink:href="#tok_369"/><!-- ⲥ -->
<mark id="orig_370" xlink:href="#tok_370"/><!-- ⲉ -->
<mark id="orig_371" xlink:href="#tok_371"/><!-- ⲡ -->
<mark id="orig_372" xlink:href="#tok_372"/><!-- ⲙⲁ -->
<mark id="orig_373" xlink:href="#tok_373"/><!-- ⲛⲟⲩⲣϣⲱⲛ -->
<mark id="orig_374" xlink:href="#tok_374"/><!-- . -->
<mark id="orig_375" xlink:href="#tok_375"/><!-- ⲉϣϫⲉ -->
<mark id="orig_376" xlink:href="#tok_376"/><!-- ⲟⲩⲛ -->
<mark id="orig_377" xlink:href="#tok_377"/><!-- ⲟⲩⲁ -->
<mark id="orig_378" xlink:href="#tok_378"/><!-- ⲇⲉ -->
<mark id="orig_379" xlink:href="#tok_379"/><!-- ⲉ -->
<mark id="orig_380" xlink:href="#tok_380"/><!-- ⲩ -->
<mark id="orig_381" xlink:href="#tok_381"/><!-- ⲙⲁⲓ -->
<mark id="orig_382" xlink:href="#tok_382"/><!-- ϯⲧⲱⲛ -->
<mark id="orig_383" xlink:href="#tok_383"/><!-- ⲡⲉ -->
<mark id="orig_384" xlink:href="#tok_384"/><!-- ⲁⲛⲟⲛ -->
<mark id="orig_385" xlink:href="#tok_385"/><!-- ⲙⲛ -->
<mark id="orig_386" xlink:href="#tok_386"/><!-- ⲧⲁⲛ -->
<mark id="orig_387" xlink:href="#tok_387"/><!-- ⲥⲩⲛⲓⲑⲓⲁ -->
<mark id="orig_388" xlink:href="#tok_388"/><!-- ⲙⲙⲁⲩ -->
<mark id="orig_389" xlink:href="#tok_389"/><!-- ⲛ -->
<mark id="orig_390" xlink:href="#tok_390"/><!-- ⲧⲉⲓ -->
<mark id="orig_391" xlink:href="#tok_391"/><!-- ⲙⲓⲛⲉ -->
<mark id="orig_392" xlink:href="#tok_392"/><!-- ⲟⲩⲇⲉ -->
<mark id="orig_393" xlink:href="#tok_393"/><!-- ⲛ -->
<mark id="orig_394" xlink:href="#tok_394"/><!-- ⲉⲕⲕⲗⲏⲥⲓⲁ -->
<mark id="orig_395" xlink:href="#tok_395"/><!-- ⲙ -->
<mark id="orig_396" xlink:href="#tok_396"/><!-- ⲡ -->
<mark id="orig_397" xlink:href="#tok_397"/><!-- ⲛⲟⲩⲧⲉ -->
<mark id="orig_398" xlink:href="#tok_398"/><!-- . -->
<mark id="orig_399" xlink:href="#tok_399"/><!-- ⲡⲁⲓ -->
<mark id="orig_400" xlink:href="#tok_400"/><!-- ⲇⲉ -->
<mark id="orig_401" xlink:href="#tok_401"/><!-- ϯ -->
<mark id="orig_402" xlink:href="#tok_402"/><!-- ⲡⲁⲣⲁⲅⲅⲉⲓⲗⲉ -->
<mark id="orig_403" xlink:href="#tok_403"/><!-- ⲙⲙⲟ -->
<mark id="orig_404" xlink:href="#tok_404"/><!-- ϥ -->
<mark id="orig_405" xlink:href="#tok_405"/><!-- ⲉ -->
<mark id="orig_406" xlink:href="#tok_406"/><!-- ⲓ -->
<mark id="orig_407" xlink:href="#tok_407"/><!-- ⲉⲡⲁⲓⲛⲟⲩ -->
<mark id="orig_408" xlink:href="#tok_408"/><!-- ⲁⲛ -->
<mark id="orig_409" xlink:href="#tok_409"/><!-- ϫⲉ -->
<mark id="orig_410" xlink:href="#tok_410"/><!-- ⲉ -->
<mark id="orig_411" xlink:href="#tok_411"/><!-- ⲧⲉⲧⲛ -->
<mark id="orig_412" xlink:href="#tok_412"/><!-- ⲥⲱⲟⲩϩ -->
<mark id="orig_413" xlink:href="#tok_413"/><!-- ⲁⲛ -->
<mark id="orig_414" xlink:href="#tok_414"/><!-- ⲉ -->
<mark id="orig_415" xlink:href="#tok_415"/><!-- ⲩ -->
<mark id="orig_416" xlink:href="#tok_416"/><!-- ϫⲓⲥⲉ -->
<mark id="orig_417" xlink:href="#tok_417"/><!-- . -->
<mark id="orig_418" xlink:href="#tok_418"/><!-- ⲁⲗⲗⲁ -->
<mark id="orig_419" xlink:href="#tok_419"/><!-- ⲉⲩϩⲃⲃⲉ -->
<mark id="orig_420" xlink:href="#tok_420"/><!-- . -->
<mark id="orig_421" xlink:href="#tok_421"/><!-- ϣⲟⲣⲡ -->
<mark id="orig_422" xlink:href="#tok_422"/><!-- ⲙⲉⲛ -->
<mark id="orig_423" xlink:href="#tok_423"/><!-- ⲅⲁⲣ -->
<mark id="orig_424" xlink:href="#tok_424"/><!-- ⲉ -->
<mark id="orig_425" xlink:href="#tok_425"/><!-- ⲧⲉⲧⲛ -->
<mark id="orig_426" xlink:href="#tok_426"/><!-- ⲥⲱⲟⲩϩ -->
<mark id="orig_427" xlink:href="#tok_427"/><!-- ⲉϩⲟⲩⲛ -->
<mark id="orig_428" xlink:href="#tok_428"/><!-- ϩⲛ -->
<mark id="orig_429" xlink:href="#tok_429"/><!-- ⲧ -->
<mark id="orig_430" xlink:href="#tok_430"/><!-- ⲉⲕⲕⲗⲏⲥⲓⲁ -->
<mark id="orig_431" xlink:href="#tok_431"/><!-- . -->
<mark id="orig_432" xlink:href="#tok_432"/><!-- ϯ -->
<mark id="orig_433" xlink:href="#tok_433"/><!-- ⲥⲱⲧⲙ -->
<mark id="orig_434" xlink:href="#tok_434"/><!-- ϫⲉ -->
<mark id="orig_435" xlink:href="#tok_435"/><!-- ⲟⲩⲛ -->
<mark id="orig_436" xlink:href="#tok_436"/><!-- ϩⲉⲛⲡⲱⲣϫ -->
<mark id="orig_437" xlink:href="#tok_437"/><!-- ⲛϩⲏⲧ -->
<mark id="orig_438" xlink:href="#tok_438"/><!-- ⲧⲏⲩⲧⲛ -->
<mark id="orig_439" xlink:href="#tok_439"/><!-- . -->
<mark id="orig_440" xlink:href="#tok_440"/><!-- ⲁⲩⲱ -->
<mark id="orig_441" xlink:href="#tok_441"/><!-- ϯ -->
<mark id="orig_442" xlink:href="#tok_442"/><!-- ⲡⲓⲥⲧⲉⲩⲉ -->
<mark id="orig_443" xlink:href="#tok_443"/><!-- ϩⲛ -->
<mark id="orig_444" xlink:href="#tok_444"/><!-- ⲟⲩ -->
<mark id="orig_445" xlink:href="#tok_445"/><!-- ⲙⲉⲣⲟⲥ -->
<mark id="orig_446" xlink:href="#tok_446"/><!-- . -->
<mark id="orig_447" xlink:href="#tok_447"/><!-- ϩⲁⲡⲥ -->
<mark id="orig_448" xlink:href="#tok_448"/><!-- ⲅⲁⲣ -->
<mark id="orig_449" xlink:href="#tok_449"/><!-- ⲉⲧ -->
<mark id="orig_450" xlink:href="#tok_450"/><!-- ⲣⲉ -->
<mark id="orig_451" xlink:href="#tok_451"/><!-- ϩⲉⲛ -->
<mark id="orig_452" xlink:href="#tok_452"/><!-- ϩⲁⲓⲣⲉⲥⲓⲥ -->
<mark id="orig_453" xlink:href="#tok_453"/><!-- ϣⲱⲡⲉ -->
<mark id="orig_454" xlink:href="#tok_454"/><!-- ⲛϩⲏⲧ -->
<mark id="orig_455" xlink:href="#tok_455"/><!-- ⲧⲏⲩⲧⲛ -->
<mark id="orig_456" xlink:href="#tok_456"/><!-- . -->
<mark id="orig_457" xlink:href="#tok_457"/><!-- ϫⲉⲕⲁⲁⲥ -->
<mark id="orig_458" xlink:href="#tok_458"/><!-- ⲟⲛ -->
<mark id="orig_459" xlink:href="#tok_459"/><!-- ⲉⲣⲉ -->
<mark id="orig_460" xlink:href="#tok_460"/><!-- ⲛⲕⲉⲥⲱⲧⲡ -->
<mark id="orig_461" xlink:href="#tok_461"/><!-- ⲟⲩⲱⲛϩ -->
<mark id="orig_462" xlink:href="#tok_462"/><!-- ⲉⲃⲟⲗ -->
<mark id="orig_463" xlink:href="#tok_463"/><!-- ⲛϩⲏⲧ -->
<mark id="orig_464" xlink:href="#tok_464"/><!-- ⲧⲏⲩⲧⲛ -->
<mark id="orig_465" xlink:href="#tok_465"/><!-- . -->
<mark id="orig_466" xlink:href="#tok_466"/><!-- ⲉ -->
<mark id="orig_467" xlink:href="#tok_467"/><!-- ⲧⲉⲧⲛ -->
<mark id="orig_468" xlink:href="#tok_468"/><!-- ⲥⲱⲟⲩϩ -->
<mark id="orig_469" xlink:href="#tok_469"/><!-- ϭⲉ -->
<mark id="orig_470" xlink:href="#tok_470"/><!-- ⲉϩⲟⲩⲛ -->
<mark id="orig_471" xlink:href="#tok_471"/><!-- ⲛ -->
<mark id="orig_472" xlink:href="#tok_472"/><!-- ⲛⲉⲧⲛ -->
<mark id="orig_473" xlink:href="#tok_473"/><!-- ⲉⲣⲏⲩ -->
<mark id="orig_474" xlink:href="#tok_474"/><!-- ⲛⲟⲩⲕⲩⲣⲓⲁⲕⲟⲛ -->
<mark id="orig_475" xlink:href="#tok_475"/><!-- ⲁⲛ -->
<mark id="orig_476" xlink:href="#tok_476"/><!-- ⲡⲉ -->
<mark id="orig_477" xlink:href="#tok_477"/><!-- ⲛⲇⲓⲡⲛⲟⲛ -->
<mark id="orig_478" xlink:href="#tok_478"/><!-- ⲉ -->
<mark id="orig_479" xlink:href="#tok_479"/><!-- ⲟⲩⲟⲙ -->
<mark id="orig_480" xlink:href="#tok_480"/><!-- ϥ -->
<mark id="orig_481" xlink:href="#tok_481"/><!-- . -->
<mark id="orig_482" xlink:href="#tok_482"/><!-- ⲡ -->
<mark id="orig_483" xlink:href="#tok_483"/><!-- ⲟⲩⲁ -->
<mark id="orig_484" xlink:href="#tok_484"/><!-- ⲅⲁⲣ -->
<mark id="orig_485" xlink:href="#tok_485"/><!-- ⲡ -->
<mark id="orig_486" xlink:href="#tok_486"/><!-- ⲟⲩⲁ -->
<mark id="orig_487" xlink:href="#tok_487"/><!-- ⲣϣⲟⲣⲡ -->
<mark id="orig_488" xlink:href="#tok_488"/><!-- ⲉ -->
<mark id="orig_489" xlink:href="#tok_489"/><!-- ⲟⲩⲱⲙ -->
<mark id="orig_490" xlink:href="#tok_490"/><!-- ⲙⲡⲉϥⲇⲓⲡⲛⲟⲛ -->
<mark id="orig_491" xlink:href="#tok_491"/><!-- . -->
<mark id="orig_492" xlink:href="#tok_492"/><!-- ⲁⲩⲱ -->
<mark id="orig_493" xlink:href="#tok_493"/><!-- ⲟⲩⲛ -->
<mark id="orig_494" xlink:href="#tok_494"/><!-- ⲟⲩⲁ -->
<mark id="orig_495" xlink:href="#tok_495"/><!-- ⲙⲉⲛ -->
<mark id="orig_496" xlink:href="#tok_496"/><!-- ϩⲕⲁⲉⲓⲧ -->
<mark id="orig_497" xlink:href="#tok_497"/><!-- ⲟⲩⲛ -->
<mark id="orig_498" xlink:href="#tok_498"/><!-- ⲟⲩⲁ -->
<mark id="orig_499" xlink:href="#tok_499"/><!-- ⲇⲉ -->
<mark id="orig_500" xlink:href="#tok_500"/><!-- ⲧⲁ -->
<mark id="orig_501" xlink:href="#tok_501"/><!-- ϩⲉ -->
<mark id="orig_502" xlink:href="#tok_502"/><!-- . -->
<mark id="orig_503" xlink:href="#tok_503"/><!-- ⲙⲏ -->
<mark id="orig_504" xlink:href="#tok_504"/><!-- ⲉⲧⲉⲙⲛⲧⲏⲧⲛ -->
<mark id="orig_505" xlink:href="#tok_505"/><!-- ⲏⲉⲓ -->
<mark id="orig_506" xlink:href="#tok_506"/><!-- ⲙⲙⲁⲩ -->
<mark id="orig_507" xlink:href="#tok_507"/><!-- ⲉ -->
<mark id="orig_508" xlink:href="#tok_508"/><!-- ⲟⲩⲱⲙ -->
<mark id="orig_509" xlink:href="#tok_509"/><!-- ⲁⲩⲱ -->
<mark id="orig_510" xlink:href="#tok_510"/><!-- ⲉ -->
<mark id="orig_511" xlink:href="#tok_511"/><!-- ⲥⲱ -->
<mark id="orig_512" xlink:href="#tok_512"/><!-- ϫⲛ -->
<mark id="orig_513" xlink:href="#tok_513"/><!-- ⲙⲙⲟⲛ -->
<mark id="orig_514" xlink:href="#tok_514"/><!-- ⲉⲧⲉⲧⲛⲕⲁⲧⲁⲫⲣⲟⲛⲓ -->
<mark id="orig_515" xlink:href="#tok_515"/><!-- ⲛ -->
<mark id="orig_516" xlink:href="#tok_516"/><!-- ⲧ -->
<mark id="orig_517" xlink:href="#tok_517"/><!-- ⲉⲕⲕⲗⲏⲥⲓⲁ -->
<mark id="orig_518" xlink:href="#tok_518"/><!-- ⲙ -->
<mark id="orig_519" xlink:href="#tok_519"/><!-- ⲡ -->
<mark id="orig_520" xlink:href="#tok_520"/><!-- ⲛⲟⲩⲧⲉ -->
<mark id="orig_521" xlink:href="#tok_521"/><!-- ⲁⲩⲱ -->
<mark id="orig_522" xlink:href="#tok_522"/><!-- ⲉ -->
<mark id="orig_523" xlink:href="#tok_523"/><!-- ⲧⲉⲧⲛ -->
<mark id="orig_524" xlink:href="#tok_524"/><!-- ϯϣⲓⲡⲉ -->
<mark id="orig_525" xlink:href="#tok_525"/><!-- ⲛⲛⲉⲧⲉⲙⲛⲧⲁⲩ -->
<mark id="orig_526" xlink:href="#tok_526"/><!-- ⲧⲁϫⲟⲟⲥ -->
<mark id="orig_527" xlink:href="#tok_527"/><!-- ⲛⲏ -->
<mark id="orig_528" xlink:href="#tok_528"/><!-- ⲧⲛ -->
<mark id="orig_529" xlink:href="#tok_529"/><!-- ϫⲉ -->
<mark id="orig_530" xlink:href="#tok_530"/><!-- ⲟⲩ -->
<mark id="orig_531" xlink:href="#tok_531"/><!-- ⲧⲁⲉⲡⲁⲓⲛⲟⲩ -->
<mark id="orig_532" xlink:href="#tok_532"/><!-- ⲙⲙⲱ -->
<mark id="orig_533" xlink:href="#tok_533"/><!-- ⲧⲛ -->
<mark id="orig_534" xlink:href="#tok_534"/><!-- ϩⲙ -->
<mark id="orig_535" xlink:href="#tok_535"/><!-- ⲡⲁⲓ -->
<mark id="orig_536" xlink:href="#tok_536"/><!-- ⲛϯⲉⲡⲁⲓⲛⲟⲩ -->
<mark id="orig_537" xlink:href="#tok_537"/><!-- ⲁⲛ -->
<mark id="orig_538" xlink:href="#tok_538"/><!-- . -->
<mark id="orig_539" xlink:href="#tok_539"/><!-- ⲁⲛⲟⲕ -->
<mark id="orig_540" xlink:href="#tok_540"/><!-- ⲅⲁⲣ -->
<mark id="orig_541" xlink:href="#tok_541"/><!-- ⲁ -->
<mark id="orig_542" xlink:href="#tok_542"/><!-- ⲓ -->
<mark id="orig_543" xlink:href="#tok_543"/><!-- ϫⲓ -->
<mark id="orig_544" xlink:href="#tok_544"/><!-- ⲉⲃⲟⲗ -->
<mark id="orig_545" xlink:href="#tok_545"/><!-- ϩⲓⲧⲙ -->
<mark id="orig_546" xlink:href="#tok_546"/><!-- ⲡ -->
<mark id="orig_547" xlink:href="#tok_547"/><!-- ϫⲟⲉⲓⲥ -->
<mark id="orig_548" xlink:href="#tok_548"/><!-- ⲙⲡⲉⲛⲧⲁⲓⲧⲁⲁϥ -->
<mark id="orig_549" xlink:href="#tok_549"/><!-- ⲛⲏ -->
<mark id="orig_550" xlink:href="#tok_550"/><!-- ⲧⲛ -->
<mark id="orig_551" xlink:href="#tok_551"/><!-- . -->
<mark id="orig_552" xlink:href="#tok_552"/><!-- ϫⲉ -->
<mark id="orig_553" xlink:href="#tok_553"/><!-- ⲡ -->
<mark id="orig_554" xlink:href="#tok_554"/><!-- ϫⲟⲉⲓⲥ -->
<mark id="orig_555" xlink:href="#tok_555"/><!-- ⲓⲏⲥⲟⲩⲥ -->
<mark id="orig_556" xlink:href="#tok_556"/><!-- ϩⲛ -->
<mark id="orig_557" xlink:href="#tok_557"/><!-- ⲧⲉ -->
<mark id="orig_558" xlink:href="#tok_558"/><!-- ⲩϣⲏ -->
<mark id="orig_559" xlink:href="#tok_559"/><!-- ⲉⲧ -->
<mark id="orig_560" xlink:href="#tok_560"/><!-- ⲟⲩ -->
<mark id="orig_561" xlink:href="#tok_561"/><!-- ⲛⲁ -->
<mark id="orig_562" xlink:href="#tok_562"/><!-- ⲧⲁⲁ -->
<mark id="orig_563" xlink:href="#tok_563"/><!-- ϥ -->
<mark id="orig_564" xlink:href="#tok_564"/><!-- ⲛϩⲏⲧ -->
<mark id="orig_565" xlink:href="#tok_565"/><!-- ⲥ -->
<mark id="orig_566" xlink:href="#tok_566"/><!-- . -->
<mark id="orig_567" xlink:href="#tok_567"/><!-- ⲁ -->
<mark id="orig_568" xlink:href="#tok_568"/><!-- ϥ -->
<mark id="orig_569" xlink:href="#tok_569"/><!-- ϫⲓ -->
<mark id="orig_570" xlink:href="#tok_570"/><!-- ⲛ -->
<mark id="orig_571" xlink:href="#tok_571"/><!-- ⲟⲩ -->
<mark id="orig_572" xlink:href="#tok_572"/><!-- ⲟⲉⲓⲕ -->
<mark id="orig_573" xlink:href="#tok_573"/><!-- ⲁ -->
<mark id="orig_574" xlink:href="#tok_574"/><!-- ϥ -->
<mark id="orig_575" xlink:href="#tok_575"/><!-- ⲥⲙⲟⲩ -->
<mark id="orig_576" xlink:href="#tok_576"/><!-- ⲉⲣⲟ -->
<mark id="orig_577" xlink:href="#tok_577"/><!-- ϥ -->
<mark id="orig_578" xlink:href="#tok_578"/><!-- . -->
<mark id="orig_579" xlink:href="#tok_579"/><!-- ⲁϥⲡⲟϣϥ -->
<mark id="orig_580" xlink:href="#tok_580"/><!-- ⲡⲉϫⲁ -->
<mark id="orig_581" xlink:href="#tok_581"/><!-- ϥ -->
<mark id="orig_582" xlink:href="#tok_582"/><!-- ϫⲉ -->
<mark id="orig_583" xlink:href="#tok_583"/><!-- ⲡⲁⲓ -->
<mark id="orig_584" xlink:href="#tok_584"/><!-- ⲡⲉ -->
<mark id="orig_585" xlink:href="#tok_585"/><!-- ⲡⲁ -->
<mark id="orig_586" xlink:href="#tok_586"/><!-- ⲥⲱⲙⲁ -->
<mark id="orig_587" xlink:href="#tok_587"/><!-- ⲉⲧ -->
<mark id="orig_588" xlink:href="#tok_588"/><!-- ⲟⲩ -->
<mark id="orig_589" xlink:href="#tok_589"/><!-- ⲛⲁ -->
<mark id="orig_590" xlink:href="#tok_590"/><!-- ⲧⲁⲁ -->
<mark id="orig_591" xlink:href="#tok_591"/><!-- ϥ -->
<mark id="orig_592" xlink:href="#tok_592"/><!-- ϩⲁⲣⲱ -->
<mark id="orig_593" xlink:href="#tok_593"/><!-- ⲧⲛ -->
<mark id="orig_594" xlink:href="#tok_594"/><!-- ⲁⲣⲓⲡⲁⲓ -->
<mark id="orig_595" xlink:href="#tok_595"/><!-- ⲉ -->
<mark id="orig_596" xlink:href="#tok_596"/><!-- ⲡⲁ -->
<mark id="orig_597" xlink:href="#tok_597"/><!-- ⲣ -->
<mark id="orig_598" xlink:href="#tok_598"/><!-- ⲙⲉⲉⲩⲉ -->
<mark id="orig_599" xlink:href="#tok_599"/><!-- . -->
<mark id="orig_600" xlink:href="#tok_600"/><!-- ⲁⲩⲱ -->
<mark id="orig_601" xlink:href="#tok_601"/><!-- ⲟⲩ -->
<mark id="orig_602" xlink:href="#tok_602"/><!-- ⲁⲡⲟⲧ -->
<mark id="orig_603" xlink:href="#tok_603"/><!-- ⲟⲛ -->
<mark id="orig_604" xlink:href="#tok_604"/><!-- ⲛ -->
<mark id="orig_605" xlink:href="#tok_605"/><!-- ⲧⲉⲓ -->
<mark id="orig_606" xlink:href="#tok_606"/><!-- ϩⲉ -->
<mark id="orig_607" xlink:href="#tok_607"/><!-- ⲙⲛⲛⲥⲁ -->
<mark id="orig_608" xlink:href="#tok_608"/><!-- ⲧⲣⲉ -->
<mark id="orig_609" xlink:href="#tok_609"/><!-- ⲩ -->
<mark id="orig_610" xlink:href="#tok_610"/><!-- ⲟⲩⲱⲙ -->
<mark id="orig_611" xlink:href="#tok_611"/><!-- ⲉ -->
<mark id="orig_612" xlink:href="#tok_612"/><!-- ϥ -->
<mark id="orig_613" xlink:href="#tok_613"/><!-- ϫⲱ -->
<mark id="orig_614" xlink:href="#tok_614"/><!-- ⲙⲙⲟ -->
<mark id="orig_615" xlink:href="#tok_615"/><!-- ⲥ -->
<mark id="orig_616" xlink:href="#tok_616"/><!-- ϫⲉ -->
<mark id="orig_617" xlink:href="#tok_617"/><!-- ⲡⲉⲓ -->
<mark id="orig_618" xlink:href="#tok_618"/><!-- ⲁⲡⲟⲧ -->
<mark id="orig_619" xlink:href="#tok_619"/><!-- ⲡⲉ -->
<mark id="orig_620" xlink:href="#tok_620"/><!-- ⲧ -->
<mark id="orig_621" xlink:href="#tok_621"/><!-- ⲇⲓⲁⲑⲏⲕⲏ -->
<mark id="orig_622" xlink:href="#tok_622"/><!-- ⲛ -->
<mark id="orig_623" xlink:href="#tok_623"/><!-- ⲃⲣⲣⲉ -->
<mark id="orig_624" xlink:href="#tok_624"/><!-- ϩⲙ -->
<mark id="orig_625" xlink:href="#tok_625"/><!-- ⲡⲁ -->
<mark id="orig_626" xlink:href="#tok_626"/><!-- ⲥⲛⲟϥ -->
<mark id="orig_627" xlink:href="#tok_627"/><!-- . -->
<mark id="orig_628" xlink:href="#tok_628"/><!-- ⲁⲣⲓⲡⲁⲓ -->
<mark id="orig_629" xlink:href="#tok_629"/><!-- ⲛⲧⲁⲡⲥ -->
<mark id="orig_630" xlink:href="#tok_630"/><!-- ⲛ -->
<mark id="orig_631" xlink:href="#tok_631"/><!-- ⲥⲟⲡ -->
<mark id="orig_632" xlink:href="#tok_632"/><!-- ⲉ -->
<mark id="orig_633" xlink:href="#tok_633"/><!-- ⲧ -->
<mark id="orig_634" xlink:href="#tok_634"/><!-- ⲉⲧ -->
<mark id="orig_635" xlink:href="#tok_635"/><!-- ⲛⲁ -->
<mark id="orig_636" xlink:href="#tok_636"/><!-- ⲥⲱ -->
<mark id="orig_637" xlink:href="#tok_637"/><!-- ⲉⲡⲁⲣⲡⲙⲉⲉⲩⲉ -->
<mark id="orig_638" xlink:href="#tok_638"/><!-- . -->
<mark id="orig_639" xlink:href="#tok_639"/><!-- ⲥⲟⲡ -->
<mark id="orig_640" xlink:href="#tok_640"/><!-- ⲅⲁⲣ -->
<mark id="orig_641" xlink:href="#tok_641"/><!-- ⲛⲓⲙ -->
<mark id="orig_642" xlink:href="#tok_642"/><!-- ⲉ -->
<mark id="orig_643" xlink:href="#tok_643"/><!-- ⲧ -->
<mark id="orig_644" xlink:href="#tok_644"/><!-- ⲉⲧ -->
<mark id="orig_645" xlink:href="#tok_645"/><!-- ⲛⲁ -->
<mark id="orig_646" xlink:href="#tok_646"/><!-- ⲟⲩⲱⲙ -->
<mark id="orig_647" xlink:href="#tok_647"/><!-- ⲙ -->
<mark id="orig_648" xlink:href="#tok_648"/><!-- ⲡⲉⲓ -->
<mark id="orig_649" xlink:href="#tok_649"/><!-- ⲟⲉⲓⲕ -->
<mark id="orig_650" xlink:href="#tok_650"/><!-- ⲛⲧⲉⲧⲛ -->
<mark id="orig_651" xlink:href="#tok_651"/><!-- ⲥⲱ -->
<mark id="orig_652" xlink:href="#tok_652"/><!-- ⲙ -->
<mark id="orig_653" xlink:href="#tok_653"/><!-- ⲡ -->
<mark id="orig_654" xlink:href="#tok_654"/><!-- ⲁⲡⲟⲧ -->
<mark id="orig_655" xlink:href="#tok_655"/><!-- ⲉ -->
<mark id="orig_656" xlink:href="#tok_656"/><!-- ⲧⲉⲧⲛ -->
<mark id="orig_657" xlink:href="#tok_657"/><!-- ⲧⲁϣⲉⲟⲉⲓϣ -->
<mark id="orig_658" xlink:href="#tok_658"/><!-- ⲙ -->
<mark id="orig_659" xlink:href="#tok_659"/><!-- ⲡ -->
<mark id="orig_660" xlink:href="#tok_660"/><!-- ⲙⲟⲩ -->
<mark id="orig_661" xlink:href="#tok_661"/><!-- ⲙ -->
<mark id="orig_662" xlink:href="#tok_662"/><!-- ⲡ -->
<mark id="orig_663" xlink:href="#tok_663"/><!-- ϫⲟⲉⲓⲥ -->
<mark id="orig_664" xlink:href="#tok_664"/><!-- ϣⲁⲛⲧ -->
<mark id="orig_665" xlink:href="#tok_665"/><!-- ϥ -->
<mark id="orig_666" xlink:href="#tok_666"/><!-- ⲉⲓ -->
<mark id="orig_667" xlink:href="#tok_667"/><!-- . -->
<mark id="orig_668" xlink:href="#tok_668"/><!-- ϩⲱⲥⲧⲉ -->
<mark id="orig_669" xlink:href="#tok_669"/><!-- ⲡ -->
<mark id="orig_670" xlink:href="#tok_670"/><!-- ⲉⲧ -->
<mark id="orig_671" xlink:href="#tok_671"/><!-- ⲛⲁ -->
<mark id="orig_672" xlink:href="#tok_672"/><!-- ⲟⲩⲱⲙ -->
<mark id="orig_673" xlink:href="#tok_673"/><!-- ⲙ -->
<mark id="orig_674" xlink:href="#tok_674"/><!-- ⲡ -->
<mark id="orig_675" xlink:href="#tok_675"/><!-- ⲟⲉⲓⲕ -->
<mark id="orig_676" xlink:href="#tok_676"/><!-- ⲛ -->
<mark id="orig_677" xlink:href="#tok_677"/><!-- ϥ -->
<mark id="orig_678" xlink:href="#tok_678"/><!-- ⲥⲱ -->
<mark id="orig_679" xlink:href="#tok_679"/><!-- ⲙ -->
<mark id="orig_680" xlink:href="#tok_680"/><!-- ⲡ -->
<mark id="orig_681" xlink:href="#tok_681"/><!-- ⲁⲡⲟⲧ -->
<mark id="orig_682" xlink:href="#tok_682"/><!-- ⲙ -->
<mark id="orig_683" xlink:href="#tok_683"/><!-- ⲡ -->
<mark id="orig_684" xlink:href="#tok_684"/><!-- ϫⲟⲉⲓⲥ -->
<mark id="orig_685" xlink:href="#tok_685"/><!-- ⲉⲛϥⲙⲡϣⲁ -->
<mark id="orig_686" xlink:href="#tok_686"/><!-- ⲁⲛ -->
<mark id="orig_687" xlink:href="#tok_687"/><!-- . -->
<mark id="orig_688" xlink:href="#tok_688"/><!-- ϥ -->
<mark id="orig_689" xlink:href="#tok_689"/><!-- ⲛⲁ -->
<mark id="orig_690" xlink:href="#tok_690"/><!-- ϣⲱⲡⲉ -->
<mark id="orig_691" xlink:href="#tok_691"/><!-- ⲛ -->
<mark id="orig_692" xlink:href="#tok_692"/><!-- ⲉⲛⲟⲭⲟⲥ -->
<mark id="orig_693" xlink:href="#tok_693"/><!-- ⲉ -->
<mark id="orig_694" xlink:href="#tok_694"/><!-- ⲡ -->
<mark id="orig_695" xlink:href="#tok_695"/><!-- ⲥⲱⲙⲁ -->
<mark id="orig_696" xlink:href="#tok_696"/><!-- ⲙⲛ -->
<mark id="orig_697" xlink:href="#tok_697"/><!-- ⲡⲉ -->
<mark id="orig_698" xlink:href="#tok_698"/><!-- ⲥⲛⲟϥ -->
<mark id="orig_699" xlink:href="#tok_699"/><!-- ⲙ -->
<mark id="orig_700" xlink:href="#tok_700"/><!-- ⲡ -->
<mark id="orig_701" xlink:href="#tok_701"/><!-- ϫⲟⲉⲓⲥ -->
<mark id="orig_702" xlink:href="#tok_702"/><!-- . -->
<mark id="orig_703" xlink:href="#tok_703"/><!-- ⲙⲁⲣⲉ -->
<mark id="orig_704" xlink:href="#tok_704"/><!-- ⲡ -->
<mark id="orig_705" xlink:href="#tok_705"/><!-- ⲣⲱⲙⲉ -->
<mark id="orig_706" xlink:href="#tok_706"/><!-- ⲇⲉ -->
<mark id="orig_707" xlink:href="#tok_707"/><!-- ⲇⲟⲕⲓⲙⲁⲍⲉ -->
<mark id="orig_708" xlink:href="#tok_708"/><!-- ⲙⲙⲟ -->
<mark id="orig_709" xlink:href="#tok_709"/><!-- ϥ -->
<mark id="orig_710" xlink:href="#tok_710"/><!-- ⲁⲩⲱ -->
<mark id="orig_711" xlink:href="#tok_711"/><!-- ⲧⲁⲓ -->
<mark id="orig_712" xlink:href="#tok_712"/><!-- ⲧⲉ -->
<mark id="orig_713" xlink:href="#tok_713"/><!-- ⲧ -->
<mark id="orig_714" xlink:href="#tok_714"/><!-- ϩⲉ -->
<mark id="orig_715" xlink:href="#tok_715"/><!-- ⲙⲁⲣⲉ -->
<mark id="orig_716" xlink:href="#tok_716"/><!-- ϥ -->
<mark id="orig_717" xlink:href="#tok_717"/><!-- ⲟⲩⲱⲙ -->
<mark id="orig_718" xlink:href="#tok_718"/><!-- ⲉⲃⲟⲗ -->
<mark id="orig_719" xlink:href="#tok_719"/><!-- ϩⲙ -->
<mark id="orig_720" xlink:href="#tok_720"/><!-- ⲡ -->
<mark id="orig_721" xlink:href="#tok_721"/><!-- ⲟⲉⲓⲕ -->
<mark id="orig_722" xlink:href="#tok_722"/><!-- . -->
<mark id="orig_723" xlink:href="#tok_723"/><!-- ⲁⲩⲱ -->
<mark id="orig_724" xlink:href="#tok_724"/><!-- ⲛ -->
<mark id="orig_725" xlink:href="#tok_725"/><!-- ϥ -->
<mark id="orig_726" xlink:href="#tok_726"/><!-- ⲥⲱ -->
<mark id="orig_727" xlink:href="#tok_727"/><!-- ⲉⲃⲟⲗ -->
<mark id="orig_728" xlink:href="#tok_728"/><!-- ϩⲙ -->
<mark id="orig_729" xlink:href="#tok_729"/><!-- ⲡ -->
<mark id="orig_730" xlink:href="#tok_730"/><!-- ⲁⲡⲟⲧ -->
<mark id="orig_731" xlink:href="#tok_731"/><!-- . -->
<mark id="orig_732" xlink:href="#tok_732"/><!-- ⲡ -->
<mark id="orig_733" xlink:href="#tok_733"/><!-- ⲉⲧ -->
<mark id="orig_734" xlink:href="#tok_734"/><!-- ⲟⲩⲱⲙ -->
<mark id="orig_735" xlink:href="#tok_735"/><!-- ⲅⲁⲣ -->
<mark id="orig_736" xlink:href="#tok_736"/><!-- ⲁⲩⲱ -->
<mark id="orig_737" xlink:href="#tok_737"/><!-- ⲉⲧ -->
<mark id="orig_738" xlink:href="#tok_738"/><!-- ⲥⲱ -->
<mark id="orig_739" xlink:href="#tok_739"/><!-- ⲉ -->
<mark id="orig_740" xlink:href="#tok_740"/><!-- ϥ -->
<mark id="orig_741" xlink:href="#tok_741"/><!-- ⲟⲩⲱⲙ -->
<mark id="orig_742" xlink:href="#tok_742"/><!-- ⲁⲩⲱ -->
<mark id="orig_743" xlink:href="#tok_743"/><!-- ⲉ -->
<mark id="orig_744" xlink:href="#tok_744"/><!-- ϥ -->
<mark id="orig_745" xlink:href="#tok_745"/><!-- ⲥⲱ -->
<mark id="orig_746" xlink:href="#tok_746"/><!-- ⲛⲁ -->
<mark id="orig_747" xlink:href="#tok_747"/><!-- ϥ -->
<mark id="orig_748" xlink:href="#tok_748"/><!-- ⲛ -->
<mark id="orig_749" xlink:href="#tok_749"/><!-- ⲟⲩ -->
<mark id="orig_750" xlink:href="#tok_750"/><!-- ⲕⲣⲓⲙⲁ -->
<mark id="orig_751" xlink:href="#tok_751"/><!-- ⲉⲛϥⲇⲓⲁⲕⲣⲓⲛⲉ -->
<mark id="orig_752" xlink:href="#tok_752"/><!-- ⲁⲛ -->
<mark id="orig_753" xlink:href="#tok_753"/><!-- ⲙ -->
<mark id="orig_754" xlink:href="#tok_754"/><!-- ⲡ -->
<mark id="orig_755" xlink:href="#tok_755"/><!-- ⲥⲱⲙⲁ -->
<mark id="orig_756" xlink:href="#tok_756"/><!-- ⲉⲧⲃⲉ -->
<mark id="orig_757" xlink:href="#tok_757"/><!-- ⲡⲁⲓ -->
<mark id="orig_758" xlink:href="#tok_758"/><!-- ⲟⲩⲛ -->
<mark id="orig_759" xlink:href="#tok_759"/><!-- ϩⲁϩ -->
<mark id="orig_760" xlink:href="#tok_760"/><!-- ϣⲱⲛⲉ -->
<mark id="orig_761" xlink:href="#tok_761"/><!-- ⲛϩⲏⲧ -->
<mark id="orig_762" xlink:href="#tok_762"/><!-- ⲧⲏⲩⲧⲛ -->
<mark id="orig_763" xlink:href="#tok_763"/><!-- . -->
<mark id="orig_764" xlink:href="#tok_764"/><!-- ⲁⲩⲱ -->
<mark id="orig_765" xlink:href="#tok_765"/><!-- ⲥⲉⲗⲉϫⲗⲱϫ -->
<mark id="orig_766" xlink:href="#tok_766"/><!-- . -->
<mark id="orig_767" xlink:href="#tok_767"/><!-- ⲁⲩⲱ -->
<mark id="orig_768" xlink:href="#tok_768"/><!-- ⲥ -->
<mark id="orig_769" xlink:href="#tok_769"/><!-- ⲉⲛⲕⲟⲧⲕ -->
<mark id="orig_770" xlink:href="#tok_770"/><!-- ⲛϭⲓ -->
<mark id="orig_771" xlink:href="#tok_771"/><!-- ⲟⲩ -->
<mark id="orig_772" xlink:href="#tok_772"/><!-- ⲙⲏⲏϣⲉ -->
<mark id="orig_773" xlink:href="#tok_773"/><!-- . -->
<mark id="orig_774" xlink:href="#tok_774"/><!-- ⲉⲛⲉⲛⲙⲟⲩϣⲧ -->
<mark id="orig_775" xlink:href="#tok_775"/><!-- ⲅⲁⲣ -->
<mark id="orig_776" xlink:href="#tok_776"/><!-- ⲙⲙⲟⲛ -->
<mark id="orig_777" xlink:href="#tok_777"/><!-- ⲛⲉ -->
<mark id="orig_778" xlink:href="#tok_778"/><!-- ⲩ -->
<mark id="orig_779" xlink:href="#tok_779"/><!-- ⲛⲁ -->
<mark id="orig_780" xlink:href="#tok_780"/><!-- ⲕⲣⲓⲛⲉ -->
<mark id="orig_781" xlink:href="#tok_781"/><!-- ⲙⲙⲟⲛ -->
<mark id="orig_782" xlink:href="#tok_782"/><!-- ⲁⲛ -->
<mark id="orig_783" xlink:href="#tok_783"/><!-- ⲡⲉ -->
<mark id="orig_784" xlink:href="#tok_784"/><!-- . -->
<mark id="orig_785" xlink:href="#tok_785"/><!-- ⲉ -->
<mark id="orig_786" xlink:href="#tok_786"/><!-- ⲩ -->
<mark id="orig_787" xlink:href="#tok_787"/><!-- ⲕⲣⲓⲛⲉ -->
<mark id="orig_788" xlink:href="#tok_788"/><!-- ⲇⲉ -->
<mark id="orig_789" xlink:href="#tok_789"/><!-- ⲙⲙⲟⲛ -->
<mark id="orig_790" xlink:href="#tok_790"/><!-- ⲉⲃⲟⲗ -->
<mark id="orig_791" xlink:href="#tok_791"/><!-- ϩⲓⲧⲙ -->
<mark id="orig_792" xlink:href="#tok_792"/><!-- ⲡ -->
<mark id="orig_793" xlink:href="#tok_793"/><!-- ϫⲟⲉⲓⲥ -->
<mark id="orig_794" xlink:href="#tok_794"/><!-- . -->
<mark id="orig_795" xlink:href="#tok_795"/><!-- ⲉ -->
<mark id="orig_796" xlink:href="#tok_796"/><!-- ⲩ -->
<mark id="orig_797" xlink:href="#tok_797"/><!-- ϯⲥⲃⲱ -->
<mark id="orig_798" xlink:href="#tok_798"/><!-- ⲛⲁ -->
<mark id="orig_799" xlink:href="#tok_799"/><!-- ⲛ -->
<mark id="orig_800" xlink:href="#tok_800"/><!-- ϫⲉ -->
<mark id="orig_801" xlink:href="#tok_801"/><!-- ⲛⲛⲉ -->
<mark id="orig_802" xlink:href="#tok_802"/><!-- ⲩ -->
<mark id="orig_803" xlink:href="#tok_803"/><!-- ⲧϭⲁⲉⲓⲟ -->
<mark id="orig_804" xlink:href="#tok_804"/><!-- ⲛ -->
<mark id="orig_805" xlink:href="#tok_805"/><!-- ⲙⲛ -->
<mark id="orig_806" xlink:href="#tok_806"/><!-- ⲡ -->
<mark id="orig_807" xlink:href="#tok_807"/><!-- ⲕⲟⲥⲙⲟⲥ -->
<mark id="orig_808" xlink:href="#tok_808"/><!-- ϩⲱⲥⲧⲉ -->
<mark id="orig_809" xlink:href="#tok_809"/><!-- ⲛⲁ -->
<mark id="orig_810" xlink:href="#tok_810"/><!-- ⲥⲛⲏⲩ -->
<mark id="orig_811" xlink:href="#tok_811"/><!-- ⲉ -->
<mark id="orig_812" xlink:href="#tok_812"/><!-- ⲧⲉⲧⲛ -->
<mark id="orig_813" xlink:href="#tok_813"/><!-- ⲥⲱⲟⲩϩ -->
<mark id="orig_814" xlink:href="#tok_814"/><!-- ⲉϩⲟⲩⲛ -->
<mark id="orig_815" xlink:href="#tok_815"/><!-- ⲉ -->
<mark id="orig_816" xlink:href="#tok_816"/><!-- ⲟⲩⲱⲙ -->
<mark id="orig_817" xlink:href="#tok_817"/><!-- ⲁϩⲉ -->
<mark id="orig_818" xlink:href="#tok_818"/><!-- ⲉ -->
<mark id="orig_819" xlink:href="#tok_819"/><!-- ⲛⲉⲧⲛ -->
<mark id="orig_820" xlink:href="#tok_820"/><!-- ⲉⲣⲏⲩ -->
<mark id="orig_821" xlink:href="#tok_821"/><!-- . -->
<mark id="orig_822" xlink:href="#tok_822"/><!-- ⲡ -->
<mark id="orig_823" xlink:href="#tok_823"/><!-- ⲉⲧ -->
<mark id="orig_824" xlink:href="#tok_824"/><!-- ϩⲕⲁⲉⲓⲧ -->
<mark id="orig_825" xlink:href="#tok_825"/><!-- ⲙⲁⲣⲉ -->
<mark id="orig_826" xlink:href="#tok_826"/><!-- ϥ -->
<mark id="orig_827" xlink:href="#tok_827"/><!-- ⲟⲩⲱⲙ -->
<mark id="orig_828" xlink:href="#tok_828"/><!-- ⲙ -->
<mark id="orig_829" xlink:href="#tok_829"/><!-- ⲡⲉϥ -->
<mark id="orig_830" xlink:href="#tok_830"/><!-- ⲏⲉⲓ -->
<mark id="orig_831" xlink:href="#tok_831"/><!-- ϫⲉ -->
<mark id="orig_832" xlink:href="#tok_832"/><!-- ⲛⲛⲉⲧⲛⲥⲱⲟⲩϩ -->
<mark id="orig_833" xlink:href="#tok_833"/><!-- ⲉϩⲟⲩⲛ -->
<mark id="orig_834" xlink:href="#tok_834"/><!-- ⲉ -->
<mark id="orig_835" xlink:href="#tok_835"/><!-- ⲩ -->
<mark id="orig_836" xlink:href="#tok_836"/><!-- ⲕⲣⲓⲙⲁ -->
<mark id="orig_837" xlink:href="#tok_837"/><!-- . -->
<mark id="orig_838" xlink:href="#tok_838"/><!-- ϯⲛⲁⲧⲉϣ -->
<mark id="orig_839" xlink:href="#tok_839"/><!-- ⲡ -->
<mark id="orig_840" xlink:href="#tok_840"/><!-- ⲕⲉⲥⲉⲉⲡⲉ -->
<mark id="orig_841" xlink:href="#tok_841"/><!-- ⲇⲉ -->
<mark id="orig_842" xlink:href="#tok_842"/><!-- ⲛⲏ -->
<mark id="orig_843" xlink:href="#tok_843"/><!-- ⲧⲛ -->
<mark id="orig_844" xlink:href="#tok_844"/><!-- ⲉⲉⲓϣⲁⲛⲉⲓ -->
<mark id="orig_845" xlink:href="#tok_845"/><!-- . -->
</markList>
</paula>
