<?xml version="1.0" encoding="UTF-8" standalone="no"?>
<!DOCTYPE paula SYSTEM "paula_feat.dtd">

<paula version="1.0">
<header paula_id="sahidica.nt.1_Corinthians_2.annoFeat"/> <featList type="annoFeat" xml:base="sahidica.nt.1_Corinthians_2.anno.xml" xmlns:xlink="http://www.w3.org/1999/xlink">
  <feat xlink:href="#rel_1" value="text" />
  <feat xlink:href="#rel_2" value="tok" />
  <feat xlink:href="#rel_3" value="origSeg_orig" />
  <feat xlink:href="#rel_4" value="origSeg" />
  <feat xlink:href="#rel_5" value="orig_groupSeg_orig_group" />
  <feat xlink:href="#rel_6" value="orig_groupSeg" />
  <feat xlink:href="#rel_7" value="norm_groupSeg_norm_group" />
  <feat xlink:href="#rel_8" value="norm_groupSeg" />
  <feat xlink:href="#rel_9" value="normSeg_norm" />
  <feat xlink:href="#rel_10" value="normSeg" />
  <feat xlink:href="#rel_11" value="posSeg_pos" />
  <feat xlink:href="#rel_12" value="posSeg" />
  <feat xlink:href="#rel_13" value="chapterSeg_chapter" />
  <feat xlink:href="#rel_14" value="chapterSeg" />
  <feat xlink:href="#rel_15" value="verseSeg_verse" />
  <feat xlink:href="#rel_16" value="verseSeg" />
  <feat xlink:href="#rel_17" value="translationSeg_translation" />
  <feat xlink:href="#rel_18" value="translationSeg" />
 </featList>
</paula>