<?xml version="1.0" encoding="UTF-8" standalone="no"?>

<!DOCTYPE paula SYSTEM "paula_feat.dtd">
<paula version="1.0">

<header paula_id="sahidica.nt.1_John_4_pos"/>

<featList xmlns:xlink="http://www.w3.org/1999/xlink" type="pos" xml:base="sahidica.nt.1_John_4.posSeg.xml">
<feat xlink:href="#pos_1" value="PREP"/><!-- ⲛⲁ -->
<feat xlink:href="#pos_2" value="N"/><!-- ⲙⲉⲣⲁⲧⲉ -->
<feat xlink:href="#pos_3" value="N"/><!-- ⲙⲡⲉⲣⲡⲓⲥⲧⲉⲩⲉ -->
<feat xlink:href="#pos_4" value="PREP"/><!-- ⲉ -->
<feat xlink:href="#pos_5" value="N"/><!-- ⲡⲛⲉⲩⲙⲁ -->
<feat xlink:href="#pos_6" value="PINT"/><!-- ⲛⲓⲙ -->
<feat xlink:href="#pos_7" value="CONJ"/><!-- ⲁⲗⲗⲁ -->
<feat xlink:href="#pos_8" value="V"/><!-- ⲇⲟⲕⲓⲙⲁⲍⲉ -->
<feat xlink:href="#pos_9" value="PREP"/><!-- ⲛ -->
<feat xlink:href="#pos_10" value="ART"/><!-- ⲛⲉ -->
<feat xlink:href="#pos_11" value="N"/><!-- ⲡⲛⲉⲩⲙⲁ -->
<feat xlink:href="#pos_12" value="CONJ"/><!-- ϫⲉ -->
<feat xlink:href="#pos_13" value="CONJ"/><!-- ⲉⲛⲉ -->
<feat xlink:href="#pos_14" value="V"/><!-- ϩⲉⲛⲉⲃⲟⲗ -->
<feat xlink:href="#pos_15" value="N"/><!-- ⲏⲛ -->
<feat xlink:href="#pos_16" value="ART"/><!-- ⲡ -->
<feat xlink:href="#pos_17" value="N"/><!-- ⲛⲟⲩⲧⲉ -->
<feat xlink:href="#pos_18" value="COP"/><!-- ⲛⲉ -->
<feat xlink:href="#pos_19" value="CONJ"/><!-- ϫⲉ -->
<feat xlink:href="#pos_20" value="N"/><!-- ⲁϩⲁϩ -->
<feat xlink:href="#pos_21" value="PREP"/><!-- ⲙ -->
<feat xlink:href="#pos_22" value="N"/><!-- ⲡⲣⲟⲫⲏⲧⲏⲥ -->
<feat xlink:href="#pos_23" value="V"/><!-- ⲛⲛⲟⲩϫ -->
<feat xlink:href="#pos_24" value="PREP"/><!-- ⲉ -->
<feat xlink:href="#pos_25" value="PPERO"/><!-- ⲓ -->
<feat xlink:href="#pos_26" value="ADV"/><!-- ⲉⲃⲟⲗ -->
<feat xlink:href="#pos_27" value="PREP"/><!-- ϩⲙ -->
<feat xlink:href="#pos_28" value="ART"/><!-- ⲡ -->
<feat xlink:href="#pos_29" value="N"/><!-- ⲕⲟⲥⲙⲟⲥ -->
<feat xlink:href="#pos_30" value="PREP"/><!-- ϩⲙ -->
<feat xlink:href="#pos_31" value="PDEM"/><!-- ⲡⲁⲓ -->
<feat xlink:href="#pos_32" value="PPERS"/><!-- ⲥ -->
<feat xlink:href="#pos_33" value="V"/><!-- ⲟⲩⲉⲛ -->
<feat xlink:href="#pos_34" value="ART"/><!-- ⲡⲉ -->
<feat xlink:href="#pos_35" value="N"/><!-- ⲡⲛⲉⲩⲙⲁ -->
<feat xlink:href="#pos_36" value="PREP"/><!-- ⲙ -->
<feat xlink:href="#pos_37" value="ART"/><!-- ⲡ -->
<feat xlink:href="#pos_38" value="N"/><!-- ⲛⲟⲩⲧⲉ -->
<feat xlink:href="#pos_39" value="PREP"/><!-- ⲙⲛ -->
<feat xlink:href="#pos_40" value="ART"/><!-- ⲡⲉ -->
<feat xlink:href="#pos_41" value="N"/><!-- ⲡⲛⲉⲩⲙⲁ -->
<feat xlink:href="#pos_42" value="PREP"/><!-- ⲛ -->
<feat xlink:href="#pos_43" value="ART"/><!-- ⲧⲉ -->
<feat xlink:href="#pos_44" value="N"/><!-- ⲡⲗⲁⲛⲏ -->
<feat xlink:href="#pos_45" value="CONJ"/><!-- ϫⲉ -->
<feat xlink:href="#pos_46" value="N"/><!-- ⲡⲛⲉⲩⲙⲁ -->
<feat xlink:href="#pos_47" value="PINT"/><!-- ⲛⲓⲙ -->
<feat xlink:href="#pos_48" value="CREL"/><!-- ⲉⲧ -->
<feat xlink:href="#pos_49" value="V"/><!-- ϩⲟⲙⲟⲗⲟⲅⲉⲓ -->
<feat xlink:href="#pos_50" value="N"/><!-- ⲛⲓⲥ -->
<feat xlink:href="#pos_51" value="ART"/><!-- ⲡⲉ -->
<feat xlink:href="#pos_52" value="N"/><!-- ⲭⲣⲓⲥⲧⲟⲥ -->
<feat xlink:href="#pos_53" value="CONJ"/><!-- ϫⲉ -->
<feat xlink:href="#pos_54" value="APST"/><!-- ⲁ -->
<feat xlink:href="#pos_55" value="PPERS"/><!-- ϥ -->
<feat xlink:href="#pos_56" value="V"/><!-- ⲉⲓ -->
<feat xlink:href="#pos_57" value="N"/><!-- ⲏⲛ -->
<feat xlink:href="#pos_58" value="ART"/><!-- ⲧ -->
<feat xlink:href="#pos_59" value="N"/><!-- ⲥⲁⲣⲝ -->
<feat xlink:href="#pos_60" value="V"/><!-- ⲟⲩⲉⲃⲟⲗ -->
<feat xlink:href="#pos_61" value="PREP"/><!-- ϩⲙ -->
<feat xlink:href="#pos_62" value="ART"/><!-- ⲡ -->
<feat xlink:href="#pos_63" value="N"/><!-- ⲛⲟⲩⲧⲉ -->
<feat xlink:href="#pos_64" value="COP"/><!-- ⲡⲉ -->
<feat xlink:href="#pos_65" value="CONJ"/><!-- ⲁⲩⲱ -->
<feat xlink:href="#pos_66" value="N"/><!-- ⲡⲛⲉⲩⲙⲁ -->
<feat xlink:href="#pos_67" value="PINT"/><!-- ⲛⲓⲙ -->
<feat xlink:href="#pos_68" value="CREL"/><!-- ⲉⲧ -->
<feat xlink:href="#pos_69" value="ACONJ"/><!-- ⲛ -->
<feat xlink:href="#pos_70" value="PPERS"/><!-- ϥ -->
<feat xlink:href="#pos_71" value="V"/><!-- ϩⲟⲙⲟⲗⲟⲅⲉⲓ -->
<feat xlink:href="#pos_72" value="NEG"/><!-- ⲁⲛ -->
<feat xlink:href="#pos_73" value="N"/><!-- ⲛⲓⲥ -->
<feat xlink:href="#pos_74" value="ART"/><!-- ⲡⲉ -->
<feat xlink:href="#pos_75" value="N"/><!-- ⲭⲣⲓⲥⲧⲟⲥ -->
<feat xlink:href="#pos_76" value="V"/><!-- ⲛⲟⲩⲉⲃⲟⲗ -->
<feat xlink:href="#pos_77" value="NEG"/><!-- ⲁⲛ -->
<feat xlink:href="#pos_78" value="PREP"/><!-- ϩⲙ -->
<feat xlink:href="#pos_79" value="ART"/><!-- ⲡ -->
<feat xlink:href="#pos_80" value="N"/><!-- ⲛⲟⲩⲧⲉ -->
<feat xlink:href="#pos_81" value="COP"/><!-- ⲡⲉ -->
<feat xlink:href="#pos_82" value="CONJ"/><!-- ⲁⲩⲱ -->
<feat xlink:href="#pos_83" value="PDEM"/><!-- ⲡⲁⲓ -->
<feat xlink:href="#pos_84" value="COP"/><!-- ⲡⲉ -->
<feat xlink:href="#pos_85" value="NPROP"/><!-- ⲡⲁⲛⲧⲓⲭⲣⲓⲏⲥⲟⲩⲥⲧⲟⲥ -->
<feat xlink:href="#pos_86" value="V"/><!-- ⲡⲉⲧⲁⲧⲉⲛⲥⲱⲧⲙ -->
<feat xlink:href="#pos_87" value="CONJ"/><!-- ϫⲉ -->
<feat xlink:href="#pos_88" value="PPERS"/><!-- ϥ -->
<feat xlink:href="#pos_89" value="VSTAT"/><!-- ⲛⲏⲩ -->
<feat xlink:href="#pos_90" value="CONJ"/><!-- ⲁⲩⲱ -->
<feat xlink:href="#pos_91" value="PREP"/><!-- ϫⲓⲛ -->
<feat xlink:href="#pos_92" value="ADV"/><!-- ⲧⲉⲛⲟⲩ -->
<feat xlink:href="#pos_93" value="PPERS"/><!-- ϥ -->
<feat xlink:href="#pos_94" value="VSTAT"/><!-- ϣⲟⲟⲡ -->
<feat xlink:href="#pos_95" value="PREP"/><!-- ϩⲙ -->
<feat xlink:href="#pos_96" value="ART"/><!-- ⲡ -->
<feat xlink:href="#pos_97" value="N"/><!-- ⲕⲟⲥⲙⲟⲥ -->
<feat xlink:href="#pos_98" value="PPERI"/><!-- ⲛⲧⲱⲧⲛ -->
<feat xlink:href="#pos_99" value="PPERI"/><!-- ⲛⲧⲉⲧⲛ -->
<feat xlink:href="#pos_100" value="ART"/><!-- ϩⲉⲛ -->
<feat xlink:href="#pos_101" value="V"/><!-- ϫⲡⲟ -->
<feat xlink:href="#pos_102" value="ADV"/><!-- ⲉⲃⲟⲗ -->
<feat xlink:href="#pos_103" value="PREP"/><!-- ϩⲙ -->
<feat xlink:href="#pos_104" value="ART"/><!-- ⲡ -->
<feat xlink:href="#pos_105" value="N"/><!-- ⲛⲟⲩⲧⲉ -->
<feat xlink:href="#pos_106" value="CONJ"/><!-- ⲁⲩⲱ -->
<feat xlink:href="#pos_107" value="APST"/><!-- ⲁ -->
<feat xlink:href="#pos_108" value="PPERS"/><!-- ⲧⲉⲧⲛ -->
<feat xlink:href="#pos_109" value="V"/><!-- ϫⲣⲟ -->
<feat xlink:href="#pos_110" value="PREP"/><!-- ⲉⲣⲟ -->
<feat xlink:href="#pos_111" value="PPERO"/><!-- ⲟⲩ -->
<feat xlink:href="#pos_112" value="CONJ"/><!-- ϫⲉ -->
<feat xlink:href="#pos_113" value="ART"/><!-- ⲟⲩ -->
<feat xlink:href="#pos_114" value="N"/><!-- ⲛⲟϭ -->
<feat xlink:href="#pos_115" value="ART"/><!-- ⲡⲉ -->
<feat xlink:href="#pos_116" value="N"/><!-- ⲡⲉⲧⲉⲛϩⲏⲧ -->
<feat xlink:href="#pos_117" value="PPERO"/><!-- ⲧⲏⲩⲧⲛ -->
<feat xlink:href="#pos_118" value="PREP"/><!-- ⲉϩⲟⲩⲉ -->
<feat xlink:href="#pos_119" value="N"/><!-- ⲡⲉⲧϣϣⲟⲟⲡ -->
<feat xlink:href="#pos_120" value="PREP"/><!-- ϩⲙ -->
<feat xlink:href="#pos_121" value="ART"/><!-- ⲡ -->
<feat xlink:href="#pos_122" value="N"/><!-- ⲕⲟⲥⲙⲟⲥ -->
<feat xlink:href="#pos_123" value="PUNCT"/><!-- . -->
<feat xlink:href="#pos_124" value="PPERI"/><!-- ⲛⲧⲟⲟⲩ -->
<feat xlink:href="#pos_125" value="ART"/><!-- ⲛⲉ -->
<feat xlink:href="#pos_126" value="N"/><!-- ϩⲉⲛⲉⲉⲃⲟⲗ -->
<feat xlink:href="#pos_127" value="PREP"/><!-- ϩⲙ -->
<feat xlink:href="#pos_128" value="ART"/><!-- ⲡ -->
<feat xlink:href="#pos_129" value="N"/><!-- ⲕⲟⲥⲙⲟⲥ -->
<feat xlink:href="#pos_130" value="COP"/><!-- ⲛⲉ -->
<feat xlink:href="#pos_131" value="PREP"/><!-- ⲉⲧⲃⲉ -->
<feat xlink:href="#pos_132" value="PDEM"/><!-- ⲡⲁⲓ -->
<feat xlink:href="#pos_133" value="CCIRC"/><!-- ⲉ -->
<feat xlink:href="#pos_134" value="PPERS"/><!-- ⲩ -->
<feat xlink:href="#pos_135" value="V"/><!-- ϣⲁϫⲉ -->
<feat xlink:href="#pos_136" value="ADV"/><!-- ⲉⲃⲟⲗ -->
<feat xlink:href="#pos_137" value="PREP"/><!-- ϩⲙ -->
<feat xlink:href="#pos_138" value="ART"/><!-- ⲡ -->
<feat xlink:href="#pos_139" value="N"/><!-- ⲕⲟⲥⲙⲟⲥ -->
<feat xlink:href="#pos_140" value="CONJ"/><!-- ⲁⲩⲱ -->
<feat xlink:href="#pos_141" value="ART"/><!-- ⲡ -->
<feat xlink:href="#pos_142" value="N"/><!-- ⲕⲟⲥⲙⲟⲥ -->
<feat xlink:href="#pos_143" value="V"/><!-- ⲥⲱⲧⲙ -->
<feat xlink:href="#pos_144" value="PREP"/><!-- ⲉⲣⲟ -->
<feat xlink:href="#pos_145" value="PPERO"/><!-- ⲟⲩ -->
<feat xlink:href="#pos_146" value="PPERI"/><!-- ⲁⲛⲟⲛ -->
<feat xlink:href="#pos_147" value="PTC"/><!-- ⲇⲉ -->
<feat xlink:href="#pos_148" value="V"/><!-- ⲁⲛⲟ -->
<feat xlink:href="#pos_149" value="N"/><!-- ϩⲉⲛⲉⲃⲟⲗ -->
<feat xlink:href="#pos_150" value="PREP"/><!-- ϩⲙ -->
<feat xlink:href="#pos_151" value="ART"/><!-- ⲡ -->
<feat xlink:href="#pos_152" value="N"/><!-- ⲛⲟⲩⲧⲉ -->
<feat xlink:href="#pos_153" value="ART"/><!-- ⲡ -->
<feat xlink:href="#pos_154" value="CREL"/><!-- ⲉⲧ -->
<feat xlink:href="#pos_155" value="V"/><!-- ⲥⲟⲟⲩⲛ -->
<feat xlink:href="#pos_156" value="PREP"/><!-- ⲉ -->
<feat xlink:href="#pos_157" value="ART"/><!-- ⲡ -->
<feat xlink:href="#pos_158" value="N"/><!-- ⲛⲟⲩⲧⲉ -->
<feat xlink:href="#pos_159" value="PPERS"/><!-- ϥ -->
<feat xlink:href="#pos_160" value="V"/><!-- ⲥⲱⲧⲙ -->
<feat xlink:href="#pos_161" value="PREP"/><!-- ⲉⲣⲟ -->
<feat xlink:href="#pos_162" value="ART"/><!-- ⲛ -->
<feat xlink:href="#pos_163" value="N"/><!-- ⲡⲉⲧⲉ -->
<feat xlink:href="#pos_164" value="PREP"/><!-- ⲛ -->
<feat xlink:href="#pos_165" value="ART"/><!-- ⲛ -->
<feat xlink:href="#pos_166" value="N"/><!-- ⲟⲩⲉ -->
<feat xlink:href="#pos_167" value="V"/><!-- ⲃⲟⲗ -->
<feat xlink:href="#pos_168" value="NEG"/><!-- ⲁⲛ -->
<feat xlink:href="#pos_169" value="PREP"/><!-- ϩⲙ -->
<feat xlink:href="#pos_170" value="ART"/><!-- ⲡ -->
<feat xlink:href="#pos_171" value="N"/><!-- ⲛⲟⲩⲧⲉ -->
<feat xlink:href="#pos_172" value="COP"/><!-- ⲡⲉ -->
<feat xlink:href="#pos_173" value="ACONJ"/><!-- ⲛ -->
<feat xlink:href="#pos_174" value="PPERS"/><!-- ϥ -->
<feat xlink:href="#pos_175" value="V"/><!-- ⲥⲱⲧⲙ -->
<feat xlink:href="#pos_176" value="NEG"/><!-- ⲁⲛ -->
<feat xlink:href="#pos_177" value="PREP"/><!-- ⲉⲣⲟ -->
<feat xlink:href="#pos_178" value="PPERO"/><!-- ⲛ -->
<feat xlink:href="#pos_179" value="PREP"/><!-- ϩⲙ -->
<feat xlink:href="#pos_180" value="PDEM"/><!-- ⲡⲁⲓ -->
<feat xlink:href="#pos_181" value="N"/><!-- ⲧⲉⲛⲉⲓⲙⲉ -->
<feat xlink:href="#pos_182" value="PREP"/><!-- ⲉ -->
<feat xlink:href="#pos_183" value="ART"/><!-- ⲡⲉ -->
<feat xlink:href="#pos_184" value="N"/><!-- ⲡⲛⲉⲩⲙⲁ -->
<feat xlink:href="#pos_185" value="PREP"/><!-- ⲛ -->
<feat xlink:href="#pos_186" value="ART"/><!-- ⲧ -->
<feat xlink:href="#pos_187" value="N"/><!-- ⲙⲉ -->
<feat xlink:href="#pos_188" value="PREP"/><!-- ⲙⲛ -->
<feat xlink:href="#pos_189" value="ART"/><!-- ⲡⲉ -->
<feat xlink:href="#pos_190" value="N"/><!-- ⲡⲛⲉⲩⲙⲁ -->
<feat xlink:href="#pos_191" value="PREP"/><!-- ⲛ -->
<feat xlink:href="#pos_192" value="ART"/><!-- ⲧⲉ -->
<feat xlink:href="#pos_193" value="N"/><!-- ⲡⲗⲁⲛⲏ -->
<feat xlink:href="#pos_194" value="PREP"/><!-- ⲛⲁ -->
<feat xlink:href="#pos_195" value="N"/><!-- ⲙⲉⲣⲁⲧⲉ -->
<feat xlink:href="#pos_196" value="AJUS"/><!-- ⲙⲁⲣⲉ -->
<feat xlink:href="#pos_197" value="PPERS"/><!-- ⲛ -->
<feat xlink:href="#pos_198" value="V"/><!-- ⲙⲉⲣ -->
<feat xlink:href="#pos_199" value="PPERO"/><!-- ⲓ -->
<feat xlink:href="#pos_200" value="PREP"/><!-- ⲛ -->
<feat xlink:href="#pos_201" value="PPOS"/><!-- ⲛⲉⲛ -->
<feat xlink:href="#pos_202" value="N"/><!-- ⲉⲣⲏⲩ -->
<feat xlink:href="#pos_203" value="CONJ"/><!-- ϫⲉ -->
<feat xlink:href="#pos_204" value="ART"/><!-- ⲧ -->
<feat xlink:href="#pos_205" value="N"/><!-- ⲁⲅⲁⲡⲏ -->
<feat xlink:href="#pos_206" value="V"/><!-- ⲟⲩⲉⲃⲟⲗ -->
<feat xlink:href="#pos_207" value="PREP"/><!-- ϩⲙ -->
<feat xlink:href="#pos_208" value="ART"/><!-- ⲡ -->
<feat xlink:href="#pos_209" value="N"/><!-- ⲛⲟⲩⲧⲉ -->
<feat xlink:href="#pos_210" value="COP"/><!-- ⲧⲉ -->
<feat xlink:href="#pos_211" value="CONJ"/><!-- ⲁⲩⲱ -->
<feat xlink:href="#pos_212" value="N"/><!-- ⲟⲩⲟⲛ -->
<feat xlink:href="#pos_213" value="PINT"/><!-- ⲛⲓⲙ -->
<feat xlink:href="#pos_214" value="V"/><!-- ⲛⲧⲁⲅⲁⲡⲁ -->
<feat xlink:href="#pos_215" value="N"/><!-- ⲛⲛⲧⲁⲩϫⲡⲟϥ -->
<feat xlink:href="#pos_216" value="ADV"/><!-- ⲉⲃⲟⲗ -->
<feat xlink:href="#pos_217" value="PREP"/><!-- ϩⲙ -->
<feat xlink:href="#pos_218" value="ART"/><!-- ⲡ -->
<feat xlink:href="#pos_219" value="N"/><!-- ⲛⲟⲩⲧⲉ -->
<feat xlink:href="#pos_220" value="CONJ"/><!-- ⲁⲩⲱ -->
<feat xlink:href="#pos_221" value="PPERS"/><!-- ϥ -->
<feat xlink:href="#pos_222" value="V"/><!-- ⲥⲟⲟⲩⲛ -->
<feat xlink:href="#pos_223" value="PREP"/><!-- ⲉ -->
<feat xlink:href="#pos_224" value="ART"/><!-- ⲡ -->
<feat xlink:href="#pos_225" value="N"/><!-- ⲛⲟⲩⲧⲉ -->
<feat xlink:href="#pos_226" value="V"/><!-- ⲡⲉⲧⲉ -->
<feat xlink:href="#pos_227" value="ACONJ"/><!-- ⲛ -->
<feat xlink:href="#pos_228" value="PPERS"/><!-- ϥ -->
<feat xlink:href="#pos_229" value="V"/><!-- ⲙⲉ -->
<feat xlink:href="#pos_230" value="NEG"/><!-- ⲁⲛ -->
<feat xlink:href="#pos_231" value="PREP"/><!-- ⲛ -->
<feat xlink:href="#pos_232" value="PPERO"/><!-- ϥ -->
<feat xlink:href="#pos_233" value="V"/><!-- ⲥⲟⲟⲩⲛ -->
<feat xlink:href="#pos_234" value="NEG"/><!-- ⲁⲛ -->
<feat xlink:href="#pos_235" value="PREP"/><!-- ⲙ -->
<feat xlink:href="#pos_236" value="ART"/><!-- ⲡ -->
<feat xlink:href="#pos_237" value="N"/><!-- ⲛⲟⲩⲧⲉ -->
<feat xlink:href="#pos_238" value="CONJ"/><!-- ϫⲉ -->
<feat xlink:href="#pos_239" value="ART"/><!-- ⲡ -->
<feat xlink:href="#pos_240" value="N"/><!-- ⲛⲟⲩⲧⲉ -->
<feat xlink:href="#pos_241" value="COP"/><!-- ⲡⲉ -->
<feat xlink:href="#pos_242" value="ART"/><!-- ⲧ -->
<feat xlink:href="#pos_243" value="N"/><!-- ⲁⲅⲁⲡⲏ -->
<feat xlink:href="#pos_244" value="PREP"/><!-- ϩⲙ -->
<feat xlink:href="#pos_245" value="PDEM"/><!-- ⲡⲁⲓ -->
<feat xlink:href="#pos_246" value="APST"/><!-- ⲁ -->
<feat xlink:href="#pos_247" value="PPERS"/><!-- ⲥ -->
<feat xlink:href="#pos_248" value="V"/><!-- ⲟⲩⲱⲛϩ -->
<feat xlink:href="#pos_249" value="ADV"/><!-- ⲉⲃⲟⲗ -->
<feat xlink:href="#pos_250" value="PREP"/><!-- ⲛϩⲏⲧ -->
<feat xlink:href="#pos_251" value="PPERO"/><!-- ⲛ -->
<feat xlink:href="#pos_252" value="PTC"/><!-- ⲛϭⲓ -->
<feat xlink:href="#pos_253" value="ART"/><!-- ⲧ -->
<feat xlink:href="#pos_254" value="N"/><!-- ⲁⲅⲁⲡⲏ -->
<feat xlink:href="#pos_255" value="PREP"/><!-- ⲙ -->
<feat xlink:href="#pos_256" value="ART"/><!-- ⲡ -->
<feat xlink:href="#pos_257" value="N"/><!-- ⲛⲟⲩⲧⲉ -->
<feat xlink:href="#pos_258" value="CONJ"/><!-- ϫⲉ -->
<feat xlink:href="#pos_259" value="ART"/><!-- ⲡ -->
<feat xlink:href="#pos_260" value="N"/><!-- ⲛⲟⲩⲧⲉ -->
<feat xlink:href="#pos_261" value="APST"/><!-- ⲁ -->
<feat xlink:href="#pos_262" value="PPERS"/><!-- ϥ -->
<feat xlink:href="#pos_263" value="V"/><!-- ⲧⲛⲛⲟⲟⲩ -->
<feat xlink:href="#pos_264" value="PREP"/><!-- ⲙ -->
<feat xlink:href="#pos_265" value="PPOS"/><!-- ⲡⲉϥ -->
<feat xlink:href="#pos_266" value="N"/><!-- ϣⲏⲣⲉ -->
<feat xlink:href="#pos_267" value="PREP"/><!-- ⲛ -->
<feat xlink:href="#pos_268" value="ART"/><!-- ⲛ -->
<feat xlink:href="#pos_269" value="N"/><!-- ⲟⲩⲱⲧ -->
<feat xlink:href="#pos_270" value="ADV"/><!-- ⲉϩⲣⲁⲓ -->
<feat xlink:href="#pos_271" value="PREP"/><!-- ⲉ -->
<feat xlink:href="#pos_272" value="ART"/><!-- ⲡ -->
<feat xlink:href="#pos_273" value="N"/><!-- ⲕⲟⲥⲙⲟⲥ -->
<feat xlink:href="#pos_274" value="CONJ"/><!-- ϫⲉⲕⲁⲁⲥ -->
<feat xlink:href="#pos_275" value="CONJ"/><!-- ⲉⲛⲉ -->
<feat xlink:href="#pos_276" value="N"/><!-- ⲱⲛϩ -->
<feat xlink:href="#pos_277" value="ADV"/><!-- ⲉⲃⲟⲗ -->
<feat xlink:href="#pos_278" value="PREP"/><!-- ϩⲓⲧⲟⲟⲧ -->
<feat xlink:href="#pos_279" value="PPERO"/><!-- ϥ -->
<feat xlink:href="#pos_280" value="CCIRC"/><!-- ⲉⲣⲉ -->
<feat xlink:href="#pos_281" value="ART"/><!-- ⲧ -->
<feat xlink:href="#pos_282" value="N"/><!-- ⲁⲅⲁⲡⲏ -->
<feat xlink:href="#pos_283" value="PREP"/><!-- ⲙ -->
<feat xlink:href="#pos_284" value="ART"/><!-- ⲡ -->
<feat xlink:href="#pos_285" value="N"/><!-- ⲛⲟⲩⲧⲉ -->
<feat xlink:href="#pos_286" value="VSTAT"/><!-- ϣⲟⲟⲡ -->
<feat xlink:href="#pos_287" value="PREP"/><!-- ϩⲙ -->
<feat xlink:href="#pos_288" value="PDEM"/><!-- ⲡⲁⲓ -->
<feat xlink:href="#pos_289" value="CONJ"/><!-- ϫⲉ -->
<feat xlink:href="#pos_290" value="PPERI"/><!-- ⲁⲛⲟⲛ -->
<feat xlink:href="#pos_291" value="NEG"/><!-- ⲁⲛ -->
<feat xlink:href="#pos_292" value="ART"/><!-- ⲡ -->
<feat xlink:href="#pos_293" value="CREL"/><!-- ⲉⲛⲧ -->
<feat xlink:href="#pos_294" value="APST"/><!-- ⲁ -->
<feat xlink:href="#pos_295" value="PPERS"/><!-- ⲛ -->
<feat xlink:href="#pos_296" value="V"/><!-- ⲙⲉⲣ -->
<feat xlink:href="#pos_297" value="PPERO"/><!-- ⲓ -->
<feat xlink:href="#pos_298" value="ART"/><!-- ⲡ -->
<feat xlink:href="#pos_299" value="N"/><!-- ⲛⲟⲩⲧⲉ -->
<feat xlink:href="#pos_300" value="CONJ"/><!-- ⲁⲗⲗⲁ -->
<feat xlink:href="#pos_301" value="PPERI"/><!-- ⲛⲧⲟϥ -->
<feat xlink:href="#pos_302" value="N"/><!-- ⲡⲉⲛⲧⲁϥⲙⲉⲣⲓⲧⲛ -->
<feat xlink:href="#pos_303" value="CONJ"/><!-- ⲁⲩⲱ -->
<feat xlink:href="#pos_304" value="APST"/><!-- ⲁ -->
<feat xlink:href="#pos_305" value="PPERS"/><!-- ϥ -->
<feat xlink:href="#pos_306" value="V"/><!-- ⲧⲛⲛⲟⲟⲩ -->
<feat xlink:href="#pos_307" value="PREP"/><!-- ⲙ -->
<feat xlink:href="#pos_308" value="PPOS"/><!-- ⲡⲉϥ -->
<feat xlink:href="#pos_309" value="N"/><!-- ϣⲏⲣⲉ -->
<feat xlink:href="#pos_310" value="V"/><!-- ⲛⲕⲱ -->
<feat xlink:href="#pos_311" value="ADV"/><!-- ⲉⲃⲟⲗ -->
<feat xlink:href="#pos_312" value="PPOS"/><!-- ⲛⲉⲛ -->
<feat xlink:href="#pos_313" value="N"/><!-- ⲛⲟⲃⲉ -->
<feat xlink:href="#pos_314" value="PREP"/><!-- ⲛⲁ -->
<feat xlink:href="#pos_315" value="N"/><!-- ⲙⲉⲣⲁⲧⲉ -->
<feat xlink:href="#pos_316" value="CONJ"/><!-- ⲉϣϫⲉ -->
<feat xlink:href="#pos_317" value="V"/><!-- ⲁⲡⲛⲟⲩⲧⲉ -->
<feat xlink:href="#pos_318" value="N"/><!-- ⲙⲉⲣⲓⲧⲛ -->
<feat xlink:href="#pos_319" value="PREP"/><!-- ⲛ -->
<feat xlink:href="#pos_320" value="PDEM"/><!-- ⲧⲉⲓ -->
<feat xlink:href="#pos_321" value="N"/><!-- ϩⲉ -->
<feat xlink:href="#pos_322" value="PPERI"/><!-- ⲁⲛⲟⲛ -->
<feat xlink:href="#pos_323" value="IMOD"/><!-- ϩⲱⲱ -->
<feat xlink:href="#pos_324" value="PREP"/><!-- ⲛ -->
<feat xlink:href="#pos_325" value="V"/><!-- ϣϣⲉ -->
<feat xlink:href="#pos_326" value="PREP"/><!-- ⲉⲣⲟ -->
<feat xlink:href="#pos_327" value="ART"/><!-- ⲛ -->
<feat xlink:href="#pos_328" value="CREL"/><!-- ⲉ -->
<feat xlink:href="#pos_329" value="V"/><!-- ⲙⲉⲣ -->
<feat xlink:href="#pos_330" value="PPERO"/><!-- ⲓ -->
<feat xlink:href="#pos_331" value="PREP"/><!-- ⲛ -->
<feat xlink:href="#pos_332" value="PPOS"/><!-- ⲛⲉⲛ -->
<feat xlink:href="#pos_333" value="N"/><!-- ⲉⲣⲏⲩ -->
<feat xlink:href="#pos_334" value="ART"/><!-- ⲡ -->
<feat xlink:href="#pos_335" value="N"/><!-- ⲛⲟⲩⲧⲉ -->
<feat xlink:href="#pos_336" value="V"/><!-- ⲙⲡⲉⲗⲁⲁⲩ -->
<feat xlink:href="#pos_337" value="PREP"/><!-- ⲛⲁ -->
<feat xlink:href="#pos_338" value="PPERO"/><!-- ⲩ -->
<feat xlink:href="#pos_339" value="PREP"/><!-- ⲉⲣⲟ -->
<feat xlink:href="#pos_340" value="PPERO"/><!-- ϥ -->
<feat xlink:href="#pos_341" value="ADV"/><!-- ⲉⲛⲉϩ -->
<feat xlink:href="#pos_342" value="CONJ"/><!-- ⲉϣⲱⲡⲉ -->
<feat xlink:href="#pos_343" value="PTC"/><!-- ⲇⲉ -->
<feat xlink:href="#pos_344" value="ACOND_PPERS"/><!-- ⲉⲛϣⲁⲛ -->
<feat xlink:href="#pos_345" value="V"/><!-- ⲙⲉ -->
<feat xlink:href="#pos_346" value="N"/><!-- ⲣⲓ -->
<feat xlink:href="#pos_347" value="PREP"/><!-- ⲛ -->
<feat xlink:href="#pos_348" value="PPOS"/><!-- ⲛⲉⲛ -->
<feat xlink:href="#pos_349" value="N"/><!-- ⲉⲣⲏⲩ -->
<feat xlink:href="#pos_350" value="PREP"/><!-- ⲉ -->
<feat xlink:href="#pos_351" value="PPERO"/><!-- ⲓ -->
<feat xlink:href="#pos_352" value="ART"/><!-- ⲡ -->
<feat xlink:href="#pos_353" value="N"/><!-- ⲛⲟⲩⲧⲉ -->
<feat xlink:href="#pos_354" value="VSTAT"/><!-- ϣⲟⲟⲡ -->
<feat xlink:href="#pos_355" value="ADV"/><!-- ϩⲣⲁⲓ -->
<feat xlink:href="#pos_356" value="PREP"/><!-- ⲛϩⲏⲧ -->
<feat xlink:href="#pos_357" value="PPERO"/><!-- ⲛ -->
<feat xlink:href="#pos_358" value="CONJ"/><!-- ⲁⲩⲱ -->
<feat xlink:href="#pos_359" value="PPOS"/><!-- ⲧⲉϥ -->
<feat xlink:href="#pos_360" value="N"/><!-- ⲁⲅⲁⲡⲏ -->
<feat xlink:href="#pos_361" value="VSTAT"/><!-- ϫⲏⲕ -->
<feat xlink:href="#pos_362" value="ADV"/><!-- ⲉⲃⲟⲗ -->
<feat xlink:href="#pos_363" value="ADV"/><!-- ϩⲣⲁⲓ -->
<feat xlink:href="#pos_364" value="PREP"/><!-- ⲛϩⲏⲧ -->
<feat xlink:href="#pos_365" value="PPERO"/><!-- ⲛ -->
<feat xlink:href="#pos_366" value="PREP"/><!-- ϩⲙ -->
<feat xlink:href="#pos_367" value="PDEM"/><!-- ⲡⲁⲓ -->
<feat xlink:href="#pos_368" value="N"/><!-- ⲧⲉⲛⲉⲓⲙⲉ -->
<feat xlink:href="#pos_369" value="CONJ"/><!-- ϫⲉ -->
<feat xlink:href="#pos_370" value="V"/><!-- ⲧⲉⲛϣⲟⲟⲡ -->
<feat xlink:href="#pos_371" value="ADV"/><!-- ⲉϩⲣⲁⲓ -->
<feat xlink:href="#pos_372" value="PREP"/><!-- ⲛϩⲏⲧ -->
<feat xlink:href="#pos_373" value="PPERO"/><!-- ϥ -->
<feat xlink:href="#pos_374" value="CONJ"/><!-- ⲁⲩⲱ -->
<feat xlink:href="#pos_375" value="PPERI"/><!-- ⲛⲧⲟϥ -->
<feat xlink:href="#pos_376" value="PPERS"/><!-- ϥ -->
<feat xlink:href="#pos_377" value="VSTAT"/><!-- ϣⲟⲟⲡ -->
<feat xlink:href="#pos_378" value="ADV"/><!-- ϩⲣⲁⲓ -->
<feat xlink:href="#pos_379" value="PREP"/><!-- ⲛϩⲏⲧ -->
<feat xlink:href="#pos_380" value="PPERO"/><!-- ⲛ -->
<feat xlink:href="#pos_381" value="CONJ"/><!-- ϫⲉ -->
<feat xlink:href="#pos_382" value="APST"/><!-- ⲁ -->
<feat xlink:href="#pos_383" value="PPERS"/><!-- ϥ -->
<feat xlink:href="#pos_384" value="V"/><!-- ϯ -->
<feat xlink:href="#pos_385" value="PREP"/><!-- ⲛⲁ -->
<feat xlink:href="#pos_386" value="PPERO"/><!-- ⲛ -->
<feat xlink:href="#pos_387" value="ADV"/><!-- ⲉⲃⲟⲗ -->
<feat xlink:href="#pos_388" value="PREP"/><!-- ϩⲙ -->
<feat xlink:href="#pos_389" value="PPOS"/><!-- ⲡⲉϥ -->
<feat xlink:href="#pos_390" value="N"/><!-- ⲡⲛⲉⲩⲙⲁ -->
<feat xlink:href="#pos_391" value="CONJ"/><!-- ⲁⲩⲱ -->
<feat xlink:href="#pos_392" value="PPERI"/><!-- ⲁⲛⲟⲛ -->
<feat xlink:href="#pos_393" value="APST"/><!-- ⲁ -->
<feat xlink:href="#pos_394" value="PPERS"/><!-- ⲛ -->
<feat xlink:href="#pos_395" value="V"/><!-- ⲛⲁⲩ -->
<feat xlink:href="#pos_396" value="CONJ"/><!-- ⲁⲩⲱ -->
<feat xlink:href="#pos_397" value="APST"/><!-- ⲁ -->
<feat xlink:href="#pos_398" value="PPERS"/><!-- ⲛ -->
<feat xlink:href="#pos_399" value="V"/><!-- ⲣ -->
<feat xlink:href="#pos_400" value="N"/><!-- ⲙⲛⲧⲣⲉ -->
<feat xlink:href="#pos_401" value="CONJ"/><!-- ϫⲉ -->
<feat xlink:href="#pos_402" value="N"/><!-- ⲁⲡⲉⲓⲱⲧ -->
<feat xlink:href="#pos_403" value="V"/><!-- ⲧⲛⲛⲟⲟⲩ -->
<feat xlink:href="#pos_404" value="PREP"/><!-- ⲙ -->
<feat xlink:href="#pos_405" value="PPOS"/><!-- ⲡⲉϥ -->
<feat xlink:href="#pos_406" value="N"/><!-- ϣⲏⲣⲉ -->
<feat xlink:href="#pos_407" value="N"/><!-- ⲛⲭⲱⲧⲏⲣ -->
<feat xlink:href="#pos_408" value="PREP"/><!-- ⲙ -->
<feat xlink:href="#pos_409" value="ART"/><!-- ⲡ -->
<feat xlink:href="#pos_410" value="N"/><!-- ⲕⲟⲥⲙⲟⲥ -->
<feat xlink:href="#pos_411" value="PUNCT"/><!-- . -->
<feat xlink:href="#pos_412" value="V"/><!-- ⲡⲉⲧⲛⲁϩⲩⲙⲟⲗⲟⲅⲉⲓ -->
<feat xlink:href="#pos_413" value="CONJ"/><!-- ϫⲉ -->
<feat xlink:href="#pos_414" value="NPROP"/><!-- ⲓⲏⲥⲟⲩⲥ -->
<feat xlink:href="#pos_415" value="COP"/><!-- ⲡⲉ -->
<feat xlink:href="#pos_416" value="ART"/><!-- ⲡ -->
<feat xlink:href="#pos_417" value="N"/><!-- ϣⲏⲣⲉ -->
<feat xlink:href="#pos_418" value="PREP"/><!-- ⲙ -->
<feat xlink:href="#pos_419" value="ART"/><!-- ⲡ -->
<feat xlink:href="#pos_420" value="N"/><!-- ⲛⲟⲩⲧⲉ -->
<feat xlink:href="#pos_421" value="ART"/><!-- ⲡ -->
<feat xlink:href="#pos_422" value="N"/><!-- ⲛⲟⲩⲧⲉ -->
<feat xlink:href="#pos_423" value="VSTAT"/><!-- ϣⲟⲟⲡ -->
<feat xlink:href="#pos_424" value="ADV"/><!-- ϩⲣⲁⲓ -->
<feat xlink:href="#pos_425" value="PREP"/><!-- ⲛϩⲏⲧ -->
<feat xlink:href="#pos_426" value="PPERO"/><!-- ϥ -->
<feat xlink:href="#pos_427" value="CONJ"/><!-- ⲁⲩⲱ -->
<feat xlink:href="#pos_428" value="PPERI"/><!-- ⲛⲧⲟϥ -->
<feat xlink:href="#pos_429" value="PPERS"/><!-- ϥ -->
<feat xlink:href="#pos_430" value="VSTAT"/><!-- ϣⲟⲟⲡ -->
<feat xlink:href="#pos_431" value="ADV"/><!-- ϩⲣⲁⲓ -->
<feat xlink:href="#pos_432" value="PREP"/><!-- ϩⲙ -->
<feat xlink:href="#pos_433" value="ART"/><!-- ⲡ -->
<feat xlink:href="#pos_434" value="N"/><!-- ⲛⲟⲩⲧⲉ -->
<feat xlink:href="#pos_435" value="CONJ"/><!-- ⲁⲩⲱ -->
<feat xlink:href="#pos_436" value="PPERI"/><!-- ⲁⲛⲟⲛ -->
<feat xlink:href="#pos_437" value="APST"/><!-- ⲁ -->
<feat xlink:href="#pos_438" value="PPERS"/><!-- ⲛ -->
<feat xlink:href="#pos_439" value="V"/><!-- ⲉⲓⲙⲉ -->
<feat xlink:href="#pos_440" value="CONJ"/><!-- ⲁⲩⲱ -->
<feat xlink:href="#pos_441" value="APST"/><!-- ⲁ -->
<feat xlink:href="#pos_442" value="PPERS"/><!-- ⲛ -->
<feat xlink:href="#pos_443" value="V"/><!-- ⲡⲓⲥⲧⲉⲩⲉ -->
<feat xlink:href="#pos_444" value="PREP"/><!-- ⲉ -->
<feat xlink:href="#pos_445" value="ART"/><!-- ⲧ -->
<feat xlink:href="#pos_446" value="N"/><!-- ⲁⲅⲁⲡⲏ -->
<feat xlink:href="#pos_447" value="CREL"/><!-- ⲉⲧⲉ -->
<feat xlink:href="#pos_448" value="EXIST"/><!-- ⲟⲩⲛⲧⲁ -->
<feat xlink:href="#pos_449" value="PPERO"/><!-- ⲥ -->
<feat xlink:href="#pos_450" value="ART"/><!-- ⲡ -->
<feat xlink:href="#pos_451" value="N"/><!-- ⲛⲟⲩⲧⲉ -->
<feat xlink:href="#pos_452" value="PREP"/><!-- ⲛϩⲏⲧ -->
<feat xlink:href="#pos_453" value="ART"/><!-- ⲛ -->
<feat xlink:href="#pos_454" value="ART"/><!-- ⲡ -->
<feat xlink:href="#pos_455" value="N"/><!-- ⲛⲟⲩⲧⲉ -->
<feat xlink:href="#pos_456" value="COP"/><!-- ⲡⲉ -->
<feat xlink:href="#pos_457" value="ART"/><!-- ⲧ -->
<feat xlink:href="#pos_458" value="N"/><!-- ⲁⲅⲁⲡⲏ -->
<feat xlink:href="#pos_459" value="CONJ"/><!-- ⲁⲩⲱ -->
<feat xlink:href="#pos_460" value="ART"/><!-- ⲡ -->
<feat xlink:href="#pos_461" value="CREL"/><!-- ⲉⲧ -->
<feat xlink:href="#pos_462" value="VSTAT"/><!-- ϣⲟⲟⲡ -->
<feat xlink:href="#pos_463" value="NPROP"/><!-- ⲏⲛ -->
<feat xlink:href="#pos_464" value="ART"/><!-- ⲧ -->
<feat xlink:href="#pos_465" value="N"/><!-- ⲁⲅⲁⲡⲏ -->
<feat xlink:href="#pos_466" value="PPERS"/><!-- ϥ -->
<feat xlink:href="#pos_467" value="VSTAT"/><!-- ϣⲟⲟⲡ -->
<feat xlink:href="#pos_468" value="ADV"/><!-- ϩⲣⲁⲓ -->
<feat xlink:href="#pos_469" value="PREP"/><!-- ϩⲙ -->
<feat xlink:href="#pos_470" value="ART"/><!-- ⲡ -->
<feat xlink:href="#pos_471" value="N"/><!-- ⲛⲟⲩⲧⲉ -->
<feat xlink:href="#pos_472" value="CONJ"/><!-- ⲁⲩⲱ -->
<feat xlink:href="#pos_473" value="ART"/><!-- ⲡ -->
<feat xlink:href="#pos_474" value="N"/><!-- ⲛⲟⲩⲧⲉ -->
<feat xlink:href="#pos_475" value="VSTAT"/><!-- ϣⲟⲟⲡ -->
<feat xlink:href="#pos_476" value="ADV"/><!-- ϩⲣⲁⲓ -->
<feat xlink:href="#pos_477" value="PREP"/><!-- ⲛϩⲏⲧ -->
<feat xlink:href="#pos_478" value="PPERO"/><!-- ϥ -->
<feat xlink:href="#pos_479" value="PUNCT"/><!-- . -->
<feat xlink:href="#pos_480" value="PREP"/><!-- ϩⲙ -->
<feat xlink:href="#pos_481" value="PDEM"/><!-- ⲡⲁⲓ -->
<feat xlink:href="#pos_482" value="APST"/><!-- ⲁ -->
<feat xlink:href="#pos_483" value="PPERS"/><!-- ⲥ -->
<feat xlink:href="#pos_484" value="V"/><!-- ϫⲱⲕ -->
<feat xlink:href="#pos_485" value="ADV"/><!-- ⲉⲃⲟⲗ -->
<feat xlink:href="#pos_486" value="PTC"/><!-- ⲛϭⲓ -->
<feat xlink:href="#pos_487" value="ART"/><!-- ⲧ -->
<feat xlink:href="#pos_488" value="N"/><!-- ⲁⲅⲁⲡⲏ -->
<feat xlink:href="#pos_489" value="PREP"/><!-- ⲙ -->
<feat xlink:href="#pos_490" value="ART"/><!-- ⲡ -->
<feat xlink:href="#pos_491" value="N"/><!-- ⲛⲟⲩⲧⲉ -->
<feat xlink:href="#pos_492" value="V"/><!-- ⲛⲙⲙⲟ -->
<feat xlink:href="#pos_493" value="CONJ"/><!-- ϫⲉⲕⲁⲁⲥ -->
<feat xlink:href="#pos_494" value="CONJ"/><!-- ⲉⲛⲉ -->
<feat xlink:href="#pos_495" value="V"/><!-- ϫⲱ -->
<feat xlink:href="#pos_496" value="ART"/><!-- ⲡⲉ -->
<feat xlink:href="#pos_497" value="N"/><!-- ⲉⲩⲟⲩⲛⲧⲁⲛ -->
<feat xlink:href="#pos_498" value="PREP"/><!-- ⲙⲙⲟ -->
<feat xlink:href="#pos_499" value="ART"/><!-- ⲟⲩ -->
<feat xlink:href="#pos_500" value="N"/><!-- ⲛⲛⲟⲩⲡⲁⲣⲣⲏⲥⲓⲁ -->
<feat xlink:href="#pos_501" value="PREP"/><!-- ϩⲙ -->
<feat xlink:href="#pos_502" value="ART"/><!-- ⲡⲉ -->
<feat xlink:href="#pos_503" value="N"/><!-- ϩⲟⲟⲩ -->
<feat xlink:href="#pos_504" value="PREP"/><!-- ⲛ -->
<feat xlink:href="#pos_505" value="ART"/><!-- ⲧⲉ -->
<feat xlink:href="#pos_506" value="N"/><!-- ⲕⲣⲓⲥⲓⲥ -->
<feat xlink:href="#pos_507" value="CONJ"/><!-- ϫⲉⲕⲁⲁⲥ -->
<feat xlink:href="#pos_508" value="PREP"/><!-- ⲕⲁⲧⲁ -->
<feat xlink:href="#pos_509" value="ART"/><!-- ⲧ -->
<feat xlink:href="#pos_510" value="N"/><!-- ϩⲉ -->
<feat xlink:href="#pos_511" value="N"/><!-- ⲉⲧⲉⲣⲉⲡⲏ -->
<feat xlink:href="#pos_512" value="VSTAT"/><!-- ϣⲟⲟⲡ -->
<feat xlink:href="#pos_513" value="PREP"/><!-- ⲙⲙⲟ -->
<feat xlink:href="#pos_514" value="PPERO"/><!-- ⲥ -->
<feat xlink:href="#pos_515" value="PPERI"/><!-- ⲁⲛⲟⲛ -->
<feat xlink:href="#pos_516" value="IMOD"/><!-- ϩⲱⲱ -->
<feat xlink:href="#pos_517" value="N"/><!-- ⲧⲉⲛϣⲱⲡⲉ -->
<feat xlink:href="#pos_518" value="PREP"/><!-- ϩⲙ -->
<feat xlink:href="#pos_519" value="PDEM"/><!-- ⲡⲓ -->
<feat xlink:href="#pos_520" value="N"/><!-- ⲕⲟⲥⲙⲟⲥ -->
<feat xlink:href="#pos_521" value="EXIST"/><!-- ⲙⲙⲛ -->
<feat xlink:href="#pos_522" value="N"/><!-- ϩⲟⲧⲉ -->
<feat xlink:href="#pos_523" value="VSTAT"/><!-- ϣⲟⲟⲡ -->
<feat xlink:href="#pos_524" value="N"/><!-- ⲏⲛ -->
<feat xlink:href="#pos_525" value="ART"/><!-- ⲧ -->
<feat xlink:href="#pos_526" value="N"/><!-- ⲁⲅⲁⲡⲏ -->
<feat xlink:href="#pos_527" value="CONJ"/><!-- ⲁⲗⲗⲁ -->
<feat xlink:href="#pos_528" value="ART"/><!-- ⲧ -->
<feat xlink:href="#pos_529" value="N"/><!-- ⲁⲅⲁⲡⲏ -->
<feat xlink:href="#pos_530" value="CREL"/><!-- ⲉⲧ -->
<feat xlink:href="#pos_531" value="VSTAT"/><!-- ϫⲏⲕ -->
<feat xlink:href="#pos_532" value="ADV"/><!-- ⲉⲃⲟⲗ -->
<feat xlink:href="#pos_533" value="AAOR"/><!-- ϣⲁ -->
<feat xlink:href="#pos_534" value="PPERS"/><!-- ⲥ -->
<feat xlink:href="#pos_535" value="V"/><!-- ⲛⲟⲩϫ -->
<feat xlink:href="#pos_536" value="ADV"/><!-- ⲉⲃⲟⲗ -->
<feat xlink:href="#pos_537" value="PREP"/><!-- ⲛ -->
<feat xlink:href="#pos_538" value="ART"/><!-- ⲧ -->
<feat xlink:href="#pos_539" value="N"/><!-- ϩⲟⲧⲉ -->
<feat xlink:href="#pos_540" value="CONJ"/><!-- ϫⲉ -->
<feat xlink:href="#pos_541" value="ART"/><!-- ⲧ -->
<feat xlink:href="#pos_542" value="N"/><!-- ϩⲟⲧⲉ -->
<feat xlink:href="#pos_543" value="EXIST"/><!-- ⲟⲩⲛⲧⲁ -->
<feat xlink:href="#pos_544" value="PPERO"/><!-- ⲥ -->
<feat xlink:href="#pos_545" value="PREP"/><!-- ⲙⲙⲟ -->
<feat xlink:href="#pos_546" value="ART"/><!-- ⲟⲩ -->
<feat xlink:href="#pos_547" value="N"/><!-- ⲛⲛⲟⲩⲕⲟⲗⲁⲥⲓⲥ -->
<feat xlink:href="#pos_548" value="CONJ"/><!-- ⲁⲩⲱ -->
<feat xlink:href="#pos_549" value="ART"/><!-- ⲡ -->
<feat xlink:href="#pos_550" value="CREL"/><!-- ⲉⲧ -->
<feat xlink:href="#pos_551" value="V"/><!-- ⲣ -->
<feat xlink:href="#pos_552" value="N"/><!-- ϩⲟⲧⲉ -->
<feat xlink:href="#pos_553" value="ADV"/><!-- ⲛϥϫⲏⲕ -->
<feat xlink:href="#pos_554" value="NEG"/><!-- ⲁⲛ -->
<feat xlink:href="#pos_555" value="ADV"/><!-- ⲉⲃⲟⲗ -->
<feat xlink:href="#pos_556" value="N"/><!-- ⲏⲛ -->
<feat xlink:href="#pos_557" value="ART"/><!-- ⲧ -->
<feat xlink:href="#pos_558" value="N"/><!-- ⲁⲅⲁⲡⲏ -->
<feat xlink:href="#pos_559" value="CONJ"/><!-- ⲁⲩⲱ -->
<feat xlink:href="#pos_560" value="N"/><!-- ⲧⲉⲛⲉⲓⲙⲉ -->
<feat xlink:href="#pos_561" value="CONJ"/><!-- ϫⲉ -->
<feat xlink:href="#pos_562" value="PPERI"/><!-- ⲛⲧⲟϥ -->
<feat xlink:href="#pos_563" value="ART"/><!-- ⲛ -->
<feat xlink:href="#pos_564" value="N"/><!-- ϣⲟⲣⲡ -->
<feat xlink:href="#pos_565" value="N"/><!-- ⲡⲉⲛⲧⲁϥⲙⲉⲣⲓⲧⲛ -->
<feat xlink:href="#pos_566" value="CONJ"/><!-- ⲉϣⲱⲡⲉ -->
<feat xlink:href="#pos_567" value="N"/><!-- ⲉⲣⲉϣⲁⲛⲟⲩⲁ -->
<feat xlink:href="#pos_568" value="V"/><!-- ϫⲟⲟ -->
<feat xlink:href="#pos_569" value="PPERO"/><!-- ⲥ -->
<feat xlink:href="#pos_570" value="CONJ"/><!-- ϫⲉ -->
<feat xlink:href="#pos_571" value="N"/><!-- ϯⲙⲉ -->
<feat xlink:href="#pos_572" value="PREP"/><!-- ⲙ -->
<feat xlink:href="#pos_573" value="ART"/><!-- ⲡ -->
<feat xlink:href="#pos_574" value="N"/><!-- ⲛⲟⲩⲧⲉ -->
<feat xlink:href="#pos_575" value="CCIRC"/><!-- ⲉ -->
<feat xlink:href="#pos_576" value="PPERS"/><!-- ϥ -->
<feat xlink:href="#pos_577" value="V"/><!-- ⲙⲟⲥⲧⲉ -->
<feat xlink:href="#pos_578" value="PREP"/><!-- ⲙ -->
<feat xlink:href="#pos_579" value="PPOS"/><!-- ⲡⲉϥ -->
<feat xlink:href="#pos_580" value="N"/><!-- ⲥⲟⲛ -->
<feat xlink:href="#pos_581" value="V"/><!-- ⲟⲩⲣⲉϥϫⲓ -->
<feat xlink:href="#pos_582" value="N"/><!-- ϭⲟⲗ -->
<feat xlink:href="#pos_583" value="ART"/><!-- ⲡⲉ -->
<feat xlink:href="#pos_584" value="N"/><!-- ⲡⲉⲧⲉ -->
<feat xlink:href="#pos_585" value="ACONJ"/><!-- ⲛ -->
<feat xlink:href="#pos_586" value="PPERS"/><!-- ϥ -->
<feat xlink:href="#pos_587" value="V"/><!-- ⲙⲉ -->
<feat xlink:href="#pos_588" value="PTC"/><!-- ⲅⲁⲣ -->
<feat xlink:href="#pos_589" value="NEG"/><!-- ⲁⲛ -->
<feat xlink:href="#pos_590" value="PREP"/><!-- ⲙ -->
<feat xlink:href="#pos_591" value="PPOS"/><!-- ⲡⲉϥ -->
<feat xlink:href="#pos_592" value="N"/><!-- ⲥⲟⲛ -->
<feat xlink:href="#pos_593" value="CREL"/><!-- ⲉⲧ -->
<feat xlink:href="#pos_594" value="PPERS"/><!-- ϥ -->
<feat xlink:href="#pos_595" value="V"/><!-- ⲛⲁⲩ -->
<feat xlink:href="#pos_596" value="PREP"/><!-- ⲉⲣⲟ -->
<feat xlink:href="#pos_597" value="PPERO"/><!-- ϥ -->
<feat xlink:href="#pos_598" value="PREP"/><!-- ⲙ -->
<feat xlink:href="#pos_599" value="ART"/><!-- ⲡ -->
<feat xlink:href="#pos_600" value="N"/><!-- ⲛⲟⲩⲧⲉ -->
<feat xlink:href="#pos_601" value="PTC"/><!-- ⲇⲉ -->
<feat xlink:href="#pos_602" value="CREL"/><!-- ⲉⲧ -->
<feat xlink:href="#pos_603" value="PREP"/><!-- ⲙ -->
<feat xlink:href="#pos_604" value="PPOS"/><!-- ⲡⲉϥ -->
<feat xlink:href="#pos_605" value="N"/><!-- ⲛⲁⲩ -->
<feat xlink:href="#pos_606" value="PREP"/><!-- ⲉⲣⲟ -->
<feat xlink:href="#pos_607" value="PPERO"/><!-- ϥ -->
<feat xlink:href="#pos_608" value="PREP"/><!-- ⲙⲛ -->
<feat xlink:href="#pos_609" value="V"/><!-- ϣ -->
<feat xlink:href="#pos_610" value="N"/><!-- ϭⲟⲙ -->
<feat xlink:href="#pos_611" value="PREP"/><!-- ⲙⲙⲟ -->
<feat xlink:href="#pos_612" value="PPERO"/><!-- ϥ -->
<feat xlink:href="#pos_613" value="V"/><!-- ⲉⲙⲉⲣⲓⲧϥ -->
<feat xlink:href="#pos_614" value="CONJ"/><!-- ⲁⲩⲱ -->
<feat xlink:href="#pos_615" value="PDEM"/><!-- ⲧⲉⲓ -->
<feat xlink:href="#pos_616" value="N"/><!-- ⲉⲛⲧⲟⲗⲏ -->
<feat xlink:href="#pos_617" value="APST"/><!-- ⲁ -->
<feat xlink:href="#pos_618" value="PPERS"/><!-- ⲛ -->
<feat xlink:href="#pos_619" value="V"/><!-- ϫⲓⲧ -->
<feat xlink:href="#pos_620" value="PPERO"/><!-- ⲥ -->
<feat xlink:href="#pos_621" value="ADV"/><!-- ⲉⲃⲟⲗ -->
<feat xlink:href="#pos_622" value="PREP"/><!-- ϩⲓⲧⲟⲟⲧ -->
<feat xlink:href="#pos_623" value="PPERO"/><!-- ϥ -->
<feat xlink:href="#pos_624" value="CONJ"/><!-- ϫⲉⲕⲁⲁⲥ -->
<feat xlink:href="#pos_625" value="ART"/><!-- ⲡ -->
<feat xlink:href="#pos_626" value="CREL"/><!-- ⲉⲧ -->
<feat xlink:href="#pos_627" value="V"/><!-- ⲙⲉ -->
<feat xlink:href="#pos_628" value="PREP"/><!-- ⲙ -->
<feat xlink:href="#pos_629" value="ART"/><!-- ⲡ -->
<feat xlink:href="#pos_630" value="N"/><!-- ⲛⲟⲩⲧⲉ -->
<feat xlink:href="#pos_631" value="AOPT_PPERS"/><!-- ⲉϥⲉ -->
<feat xlink:href="#pos_632" value="V"/><!-- ⲙⲉ -->
<feat xlink:href="#pos_633" value="N"/><!-- ⲣⲓ -->
<feat xlink:href="#pos_634" value="PPOS"/><!-- ⲡⲉϥ -->
<feat xlink:href="#pos_635" value="N"/><!-- ⲥⲟⲛ -->
</featList>
</paula>
