<?xml version="1.0" encoding="UTF-8" standalone="no"?>

<!DOCTYPE paula SYSTEM "paula_feat.dtd">
<paula version="1.0">

<header paula_id="sahidica.nt.1_John_4_norm"/>

<featList xmlns:xlink="http://www.w3.org/1999/xlink" type="norm" xml:base="sahidica.nt.1_John_4.normSeg.xml">
<feat xlink:href="#norm_1" value="ⲛⲁ"/><!-- ⲛⲁ -->
<feat xlink:href="#norm_2" value="ⲙⲉⲣⲁⲧⲉ"/><!-- ⲙⲉⲣⲁⲧⲉ -->
<feat xlink:href="#norm_3" value="ⲙⲡⲉⲣⲡⲓⲥⲧⲉⲩⲉ"/><!-- ⲙⲡⲉⲣⲡⲓⲥⲧⲉⲩⲉ -->
<feat xlink:href="#norm_4" value="ⲉ"/><!-- ⲉ -->
<feat xlink:href="#norm_5" value="ⲡⲛⲉⲩⲙⲁ"/><!-- ⲡⲛⲉⲩⲙⲁ -->
<feat xlink:href="#norm_6" value="ⲛⲓⲙ"/><!-- ⲛⲓⲙ -->
<feat xlink:href="#norm_7" value="ⲁⲗⲗⲁ"/><!-- ⲁⲗⲗⲁ -->
<feat xlink:href="#norm_8" value="ⲇⲟⲕⲓⲙⲁⲍⲉ"/><!-- ⲇⲟⲕⲓⲙⲁⲍⲉ -->
<feat xlink:href="#norm_9" value="ⲛ"/><!-- ⲛ -->
<feat xlink:href="#norm_10" value="ⲛⲉ"/><!-- ⲛⲉ -->
<feat xlink:href="#norm_11" value="ⲡⲛⲉⲩⲙⲁ"/><!-- ⲡⲛⲉⲩⲙⲁ -->
<feat xlink:href="#norm_12" value="ϫⲉ"/><!-- ϫⲉ -->
<feat xlink:href="#norm_13" value="ⲉⲛⲉ"/><!-- ⲉⲛⲉ -->
<feat xlink:href="#norm_14" value="ϩⲉⲛⲉⲃⲟⲗ"/><!-- ϩⲉⲛⲉⲃⲟⲗ -->
<feat xlink:href="#norm_15" value="ⲏⲛ"/><!-- ⲏⲛ -->
<feat xlink:href="#norm_16" value="ⲡ"/><!-- ⲡ -->
<feat xlink:href="#norm_17" value="ⲛⲟⲩⲧⲉ"/><!-- ⲛⲟⲩⲧⲉ -->
<feat xlink:href="#norm_18" value="ⲛⲉ"/><!-- ⲛⲉ -->
<feat xlink:href="#norm_19" value="ϫⲉ"/><!-- ϫⲉ -->
<feat xlink:href="#norm_20" value="ⲁϩⲁϩ"/><!-- ⲁϩⲁϩ -->
<feat xlink:href="#norm_21" value="ⲙ"/><!-- ⲙ -->
<feat xlink:href="#norm_22" value="ⲡⲣⲟⲫⲏⲧⲏⲥ"/><!-- ⲡⲣⲟⲫⲏⲧⲏⲥ -->
<feat xlink:href="#norm_23" value="ⲛⲛⲟⲩϫ"/><!-- ⲛⲛⲟⲩϫ -->
<feat xlink:href="#norm_24" value="ⲉ"/><!-- ⲉ -->
<feat xlink:href="#norm_25" value="ⲓ"/><!-- ⲓ -->
<feat xlink:href="#norm_26" value="ⲉⲃⲟⲗ"/><!-- ⲉⲃⲟⲗ -->
<feat xlink:href="#norm_27" value="ϩⲙ"/><!-- ϩⲙ -->
<feat xlink:href="#norm_28" value="ⲡ"/><!-- ⲡ -->
<feat xlink:href="#norm_29" value="ⲕⲟⲥⲙⲟⲥ"/><!-- ⲕⲟⲥⲙⲟⲥ -->
<feat xlink:href="#norm_30" value="ϩⲙ"/><!-- ϩⲙ -->
<feat xlink:href="#norm_31" value="ⲡⲁⲓ"/><!-- ⲡⲁⲓ -->
<feat xlink:href="#norm_32" value="ⲥ"/><!-- ⲥ -->
<feat xlink:href="#norm_33" value="ⲟⲩⲉⲛ"/><!-- ⲟⲩⲉⲛ -->
<feat xlink:href="#norm_34" value="ⲡⲉ"/><!-- ⲡⲉ -->
<feat xlink:href="#norm_35" value="ⲡⲛⲉⲩⲙⲁ"/><!-- ⲡⲛⲉⲩⲙⲁ -->
<feat xlink:href="#norm_36" value="ⲙ"/><!-- ⲙ -->
<feat xlink:href="#norm_37" value="ⲡ"/><!-- ⲡ -->
<feat xlink:href="#norm_38" value="ⲛⲟⲩⲧⲉ"/><!-- ⲛⲟⲩⲧⲉ -->
<feat xlink:href="#norm_39" value="ⲙⲛ"/><!-- ⲙⲛ -->
<feat xlink:href="#norm_40" value="ⲡⲉ"/><!-- ⲡⲉ -->
<feat xlink:href="#norm_41" value="ⲡⲛⲉⲩⲙⲁ"/><!-- ⲡⲛⲉⲩⲙⲁ -->
<feat xlink:href="#norm_42" value="ⲛ"/><!-- ⲛ -->
<feat xlink:href="#norm_43" value="ⲧⲉ"/><!-- ⲧⲉ -->
<feat xlink:href="#norm_44" value="ⲡⲗⲁⲛⲏ"/><!-- ⲡⲗⲁⲛⲏ -->
<feat xlink:href="#norm_45" value="ϫⲉ"/><!-- ϫⲉ -->
<feat xlink:href="#norm_46" value="ⲡⲛⲉⲩⲙⲁ"/><!-- ⲡⲛⲉⲩⲙⲁ -->
<feat xlink:href="#norm_47" value="ⲛⲓⲙ"/><!-- ⲛⲓⲙ -->
<feat xlink:href="#norm_48" value="ⲉⲧ"/><!-- ⲉⲧ -->
<feat xlink:href="#norm_49" value="ϩⲟⲙⲟⲗⲟⲅⲉⲓ"/><!-- ϩⲟⲙⲟⲗⲟⲅⲉⲓ -->
<feat xlink:href="#norm_50" value="ⲛⲓⲥ"/><!-- ⲛⲓⲥ -->
<feat xlink:href="#norm_51" value="ⲡⲉ"/><!-- ⲡⲉ -->
<feat xlink:href="#norm_52" value="ⲭⲣⲓⲥⲧⲟⲥ"/><!-- ⲭⲣⲓⲥⲧⲟⲥ -->
<feat xlink:href="#norm_53" value="ϫⲉ"/><!-- ϫⲉ -->
<feat xlink:href="#norm_54" value="ⲁ"/><!-- ⲁ -->
<feat xlink:href="#norm_55" value="ϥ"/><!-- ϥ -->
<feat xlink:href="#norm_56" value="ⲉⲓ"/><!-- ⲉⲓ -->
<feat xlink:href="#norm_57" value="ⲏⲛ"/><!-- ⲏⲛ -->
<feat xlink:href="#norm_58" value="ⲧ"/><!-- ⲧ -->
<feat xlink:href="#norm_59" value="ⲥⲁⲣⲝ"/><!-- ⲥⲁⲣⲝ -->
<feat xlink:href="#norm_60" value="ⲟⲩⲉⲃⲟⲗ"/><!-- ⲟⲩⲉⲃⲟⲗ -->
<feat xlink:href="#norm_61" value="ϩⲙ"/><!-- ϩⲙ -->
<feat xlink:href="#norm_62" value="ⲡ"/><!-- ⲡ -->
<feat xlink:href="#norm_63" value="ⲛⲟⲩⲧⲉ"/><!-- ⲛⲟⲩⲧⲉ -->
<feat xlink:href="#norm_64" value="ⲡⲉ"/><!-- ⲡⲉ -->
<feat xlink:href="#norm_65" value="ⲁⲩⲱ"/><!-- ⲁⲩⲱ -->
<feat xlink:href="#norm_66" value="ⲡⲛⲉⲩⲙⲁ"/><!-- ⲡⲛⲉⲩⲙⲁ -->
<feat xlink:href="#norm_67" value="ⲛⲓⲙ"/><!-- ⲛⲓⲙ -->
<feat xlink:href="#norm_68" value="ⲉⲧ"/><!-- ⲉⲧ -->
<feat xlink:href="#norm_69" value="ⲛ"/><!-- ⲛ -->
<feat xlink:href="#norm_70" value="ϥ"/><!-- ϥ -->
<feat xlink:href="#norm_71" value="ϩⲟⲙⲟⲗⲟⲅⲉⲓ"/><!-- ϩⲟⲙⲟⲗⲟⲅⲉⲓ -->
<feat xlink:href="#norm_72" value="ⲁⲛ"/><!-- ⲁⲛ -->
<feat xlink:href="#norm_73" value="ⲛⲓⲥ"/><!-- ⲛⲓⲥ -->
<feat xlink:href="#norm_74" value="ⲡⲉ"/><!-- ⲡⲉ -->
<feat xlink:href="#norm_75" value="ⲭⲣⲓⲥⲧⲟⲥ"/><!-- ⲭⲣⲓⲥⲧⲟⲥ -->
<feat xlink:href="#norm_76" value="ⲛⲟⲩⲉⲃⲟⲗ"/><!-- ⲛⲟⲩⲉⲃⲟⲗ -->
<feat xlink:href="#norm_77" value="ⲁⲛ"/><!-- ⲁⲛ -->
<feat xlink:href="#norm_78" value="ϩⲙ"/><!-- ϩⲙ -->
<feat xlink:href="#norm_79" value="ⲡ"/><!-- ⲡ -->
<feat xlink:href="#norm_80" value="ⲛⲟⲩⲧⲉ"/><!-- ⲛⲟⲩⲧⲉ -->
<feat xlink:href="#norm_81" value="ⲡⲉ"/><!-- ⲡⲉ -->
<feat xlink:href="#norm_82" value="ⲁⲩⲱ"/><!-- ⲁⲩⲱ -->
<feat xlink:href="#norm_83" value="ⲡⲁⲓ"/><!-- ⲡⲁⲓ -->
<feat xlink:href="#norm_84" value="ⲡⲉ"/><!-- ⲡⲉ -->
<feat xlink:href="#norm_85" value="ⲡⲁⲛⲧⲓⲭⲣⲓⲏⲥⲟⲩⲥⲧⲟⲥ"/><!-- ⲡⲁⲛⲧⲓⲭⲣⲓⲏⲥⲟⲩⲥⲧⲟⲥ -->
<feat xlink:href="#norm_86" value="ⲡⲉⲧⲁⲧⲉⲛⲥⲱⲧⲙ"/><!-- ⲡⲉⲧⲁⲧⲉⲛⲥⲱⲧⲙ -->
<feat xlink:href="#norm_87" value="ϫⲉ"/><!-- ϫⲉ -->
<feat xlink:href="#norm_88" value="ϥ"/><!-- ϥ -->
<feat xlink:href="#norm_89" value="ⲛⲏⲩ"/><!-- ⲛⲏⲩ -->
<feat xlink:href="#norm_90" value="ⲁⲩⲱ"/><!-- ⲁⲩⲱ -->
<feat xlink:href="#norm_91" value="ϫⲓⲛ"/><!-- ϫⲓⲛ -->
<feat xlink:href="#norm_92" value="ⲧⲉⲛⲟⲩ"/><!-- ⲧⲉⲛⲟⲩ -->
<feat xlink:href="#norm_93" value="ϥ"/><!-- ϥ -->
<feat xlink:href="#norm_94" value="ϣⲟⲟⲡ"/><!-- ϣⲟⲟⲡ -->
<feat xlink:href="#norm_95" value="ϩⲙ"/><!-- ϩⲙ -->
<feat xlink:href="#norm_96" value="ⲡ"/><!-- ⲡ -->
<feat xlink:href="#norm_97" value="ⲕⲟⲥⲙⲟⲥ"/><!-- ⲕⲟⲥⲙⲟⲥ -->
<feat xlink:href="#norm_98" value="ⲛⲧⲱⲧⲛ"/><!-- ⲛⲧⲱⲧⲛ -->
<feat xlink:href="#norm_99" value="ⲛⲧⲉⲧⲛ"/><!-- ⲛⲧⲉⲧⲛ -->
<feat xlink:href="#norm_100" value="ϩⲉⲛ"/><!-- ϩⲉⲛ -->
<feat xlink:href="#norm_101" value="ϫⲡⲟ"/><!-- ϫⲡⲟ -->
<feat xlink:href="#norm_102" value="ⲉⲃⲟⲗ"/><!-- ⲉⲃⲟⲗ -->
<feat xlink:href="#norm_103" value="ϩⲙ"/><!-- ϩⲙ -->
<feat xlink:href="#norm_104" value="ⲡ"/><!-- ⲡ -->
<feat xlink:href="#norm_105" value="ⲛⲟⲩⲧⲉ"/><!-- ⲛⲟⲩⲧⲉ -->
<feat xlink:href="#norm_106" value="ⲁⲩⲱ"/><!-- ⲁⲩⲱ -->
<feat xlink:href="#norm_107" value="ⲁ"/><!-- ⲁ -->
<feat xlink:href="#norm_108" value="ⲧⲉⲧⲛ"/><!-- ⲧⲉⲧⲛ -->
<feat xlink:href="#norm_109" value="ϫⲣⲟ"/><!-- ϫⲣⲟ -->
<feat xlink:href="#norm_110" value="ⲉⲣⲟ"/><!-- ⲉⲣⲟ -->
<feat xlink:href="#norm_111" value="ⲟⲩ"/><!-- ⲟⲩ -->
<feat xlink:href="#norm_112" value="ϫⲉ"/><!-- ϫⲉ -->
<feat xlink:href="#norm_113" value="ⲟⲩ"/><!-- ⲟⲩ -->
<feat xlink:href="#norm_114" value="ⲛⲟϭ"/><!-- ⲛⲟϭ -->
<feat xlink:href="#norm_115" value="ⲡⲉ"/><!-- ⲡⲉ -->
<feat xlink:href="#norm_116" value="ⲡⲉⲧⲉⲛϩⲏⲧ"/><!-- ⲡⲉⲧⲉⲛϩⲏⲧ -->
<feat xlink:href="#norm_117" value="ⲧⲏⲩⲧⲛ"/><!-- ⲧⲏⲩⲧⲛ -->
<feat xlink:href="#norm_118" value="ⲉϩⲟⲩⲉ"/><!-- ⲉϩⲟⲩⲉ -->
<feat xlink:href="#norm_119" value="ⲡⲉⲧϣϣⲟⲟⲡ"/><!-- ⲡⲉⲧϣϣⲟⲟⲡ -->
<feat xlink:href="#norm_120" value="ϩⲙ"/><!-- ϩⲙ -->
<feat xlink:href="#norm_121" value="ⲡ"/><!-- ⲡ -->
<feat xlink:href="#norm_122" value="ⲕⲟⲥⲙⲟⲥ"/><!-- ⲕⲟⲥⲙⲟⲥ -->
<feat xlink:href="#norm_123" value="."/><!-- . -->
<feat xlink:href="#norm_124" value="ⲛⲧⲟⲟⲩ"/><!-- ⲛⲧⲟⲟⲩ -->
<feat xlink:href="#norm_125" value="ⲛⲉ"/><!-- ⲛⲉ -->
<feat xlink:href="#norm_126" value="ϩⲉⲛⲉⲉⲃⲟⲗ"/><!-- ϩⲉⲛⲉⲉⲃⲟⲗ -->
<feat xlink:href="#norm_127" value="ϩⲙ"/><!-- ϩⲙ -->
<feat xlink:href="#norm_128" value="ⲡ"/><!-- ⲡ -->
<feat xlink:href="#norm_129" value="ⲕⲟⲥⲙⲟⲥ"/><!-- ⲕⲟⲥⲙⲟⲥ -->
<feat xlink:href="#norm_130" value="ⲛⲉ"/><!-- ⲛⲉ -->
<feat xlink:href="#norm_131" value="ⲉⲧⲃⲉ"/><!-- ⲉⲧⲃⲉ -->
<feat xlink:href="#norm_132" value="ⲡⲁⲓ"/><!-- ⲡⲁⲓ -->
<feat xlink:href="#norm_133" value="ⲉ"/><!-- ⲉ -->
<feat xlink:href="#norm_134" value="ⲩ"/><!-- ⲩ -->
<feat xlink:href="#norm_135" value="ϣⲁϫⲉ"/><!-- ϣⲁϫⲉ -->
<feat xlink:href="#norm_136" value="ⲉⲃⲟⲗ"/><!-- ⲉⲃⲟⲗ -->
<feat xlink:href="#norm_137" value="ϩⲙ"/><!-- ϩⲙ -->
<feat xlink:href="#norm_138" value="ⲡ"/><!-- ⲡ -->
<feat xlink:href="#norm_139" value="ⲕⲟⲥⲙⲟⲥ"/><!-- ⲕⲟⲥⲙⲟⲥ -->
<feat xlink:href="#norm_140" value="ⲁⲩⲱ"/><!-- ⲁⲩⲱ -->
<feat xlink:href="#norm_141" value="ⲡ"/><!-- ⲡ -->
<feat xlink:href="#norm_142" value="ⲕⲟⲥⲙⲟⲥ"/><!-- ⲕⲟⲥⲙⲟⲥ -->
<feat xlink:href="#norm_143" value="ⲥⲱⲧⲙ"/><!-- ⲥⲱⲧⲙ -->
<feat xlink:href="#norm_144" value="ⲉⲣⲟ"/><!-- ⲉⲣⲟ -->
<feat xlink:href="#norm_145" value="ⲟⲩ"/><!-- ⲟⲩ -->
<feat xlink:href="#norm_146" value="ⲁⲛⲟⲛ"/><!-- ⲁⲛⲟⲛ -->
<feat xlink:href="#norm_147" value="ⲇⲉ"/><!-- ⲇⲉ -->
<feat xlink:href="#norm_148" value="ⲁⲛⲟ"/><!-- ⲁⲛⲟ -->
<feat xlink:href="#norm_149" value="ϩⲉⲛⲉⲃⲟⲗ"/><!-- ϩⲉⲛⲉⲃⲟⲗ -->
<feat xlink:href="#norm_150" value="ϩⲙ"/><!-- ϩⲙ -->
<feat xlink:href="#norm_151" value="ⲡ"/><!-- ⲡ -->
<feat xlink:href="#norm_152" value="ⲛⲟⲩⲧⲉ"/><!-- ⲛⲟⲩⲧⲉ -->
<feat xlink:href="#norm_153" value="ⲡ"/><!-- ⲡ -->
<feat xlink:href="#norm_154" value="ⲉⲧ"/><!-- ⲉⲧ -->
<feat xlink:href="#norm_155" value="ⲥⲟⲟⲩⲛ"/><!-- ⲥⲟⲟⲩⲛ -->
<feat xlink:href="#norm_156" value="ⲉ"/><!-- ⲉ -->
<feat xlink:href="#norm_157" value="ⲡ"/><!-- ⲡ -->
<feat xlink:href="#norm_158" value="ⲛⲟⲩⲧⲉ"/><!-- ⲛⲟⲩⲧⲉ -->
<feat xlink:href="#norm_159" value="ϥ"/><!-- ϥ -->
<feat xlink:href="#norm_160" value="ⲥⲱⲧⲙ"/><!-- ⲥⲱⲧⲙ -->
<feat xlink:href="#norm_161" value="ⲉⲣⲟ"/><!-- ⲉⲣⲟ -->
<feat xlink:href="#norm_162" value="ⲛ"/><!-- ⲛ -->
<feat xlink:href="#norm_163" value="ⲡⲉⲧⲉ"/><!-- ⲡⲉⲧⲉ -->
<feat xlink:href="#norm_164" value="ⲛ"/><!-- ⲛ -->
<feat xlink:href="#norm_165" value="ⲛ"/><!-- ⲛ -->
<feat xlink:href="#norm_166" value="ⲟⲩⲉ"/><!-- ⲟⲩⲉ -->
<feat xlink:href="#norm_167" value="ⲃⲟⲗ"/><!-- ⲃⲟⲗ -->
<feat xlink:href="#norm_168" value="ⲁⲛ"/><!-- ⲁⲛ -->
<feat xlink:href="#norm_169" value="ϩⲙ"/><!-- ϩⲙ -->
<feat xlink:href="#norm_170" value="ⲡ"/><!-- ⲡ -->
<feat xlink:href="#norm_171" value="ⲛⲟⲩⲧⲉ"/><!-- ⲛⲟⲩⲧⲉ -->
<feat xlink:href="#norm_172" value="ⲡⲉ"/><!-- ⲡⲉ -->
<feat xlink:href="#norm_173" value="ⲛ"/><!-- ⲛ -->
<feat xlink:href="#norm_174" value="ϥ"/><!-- ϥ -->
<feat xlink:href="#norm_175" value="ⲥⲱⲧⲙ"/><!-- ⲥⲱⲧⲙ -->
<feat xlink:href="#norm_176" value="ⲁⲛ"/><!-- ⲁⲛ -->
<feat xlink:href="#norm_177" value="ⲉⲣⲟ"/><!-- ⲉⲣⲟ -->
<feat xlink:href="#norm_178" value="ⲛ"/><!-- ⲛ -->
<feat xlink:href="#norm_179" value="ϩⲙ"/><!-- ϩⲙ -->
<feat xlink:href="#norm_180" value="ⲡⲁⲓ"/><!-- ⲡⲁⲓ -->
<feat xlink:href="#norm_181" value="ⲧⲉⲛⲉⲓⲙⲉ"/><!-- ⲧⲉⲛⲉⲓⲙⲉ -->
<feat xlink:href="#norm_182" value="ⲉ"/><!-- ⲉ -->
<feat xlink:href="#norm_183" value="ⲡⲉ"/><!-- ⲡⲉ -->
<feat xlink:href="#norm_184" value="ⲡⲛⲉⲩⲙⲁ"/><!-- ⲡⲛⲉⲩⲙⲁ -->
<feat xlink:href="#norm_185" value="ⲛ"/><!-- ⲛ -->
<feat xlink:href="#norm_186" value="ⲧ"/><!-- ⲧ -->
<feat xlink:href="#norm_187" value="ⲙⲉ"/><!-- ⲙⲉ -->
<feat xlink:href="#norm_188" value="ⲙⲛ"/><!-- ⲙⲛ -->
<feat xlink:href="#norm_189" value="ⲡⲉ"/><!-- ⲡⲉ -->
<feat xlink:href="#norm_190" value="ⲡⲛⲉⲩⲙⲁ"/><!-- ⲡⲛⲉⲩⲙⲁ -->
<feat xlink:href="#norm_191" value="ⲛ"/><!-- ⲛ -->
<feat xlink:href="#norm_192" value="ⲧⲉ"/><!-- ⲧⲉ -->
<feat xlink:href="#norm_193" value="ⲡⲗⲁⲛⲏ"/><!-- ⲡⲗⲁⲛⲏ -->
<feat xlink:href="#norm_194" value="ⲛⲁ"/><!-- ⲛⲁ -->
<feat xlink:href="#norm_195" value="ⲙⲉⲣⲁⲧⲉ"/><!-- ⲙⲉⲣⲁⲧⲉ -->
<feat xlink:href="#norm_196" value="ⲙⲁⲣⲉ"/><!-- ⲙⲁⲣⲉ -->
<feat xlink:href="#norm_197" value="ⲛ"/><!-- ⲛ -->
<feat xlink:href="#norm_198" value="ⲙⲉⲣ"/><!-- ⲙⲉⲣ -->
<feat xlink:href="#norm_199" value="ⲓ"/><!-- ⲓ -->
<feat xlink:href="#norm_200" value="ⲛ"/><!-- ⲛ -->
<feat xlink:href="#norm_201" value="ⲛⲉⲛ"/><!-- ⲛⲉⲛ -->
<feat xlink:href="#norm_202" value="ⲉⲣⲏⲩ"/><!-- ⲉⲣⲏⲩ -->
<feat xlink:href="#norm_203" value="ϫⲉ"/><!-- ϫⲉ -->
<feat xlink:href="#norm_204" value="ⲧ"/><!-- ⲧ -->
<feat xlink:href="#norm_205" value="ⲁⲅⲁⲡⲏ"/><!-- ⲁⲅⲁⲡⲏ -->
<feat xlink:href="#norm_206" value="ⲟⲩⲉⲃⲟⲗ"/><!-- ⲟⲩⲉⲃⲟⲗ -->
<feat xlink:href="#norm_207" value="ϩⲙ"/><!-- ϩⲙ -->
<feat xlink:href="#norm_208" value="ⲡ"/><!-- ⲡ -->
<feat xlink:href="#norm_209" value="ⲛⲟⲩⲧⲉ"/><!-- ⲛⲟⲩⲧⲉ -->
<feat xlink:href="#norm_210" value="ⲧⲉ"/><!-- ⲧⲉ -->
<feat xlink:href="#norm_211" value="ⲁⲩⲱ"/><!-- ⲁⲩⲱ -->
<feat xlink:href="#norm_212" value="ⲟⲩⲟⲛ"/><!-- ⲟⲩⲟⲛ -->
<feat xlink:href="#norm_213" value="ⲛⲓⲙ"/><!-- ⲛⲓⲙ -->
<feat xlink:href="#norm_214" value="ⲛⲧⲁⲅⲁⲡⲁ"/><!-- ⲛⲧⲁⲅⲁⲡⲁ -->
<feat xlink:href="#norm_215" value="ⲛⲛⲧⲁⲩϫⲡⲟϥ"/><!-- ⲛⲛⲧⲁⲩϫⲡⲟϥ -->
<feat xlink:href="#norm_216" value="ⲉⲃⲟⲗ"/><!-- ⲉⲃⲟⲗ -->
<feat xlink:href="#norm_217" value="ϩⲙ"/><!-- ϩⲙ -->
<feat xlink:href="#norm_218" value="ⲡ"/><!-- ⲡ -->
<feat xlink:href="#norm_219" value="ⲛⲟⲩⲧⲉ"/><!-- ⲛⲟⲩⲧⲉ -->
<feat xlink:href="#norm_220" value="ⲁⲩⲱ"/><!-- ⲁⲩⲱ -->
<feat xlink:href="#norm_221" value="ϥ"/><!-- ϥ -->
<feat xlink:href="#norm_222" value="ⲥⲟⲟⲩⲛ"/><!-- ⲥⲟⲟⲩⲛ -->
<feat xlink:href="#norm_223" value="ⲉ"/><!-- ⲉ -->
<feat xlink:href="#norm_224" value="ⲡ"/><!-- ⲡ -->
<feat xlink:href="#norm_225" value="ⲛⲟⲩⲧⲉ"/><!-- ⲛⲟⲩⲧⲉ -->
<feat xlink:href="#norm_226" value="ⲡⲉⲧⲉ"/><!-- ⲡⲉⲧⲉ -->
<feat xlink:href="#norm_227" value="ⲛ"/><!-- ⲛ -->
<feat xlink:href="#norm_228" value="ϥ"/><!-- ϥ -->
<feat xlink:href="#norm_229" value="ⲙⲉ"/><!-- ⲙⲉ -->
<feat xlink:href="#norm_230" value="ⲁⲛ"/><!-- ⲁⲛ -->
<feat xlink:href="#norm_231" value="ⲛ"/><!-- ⲛ -->
<feat xlink:href="#norm_232" value="ϥ"/><!-- ϥ -->
<feat xlink:href="#norm_233" value="ⲥⲟⲟⲩⲛ"/><!-- ⲥⲟⲟⲩⲛ -->
<feat xlink:href="#norm_234" value="ⲁⲛ"/><!-- ⲁⲛ -->
<feat xlink:href="#norm_235" value="ⲙ"/><!-- ⲙ -->
<feat xlink:href="#norm_236" value="ⲡ"/><!-- ⲡ -->
<feat xlink:href="#norm_237" value="ⲛⲟⲩⲧⲉ"/><!-- ⲛⲟⲩⲧⲉ -->
<feat xlink:href="#norm_238" value="ϫⲉ"/><!-- ϫⲉ -->
<feat xlink:href="#norm_239" value="ⲡ"/><!-- ⲡ -->
<feat xlink:href="#norm_240" value="ⲛⲟⲩⲧⲉ"/><!-- ⲛⲟⲩⲧⲉ -->
<feat xlink:href="#norm_241" value="ⲡⲉ"/><!-- ⲡⲉ -->
<feat xlink:href="#norm_242" value="ⲧ"/><!-- ⲧ -->
<feat xlink:href="#norm_243" value="ⲁⲅⲁⲡⲏ"/><!-- ⲁⲅⲁⲡⲏ -->
<feat xlink:href="#norm_244" value="ϩⲙ"/><!-- ϩⲙ -->
<feat xlink:href="#norm_245" value="ⲡⲁⲓ"/><!-- ⲡⲁⲓ -->
<feat xlink:href="#norm_246" value="ⲁ"/><!-- ⲁ -->
<feat xlink:href="#norm_247" value="ⲥ"/><!-- ⲥ -->
<feat xlink:href="#norm_248" value="ⲟⲩⲱⲛϩ"/><!-- ⲟⲩⲱⲛϩ -->
<feat xlink:href="#norm_249" value="ⲉⲃⲟⲗ"/><!-- ⲉⲃⲟⲗ -->
<feat xlink:href="#norm_250" value="ⲛϩⲏⲧ"/><!-- ⲛϩⲏⲧ -->
<feat xlink:href="#norm_251" value="ⲛ"/><!-- ⲛ -->
<feat xlink:href="#norm_252" value="ⲛϭⲓ"/><!-- ⲛϭⲓ -->
<feat xlink:href="#norm_253" value="ⲧ"/><!-- ⲧ -->
<feat xlink:href="#norm_254" value="ⲁⲅⲁⲡⲏ"/><!-- ⲁⲅⲁⲡⲏ -->
<feat xlink:href="#norm_255" value="ⲙ"/><!-- ⲙ -->
<feat xlink:href="#norm_256" value="ⲡ"/><!-- ⲡ -->
<feat xlink:href="#norm_257" value="ⲛⲟⲩⲧⲉ"/><!-- ⲛⲟⲩⲧⲉ -->
<feat xlink:href="#norm_258" value="ϫⲉ"/><!-- ϫⲉ -->
<feat xlink:href="#norm_259" value="ⲡ"/><!-- ⲡ -->
<feat xlink:href="#norm_260" value="ⲛⲟⲩⲧⲉ"/><!-- ⲛⲟⲩⲧⲉ -->
<feat xlink:href="#norm_261" value="ⲁ"/><!-- ⲁ -->
<feat xlink:href="#norm_262" value="ϥ"/><!-- ϥ -->
<feat xlink:href="#norm_263" value="ⲧⲛⲛⲟⲟⲩ"/><!-- ⲧⲛⲛⲟⲟⲩ -->
<feat xlink:href="#norm_264" value="ⲙ"/><!-- ⲙ -->
<feat xlink:href="#norm_265" value="ⲡⲉϥ"/><!-- ⲡⲉϥ -->
<feat xlink:href="#norm_266" value="ϣⲏⲣⲉ"/><!-- ϣⲏⲣⲉ -->
<feat xlink:href="#norm_267" value="ⲛ"/><!-- ⲛ -->
<feat xlink:href="#norm_268" value="ⲛ"/><!-- ⲛ -->
<feat xlink:href="#norm_269" value="ⲟⲩⲱⲧ"/><!-- ⲟⲩⲱⲧ -->
<feat xlink:href="#norm_270" value="ⲉϩⲣⲁⲓ"/><!-- ⲉϩⲣⲁⲓ -->
<feat xlink:href="#norm_271" value="ⲉ"/><!-- ⲉ -->
<feat xlink:href="#norm_272" value="ⲡ"/><!-- ⲡ -->
<feat xlink:href="#norm_273" value="ⲕⲟⲥⲙⲟⲥ"/><!-- ⲕⲟⲥⲙⲟⲥ -->
<feat xlink:href="#norm_274" value="ϫⲉⲕⲁⲁⲥ"/><!-- ϫⲉⲕⲁⲁⲥ -->
<feat xlink:href="#norm_275" value="ⲉⲛⲉ"/><!-- ⲉⲛⲉ -->
<feat xlink:href="#norm_276" value="ⲱⲛϩ"/><!-- ⲱⲛϩ -->
<feat xlink:href="#norm_277" value="ⲉⲃⲟⲗ"/><!-- ⲉⲃⲟⲗ -->
<feat xlink:href="#norm_278" value="ϩⲓⲧⲟⲟⲧ"/><!-- ϩⲓⲧⲟⲟⲧ -->
<feat xlink:href="#norm_279" value="ϥ"/><!-- ϥ -->
<feat xlink:href="#norm_280" value="ⲉⲣⲉ"/><!-- ⲉⲣⲉ -->
<feat xlink:href="#norm_281" value="ⲧ"/><!-- ⲧ -->
<feat xlink:href="#norm_282" value="ⲁⲅⲁⲡⲏ"/><!-- ⲁⲅⲁⲡⲏ -->
<feat xlink:href="#norm_283" value="ⲙ"/><!-- ⲙ -->
<feat xlink:href="#norm_284" value="ⲡ"/><!-- ⲡ -->
<feat xlink:href="#norm_285" value="ⲛⲟⲩⲧⲉ"/><!-- ⲛⲟⲩⲧⲉ -->
<feat xlink:href="#norm_286" value="ϣⲟⲟⲡ"/><!-- ϣⲟⲟⲡ -->
<feat xlink:href="#norm_287" value="ϩⲙ"/><!-- ϩⲙ -->
<feat xlink:href="#norm_288" value="ⲡⲁⲓ"/><!-- ⲡⲁⲓ -->
<feat xlink:href="#norm_289" value="ϫⲉ"/><!-- ϫⲉ -->
<feat xlink:href="#norm_290" value="ⲁⲛⲟⲛ"/><!-- ⲁⲛⲟⲛ -->
<feat xlink:href="#norm_291" value="ⲁⲛ"/><!-- ⲁⲛ -->
<feat xlink:href="#norm_292" value="ⲡ"/><!-- ⲡ -->
<feat xlink:href="#norm_293" value="ⲉⲛⲧ"/><!-- ⲉⲛⲧ -->
<feat xlink:href="#norm_294" value="ⲁ"/><!-- ⲁ -->
<feat xlink:href="#norm_295" value="ⲛ"/><!-- ⲛ -->
<feat xlink:href="#norm_296" value="ⲙⲉⲣ"/><!-- ⲙⲉⲣ -->
<feat xlink:href="#norm_297" value="ⲓ"/><!-- ⲓ -->
<feat xlink:href="#norm_298" value="ⲡ"/><!-- ⲡ -->
<feat xlink:href="#norm_299" value="ⲛⲟⲩⲧⲉ"/><!-- ⲛⲟⲩⲧⲉ -->
<feat xlink:href="#norm_300" value="ⲁⲗⲗⲁ"/><!-- ⲁⲗⲗⲁ -->
<feat xlink:href="#norm_301" value="ⲛⲧⲟϥ"/><!-- ⲛⲧⲟϥ -->
<feat xlink:href="#norm_302" value="ⲡⲉⲛⲧⲁϥⲙⲉⲣⲓⲧⲛ"/><!-- ⲡⲉⲛⲧⲁϥⲙⲉⲣⲓⲧⲛ -->
<feat xlink:href="#norm_303" value="ⲁⲩⲱ"/><!-- ⲁⲩⲱ -->
<feat xlink:href="#norm_304" value="ⲁ"/><!-- ⲁ -->
<feat xlink:href="#norm_305" value="ϥ"/><!-- ϥ -->
<feat xlink:href="#norm_306" value="ⲧⲛⲛⲟⲟⲩ"/><!-- ⲧⲛⲛⲟⲟⲩ -->
<feat xlink:href="#norm_307" value="ⲙ"/><!-- ⲙ -->
<feat xlink:href="#norm_308" value="ⲡⲉϥ"/><!-- ⲡⲉϥ -->
<feat xlink:href="#norm_309" value="ϣⲏⲣⲉ"/><!-- ϣⲏⲣⲉ -->
<feat xlink:href="#norm_310" value="ⲛⲕⲱ"/><!-- ⲛⲕⲱ -->
<feat xlink:href="#norm_311" value="ⲉⲃⲟⲗ"/><!-- ⲉⲃⲟⲗ -->
<feat xlink:href="#norm_312" value="ⲛⲉⲛ"/><!-- ⲛⲉⲛ -->
<feat xlink:href="#norm_313" value="ⲛⲟⲃⲉ"/><!-- ⲛⲟⲃⲉ -->
<feat xlink:href="#norm_314" value="ⲛⲁ"/><!-- ⲛⲁ -->
<feat xlink:href="#norm_315" value="ⲙⲉⲣⲁⲧⲉ"/><!-- ⲙⲉⲣⲁⲧⲉ -->
<feat xlink:href="#norm_316" value="ⲉϣϫⲉ"/><!-- ⲉϣϫⲉ -->
<feat xlink:href="#norm_317" value="ⲁⲡⲛⲟⲩⲧⲉ"/><!-- ⲁⲡⲛⲟⲩⲧⲉ -->
<feat xlink:href="#norm_318" value="ⲙⲉⲣⲓⲧⲛ"/><!-- ⲙⲉⲣⲓⲧⲛ -->
<feat xlink:href="#norm_319" value="ⲛ"/><!-- ⲛ -->
<feat xlink:href="#norm_320" value="ⲧⲉⲓ"/><!-- ⲧⲉⲓ -->
<feat xlink:href="#norm_321" value="ϩⲉ"/><!-- ϩⲉ -->
<feat xlink:href="#norm_322" value="ⲁⲛⲟⲛ"/><!-- ⲁⲛⲟⲛ -->
<feat xlink:href="#norm_323" value="ϩⲱⲱ"/><!-- ϩⲱⲱ -->
<feat xlink:href="#norm_324" value="ⲛ"/><!-- ⲛ -->
<feat xlink:href="#norm_325" value="ϣϣⲉ"/><!-- ϣϣⲉ -->
<feat xlink:href="#norm_326" value="ⲉⲣⲟ"/><!-- ⲉⲣⲟ -->
<feat xlink:href="#norm_327" value="ⲛ"/><!-- ⲛ -->
<feat xlink:href="#norm_328" value="ⲉ"/><!-- ⲉ -->
<feat xlink:href="#norm_329" value="ⲙⲉⲣ"/><!-- ⲙⲉⲣ -->
<feat xlink:href="#norm_330" value="ⲓ"/><!-- ⲓ -->
<feat xlink:href="#norm_331" value="ⲛ"/><!-- ⲛ -->
<feat xlink:href="#norm_332" value="ⲛⲉⲛ"/><!-- ⲛⲉⲛ -->
<feat xlink:href="#norm_333" value="ⲉⲣⲏⲩ"/><!-- ⲉⲣⲏⲩ -->
<feat xlink:href="#norm_334" value="ⲡ"/><!-- ⲡ -->
<feat xlink:href="#norm_335" value="ⲛⲟⲩⲧⲉ"/><!-- ⲛⲟⲩⲧⲉ -->
<feat xlink:href="#norm_336" value="ⲙⲡⲉⲗⲁⲁⲩ"/><!-- ⲙⲡⲉⲗⲁⲁⲩ -->
<feat xlink:href="#norm_337" value="ⲛⲁ"/><!-- ⲛⲁ -->
<feat xlink:href="#norm_338" value="ⲩ"/><!-- ⲩ -->
<feat xlink:href="#norm_339" value="ⲉⲣⲟ"/><!-- ⲉⲣⲟ -->
<feat xlink:href="#norm_340" value="ϥ"/><!-- ϥ -->
<feat xlink:href="#norm_341" value="ⲉⲛⲉϩ"/><!-- ⲉⲛⲉϩ -->
<feat xlink:href="#norm_342" value="ⲉϣⲱⲡⲉ"/><!-- ⲉϣⲱⲡⲉ -->
<feat xlink:href="#norm_343" value="ⲇⲉ"/><!-- ⲇⲉ -->
<feat xlink:href="#norm_344" value="ⲉⲛϣⲁⲛ"/><!-- ⲉⲛϣⲁⲛ -->
<feat xlink:href="#norm_345" value="ⲙⲉ"/><!-- ⲙⲉ -->
<feat xlink:href="#norm_346" value="ⲣⲓ"/><!-- ⲣⲓ -->
<feat xlink:href="#norm_347" value="ⲛ"/><!-- ⲛ -->
<feat xlink:href="#norm_348" value="ⲛⲉⲛ"/><!-- ⲛⲉⲛ -->
<feat xlink:href="#norm_349" value="ⲉⲣⲏⲩ"/><!-- ⲉⲣⲏⲩ -->
<feat xlink:href="#norm_350" value="ⲉ"/><!-- ⲉ -->
<feat xlink:href="#norm_351" value="ⲓ"/><!-- ⲓ -->
<feat xlink:href="#norm_352" value="ⲡ"/><!-- ⲡ -->
<feat xlink:href="#norm_353" value="ⲛⲟⲩⲧⲉ"/><!-- ⲛⲟⲩⲧⲉ -->
<feat xlink:href="#norm_354" value="ϣⲟⲟⲡ"/><!-- ϣⲟⲟⲡ -->
<feat xlink:href="#norm_355" value="ϩⲣⲁⲓ"/><!-- ϩⲣⲁⲓ -->
<feat xlink:href="#norm_356" value="ⲛϩⲏⲧ"/><!-- ⲛϩⲏⲧ -->
<feat xlink:href="#norm_357" value="ⲛ"/><!-- ⲛ -->
<feat xlink:href="#norm_358" value="ⲁⲩⲱ"/><!-- ⲁⲩⲱ -->
<feat xlink:href="#norm_359" value="ⲧⲉϥ"/><!-- ⲧⲉϥ -->
<feat xlink:href="#norm_360" value="ⲁⲅⲁⲡⲏ"/><!-- ⲁⲅⲁⲡⲏ -->
<feat xlink:href="#norm_361" value="ϫⲏⲕ"/><!-- ϫⲏⲕ -->
<feat xlink:href="#norm_362" value="ⲉⲃⲟⲗ"/><!-- ⲉⲃⲟⲗ -->
<feat xlink:href="#norm_363" value="ϩⲣⲁⲓ"/><!-- ϩⲣⲁⲓ -->
<feat xlink:href="#norm_364" value="ⲛϩⲏⲧ"/><!-- ⲛϩⲏⲧ -->
<feat xlink:href="#norm_365" value="ⲛ"/><!-- ⲛ -->
<feat xlink:href="#norm_366" value="ϩⲙ"/><!-- ϩⲙ -->
<feat xlink:href="#norm_367" value="ⲡⲁⲓ"/><!-- ⲡⲁⲓ -->
<feat xlink:href="#norm_368" value="ⲧⲉⲛⲉⲓⲙⲉ"/><!-- ⲧⲉⲛⲉⲓⲙⲉ -->
<feat xlink:href="#norm_369" value="ϫⲉ"/><!-- ϫⲉ -->
<feat xlink:href="#norm_370" value="ⲧⲉⲛϣⲟⲟⲡ"/><!-- ⲧⲉⲛϣⲟⲟⲡ -->
<feat xlink:href="#norm_371" value="ⲉϩⲣⲁⲓ"/><!-- ⲉϩⲣⲁⲓ -->
<feat xlink:href="#norm_372" value="ⲛϩⲏⲧ"/><!-- ⲛϩⲏⲧ -->
<feat xlink:href="#norm_373" value="ϥ"/><!-- ϥ -->
<feat xlink:href="#norm_374" value="ⲁⲩⲱ"/><!-- ⲁⲩⲱ -->
<feat xlink:href="#norm_375" value="ⲛⲧⲟϥ"/><!-- ⲛⲧⲟϥ -->
<feat xlink:href="#norm_376" value="ϥ"/><!-- ϥ -->
<feat xlink:href="#norm_377" value="ϣⲟⲟⲡ"/><!-- ϣⲟⲟⲡ -->
<feat xlink:href="#norm_378" value="ϩⲣⲁⲓ"/><!-- ϩⲣⲁⲓ -->
<feat xlink:href="#norm_379" value="ⲛϩⲏⲧ"/><!-- ⲛϩⲏⲧ -->
<feat xlink:href="#norm_380" value="ⲛ"/><!-- ⲛ -->
<feat xlink:href="#norm_381" value="ϫⲉ"/><!-- ϫⲉ -->
<feat xlink:href="#norm_382" value="ⲁ"/><!-- ⲁ -->
<feat xlink:href="#norm_383" value="ϥ"/><!-- ϥ -->
<feat xlink:href="#norm_384" value="ϯ"/><!-- ϯ -->
<feat xlink:href="#norm_385" value="ⲛⲁ"/><!-- ⲛⲁ -->
<feat xlink:href="#norm_386" value="ⲛ"/><!-- ⲛ -->
<feat xlink:href="#norm_387" value="ⲉⲃⲟⲗ"/><!-- ⲉⲃⲟⲗ -->
<feat xlink:href="#norm_388" value="ϩⲙ"/><!-- ϩⲙ -->
<feat xlink:href="#norm_389" value="ⲡⲉϥ"/><!-- ⲡⲉϥ -->
<feat xlink:href="#norm_390" value="ⲡⲛⲉⲩⲙⲁ"/><!-- ⲡⲛⲉⲩⲙⲁ -->
<feat xlink:href="#norm_391" value="ⲁⲩⲱ"/><!-- ⲁⲩⲱ -->
<feat xlink:href="#norm_392" value="ⲁⲛⲟⲛ"/><!-- ⲁⲛⲟⲛ -->
<feat xlink:href="#norm_393" value="ⲁ"/><!-- ⲁ -->
<feat xlink:href="#norm_394" value="ⲛ"/><!-- ⲛ -->
<feat xlink:href="#norm_395" value="ⲛⲁⲩ"/><!-- ⲛⲁⲩ -->
<feat xlink:href="#norm_396" value="ⲁⲩⲱ"/><!-- ⲁⲩⲱ -->
<feat xlink:href="#norm_397" value="ⲁ"/><!-- ⲁ -->
<feat xlink:href="#norm_398" value="ⲛ"/><!-- ⲛ -->
<feat xlink:href="#norm_399" value="ⲣ"/><!-- ⲣ -->
<feat xlink:href="#norm_400" value="ⲙⲛⲧⲣⲉ"/><!-- ⲙⲛⲧⲣⲉ -->
<feat xlink:href="#norm_401" value="ϫⲉ"/><!-- ϫⲉ -->
<feat xlink:href="#norm_402" value="ⲁⲡⲉⲓⲱⲧ"/><!-- ⲁⲡⲉⲓⲱⲧ -->
<feat xlink:href="#norm_403" value="ⲧⲛⲛⲟⲟⲩ"/><!-- ⲧⲛⲛⲟⲟⲩ -->
<feat xlink:href="#norm_404" value="ⲙ"/><!-- ⲙ -->
<feat xlink:href="#norm_405" value="ⲡⲉϥ"/><!-- ⲡⲉϥ -->
<feat xlink:href="#norm_406" value="ϣⲏⲣⲉ"/><!-- ϣⲏⲣⲉ -->
<feat xlink:href="#norm_407" value="ⲛⲭⲱⲧⲏⲣ"/><!-- ⲛⲭⲱⲧⲏⲣ -->
<feat xlink:href="#norm_408" value="ⲙ"/><!-- ⲙ -->
<feat xlink:href="#norm_409" value="ⲡ"/><!-- ⲡ -->
<feat xlink:href="#norm_410" value="ⲕⲟⲥⲙⲟⲥ"/><!-- ⲕⲟⲥⲙⲟⲥ -->
<feat xlink:href="#norm_411" value="."/><!-- . -->
<feat xlink:href="#norm_412" value="ⲡⲉⲧⲛⲁϩⲩⲙⲟⲗⲟⲅⲉⲓ"/><!-- ⲡⲉⲧⲛⲁϩⲩⲙⲟⲗⲟⲅⲉⲓ -->
<feat xlink:href="#norm_413" value="ϫⲉ"/><!-- ϫⲉ -->
<feat xlink:href="#norm_414" value="ⲓⲏⲥⲟⲩⲥ"/><!-- ⲓⲏⲥⲟⲩⲥ -->
<feat xlink:href="#norm_415" value="ⲡⲉ"/><!-- ⲡⲉ -->
<feat xlink:href="#norm_416" value="ⲡ"/><!-- ⲡ -->
<feat xlink:href="#norm_417" value="ϣⲏⲣⲉ"/><!-- ϣⲏⲣⲉ -->
<feat xlink:href="#norm_418" value="ⲙ"/><!-- ⲙ -->
<feat xlink:href="#norm_419" value="ⲡ"/><!-- ⲡ -->
<feat xlink:href="#norm_420" value="ⲛⲟⲩⲧⲉ"/><!-- ⲛⲟⲩⲧⲉ -->
<feat xlink:href="#norm_421" value="ⲡ"/><!-- ⲡ -->
<feat xlink:href="#norm_422" value="ⲛⲟⲩⲧⲉ"/><!-- ⲛⲟⲩⲧⲉ -->
<feat xlink:href="#norm_423" value="ϣⲟⲟⲡ"/><!-- ϣⲟⲟⲡ -->
<feat xlink:href="#norm_424" value="ϩⲣⲁⲓ"/><!-- ϩⲣⲁⲓ -->
<feat xlink:href="#norm_425" value="ⲛϩⲏⲧ"/><!-- ⲛϩⲏⲧ -->
<feat xlink:href="#norm_426" value="ϥ"/><!-- ϥ -->
<feat xlink:href="#norm_427" value="ⲁⲩⲱ"/><!-- ⲁⲩⲱ -->
<feat xlink:href="#norm_428" value="ⲛⲧⲟϥ"/><!-- ⲛⲧⲟϥ -->
<feat xlink:href="#norm_429" value="ϥ"/><!-- ϥ -->
<feat xlink:href="#norm_430" value="ϣⲟⲟⲡ"/><!-- ϣⲟⲟⲡ -->
<feat xlink:href="#norm_431" value="ϩⲣⲁⲓ"/><!-- ϩⲣⲁⲓ -->
<feat xlink:href="#norm_432" value="ϩⲙ"/><!-- ϩⲙ -->
<feat xlink:href="#norm_433" value="ⲡ"/><!-- ⲡ -->
<feat xlink:href="#norm_434" value="ⲛⲟⲩⲧⲉ"/><!-- ⲛⲟⲩⲧⲉ -->
<feat xlink:href="#norm_435" value="ⲁⲩⲱ"/><!-- ⲁⲩⲱ -->
<feat xlink:href="#norm_436" value="ⲁⲛⲟⲛ"/><!-- ⲁⲛⲟⲛ -->
<feat xlink:href="#norm_437" value="ⲁ"/><!-- ⲁ -->
<feat xlink:href="#norm_438" value="ⲛ"/><!-- ⲛ -->
<feat xlink:href="#norm_439" value="ⲉⲓⲙⲉ"/><!-- ⲉⲓⲙⲉ -->
<feat xlink:href="#norm_440" value="ⲁⲩⲱ"/><!-- ⲁⲩⲱ -->
<feat xlink:href="#norm_441" value="ⲁ"/><!-- ⲁ -->
<feat xlink:href="#norm_442" value="ⲛ"/><!-- ⲛ -->
<feat xlink:href="#norm_443" value="ⲡⲓⲥⲧⲉⲩⲉ"/><!-- ⲡⲓⲥⲧⲉⲩⲉ -->
<feat xlink:href="#norm_444" value="ⲉ"/><!-- ⲉ -->
<feat xlink:href="#norm_445" value="ⲧ"/><!-- ⲧ -->
<feat xlink:href="#norm_446" value="ⲁⲅⲁⲡⲏ"/><!-- ⲁⲅⲁⲡⲏ -->
<feat xlink:href="#norm_447" value="ⲉⲧⲉ"/><!-- ⲉⲧⲉ -->
<feat xlink:href="#norm_448" value="ⲟⲩⲛⲧⲁ"/><!-- ⲟⲩⲛⲧⲁ -->
<feat xlink:href="#norm_449" value="ⲥ"/><!-- ⲥ -->
<feat xlink:href="#norm_450" value="ⲡ"/><!-- ⲡ -->
<feat xlink:href="#norm_451" value="ⲛⲟⲩⲧⲉ"/><!-- ⲛⲟⲩⲧⲉ -->
<feat xlink:href="#norm_452" value="ⲛϩⲏⲧ"/><!-- ⲛϩⲏⲧ -->
<feat xlink:href="#norm_453" value="ⲛ"/><!-- ⲛ -->
<feat xlink:href="#norm_454" value="ⲡ"/><!-- ⲡ -->
<feat xlink:href="#norm_455" value="ⲛⲟⲩⲧⲉ"/><!-- ⲛⲟⲩⲧⲉ -->
<feat xlink:href="#norm_456" value="ⲡⲉ"/><!-- ⲡⲉ -->
<feat xlink:href="#norm_457" value="ⲧ"/><!-- ⲧ -->
<feat xlink:href="#norm_458" value="ⲁⲅⲁⲡⲏ"/><!-- ⲁⲅⲁⲡⲏ -->
<feat xlink:href="#norm_459" value="ⲁⲩⲱ"/><!-- ⲁⲩⲱ -->
<feat xlink:href="#norm_460" value="ⲡ"/><!-- ⲡ -->
<feat xlink:href="#norm_461" value="ⲉⲧ"/><!-- ⲉⲧ -->
<feat xlink:href="#norm_462" value="ϣⲟⲟⲡ"/><!-- ϣⲟⲟⲡ -->
<feat xlink:href="#norm_463" value="ⲏⲛ"/><!-- ⲏⲛ -->
<feat xlink:href="#norm_464" value="ⲧ"/><!-- ⲧ -->
<feat xlink:href="#norm_465" value="ⲁⲅⲁⲡⲏ"/><!-- ⲁⲅⲁⲡⲏ -->
<feat xlink:href="#norm_466" value="ϥ"/><!-- ϥ -->
<feat xlink:href="#norm_467" value="ϣⲟⲟⲡ"/><!-- ϣⲟⲟⲡ -->
<feat xlink:href="#norm_468" value="ϩⲣⲁⲓ"/><!-- ϩⲣⲁⲓ -->
<feat xlink:href="#norm_469" value="ϩⲙ"/><!-- ϩⲙ -->
<feat xlink:href="#norm_470" value="ⲡ"/><!-- ⲡ -->
<feat xlink:href="#norm_471" value="ⲛⲟⲩⲧⲉ"/><!-- ⲛⲟⲩⲧⲉ -->
<feat xlink:href="#norm_472" value="ⲁⲩⲱ"/><!-- ⲁⲩⲱ -->
<feat xlink:href="#norm_473" value="ⲡ"/><!-- ⲡ -->
<feat xlink:href="#norm_474" value="ⲛⲟⲩⲧⲉ"/><!-- ⲛⲟⲩⲧⲉ -->
<feat xlink:href="#norm_475" value="ϣⲟⲟⲡ"/><!-- ϣⲟⲟⲡ -->
<feat xlink:href="#norm_476" value="ϩⲣⲁⲓ"/><!-- ϩⲣⲁⲓ -->
<feat xlink:href="#norm_477" value="ⲛϩⲏⲧ"/><!-- ⲛϩⲏⲧ -->
<feat xlink:href="#norm_478" value="ϥ"/><!-- ϥ -->
<feat xlink:href="#norm_479" value="."/><!-- . -->
<feat xlink:href="#norm_480" value="ϩⲙ"/><!-- ϩⲙ -->
<feat xlink:href="#norm_481" value="ⲡⲁⲓ"/><!-- ⲡⲁⲓ -->
<feat xlink:href="#norm_482" value="ⲁ"/><!-- ⲁ -->
<feat xlink:href="#norm_483" value="ⲥ"/><!-- ⲥ -->
<feat xlink:href="#norm_484" value="ϫⲱⲕ"/><!-- ϫⲱⲕ -->
<feat xlink:href="#norm_485" value="ⲉⲃⲟⲗ"/><!-- ⲉⲃⲟⲗ -->
<feat xlink:href="#norm_486" value="ⲛϭⲓ"/><!-- ⲛϭⲓ -->
<feat xlink:href="#norm_487" value="ⲧ"/><!-- ⲧ -->
<feat xlink:href="#norm_488" value="ⲁⲅⲁⲡⲏ"/><!-- ⲁⲅⲁⲡⲏ -->
<feat xlink:href="#norm_489" value="ⲙ"/><!-- ⲙ -->
<feat xlink:href="#norm_490" value="ⲡ"/><!-- ⲡ -->
<feat xlink:href="#norm_491" value="ⲛⲟⲩⲧⲉ"/><!-- ⲛⲟⲩⲧⲉ -->
<feat xlink:href="#norm_492" value="ⲛⲙⲙⲟ"/><!-- ⲛⲙⲙⲟ -->
<feat xlink:href="#norm_493" value="ϫⲉⲕⲁⲁⲥ"/><!-- ϫⲉⲕⲁⲁⲥ -->
<feat xlink:href="#norm_494" value="ⲉⲛⲉ"/><!-- ⲉⲛⲉ -->
<feat xlink:href="#norm_495" value="ϫⲱ"/><!-- ϫⲱ -->
<feat xlink:href="#norm_496" value="ⲡⲉ"/><!-- ⲡⲉ -->
<feat xlink:href="#norm_497" value="ⲉⲩⲟⲩⲛⲧⲁⲛ"/><!-- ⲉⲩⲟⲩⲛⲧⲁⲛ -->
<feat xlink:href="#norm_498" value="ⲙⲙⲟ"/><!-- ⲙⲙⲟ -->
<feat xlink:href="#norm_499" value="ⲟⲩ"/><!-- ⲟⲩ -->
<feat xlink:href="#norm_500" value="ⲛⲛⲟⲩⲡⲁⲣⲣⲏⲥⲓⲁ"/><!-- ⲛⲛⲟⲩⲡⲁⲣⲣⲏⲥⲓⲁ -->
<feat xlink:href="#norm_501" value="ϩⲙ"/><!-- ϩⲙ -->
<feat xlink:href="#norm_502" value="ⲡⲉ"/><!-- ⲡⲉ -->
<feat xlink:href="#norm_503" value="ϩⲟⲟⲩ"/><!-- ϩⲟⲟⲩ -->
<feat xlink:href="#norm_504" value="ⲛ"/><!-- ⲛ -->
<feat xlink:href="#norm_505" value="ⲧⲉ"/><!-- ⲧⲉ -->
<feat xlink:href="#norm_506" value="ⲕⲣⲓⲥⲓⲥ"/><!-- ⲕⲣⲓⲥⲓⲥ -->
<feat xlink:href="#norm_507" value="ϫⲉⲕⲁⲁⲥ"/><!-- ϫⲉⲕⲁⲁⲥ -->
<feat xlink:href="#norm_508" value="ⲕⲁⲧⲁ"/><!-- ⲕⲁⲧⲁ -->
<feat xlink:href="#norm_509" value="ⲧ"/><!-- ⲧ -->
<feat xlink:href="#norm_510" value="ϩⲉ"/><!-- ϩⲉ -->
<feat xlink:href="#norm_511" value="ⲉⲧⲉⲣⲉⲡⲏ"/><!-- ⲉⲧⲉⲣⲉⲡⲏ -->
<feat xlink:href="#norm_512" value="ϣⲟⲟⲡ"/><!-- ϣⲟⲟⲡ -->
<feat xlink:href="#norm_513" value="ⲙⲙⲟ"/><!-- ⲙⲙⲟ -->
<feat xlink:href="#norm_514" value="ⲥ"/><!-- ⲥ -->
<feat xlink:href="#norm_515" value="ⲁⲛⲟⲛ"/><!-- ⲁⲛⲟⲛ -->
<feat xlink:href="#norm_516" value="ϩⲱⲱ"/><!-- ϩⲱⲱ -->
<feat xlink:href="#norm_517" value="ⲧⲉⲛϣⲱⲡⲉ"/><!-- ⲧⲉⲛϣⲱⲡⲉ -->
<feat xlink:href="#norm_518" value="ϩⲙ"/><!-- ϩⲙ -->
<feat xlink:href="#norm_519" value="ⲡⲓ"/><!-- ⲡⲓ -->
<feat xlink:href="#norm_520" value="ⲕⲟⲥⲙⲟⲥ"/><!-- ⲕⲟⲥⲙⲟⲥ -->
<feat xlink:href="#norm_521" value="ⲙⲙⲛ"/><!-- ⲙⲙⲛ -->
<feat xlink:href="#norm_522" value="ϩⲟⲧⲉ"/><!-- ϩⲟⲧⲉ -->
<feat xlink:href="#norm_523" value="ϣⲟⲟⲡ"/><!-- ϣⲟⲟⲡ -->
<feat xlink:href="#norm_524" value="ⲏⲛ"/><!-- ⲏⲛ -->
<feat xlink:href="#norm_525" value="ⲧ"/><!-- ⲧ -->
<feat xlink:href="#norm_526" value="ⲁⲅⲁⲡⲏ"/><!-- ⲁⲅⲁⲡⲏ -->
<feat xlink:href="#norm_527" value="ⲁⲗⲗⲁ"/><!-- ⲁⲗⲗⲁ -->
<feat xlink:href="#norm_528" value="ⲧ"/><!-- ⲧ -->
<feat xlink:href="#norm_529" value="ⲁⲅⲁⲡⲏ"/><!-- ⲁⲅⲁⲡⲏ -->
<feat xlink:href="#norm_530" value="ⲉⲧ"/><!-- ⲉⲧ -->
<feat xlink:href="#norm_531" value="ϫⲏⲕ"/><!-- ϫⲏⲕ -->
<feat xlink:href="#norm_532" value="ⲉⲃⲟⲗ"/><!-- ⲉⲃⲟⲗ -->
<feat xlink:href="#norm_533" value="ϣⲁ"/><!-- ϣⲁ -->
<feat xlink:href="#norm_534" value="ⲥ"/><!-- ⲥ -->
<feat xlink:href="#norm_535" value="ⲛⲟⲩϫ"/><!-- ⲛⲟⲩϫ -->
<feat xlink:href="#norm_536" value="ⲉⲃⲟⲗ"/><!-- ⲉⲃⲟⲗ -->
<feat xlink:href="#norm_537" value="ⲛ"/><!-- ⲛ -->
<feat xlink:href="#norm_538" value="ⲧ"/><!-- ⲧ -->
<feat xlink:href="#norm_539" value="ϩⲟⲧⲉ"/><!-- ϩⲟⲧⲉ -->
<feat xlink:href="#norm_540" value="ϫⲉ"/><!-- ϫⲉ -->
<feat xlink:href="#norm_541" value="ⲧ"/><!-- ⲧ -->
<feat xlink:href="#norm_542" value="ϩⲟⲧⲉ"/><!-- ϩⲟⲧⲉ -->
<feat xlink:href="#norm_543" value="ⲟⲩⲛⲧⲁ"/><!-- ⲟⲩⲛⲧⲁ -->
<feat xlink:href="#norm_544" value="ⲥ"/><!-- ⲥ -->
<feat xlink:href="#norm_545" value="ⲙⲙⲟ"/><!-- ⲙⲙⲟ -->
<feat xlink:href="#norm_546" value="ⲟⲩ"/><!-- ⲟⲩ -->
<feat xlink:href="#norm_547" value="ⲛⲛⲟⲩⲕⲟⲗⲁⲥⲓⲥ"/><!-- ⲛⲛⲟⲩⲕⲟⲗⲁⲥⲓⲥ -->
<feat xlink:href="#norm_548" value="ⲁⲩⲱ"/><!-- ⲁⲩⲱ -->
<feat xlink:href="#norm_549" value="ⲡ"/><!-- ⲡ -->
<feat xlink:href="#norm_550" value="ⲉⲧ"/><!-- ⲉⲧ -->
<feat xlink:href="#norm_551" value="ⲣ"/><!-- ⲣ -->
<feat xlink:href="#norm_552" value="ϩⲟⲧⲉ"/><!-- ϩⲟⲧⲉ -->
<feat xlink:href="#norm_553" value="ⲛϥϫⲏⲕ"/><!-- ⲛϥϫⲏⲕ -->
<feat xlink:href="#norm_554" value="ⲁⲛ"/><!-- ⲁⲛ -->
<feat xlink:href="#norm_555" value="ⲉⲃⲟⲗ"/><!-- ⲉⲃⲟⲗ -->
<feat xlink:href="#norm_556" value="ⲏⲛ"/><!-- ⲏⲛ -->
<feat xlink:href="#norm_557" value="ⲧ"/><!-- ⲧ -->
<feat xlink:href="#norm_558" value="ⲁⲅⲁⲡⲏ"/><!-- ⲁⲅⲁⲡⲏ -->
<feat xlink:href="#norm_559" value="ⲁⲩⲱ"/><!-- ⲁⲩⲱ -->
<feat xlink:href="#norm_560" value="ⲧⲉⲛⲉⲓⲙⲉ"/><!-- ⲧⲉⲛⲉⲓⲙⲉ -->
<feat xlink:href="#norm_561" value="ϫⲉ"/><!-- ϫⲉ -->
<feat xlink:href="#norm_562" value="ⲛⲧⲟϥ"/><!-- ⲛⲧⲟϥ -->
<feat xlink:href="#norm_563" value="ⲛ"/><!-- ⲛ -->
<feat xlink:href="#norm_564" value="ϣⲟⲣⲡ"/><!-- ϣⲟⲣⲡ -->
<feat xlink:href="#norm_565" value="ⲡⲉⲛⲧⲁϥⲙⲉⲣⲓⲧⲛ"/><!-- ⲡⲉⲛⲧⲁϥⲙⲉⲣⲓⲧⲛ -->
<feat xlink:href="#norm_566" value="ⲉϣⲱⲡⲉ"/><!-- ⲉϣⲱⲡⲉ -->
<feat xlink:href="#norm_567" value="ⲉⲣⲉϣⲁⲛⲟⲩⲁ"/><!-- ⲉⲣⲉϣⲁⲛⲟⲩⲁ -->
<feat xlink:href="#norm_568" value="ϫⲟⲟ"/><!-- ϫⲟⲟ -->
<feat xlink:href="#norm_569" value="ⲥ"/><!-- ⲥ -->
<feat xlink:href="#norm_570" value="ϫⲉ"/><!-- ϫⲉ -->
<feat xlink:href="#norm_571" value="ϯⲙⲉ"/><!-- ϯⲙⲉ -->
<feat xlink:href="#norm_572" value="ⲙ"/><!-- ⲙ -->
<feat xlink:href="#norm_573" value="ⲡ"/><!-- ⲡ -->
<feat xlink:href="#norm_574" value="ⲛⲟⲩⲧⲉ"/><!-- ⲛⲟⲩⲧⲉ -->
<feat xlink:href="#norm_575" value="ⲉ"/><!-- ⲉ -->
<feat xlink:href="#norm_576" value="ϥ"/><!-- ϥ -->
<feat xlink:href="#norm_577" value="ⲙⲟⲥⲧⲉ"/><!-- ⲙⲟⲥⲧⲉ -->
<feat xlink:href="#norm_578" value="ⲙ"/><!-- ⲙ -->
<feat xlink:href="#norm_579" value="ⲡⲉϥ"/><!-- ⲡⲉϥ -->
<feat xlink:href="#norm_580" value="ⲥⲟⲛ"/><!-- ⲥⲟⲛ -->
<feat xlink:href="#norm_581" value="ⲟⲩⲣⲉϥϫⲓ"/><!-- ⲟⲩⲣⲉϥϫⲓ -->
<feat xlink:href="#norm_582" value="ϭⲟⲗ"/><!-- ϭⲟⲗ -->
<feat xlink:href="#norm_583" value="ⲡⲉ"/><!-- ⲡⲉ -->
<feat xlink:href="#norm_584" value="ⲡⲉⲧⲉ"/><!-- ⲡⲉⲧⲉ -->
<feat xlink:href="#norm_585" value="ⲛ"/><!-- ⲛ -->
<feat xlink:href="#norm_586" value="ϥ"/><!-- ϥ -->
<feat xlink:href="#norm_587" value="ⲙⲉ"/><!-- ⲙⲉ -->
<feat xlink:href="#norm_588" value="ⲅⲁⲣ"/><!-- ⲅⲁⲣ -->
<feat xlink:href="#norm_589" value="ⲁⲛ"/><!-- ⲁⲛ -->
<feat xlink:href="#norm_590" value="ⲙ"/><!-- ⲙ -->
<feat xlink:href="#norm_591" value="ⲡⲉϥ"/><!-- ⲡⲉϥ -->
<feat xlink:href="#norm_592" value="ⲥⲟⲛ"/><!-- ⲥⲟⲛ -->
<feat xlink:href="#norm_593" value="ⲉⲧ"/><!-- ⲉⲧ -->
<feat xlink:href="#norm_594" value="ϥ"/><!-- ϥ -->
<feat xlink:href="#norm_595" value="ⲛⲁⲩ"/><!-- ⲛⲁⲩ -->
<feat xlink:href="#norm_596" value="ⲉⲣⲟ"/><!-- ⲉⲣⲟ -->
<feat xlink:href="#norm_597" value="ϥ"/><!-- ϥ -->
<feat xlink:href="#norm_598" value="ⲙ"/><!-- ⲙ -->
<feat xlink:href="#norm_599" value="ⲡ"/><!-- ⲡ -->
<feat xlink:href="#norm_600" value="ⲛⲟⲩⲧⲉ"/><!-- ⲛⲟⲩⲧⲉ -->
<feat xlink:href="#norm_601" value="ⲇⲉ"/><!-- ⲇⲉ -->
<feat xlink:href="#norm_602" value="ⲉⲧ"/><!-- ⲉⲧ -->
<feat xlink:href="#norm_603" value="ⲙ"/><!-- ⲙ -->
<feat xlink:href="#norm_604" value="ⲡⲉϥ"/><!-- ⲡⲉϥ -->
<feat xlink:href="#norm_605" value="ⲛⲁⲩ"/><!-- ⲛⲁⲩ -->
<feat xlink:href="#norm_606" value="ⲉⲣⲟ"/><!-- ⲉⲣⲟ -->
<feat xlink:href="#norm_607" value="ϥ"/><!-- ϥ -->
<feat xlink:href="#norm_608" value="ⲙⲛ"/><!-- ⲙⲛ -->
<feat xlink:href="#norm_609" value="ϣ"/><!-- ϣ -->
<feat xlink:href="#norm_610" value="ϭⲟⲙ"/><!-- ϭⲟⲙ -->
<feat xlink:href="#norm_611" value="ⲙⲙⲟ"/><!-- ⲙⲙⲟ -->
<feat xlink:href="#norm_612" value="ϥ"/><!-- ϥ -->
<feat xlink:href="#norm_613" value="ⲉⲙⲉⲣⲓⲧϥ"/><!-- ⲉⲙⲉⲣⲓⲧϥ -->
<feat xlink:href="#norm_614" value="ⲁⲩⲱ"/><!-- ⲁⲩⲱ -->
<feat xlink:href="#norm_615" value="ⲧⲉⲓ"/><!-- ⲧⲉⲓ -->
<feat xlink:href="#norm_616" value="ⲉⲛⲧⲟⲗⲏ"/><!-- ⲉⲛⲧⲟⲗⲏ -->
<feat xlink:href="#norm_617" value="ⲁ"/><!-- ⲁ -->
<feat xlink:href="#norm_618" value="ⲛ"/><!-- ⲛ -->
<feat xlink:href="#norm_619" value="ϫⲓⲧ"/><!-- ϫⲓⲧ -->
<feat xlink:href="#norm_620" value="ⲥ"/><!-- ⲥ -->
<feat xlink:href="#norm_621" value="ⲉⲃⲟⲗ"/><!-- ⲉⲃⲟⲗ -->
<feat xlink:href="#norm_622" value="ϩⲓⲧⲟⲟⲧ"/><!-- ϩⲓⲧⲟⲟⲧ -->
<feat xlink:href="#norm_623" value="ϥ"/><!-- ϥ -->
<feat xlink:href="#norm_624" value="ϫⲉⲕⲁⲁⲥ"/><!-- ϫⲉⲕⲁⲁⲥ -->
<feat xlink:href="#norm_625" value="ⲡ"/><!-- ⲡ -->
<feat xlink:href="#norm_626" value="ⲉⲧ"/><!-- ⲉⲧ -->
<feat xlink:href="#norm_627" value="ⲙⲉ"/><!-- ⲙⲉ -->
<feat xlink:href="#norm_628" value="ⲙ"/><!-- ⲙ -->
<feat xlink:href="#norm_629" value="ⲡ"/><!-- ⲡ -->
<feat xlink:href="#norm_630" value="ⲛⲟⲩⲧⲉ"/><!-- ⲛⲟⲩⲧⲉ -->
<feat xlink:href="#norm_631" value="ⲉϥⲉ"/><!-- ⲉϥⲉ -->
<feat xlink:href="#norm_632" value="ⲙⲉ"/><!-- ⲙⲉ -->
<feat xlink:href="#norm_633" value="ⲣⲓ"/><!-- ⲣⲓ -->
<feat xlink:href="#norm_634" value="ⲡⲉϥ"/><!-- ⲡⲉϥ -->
<feat xlink:href="#norm_635" value="ⲥⲟⲛ"/><!-- ⲥⲟⲛ -->
</featList>
</paula>
