<?xml version="1.0" encoding="UTF-8" standalone="no"?>

<!DOCTYPE paula SYSTEM "paula_mark.dtd">
<paula version="1.0">

<header paula_id="sahidica.nt.1_John_4_verseSeg"/>

<markList xmlns:xlink="http://www.w3.org/1999/xlink" type="verseSeg" xml:base="sahidica.nt.1_John_4.tok.xml">
<mark id="verse_1" xlink:href="#xpointer(id('tok_1')/range-to(id('tok_29')))"/><!-- ⲛⲁ...ⲕⲟⲥⲙⲟⲥ -->
<mark id="verse_30" xlink:href="#xpointer(id('tok_30')/range-to(id('tok_64')))"/><!-- ϩⲙ...ⲡⲉ -->
<mark id="verse_65" xlink:href="#xpointer(id('tok_65')/range-to(id('tok_97')))"/><!-- ⲁⲩⲱ...ⲕⲟⲥⲙⲟⲥ -->
<mark id="verse_98" xlink:href="#xpointer(id('tok_98')/range-to(id('tok_123')))"/><!-- ⲛⲧⲱⲧⲛ.... -->
<mark id="verse_124" xlink:href="#xpointer(id('tok_124')/range-to(id('tok_145')))"/><!-- ⲛⲧⲟⲟⲩ...ⲟⲩ -->
<mark id="verse_146" xlink:href="#xpointer(id('tok_146')/range-to(id('tok_193')))"/><!-- ⲁⲛⲟⲛ...ⲡⲗⲁⲛⲏ -->
<mark id="verse_194" xlink:href="#xpointer(id('tok_194')/range-to(id('tok_225')))"/><!-- ⲛⲁ...ⲛⲟⲩⲧⲉ -->
<mark id="verse_226" xlink:href="#xpointer(id('tok_226')/range-to(id('tok_243')))"/><!-- ⲡⲉⲧⲉ...ⲁⲅⲁⲡⲏ -->
<mark id="verse_244" xlink:href="#xpointer(id('tok_244')/range-to(id('tok_279')))"/><!-- ϩⲙ...ϥ -->
<mark id="verse_280" xlink:href="#xpointer(id('tok_280')/range-to(id('tok_313')))"/><!-- ⲉⲣⲉ...ⲛⲟⲃⲉ -->
<mark id="verse_314" xlink:href="#xpointer(id('tok_314')/range-to(id('tok_333')))"/><!-- ⲛⲁ...ⲉⲣⲏⲩ -->
<mark id="verse_334" xlink:href="#xpointer(id('tok_334')/range-to(id('tok_365')))"/><!-- ⲡ...ⲛ -->
<mark id="verse_366" xlink:href="#xpointer(id('tok_366')/range-to(id('tok_390')))"/><!-- ϩⲙ...ⲡⲛⲉⲩⲙⲁ -->
<mark id="verse_391" xlink:href="#xpointer(id('tok_391')/range-to(id('tok_411')))"/><!-- ⲁⲩⲱ.... -->
<mark id="verse_412" xlink:href="#xpointer(id('tok_412')/range-to(id('tok_434')))"/><!-- ⲡⲉⲧⲛⲁϩⲩⲙⲟⲗⲟⲅⲉⲓ...ⲛⲟⲩⲧⲉ -->
<mark id="verse_435" xlink:href="#xpointer(id('tok_435')/range-to(id('tok_479')))"/><!-- ⲁⲩⲱ.... -->
<mark id="verse_480" xlink:href="#xpointer(id('tok_480')/range-to(id('tok_520')))"/><!-- ϩⲙ...ⲕⲟⲥⲙⲟⲥ -->
<mark id="verse_521" xlink:href="#xpointer(id('tok_521')/range-to(id('tok_558')))"/><!-- ⲙⲙⲛ...ⲁⲅⲁⲡⲏ -->
<mark id="verse_559" xlink:href="#xpointer(id('tok_559')/range-to(id('tok_565')))"/><!-- ⲁⲩⲱ...ⲡⲉⲛⲧⲁϥⲙⲉⲣⲓⲧⲛ -->
<mark id="verse_566" xlink:href="#xpointer(id('tok_566')/range-to(id('tok_613')))"/><!-- ⲉϣⲱⲡⲉ...ⲉⲙⲉⲣⲓⲧϥ -->
<mark id="verse_614" xlink:href="#xpointer(id('tok_614')/range-to(id('tok_635')))"/><!-- ⲁⲩⲱ...ⲥⲟⲛ -->
</markList>
</paula>
