<?xml version="1.0" encoding="UTF-8" standalone="no"?>

<!DOCTYPE paula SYSTEM "paula_feat.dtd">
<paula version="1.0">

<header paula_id="sahidica.nt.1_John_4_verse"/>

<featList xmlns:xlink="http://www.w3.org/1999/xlink" type="verse" xml:base="sahidica.nt.1_John_4.verseSeg.xml">
<feat xlink:href="#verse_1" value="1 John 4:1"/><!-- ⲛⲁ...ⲕⲟⲥⲙⲟⲥ -->
<feat xlink:href="#verse_30" value="1 John 4:2"/><!-- ϩⲙ...ⲡⲉ -->
<feat xlink:href="#verse_65" value="1 John 4:3"/><!-- ⲁⲩⲱ...ⲕⲟⲥⲙⲟⲥ -->
<feat xlink:href="#verse_98" value="1 John 4:4"/><!-- ⲛⲧⲱⲧⲛ.... -->
<feat xlink:href="#verse_124" value="1 John 4:5"/><!-- ⲛⲧⲟⲟⲩ...ⲟⲩ -->
<feat xlink:href="#verse_146" value="1 John 4:6"/><!-- ⲁⲛⲟⲛ...ⲡⲗⲁⲛⲏ -->
<feat xlink:href="#verse_194" value="1 John 4:7"/><!-- ⲛⲁ...ⲛⲟⲩⲧⲉ -->
<feat xlink:href="#verse_226" value="1 John 4:8"/><!-- ⲡⲉⲧⲉ...ⲁⲅⲁⲡⲏ -->
<feat xlink:href="#verse_244" value="1 John 4:9"/><!-- ϩⲙ...ϥ -->
<feat xlink:href="#verse_280" value="1 John 4:10"/><!-- ⲉⲣⲉ...ⲛⲟⲃⲉ -->
<feat xlink:href="#verse_314" value="1 John 4:11"/><!-- ⲛⲁ...ⲉⲣⲏⲩ -->
<feat xlink:href="#verse_334" value="1 John 4:12"/><!-- ⲡ...ⲛ -->
<feat xlink:href="#verse_366" value="1 John 4:13"/><!-- ϩⲙ...ⲡⲛⲉⲩⲙⲁ -->
<feat xlink:href="#verse_391" value="1 John 4:14"/><!-- ⲁⲩⲱ.... -->
<feat xlink:href="#verse_412" value="1 John 4:15"/><!-- ⲡⲉⲧⲛⲁϩⲩⲙⲟⲗⲟⲅⲉⲓ...ⲛⲟⲩⲧⲉ -->
<feat xlink:href="#verse_435" value="1 John 4:16"/><!-- ⲁⲩⲱ.... -->
<feat xlink:href="#verse_480" value="1 John 4:17"/><!-- ϩⲙ...ⲕⲟⲥⲙⲟⲥ -->
<feat xlink:href="#verse_521" value="1 John 4:18"/><!-- ⲙⲙⲛ...ⲁⲅⲁⲡⲏ -->
<feat xlink:href="#verse_559" value="1 John 4:19"/><!-- ⲁⲩⲱ...ⲡⲉⲛⲧⲁϥⲙⲉⲣⲓⲧⲛ -->
<feat xlink:href="#verse_566" value="1 John 4:20"/><!-- ⲉϣⲱⲡⲉ...ⲉⲙⲉⲣⲓⲧϥ -->
<feat xlink:href="#verse_614" value="1 John 4:21"/><!-- ⲁⲩⲱ...ⲥⲟⲛ -->
</featList>
</paula>
