<?xml version="1.0" standalone="no"?>

<!DOCTYPE paula SYSTEM "paula_mark.dtd">
<paula version="1.0">

<header paula_id="sahidica.nt.1_John_4_tok"/>

<markList xmlns:xlink="http://www.w3.org/1999/xlink" type="tok" xml:base="sahidica.nt.1_John_4.text.xml">
<mark id="tok_1" xlink:href="#xpointer(string-range(//body,'',1,2))"/><!-- ⲛⲁ -->
<mark id="tok_2" xlink:href="#xpointer(string-range(//body,'',4,6))"/><!-- ⲙⲉⲣⲁⲧⲉ -->
<mark id="tok_3" xlink:href="#xpointer(string-range(//body,'',11,11))"/><!-- ⲙⲡⲉⲣⲡⲓⲥⲧⲉⲩⲉ -->
<mark id="tok_4" xlink:href="#xpointer(string-range(//body,'',23,1))"/><!-- ⲉ -->
<mark id="tok_5" xlink:href="#xpointer(string-range(//body,'',25,6))"/><!-- ⲡⲛⲉⲩⲙⲁ -->
<mark id="tok_6" xlink:href="#xpointer(string-range(//body,'',32,3))"/><!-- ⲛⲓⲙ -->
<mark id="tok_7" xlink:href="#xpointer(string-range(//body,'',36,4))"/><!-- ⲁⲗⲗⲁ -->
<mark id="tok_8" xlink:href="#xpointer(string-range(//body,'',41,8))"/><!-- ⲇⲟⲕⲓⲙⲁⲍⲉ -->
<mark id="tok_9" xlink:href="#xpointer(string-range(//body,'',50,1))"/><!-- ⲛ -->
<mark id="tok_10" xlink:href="#xpointer(string-range(//body,'',52,2))"/><!-- ⲛⲉ -->
<mark id="tok_11" xlink:href="#xpointer(string-range(//body,'',55,6))"/><!-- ⲡⲛⲉⲩⲙⲁ -->
<mark id="tok_12" xlink:href="#xpointer(string-range(//body,'',62,2))"/><!-- ϫⲉ -->
<mark id="tok_13" xlink:href="#xpointer(string-range(//body,'',65,3))"/><!-- ⲉⲛⲉ -->
<mark id="tok_14" xlink:href="#xpointer(string-range(//body,'',69,7))"/><!-- ϩⲉⲛⲉⲃⲟⲗ -->
<mark id="tok_15" xlink:href="#xpointer(string-range(//body,'',77,2))"/><!-- ⲏⲛ -->
<mark id="tok_16" xlink:href="#xpointer(string-range(//body,'',80,1))"/><!-- ⲡ -->
<mark id="tok_17" xlink:href="#xpointer(string-range(//body,'',82,5))"/><!-- ⲛⲟⲩⲧⲉ -->
<mark id="tok_18" xlink:href="#xpointer(string-range(//body,'',88,2))"/><!-- ⲛⲉ -->
<mark id="tok_19" xlink:href="#xpointer(string-range(//body,'',91,2))"/><!-- ϫⲉ -->
<mark id="tok_20" xlink:href="#xpointer(string-range(//body,'',94,4))"/><!-- ⲁϩⲁϩ -->
<mark id="tok_21" xlink:href="#xpointer(string-range(//body,'',99,1))"/><!-- ⲙ -->
<mark id="tok_22" xlink:href="#xpointer(string-range(//body,'',101,8))"/><!-- ⲡⲣⲟⲫⲏⲧⲏⲥ -->
<mark id="tok_23" xlink:href="#xpointer(string-range(//body,'',110,5))"/><!-- ⲛⲛⲟⲩϫ -->
<mark id="tok_24" xlink:href="#xpointer(string-range(//body,'',116,1))"/><!-- ⲉ -->
<mark id="tok_25" xlink:href="#xpointer(string-range(//body,'',118,1))"/><!-- ⲓ -->
<mark id="tok_26" xlink:href="#xpointer(string-range(//body,'',120,4))"/><!-- ⲉⲃⲟⲗ -->
<mark id="tok_27" xlink:href="#xpointer(string-range(//body,'',125,2))"/><!-- ϩⲙ -->
<mark id="tok_28" xlink:href="#xpointer(string-range(//body,'',128,1))"/><!-- ⲡ -->
<mark id="tok_29" xlink:href="#xpointer(string-range(//body,'',130,6))"/><!-- ⲕⲟⲥⲙⲟⲥ -->
<mark id="tok_30" xlink:href="#xpointer(string-range(//body,'',137,2))"/><!-- ϩⲙ -->
<mark id="tok_31" xlink:href="#xpointer(string-range(//body,'',140,3))"/><!-- ⲡⲁⲓ -->
<mark id="tok_32" xlink:href="#xpointer(string-range(//body,'',144,1))"/><!-- ⲥ -->
<mark id="tok_33" xlink:href="#xpointer(string-range(//body,'',146,4))"/><!-- ⲟⲩⲉⲛ -->
<mark id="tok_34" xlink:href="#xpointer(string-range(//body,'',151,2))"/><!-- ⲡⲉ -->
<mark id="tok_35" xlink:href="#xpointer(string-range(//body,'',154,6))"/><!-- ⲡⲛⲉⲩⲙⲁ -->
<mark id="tok_36" xlink:href="#xpointer(string-range(//body,'',161,1))"/><!-- ⲙ -->
<mark id="tok_37" xlink:href="#xpointer(string-range(//body,'',163,1))"/><!-- ⲡ -->
<mark id="tok_38" xlink:href="#xpointer(string-range(//body,'',165,5))"/><!-- ⲛⲟⲩⲧⲉ -->
<mark id="tok_39" xlink:href="#xpointer(string-range(//body,'',171,2))"/><!-- ⲙⲛ -->
<mark id="tok_40" xlink:href="#xpointer(string-range(//body,'',174,2))"/><!-- ⲡⲉ -->
<mark id="tok_41" xlink:href="#xpointer(string-range(//body,'',177,6))"/><!-- ⲡⲛⲉⲩⲙⲁ -->
<mark id="tok_42" xlink:href="#xpointer(string-range(//body,'',184,1))"/><!-- ⲛ -->
<mark id="tok_43" xlink:href="#xpointer(string-range(//body,'',186,2))"/><!-- ⲧⲉ -->
<mark id="tok_44" xlink:href="#xpointer(string-range(//body,'',189,5))"/><!-- ⲡⲗⲁⲛⲏ -->
<mark id="tok_45" xlink:href="#xpointer(string-range(//body,'',195,2))"/><!-- ϫⲉ -->
<mark id="tok_46" xlink:href="#xpointer(string-range(//body,'',198,6))"/><!-- ⲡⲛⲉⲩⲙⲁ -->
<mark id="tok_47" xlink:href="#xpointer(string-range(//body,'',205,3))"/><!-- ⲛⲓⲙ -->
<mark id="tok_48" xlink:href="#xpointer(string-range(//body,'',209,2))"/><!-- ⲉⲧ -->
<mark id="tok_49" xlink:href="#xpointer(string-range(//body,'',212,9))"/><!-- ϩⲟⲙⲟⲗⲟⲅⲉⲓ -->
<mark id="tok_50" xlink:href="#xpointer(string-range(//body,'',222,3))"/><!-- ⲛⲓⲥ -->
<mark id="tok_51" xlink:href="#xpointer(string-range(//body,'',226,2))"/><!-- ⲡⲉ -->
<mark id="tok_52" xlink:href="#xpointer(string-range(//body,'',229,7))"/><!-- ⲭⲣⲓⲥⲧⲟⲥ -->
<mark id="tok_53" xlink:href="#xpointer(string-range(//body,'',237,2))"/><!-- ϫⲉ -->
<mark id="tok_54" xlink:href="#xpointer(string-range(//body,'',240,1))"/><!-- ⲁ -->
<mark id="tok_55" xlink:href="#xpointer(string-range(//body,'',242,1))"/><!-- ϥ -->
<mark id="tok_56" xlink:href="#xpointer(string-range(//body,'',244,2))"/><!-- ⲉⲓ -->
<mark id="tok_57" xlink:href="#xpointer(string-range(//body,'',247,2))"/><!-- ⲏⲛ -->
<mark id="tok_58" xlink:href="#xpointer(string-range(//body,'',250,1))"/><!-- ⲧ -->
<mark id="tok_59" xlink:href="#xpointer(string-range(//body,'',252,4))"/><!-- ⲥⲁⲣⲝ -->
<mark id="tok_60" xlink:href="#xpointer(string-range(//body,'',257,6))"/><!-- ⲟⲩⲉⲃⲟⲗ -->
<mark id="tok_61" xlink:href="#xpointer(string-range(//body,'',264,2))"/><!-- ϩⲙ -->
<mark id="tok_62" xlink:href="#xpointer(string-range(//body,'',267,1))"/><!-- ⲡ -->
<mark id="tok_63" xlink:href="#xpointer(string-range(//body,'',269,5))"/><!-- ⲛⲟⲩⲧⲉ -->
<mark id="tok_64" xlink:href="#xpointer(string-range(//body,'',275,2))"/><!-- ⲡⲉ -->
<mark id="tok_65" xlink:href="#xpointer(string-range(//body,'',278,3))"/><!-- ⲁⲩⲱ -->
<mark id="tok_66" xlink:href="#xpointer(string-range(//body,'',282,6))"/><!-- ⲡⲛⲉⲩⲙⲁ -->
<mark id="tok_67" xlink:href="#xpointer(string-range(//body,'',289,3))"/><!-- ⲛⲓⲙ -->
<mark id="tok_68" xlink:href="#xpointer(string-range(//body,'',293,2))"/><!-- ⲉⲧ -->
<mark id="tok_69" xlink:href="#xpointer(string-range(//body,'',296,1))"/><!-- ⲛ -->
<mark id="tok_70" xlink:href="#xpointer(string-range(//body,'',298,1))"/><!-- ϥ -->
<mark id="tok_71" xlink:href="#xpointer(string-range(//body,'',300,9))"/><!-- ϩⲟⲙⲟⲗⲟⲅⲉⲓ -->
<mark id="tok_72" xlink:href="#xpointer(string-range(//body,'',310,2))"/><!-- ⲁⲛ -->
<mark id="tok_73" xlink:href="#xpointer(string-range(//body,'',313,3))"/><!-- ⲛⲓⲥ -->
<mark id="tok_74" xlink:href="#xpointer(string-range(//body,'',317,2))"/><!-- ⲡⲉ -->
<mark id="tok_75" xlink:href="#xpointer(string-range(//body,'',320,7))"/><!-- ⲭⲣⲓⲥⲧⲟⲥ -->
<mark id="tok_76" xlink:href="#xpointer(string-range(//body,'',328,7))"/><!-- ⲛⲟⲩⲉⲃⲟⲗ -->
<mark id="tok_77" xlink:href="#xpointer(string-range(//body,'',336,2))"/><!-- ⲁⲛ -->
<mark id="tok_78" xlink:href="#xpointer(string-range(//body,'',339,2))"/><!-- ϩⲙ -->
<mark id="tok_79" xlink:href="#xpointer(string-range(//body,'',342,1))"/><!-- ⲡ -->
<mark id="tok_80" xlink:href="#xpointer(string-range(//body,'',344,5))"/><!-- ⲛⲟⲩⲧⲉ -->
<mark id="tok_81" xlink:href="#xpointer(string-range(//body,'',350,2))"/><!-- ⲡⲉ -->
<mark id="tok_82" xlink:href="#xpointer(string-range(//body,'',353,3))"/><!-- ⲁⲩⲱ -->
<mark id="tok_83" xlink:href="#xpointer(string-range(//body,'',357,3))"/><!-- ⲡⲁⲓ -->
<mark id="tok_84" xlink:href="#xpointer(string-range(//body,'',361,2))"/><!-- ⲡⲉ -->
<mark id="tok_85" xlink:href="#xpointer(string-range(//body,'',364,16))"/><!-- ⲡⲁⲛⲧⲓⲭⲣⲓⲏⲥⲟⲩⲥⲧⲟⲥ -->
<mark id="tok_86" xlink:href="#xpointer(string-range(//body,'',381,11))"/><!-- ⲡⲉⲧⲁⲧⲉⲛⲥⲱⲧⲙ -->
<mark id="tok_87" xlink:href="#xpointer(string-range(//body,'',393,2))"/><!-- ϫⲉ -->
<mark id="tok_88" xlink:href="#xpointer(string-range(//body,'',396,1))"/><!-- ϥ -->
<mark id="tok_89" xlink:href="#xpointer(string-range(//body,'',398,3))"/><!-- ⲛⲏⲩ -->
<mark id="tok_90" xlink:href="#xpointer(string-range(//body,'',402,3))"/><!-- ⲁⲩⲱ -->
<mark id="tok_91" xlink:href="#xpointer(string-range(//body,'',406,3))"/><!-- ϫⲓⲛ -->
<mark id="tok_92" xlink:href="#xpointer(string-range(//body,'',410,5))"/><!-- ⲧⲉⲛⲟⲩ -->
<mark id="tok_93" xlink:href="#xpointer(string-range(//body,'',416,1))"/><!-- ϥ -->
<mark id="tok_94" xlink:href="#xpointer(string-range(//body,'',418,4))"/><!-- ϣⲟⲟⲡ -->
<mark id="tok_95" xlink:href="#xpointer(string-range(//body,'',423,2))"/><!-- ϩⲙ -->
<mark id="tok_96" xlink:href="#xpointer(string-range(//body,'',426,1))"/><!-- ⲡ -->
<mark id="tok_97" xlink:href="#xpointer(string-range(//body,'',428,6))"/><!-- ⲕⲟⲥⲙⲟⲥ -->
<mark id="tok_98" xlink:href="#xpointer(string-range(//body,'',435,5))"/><!-- ⲛⲧⲱⲧⲛ -->
<mark id="tok_99" xlink:href="#xpointer(string-range(//body,'',441,5))"/><!-- ⲛⲧⲉⲧⲛ -->
<mark id="tok_100" xlink:href="#xpointer(string-range(//body,'',447,3))"/><!-- ϩⲉⲛ -->
<mark id="tok_101" xlink:href="#xpointer(string-range(//body,'',451,3))"/><!-- ϫⲡⲟ -->
<mark id="tok_102" xlink:href="#xpointer(string-range(//body,'',455,4))"/><!-- ⲉⲃⲟⲗ -->
<mark id="tok_103" xlink:href="#xpointer(string-range(//body,'',460,2))"/><!-- ϩⲙ -->
<mark id="tok_104" xlink:href="#xpointer(string-range(//body,'',463,1))"/><!-- ⲡ -->
<mark id="tok_105" xlink:href="#xpointer(string-range(//body,'',465,5))"/><!-- ⲛⲟⲩⲧⲉ -->
<mark id="tok_106" xlink:href="#xpointer(string-range(//body,'',471,3))"/><!-- ⲁⲩⲱ -->
<mark id="tok_107" xlink:href="#xpointer(string-range(//body,'',475,1))"/><!-- ⲁ -->
<mark id="tok_108" xlink:href="#xpointer(string-range(//body,'',477,4))"/><!-- ⲧⲉⲧⲛ -->
<mark id="tok_109" xlink:href="#xpointer(string-range(//body,'',482,3))"/><!-- ϫⲣⲟ -->
<mark id="tok_110" xlink:href="#xpointer(string-range(//body,'',486,3))"/><!-- ⲉⲣⲟ -->
<mark id="tok_111" xlink:href="#xpointer(string-range(//body,'',490,2))"/><!-- ⲟⲩ -->
<mark id="tok_112" xlink:href="#xpointer(string-range(//body,'',493,2))"/><!-- ϫⲉ -->
<mark id="tok_113" xlink:href="#xpointer(string-range(//body,'',496,2))"/><!-- ⲟⲩ -->
<mark id="tok_114" xlink:href="#xpointer(string-range(//body,'',499,3))"/><!-- ⲛⲟϭ -->
<mark id="tok_115" xlink:href="#xpointer(string-range(//body,'',503,2))"/><!-- ⲡⲉ -->
<mark id="tok_116" xlink:href="#xpointer(string-range(//body,'',506,8))"/><!-- ⲡⲉⲧⲉⲛϩⲏⲧ -->
<mark id="tok_117" xlink:href="#xpointer(string-range(//body,'',515,5))"/><!-- ⲧⲏⲩⲧⲛ -->
<mark id="tok_118" xlink:href="#xpointer(string-range(//body,'',521,5))"/><!-- ⲉϩⲟⲩⲉ -->
<mark id="tok_119" xlink:href="#xpointer(string-range(//body,'',527,8))"/><!-- ⲡⲉⲧϣϣⲟⲟⲡ -->
<mark id="tok_120" xlink:href="#xpointer(string-range(//body,'',536,2))"/><!-- ϩⲙ -->
<mark id="tok_121" xlink:href="#xpointer(string-range(//body,'',539,1))"/><!-- ⲡ -->
<mark id="tok_122" xlink:href="#xpointer(string-range(//body,'',541,6))"/><!-- ⲕⲟⲥⲙⲟⲥ -->
<mark id="tok_123" xlink:href="#xpointer(string-range(//body,'',548,1))"/><!-- . -->
<mark id="tok_124" xlink:href="#xpointer(string-range(//body,'',550,5))"/><!-- ⲛⲧⲟⲟⲩ -->
<mark id="tok_125" xlink:href="#xpointer(string-range(//body,'',556,2))"/><!-- ⲛⲉ -->
<mark id="tok_126" xlink:href="#xpointer(string-range(//body,'',559,8))"/><!-- ϩⲉⲛⲉⲉⲃⲟⲗ -->
<mark id="tok_127" xlink:href="#xpointer(string-range(//body,'',568,2))"/><!-- ϩⲙ -->
<mark id="tok_128" xlink:href="#xpointer(string-range(//body,'',571,1))"/><!-- ⲡ -->
<mark id="tok_129" xlink:href="#xpointer(string-range(//body,'',573,6))"/><!-- ⲕⲟⲥⲙⲟⲥ -->
<mark id="tok_130" xlink:href="#xpointer(string-range(//body,'',580,2))"/><!-- ⲛⲉ -->
<mark id="tok_131" xlink:href="#xpointer(string-range(//body,'',583,4))"/><!-- ⲉⲧⲃⲉ -->
<mark id="tok_132" xlink:href="#xpointer(string-range(//body,'',588,3))"/><!-- ⲡⲁⲓ -->
<mark id="tok_133" xlink:href="#xpointer(string-range(//body,'',592,1))"/><!-- ⲉ -->
<mark id="tok_134" xlink:href="#xpointer(string-range(//body,'',594,1))"/><!-- ⲩ -->
<mark id="tok_135" xlink:href="#xpointer(string-range(//body,'',596,4))"/><!-- ϣⲁϫⲉ -->
<mark id="tok_136" xlink:href="#xpointer(string-range(//body,'',601,4))"/><!-- ⲉⲃⲟⲗ -->
<mark id="tok_137" xlink:href="#xpointer(string-range(//body,'',606,2))"/><!-- ϩⲙ -->
<mark id="tok_138" xlink:href="#xpointer(string-range(//body,'',609,1))"/><!-- ⲡ -->
<mark id="tok_139" xlink:href="#xpointer(string-range(//body,'',611,6))"/><!-- ⲕⲟⲥⲙⲟⲥ -->
<mark id="tok_140" xlink:href="#xpointer(string-range(//body,'',618,3))"/><!-- ⲁⲩⲱ -->
<mark id="tok_141" xlink:href="#xpointer(string-range(//body,'',622,1))"/><!-- ⲡ -->
<mark id="tok_142" xlink:href="#xpointer(string-range(//body,'',624,6))"/><!-- ⲕⲟⲥⲙⲟⲥ -->
<mark id="tok_143" xlink:href="#xpointer(string-range(//body,'',631,4))"/><!-- ⲥⲱⲧⲙ -->
<mark id="tok_144" xlink:href="#xpointer(string-range(//body,'',636,3))"/><!-- ⲉⲣⲟ -->
<mark id="tok_145" xlink:href="#xpointer(string-range(//body,'',640,2))"/><!-- ⲟⲩ -->
<mark id="tok_146" xlink:href="#xpointer(string-range(//body,'',643,4))"/><!-- ⲁⲛⲟⲛ -->
<mark id="tok_147" xlink:href="#xpointer(string-range(//body,'',648,2))"/><!-- ⲇⲉ -->
<mark id="tok_148" xlink:href="#xpointer(string-range(//body,'',651,3))"/><!-- ⲁⲛⲟ -->
<mark id="tok_149" xlink:href="#xpointer(string-range(//body,'',655,7))"/><!-- ϩⲉⲛⲉⲃⲟⲗ -->
<mark id="tok_150" xlink:href="#xpointer(string-range(//body,'',663,2))"/><!-- ϩⲙ -->
<mark id="tok_151" xlink:href="#xpointer(string-range(//body,'',666,1))"/><!-- ⲡ -->
<mark id="tok_152" xlink:href="#xpointer(string-range(//body,'',668,5))"/><!-- ⲛⲟⲩⲧⲉ -->
<mark id="tok_153" xlink:href="#xpointer(string-range(//body,'',674,1))"/><!-- ⲡ -->
<mark id="tok_154" xlink:href="#xpointer(string-range(//body,'',676,2))"/><!-- ⲉⲧ -->
<mark id="tok_155" xlink:href="#xpointer(string-range(//body,'',679,5))"/><!-- ⲥⲟⲟⲩⲛ -->
<mark id="tok_156" xlink:href="#xpointer(string-range(//body,'',685,1))"/><!-- ⲉ -->
<mark id="tok_157" xlink:href="#xpointer(string-range(//body,'',687,1))"/><!-- ⲡ -->
<mark id="tok_158" xlink:href="#xpointer(string-range(//body,'',689,5))"/><!-- ⲛⲟⲩⲧⲉ -->
<mark id="tok_159" xlink:href="#xpointer(string-range(//body,'',695,1))"/><!-- ϥ -->
<mark id="tok_160" xlink:href="#xpointer(string-range(//body,'',697,4))"/><!-- ⲥⲱⲧⲙ -->
<mark id="tok_161" xlink:href="#xpointer(string-range(//body,'',702,3))"/><!-- ⲉⲣⲟ -->
<mark id="tok_162" xlink:href="#xpointer(string-range(//body,'',706,1))"/><!-- ⲛ -->
<mark id="tok_163" xlink:href="#xpointer(string-range(//body,'',708,4))"/><!-- ⲡⲉⲧⲉ -->
<mark id="tok_164" xlink:href="#xpointer(string-range(//body,'',713,1))"/><!-- ⲛ -->
<mark id="tok_165" xlink:href="#xpointer(string-range(//body,'',715,1))"/><!-- ⲛ -->
<mark id="tok_166" xlink:href="#xpointer(string-range(//body,'',717,3))"/><!-- ⲟⲩⲉ -->
<mark id="tok_167" xlink:href="#xpointer(string-range(//body,'',721,3))"/><!-- ⲃⲟⲗ -->
<mark id="tok_168" xlink:href="#xpointer(string-range(//body,'',725,2))"/><!-- ⲁⲛ -->
<mark id="tok_169" xlink:href="#xpointer(string-range(//body,'',728,2))"/><!-- ϩⲙ -->
<mark id="tok_170" xlink:href="#xpointer(string-range(//body,'',731,1))"/><!-- ⲡ -->
<mark id="tok_171" xlink:href="#xpointer(string-range(//body,'',733,5))"/><!-- ⲛⲟⲩⲧⲉ -->
<mark id="tok_172" xlink:href="#xpointer(string-range(//body,'',739,2))"/><!-- ⲡⲉ -->
<mark id="tok_173" xlink:href="#xpointer(string-range(//body,'',742,1))"/><!-- ⲛ -->
<mark id="tok_174" xlink:href="#xpointer(string-range(//body,'',744,1))"/><!-- ϥ -->
<mark id="tok_175" xlink:href="#xpointer(string-range(//body,'',746,4))"/><!-- ⲥⲱⲧⲙ -->
<mark id="tok_176" xlink:href="#xpointer(string-range(//body,'',751,2))"/><!-- ⲁⲛ -->
<mark id="tok_177" xlink:href="#xpointer(string-range(//body,'',754,3))"/><!-- ⲉⲣⲟ -->
<mark id="tok_178" xlink:href="#xpointer(string-range(//body,'',758,1))"/><!-- ⲛ -->
<mark id="tok_179" xlink:href="#xpointer(string-range(//body,'',760,2))"/><!-- ϩⲙ -->
<mark id="tok_180" xlink:href="#xpointer(string-range(//body,'',763,3))"/><!-- ⲡⲁⲓ -->
<mark id="tok_181" xlink:href="#xpointer(string-range(//body,'',767,7))"/><!-- ⲧⲉⲛⲉⲓⲙⲉ -->
<mark id="tok_182" xlink:href="#xpointer(string-range(//body,'',775,1))"/><!-- ⲉ -->
<mark id="tok_183" xlink:href="#xpointer(string-range(//body,'',777,2))"/><!-- ⲡⲉ -->
<mark id="tok_184" xlink:href="#xpointer(string-range(//body,'',780,6))"/><!-- ⲡⲛⲉⲩⲙⲁ -->
<mark id="tok_185" xlink:href="#xpointer(string-range(//body,'',787,1))"/><!-- ⲛ -->
<mark id="tok_186" xlink:href="#xpointer(string-range(//body,'',789,1))"/><!-- ⲧ -->
<mark id="tok_187" xlink:href="#xpointer(string-range(//body,'',791,2))"/><!-- ⲙⲉ -->
<mark id="tok_188" xlink:href="#xpointer(string-range(//body,'',794,2))"/><!-- ⲙⲛ -->
<mark id="tok_189" xlink:href="#xpointer(string-range(//body,'',797,2))"/><!-- ⲡⲉ -->
<mark id="tok_190" xlink:href="#xpointer(string-range(//body,'',800,6))"/><!-- ⲡⲛⲉⲩⲙⲁ -->
<mark id="tok_191" xlink:href="#xpointer(string-range(//body,'',807,1))"/><!-- ⲛ -->
<mark id="tok_192" xlink:href="#xpointer(string-range(//body,'',809,2))"/><!-- ⲧⲉ -->
<mark id="tok_193" xlink:href="#xpointer(string-range(//body,'',812,5))"/><!-- ⲡⲗⲁⲛⲏ -->
<mark id="tok_194" xlink:href="#xpointer(string-range(//body,'',818,2))"/><!-- ⲛⲁ -->
<mark id="tok_195" xlink:href="#xpointer(string-range(//body,'',821,6))"/><!-- ⲙⲉⲣⲁⲧⲉ -->
<mark id="tok_196" xlink:href="#xpointer(string-range(//body,'',828,4))"/><!-- ⲙⲁⲣⲉ -->
<mark id="tok_197" xlink:href="#xpointer(string-range(//body,'',833,1))"/><!-- ⲛ -->
<mark id="tok_198" xlink:href="#xpointer(string-range(//body,'',835,3))"/><!-- ⲙⲉⲣ -->
<mark id="tok_199" xlink:href="#xpointer(string-range(//body,'',839,1))"/><!-- ⲓ -->
<mark id="tok_200" xlink:href="#xpointer(string-range(//body,'',841,1))"/><!-- ⲛ -->
<mark id="tok_201" xlink:href="#xpointer(string-range(//body,'',843,3))"/><!-- ⲛⲉⲛ -->
<mark id="tok_202" xlink:href="#xpointer(string-range(//body,'',847,4))"/><!-- ⲉⲣⲏⲩ -->
<mark id="tok_203" xlink:href="#xpointer(string-range(//body,'',852,2))"/><!-- ϫⲉ -->
<mark id="tok_204" xlink:href="#xpointer(string-range(//body,'',855,1))"/><!-- ⲧ -->
<mark id="tok_205" xlink:href="#xpointer(string-range(//body,'',857,5))"/><!-- ⲁⲅⲁⲡⲏ -->
<mark id="tok_206" xlink:href="#xpointer(string-range(//body,'',863,6))"/><!-- ⲟⲩⲉⲃⲟⲗ -->
<mark id="tok_207" xlink:href="#xpointer(string-range(//body,'',870,2))"/><!-- ϩⲙ -->
<mark id="tok_208" xlink:href="#xpointer(string-range(//body,'',873,1))"/><!-- ⲡ -->
<mark id="tok_209" xlink:href="#xpointer(string-range(//body,'',875,5))"/><!-- ⲛⲟⲩⲧⲉ -->
<mark id="tok_210" xlink:href="#xpointer(string-range(//body,'',881,2))"/><!-- ⲧⲉ -->
<mark id="tok_211" xlink:href="#xpointer(string-range(//body,'',884,3))"/><!-- ⲁⲩⲱ -->
<mark id="tok_212" xlink:href="#xpointer(string-range(//body,'',888,4))"/><!-- ⲟⲩⲟⲛ -->
<mark id="tok_213" xlink:href="#xpointer(string-range(//body,'',893,3))"/><!-- ⲛⲓⲙ -->
<mark id="tok_214" xlink:href="#xpointer(string-range(//body,'',897,7))"/><!-- ⲛⲧⲁⲅⲁⲡⲁ -->
<mark id="tok_215" xlink:href="#xpointer(string-range(//body,'',905,9))"/><!-- ⲛⲛⲧⲁⲩϫⲡⲟϥ -->
<mark id="tok_216" xlink:href="#xpointer(string-range(//body,'',915,4))"/><!-- ⲉⲃⲟⲗ -->
<mark id="tok_217" xlink:href="#xpointer(string-range(//body,'',920,2))"/><!-- ϩⲙ -->
<mark id="tok_218" xlink:href="#xpointer(string-range(//body,'',923,1))"/><!-- ⲡ -->
<mark id="tok_219" xlink:href="#xpointer(string-range(//body,'',925,5))"/><!-- ⲛⲟⲩⲧⲉ -->
<mark id="tok_220" xlink:href="#xpointer(string-range(//body,'',931,3))"/><!-- ⲁⲩⲱ -->
<mark id="tok_221" xlink:href="#xpointer(string-range(//body,'',935,1))"/><!-- ϥ -->
<mark id="tok_222" xlink:href="#xpointer(string-range(//body,'',937,5))"/><!-- ⲥⲟⲟⲩⲛ -->
<mark id="tok_223" xlink:href="#xpointer(string-range(//body,'',943,1))"/><!-- ⲉ -->
<mark id="tok_224" xlink:href="#xpointer(string-range(//body,'',945,1))"/><!-- ⲡ -->
<mark id="tok_225" xlink:href="#xpointer(string-range(//body,'',947,5))"/><!-- ⲛⲟⲩⲧⲉ -->
<mark id="tok_226" xlink:href="#xpointer(string-range(//body,'',953,4))"/><!-- ⲡⲉⲧⲉ -->
<mark id="tok_227" xlink:href="#xpointer(string-range(//body,'',958,1))"/><!-- ⲛ -->
<mark id="tok_228" xlink:href="#xpointer(string-range(//body,'',960,1))"/><!-- ϥ -->
<mark id="tok_229" xlink:href="#xpointer(string-range(//body,'',962,2))"/><!-- ⲙⲉ -->
<mark id="tok_230" xlink:href="#xpointer(string-range(//body,'',965,2))"/><!-- ⲁⲛ -->
<mark id="tok_231" xlink:href="#xpointer(string-range(//body,'',968,1))"/><!-- ⲛ -->
<mark id="tok_232" xlink:href="#xpointer(string-range(//body,'',970,1))"/><!-- ϥ -->
<mark id="tok_233" xlink:href="#xpointer(string-range(//body,'',972,5))"/><!-- ⲥⲟⲟⲩⲛ -->
<mark id="tok_234" xlink:href="#xpointer(string-range(//body,'',978,2))"/><!-- ⲁⲛ -->
<mark id="tok_235" xlink:href="#xpointer(string-range(//body,'',981,1))"/><!-- ⲙ -->
<mark id="tok_236" xlink:href="#xpointer(string-range(//body,'',983,1))"/><!-- ⲡ -->
<mark id="tok_237" xlink:href="#xpointer(string-range(//body,'',985,5))"/><!-- ⲛⲟⲩⲧⲉ -->
<mark id="tok_238" xlink:href="#xpointer(string-range(//body,'',991,2))"/><!-- ϫⲉ -->
<mark id="tok_239" xlink:href="#xpointer(string-range(//body,'',994,1))"/><!-- ⲡ -->
<mark id="tok_240" xlink:href="#xpointer(string-range(//body,'',996,5))"/><!-- ⲛⲟⲩⲧⲉ -->
<mark id="tok_241" xlink:href="#xpointer(string-range(//body,'',1002,2))"/><!-- ⲡⲉ -->
<mark id="tok_242" xlink:href="#xpointer(string-range(//body,'',1005,1))"/><!-- ⲧ -->
<mark id="tok_243" xlink:href="#xpointer(string-range(//body,'',1007,5))"/><!-- ⲁⲅⲁⲡⲏ -->
<mark id="tok_244" xlink:href="#xpointer(string-range(//body,'',1013,2))"/><!-- ϩⲙ -->
<mark id="tok_245" xlink:href="#xpointer(string-range(//body,'',1016,3))"/><!-- ⲡⲁⲓ -->
<mark id="tok_246" xlink:href="#xpointer(string-range(//body,'',1020,1))"/><!-- ⲁ -->
<mark id="tok_247" xlink:href="#xpointer(string-range(//body,'',1022,1))"/><!-- ⲥ -->
<mark id="tok_248" xlink:href="#xpointer(string-range(//body,'',1024,5))"/><!-- ⲟⲩⲱⲛϩ -->
<mark id="tok_249" xlink:href="#xpointer(string-range(//body,'',1030,4))"/><!-- ⲉⲃⲟⲗ -->
<mark id="tok_250" xlink:href="#xpointer(string-range(//body,'',1035,4))"/><!-- ⲛϩⲏⲧ -->
<mark id="tok_251" xlink:href="#xpointer(string-range(//body,'',1040,1))"/><!-- ⲛ -->
<mark id="tok_252" xlink:href="#xpointer(string-range(//body,'',1042,3))"/><!-- ⲛϭⲓ -->
<mark id="tok_253" xlink:href="#xpointer(string-range(//body,'',1046,1))"/><!-- ⲧ -->
<mark id="tok_254" xlink:href="#xpointer(string-range(//body,'',1048,5))"/><!-- ⲁⲅⲁⲡⲏ -->
<mark id="tok_255" xlink:href="#xpointer(string-range(//body,'',1054,1))"/><!-- ⲙ -->
<mark id="tok_256" xlink:href="#xpointer(string-range(//body,'',1056,1))"/><!-- ⲡ -->
<mark id="tok_257" xlink:href="#xpointer(string-range(//body,'',1058,5))"/><!-- ⲛⲟⲩⲧⲉ -->
<mark id="tok_258" xlink:href="#xpointer(string-range(//body,'',1064,2))"/><!-- ϫⲉ -->
<mark id="tok_259" xlink:href="#xpointer(string-range(//body,'',1067,1))"/><!-- ⲡ -->
<mark id="tok_260" xlink:href="#xpointer(string-range(//body,'',1069,5))"/><!-- ⲛⲟⲩⲧⲉ -->
<mark id="tok_261" xlink:href="#xpointer(string-range(//body,'',1075,1))"/><!-- ⲁ -->
<mark id="tok_262" xlink:href="#xpointer(string-range(//body,'',1077,1))"/><!-- ϥ -->
<mark id="tok_263" xlink:href="#xpointer(string-range(//body,'',1079,6))"/><!-- ⲧⲛⲛⲟⲟⲩ -->
<mark id="tok_264" xlink:href="#xpointer(string-range(//body,'',1086,1))"/><!-- ⲙ -->
<mark id="tok_265" xlink:href="#xpointer(string-range(//body,'',1088,3))"/><!-- ⲡⲉϥ -->
<mark id="tok_266" xlink:href="#xpointer(string-range(//body,'',1092,4))"/><!-- ϣⲏⲣⲉ -->
<mark id="tok_267" xlink:href="#xpointer(string-range(//body,'',1097,1))"/><!-- ⲛ -->
<mark id="tok_268" xlink:href="#xpointer(string-range(//body,'',1099,1))"/><!-- ⲛ -->
<mark id="tok_269" xlink:href="#xpointer(string-range(//body,'',1101,4))"/><!-- ⲟⲩⲱⲧ -->
<mark id="tok_270" xlink:href="#xpointer(string-range(//body,'',1106,5))"/><!-- ⲉϩⲣⲁⲓ -->
<mark id="tok_271" xlink:href="#xpointer(string-range(//body,'',1112,1))"/><!-- ⲉ -->
<mark id="tok_272" xlink:href="#xpointer(string-range(//body,'',1114,1))"/><!-- ⲡ -->
<mark id="tok_273" xlink:href="#xpointer(string-range(//body,'',1116,6))"/><!-- ⲕⲟⲥⲙⲟⲥ -->
<mark id="tok_274" xlink:href="#xpointer(string-range(//body,'',1123,6))"/><!-- ϫⲉⲕⲁⲁⲥ -->
<mark id="tok_275" xlink:href="#xpointer(string-range(//body,'',1130,3))"/><!-- ⲉⲛⲉ -->
<mark id="tok_276" xlink:href="#xpointer(string-range(//body,'',1134,3))"/><!-- ⲱⲛϩ -->
<mark id="tok_277" xlink:href="#xpointer(string-range(//body,'',1138,4))"/><!-- ⲉⲃⲟⲗ -->
<mark id="tok_278" xlink:href="#xpointer(string-range(//body,'',1143,6))"/><!-- ϩⲓⲧⲟⲟⲧ -->
<mark id="tok_279" xlink:href="#xpointer(string-range(//body,'',1150,1))"/><!-- ϥ -->
<mark id="tok_280" xlink:href="#xpointer(string-range(//body,'',1152,3))"/><!-- ⲉⲣⲉ -->
<mark id="tok_281" xlink:href="#xpointer(string-range(//body,'',1156,1))"/><!-- ⲧ -->
<mark id="tok_282" xlink:href="#xpointer(string-range(//body,'',1158,5))"/><!-- ⲁⲅⲁⲡⲏ -->
<mark id="tok_283" xlink:href="#xpointer(string-range(//body,'',1164,1))"/><!-- ⲙ -->
<mark id="tok_284" xlink:href="#xpointer(string-range(//body,'',1166,1))"/><!-- ⲡ -->
<mark id="tok_285" xlink:href="#xpointer(string-range(//body,'',1168,5))"/><!-- ⲛⲟⲩⲧⲉ -->
<mark id="tok_286" xlink:href="#xpointer(string-range(//body,'',1174,4))"/><!-- ϣⲟⲟⲡ -->
<mark id="tok_287" xlink:href="#xpointer(string-range(//body,'',1179,2))"/><!-- ϩⲙ -->
<mark id="tok_288" xlink:href="#xpointer(string-range(//body,'',1182,3))"/><!-- ⲡⲁⲓ -->
<mark id="tok_289" xlink:href="#xpointer(string-range(//body,'',1186,2))"/><!-- ϫⲉ -->
<mark id="tok_290" xlink:href="#xpointer(string-range(//body,'',1189,4))"/><!-- ⲁⲛⲟⲛ -->
<mark id="tok_291" xlink:href="#xpointer(string-range(//body,'',1194,2))"/><!-- ⲁⲛ -->
<mark id="tok_292" xlink:href="#xpointer(string-range(//body,'',1197,1))"/><!-- ⲡ -->
<mark id="tok_293" xlink:href="#xpointer(string-range(//body,'',1199,3))"/><!-- ⲉⲛⲧ -->
<mark id="tok_294" xlink:href="#xpointer(string-range(//body,'',1203,1))"/><!-- ⲁ -->
<mark id="tok_295" xlink:href="#xpointer(string-range(//body,'',1205,1))"/><!-- ⲛ -->
<mark id="tok_296" xlink:href="#xpointer(string-range(//body,'',1207,3))"/><!-- ⲙⲉⲣ -->
<mark id="tok_297" xlink:href="#xpointer(string-range(//body,'',1211,1))"/><!-- ⲓ -->
<mark id="tok_298" xlink:href="#xpointer(string-range(//body,'',1213,1))"/><!-- ⲡ -->
<mark id="tok_299" xlink:href="#xpointer(string-range(//body,'',1215,5))"/><!-- ⲛⲟⲩⲧⲉ -->
<mark id="tok_300" xlink:href="#xpointer(string-range(//body,'',1221,4))"/><!-- ⲁⲗⲗⲁ -->
<mark id="tok_301" xlink:href="#xpointer(string-range(//body,'',1226,4))"/><!-- ⲛⲧⲟϥ -->
<mark id="tok_302" xlink:href="#xpointer(string-range(//body,'',1231,12))"/><!-- ⲡⲉⲛⲧⲁϥⲙⲉⲣⲓⲧⲛ -->
<mark id="tok_303" xlink:href="#xpointer(string-range(//body,'',1244,3))"/><!-- ⲁⲩⲱ -->
<mark id="tok_304" xlink:href="#xpointer(string-range(//body,'',1248,1))"/><!-- ⲁ -->
<mark id="tok_305" xlink:href="#xpointer(string-range(//body,'',1250,1))"/><!-- ϥ -->
<mark id="tok_306" xlink:href="#xpointer(string-range(//body,'',1252,6))"/><!-- ⲧⲛⲛⲟⲟⲩ -->
<mark id="tok_307" xlink:href="#xpointer(string-range(//body,'',1259,1))"/><!-- ⲙ -->
<mark id="tok_308" xlink:href="#xpointer(string-range(//body,'',1261,3))"/><!-- ⲡⲉϥ -->
<mark id="tok_309" xlink:href="#xpointer(string-range(//body,'',1265,4))"/><!-- ϣⲏⲣⲉ -->
<mark id="tok_310" xlink:href="#xpointer(string-range(//body,'',1270,3))"/><!-- ⲛⲕⲱ -->
<mark id="tok_311" xlink:href="#xpointer(string-range(//body,'',1274,4))"/><!-- ⲉⲃⲟⲗ -->
<mark id="tok_312" xlink:href="#xpointer(string-range(//body,'',1279,3))"/><!-- ⲛⲉⲛ -->
<mark id="tok_313" xlink:href="#xpointer(string-range(//body,'',1283,4))"/><!-- ⲛⲟⲃⲉ -->
<mark id="tok_314" xlink:href="#xpointer(string-range(//body,'',1288,2))"/><!-- ⲛⲁ -->
<mark id="tok_315" xlink:href="#xpointer(string-range(//body,'',1291,6))"/><!-- ⲙⲉⲣⲁⲧⲉ -->
<mark id="tok_316" xlink:href="#xpointer(string-range(//body,'',1298,4))"/><!-- ⲉϣϫⲉ -->
<mark id="tok_317" xlink:href="#xpointer(string-range(//body,'',1303,7))"/><!-- ⲁⲡⲛⲟⲩⲧⲉ -->
<mark id="tok_318" xlink:href="#xpointer(string-range(//body,'',1311,6))"/><!-- ⲙⲉⲣⲓⲧⲛ -->
<mark id="tok_319" xlink:href="#xpointer(string-range(//body,'',1318,1))"/><!-- ⲛ -->
<mark id="tok_320" xlink:href="#xpointer(string-range(//body,'',1320,3))"/><!-- ⲧⲉⲓ -->
<mark id="tok_321" xlink:href="#xpointer(string-range(//body,'',1324,2))"/><!-- ϩⲉ -->
<mark id="tok_322" xlink:href="#xpointer(string-range(//body,'',1327,4))"/><!-- ⲁⲛⲟⲛ -->
<mark id="tok_323" xlink:href="#xpointer(string-range(//body,'',1332,3))"/><!-- ϩⲱⲱ -->
<mark id="tok_324" xlink:href="#xpointer(string-range(//body,'',1336,1))"/><!-- ⲛ -->
<mark id="tok_325" xlink:href="#xpointer(string-range(//body,'',1338,3))"/><!-- ϣϣⲉ -->
<mark id="tok_326" xlink:href="#xpointer(string-range(//body,'',1342,3))"/><!-- ⲉⲣⲟ -->
<mark id="tok_327" xlink:href="#xpointer(string-range(//body,'',1346,1))"/><!-- ⲛ -->
<mark id="tok_328" xlink:href="#xpointer(string-range(//body,'',1348,1))"/><!-- ⲉ -->
<mark id="tok_329" xlink:href="#xpointer(string-range(//body,'',1350,3))"/><!-- ⲙⲉⲣ -->
<mark id="tok_330" xlink:href="#xpointer(string-range(//body,'',1354,1))"/><!-- ⲓ -->
<mark id="tok_331" xlink:href="#xpointer(string-range(//body,'',1356,1))"/><!-- ⲛ -->
<mark id="tok_332" xlink:href="#xpointer(string-range(//body,'',1358,3))"/><!-- ⲛⲉⲛ -->
<mark id="tok_333" xlink:href="#xpointer(string-range(//body,'',1362,4))"/><!-- ⲉⲣⲏⲩ -->
<mark id="tok_334" xlink:href="#xpointer(string-range(//body,'',1367,1))"/><!-- ⲡ -->
<mark id="tok_335" xlink:href="#xpointer(string-range(//body,'',1369,5))"/><!-- ⲛⲟⲩⲧⲉ -->
<mark id="tok_336" xlink:href="#xpointer(string-range(//body,'',1375,7))"/><!-- ⲙⲡⲉⲗⲁⲁⲩ -->
<mark id="tok_337" xlink:href="#xpointer(string-range(//body,'',1383,2))"/><!-- ⲛⲁ -->
<mark id="tok_338" xlink:href="#xpointer(string-range(//body,'',1386,1))"/><!-- ⲩ -->
<mark id="tok_339" xlink:href="#xpointer(string-range(//body,'',1388,3))"/><!-- ⲉⲣⲟ -->
<mark id="tok_340" xlink:href="#xpointer(string-range(//body,'',1392,1))"/><!-- ϥ -->
<mark id="tok_341" xlink:href="#xpointer(string-range(//body,'',1394,4))"/><!-- ⲉⲛⲉϩ -->
<mark id="tok_342" xlink:href="#xpointer(string-range(//body,'',1399,5))"/><!-- ⲉϣⲱⲡⲉ -->
<mark id="tok_343" xlink:href="#xpointer(string-range(//body,'',1405,2))"/><!-- ⲇⲉ -->
<mark id="tok_344" xlink:href="#xpointer(string-range(//body,'',1408,5))"/><!-- ⲉⲛϣⲁⲛ -->
<mark id="tok_345" xlink:href="#xpointer(string-range(//body,'',1414,2))"/><!-- ⲙⲉ -->
<mark id="tok_346" xlink:href="#xpointer(string-range(//body,'',1417,2))"/><!-- ⲣⲓ -->
<mark id="tok_347" xlink:href="#xpointer(string-range(//body,'',1420,1))"/><!-- ⲛ -->
<mark id="tok_348" xlink:href="#xpointer(string-range(//body,'',1422,3))"/><!-- ⲛⲉⲛ -->
<mark id="tok_349" xlink:href="#xpointer(string-range(//body,'',1426,4))"/><!-- ⲉⲣⲏⲩ -->
<mark id="tok_350" xlink:href="#xpointer(string-range(//body,'',1431,1))"/><!-- ⲉ -->
<mark id="tok_351" xlink:href="#xpointer(string-range(//body,'',1433,1))"/><!-- ⲓ -->
<mark id="tok_352" xlink:href="#xpointer(string-range(//body,'',1435,1))"/><!-- ⲡ -->
<mark id="tok_353" xlink:href="#xpointer(string-range(//body,'',1437,5))"/><!-- ⲛⲟⲩⲧⲉ -->
<mark id="tok_354" xlink:href="#xpointer(string-range(//body,'',1443,4))"/><!-- ϣⲟⲟⲡ -->
<mark id="tok_355" xlink:href="#xpointer(string-range(//body,'',1448,4))"/><!-- ϩⲣⲁⲓ -->
<mark id="tok_356" xlink:href="#xpointer(string-range(//body,'',1453,4))"/><!-- ⲛϩⲏⲧ -->
<mark id="tok_357" xlink:href="#xpointer(string-range(//body,'',1458,1))"/><!-- ⲛ -->
<mark id="tok_358" xlink:href="#xpointer(string-range(//body,'',1460,3))"/><!-- ⲁⲩⲱ -->
<mark id="tok_359" xlink:href="#xpointer(string-range(//body,'',1464,3))"/><!-- ⲧⲉϥ -->
<mark id="tok_360" xlink:href="#xpointer(string-range(//body,'',1468,5))"/><!-- ⲁⲅⲁⲡⲏ -->
<mark id="tok_361" xlink:href="#xpointer(string-range(//body,'',1474,3))"/><!-- ϫⲏⲕ -->
<mark id="tok_362" xlink:href="#xpointer(string-range(//body,'',1478,4))"/><!-- ⲉⲃⲟⲗ -->
<mark id="tok_363" xlink:href="#xpointer(string-range(//body,'',1483,4))"/><!-- ϩⲣⲁⲓ -->
<mark id="tok_364" xlink:href="#xpointer(string-range(//body,'',1488,4))"/><!-- ⲛϩⲏⲧ -->
<mark id="tok_365" xlink:href="#xpointer(string-range(//body,'',1493,1))"/><!-- ⲛ -->
<mark id="tok_366" xlink:href="#xpointer(string-range(//body,'',1495,2))"/><!-- ϩⲙ -->
<mark id="tok_367" xlink:href="#xpointer(string-range(//body,'',1498,3))"/><!-- ⲡⲁⲓ -->
<mark id="tok_368" xlink:href="#xpointer(string-range(//body,'',1502,7))"/><!-- ⲧⲉⲛⲉⲓⲙⲉ -->
<mark id="tok_369" xlink:href="#xpointer(string-range(//body,'',1510,2))"/><!-- ϫⲉ -->
<mark id="tok_370" xlink:href="#xpointer(string-range(//body,'',1513,7))"/><!-- ⲧⲉⲛϣⲟⲟⲡ -->
<mark id="tok_371" xlink:href="#xpointer(string-range(//body,'',1521,5))"/><!-- ⲉϩⲣⲁⲓ -->
<mark id="tok_372" xlink:href="#xpointer(string-range(//body,'',1527,4))"/><!-- ⲛϩⲏⲧ -->
<mark id="tok_373" xlink:href="#xpointer(string-range(//body,'',1532,1))"/><!-- ϥ -->
<mark id="tok_374" xlink:href="#xpointer(string-range(//body,'',1534,3))"/><!-- ⲁⲩⲱ -->
<mark id="tok_375" xlink:href="#xpointer(string-range(//body,'',1538,4))"/><!-- ⲛⲧⲟϥ -->
<mark id="tok_376" xlink:href="#xpointer(string-range(//body,'',1543,1))"/><!-- ϥ -->
<mark id="tok_377" xlink:href="#xpointer(string-range(//body,'',1545,4))"/><!-- ϣⲟⲟⲡ -->
<mark id="tok_378" xlink:href="#xpointer(string-range(//body,'',1550,4))"/><!-- ϩⲣⲁⲓ -->
<mark id="tok_379" xlink:href="#xpointer(string-range(//body,'',1555,4))"/><!-- ⲛϩⲏⲧ -->
<mark id="tok_380" xlink:href="#xpointer(string-range(//body,'',1560,1))"/><!-- ⲛ -->
<mark id="tok_381" xlink:href="#xpointer(string-range(//body,'',1562,2))"/><!-- ϫⲉ -->
<mark id="tok_382" xlink:href="#xpointer(string-range(//body,'',1565,1))"/><!-- ⲁ -->
<mark id="tok_383" xlink:href="#xpointer(string-range(//body,'',1567,1))"/><!-- ϥ -->
<mark id="tok_384" xlink:href="#xpointer(string-range(//body,'',1569,1))"/><!-- ϯ -->
<mark id="tok_385" xlink:href="#xpointer(string-range(//body,'',1571,2))"/><!-- ⲛⲁ -->
<mark id="tok_386" xlink:href="#xpointer(string-range(//body,'',1574,1))"/><!-- ⲛ -->
<mark id="tok_387" xlink:href="#xpointer(string-range(//body,'',1576,4))"/><!-- ⲉⲃⲟⲗ -->
<mark id="tok_388" xlink:href="#xpointer(string-range(//body,'',1581,2))"/><!-- ϩⲙ -->
<mark id="tok_389" xlink:href="#xpointer(string-range(//body,'',1584,3))"/><!-- ⲡⲉϥ -->
<mark id="tok_390" xlink:href="#xpointer(string-range(//body,'',1588,6))"/><!-- ⲡⲛⲉⲩⲙⲁ -->
<mark id="tok_391" xlink:href="#xpointer(string-range(//body,'',1595,3))"/><!-- ⲁⲩⲱ -->
<mark id="tok_392" xlink:href="#xpointer(string-range(//body,'',1599,4))"/><!-- ⲁⲛⲟⲛ -->
<mark id="tok_393" xlink:href="#xpointer(string-range(//body,'',1604,1))"/><!-- ⲁ -->
<mark id="tok_394" xlink:href="#xpointer(string-range(//body,'',1606,1))"/><!-- ⲛ -->
<mark id="tok_395" xlink:href="#xpointer(string-range(//body,'',1608,3))"/><!-- ⲛⲁⲩ -->
<mark id="tok_396" xlink:href="#xpointer(string-range(//body,'',1612,3))"/><!-- ⲁⲩⲱ -->
<mark id="tok_397" xlink:href="#xpointer(string-range(//body,'',1616,1))"/><!-- ⲁ -->
<mark id="tok_398" xlink:href="#xpointer(string-range(//body,'',1618,1))"/><!-- ⲛ -->
<mark id="tok_399" xlink:href="#xpointer(string-range(//body,'',1620,1))"/><!-- ⲣ -->
<mark id="tok_400" xlink:href="#xpointer(string-range(//body,'',1622,5))"/><!-- ⲙⲛⲧⲣⲉ -->
<mark id="tok_401" xlink:href="#xpointer(string-range(//body,'',1628,2))"/><!-- ϫⲉ -->
<mark id="tok_402" xlink:href="#xpointer(string-range(//body,'',1631,6))"/><!-- ⲁⲡⲉⲓⲱⲧ -->
<mark id="tok_403" xlink:href="#xpointer(string-range(//body,'',1638,6))"/><!-- ⲧⲛⲛⲟⲟⲩ -->
<mark id="tok_404" xlink:href="#xpointer(string-range(//body,'',1645,1))"/><!-- ⲙ -->
<mark id="tok_405" xlink:href="#xpointer(string-range(//body,'',1647,3))"/><!-- ⲡⲉϥ -->
<mark id="tok_406" xlink:href="#xpointer(string-range(//body,'',1651,4))"/><!-- ϣⲏⲣⲉ -->
<mark id="tok_407" xlink:href="#xpointer(string-range(//body,'',1656,6))"/><!-- ⲛⲭⲱⲧⲏⲣ -->
<mark id="tok_408" xlink:href="#xpointer(string-range(//body,'',1663,1))"/><!-- ⲙ -->
<mark id="tok_409" xlink:href="#xpointer(string-range(//body,'',1665,1))"/><!-- ⲡ -->
<mark id="tok_410" xlink:href="#xpointer(string-range(//body,'',1667,6))"/><!-- ⲕⲟⲥⲙⲟⲥ -->
<mark id="tok_411" xlink:href="#xpointer(string-range(//body,'',1674,1))"/><!-- . -->
<mark id="tok_412" xlink:href="#xpointer(string-range(//body,'',1676,14))"/><!-- ⲡⲉⲧⲛⲁϩⲩⲙⲟⲗⲟⲅⲉⲓ -->
<mark id="tok_413" xlink:href="#xpointer(string-range(//body,'',1691,2))"/><!-- ϫⲉ -->
<mark id="tok_414" xlink:href="#xpointer(string-range(//body,'',1694,6))"/><!-- ⲓⲏⲥⲟⲩⲥ -->
<mark id="tok_415" xlink:href="#xpointer(string-range(//body,'',1701,2))"/><!-- ⲡⲉ -->
<mark id="tok_416" xlink:href="#xpointer(string-range(//body,'',1704,1))"/><!-- ⲡ -->
<mark id="tok_417" xlink:href="#xpointer(string-range(//body,'',1706,4))"/><!-- ϣⲏⲣⲉ -->
<mark id="tok_418" xlink:href="#xpointer(string-range(//body,'',1711,1))"/><!-- ⲙ -->
<mark id="tok_419" xlink:href="#xpointer(string-range(//body,'',1713,1))"/><!-- ⲡ -->
<mark id="tok_420" xlink:href="#xpointer(string-range(//body,'',1715,5))"/><!-- ⲛⲟⲩⲧⲉ -->
<mark id="tok_421" xlink:href="#xpointer(string-range(//body,'',1721,1))"/><!-- ⲡ -->
<mark id="tok_422" xlink:href="#xpointer(string-range(//body,'',1723,5))"/><!-- ⲛⲟⲩⲧⲉ -->
<mark id="tok_423" xlink:href="#xpointer(string-range(//body,'',1729,4))"/><!-- ϣⲟⲟⲡ -->
<mark id="tok_424" xlink:href="#xpointer(string-range(//body,'',1734,4))"/><!-- ϩⲣⲁⲓ -->
<mark id="tok_425" xlink:href="#xpointer(string-range(//body,'',1739,4))"/><!-- ⲛϩⲏⲧ -->
<mark id="tok_426" xlink:href="#xpointer(string-range(//body,'',1744,1))"/><!-- ϥ -->
<mark id="tok_427" xlink:href="#xpointer(string-range(//body,'',1746,3))"/><!-- ⲁⲩⲱ -->
<mark id="tok_428" xlink:href="#xpointer(string-range(//body,'',1750,4))"/><!-- ⲛⲧⲟϥ -->
<mark id="tok_429" xlink:href="#xpointer(string-range(//body,'',1755,1))"/><!-- ϥ -->
<mark id="tok_430" xlink:href="#xpointer(string-range(//body,'',1757,4))"/><!-- ϣⲟⲟⲡ -->
<mark id="tok_431" xlink:href="#xpointer(string-range(//body,'',1762,4))"/><!-- ϩⲣⲁⲓ -->
<mark id="tok_432" xlink:href="#xpointer(string-range(//body,'',1767,2))"/><!-- ϩⲙ -->
<mark id="tok_433" xlink:href="#xpointer(string-range(//body,'',1770,1))"/><!-- ⲡ -->
<mark id="tok_434" xlink:href="#xpointer(string-range(//body,'',1772,5))"/><!-- ⲛⲟⲩⲧⲉ -->
<mark id="tok_435" xlink:href="#xpointer(string-range(//body,'',1778,3))"/><!-- ⲁⲩⲱ -->
<mark id="tok_436" xlink:href="#xpointer(string-range(//body,'',1782,4))"/><!-- ⲁⲛⲟⲛ -->
<mark id="tok_437" xlink:href="#xpointer(string-range(//body,'',1787,1))"/><!-- ⲁ -->
<mark id="tok_438" xlink:href="#xpointer(string-range(//body,'',1789,1))"/><!-- ⲛ -->
<mark id="tok_439" xlink:href="#xpointer(string-range(//body,'',1791,4))"/><!-- ⲉⲓⲙⲉ -->
<mark id="tok_440" xlink:href="#xpointer(string-range(//body,'',1796,3))"/><!-- ⲁⲩⲱ -->
<mark id="tok_441" xlink:href="#xpointer(string-range(//body,'',1800,1))"/><!-- ⲁ -->
<mark id="tok_442" xlink:href="#xpointer(string-range(//body,'',1802,1))"/><!-- ⲛ -->
<mark id="tok_443" xlink:href="#xpointer(string-range(//body,'',1804,7))"/><!-- ⲡⲓⲥⲧⲉⲩⲉ -->
<mark id="tok_444" xlink:href="#xpointer(string-range(//body,'',1812,1))"/><!-- ⲉ -->
<mark id="tok_445" xlink:href="#xpointer(string-range(//body,'',1814,1))"/><!-- ⲧ -->
<mark id="tok_446" xlink:href="#xpointer(string-range(//body,'',1816,5))"/><!-- ⲁⲅⲁⲡⲏ -->
<mark id="tok_447" xlink:href="#xpointer(string-range(//body,'',1822,3))"/><!-- ⲉⲧⲉ -->
<mark id="tok_448" xlink:href="#xpointer(string-range(//body,'',1826,5))"/><!-- ⲟⲩⲛⲧⲁ -->
<mark id="tok_449" xlink:href="#xpointer(string-range(//body,'',1832,1))"/><!-- ⲥ -->
<mark id="tok_450" xlink:href="#xpointer(string-range(//body,'',1834,1))"/><!-- ⲡ -->
<mark id="tok_451" xlink:href="#xpointer(string-range(//body,'',1836,5))"/><!-- ⲛⲟⲩⲧⲉ -->
<mark id="tok_452" xlink:href="#xpointer(string-range(//body,'',1842,4))"/><!-- ⲛϩⲏⲧ -->
<mark id="tok_453" xlink:href="#xpointer(string-range(//body,'',1847,1))"/><!-- ⲛ -->
<mark id="tok_454" xlink:href="#xpointer(string-range(//body,'',1849,1))"/><!-- ⲡ -->
<mark id="tok_455" xlink:href="#xpointer(string-range(//body,'',1851,5))"/><!-- ⲛⲟⲩⲧⲉ -->
<mark id="tok_456" xlink:href="#xpointer(string-range(//body,'',1857,2))"/><!-- ⲡⲉ -->
<mark id="tok_457" xlink:href="#xpointer(string-range(//body,'',1860,1))"/><!-- ⲧ -->
<mark id="tok_458" xlink:href="#xpointer(string-range(//body,'',1862,5))"/><!-- ⲁⲅⲁⲡⲏ -->
<mark id="tok_459" xlink:href="#xpointer(string-range(//body,'',1868,3))"/><!-- ⲁⲩⲱ -->
<mark id="tok_460" xlink:href="#xpointer(string-range(//body,'',1872,1))"/><!-- ⲡ -->
<mark id="tok_461" xlink:href="#xpointer(string-range(//body,'',1874,2))"/><!-- ⲉⲧ -->
<mark id="tok_462" xlink:href="#xpointer(string-range(//body,'',1877,4))"/><!-- ϣⲟⲟⲡ -->
<mark id="tok_463" xlink:href="#xpointer(string-range(//body,'',1882,2))"/><!-- ⲏⲛ -->
<mark id="tok_464" xlink:href="#xpointer(string-range(//body,'',1885,1))"/><!-- ⲧ -->
<mark id="tok_465" xlink:href="#xpointer(string-range(//body,'',1887,5))"/><!-- ⲁⲅⲁⲡⲏ -->
<mark id="tok_466" xlink:href="#xpointer(string-range(//body,'',1893,1))"/><!-- ϥ -->
<mark id="tok_467" xlink:href="#xpointer(string-range(//body,'',1895,4))"/><!-- ϣⲟⲟⲡ -->
<mark id="tok_468" xlink:href="#xpointer(string-range(//body,'',1900,4))"/><!-- ϩⲣⲁⲓ -->
<mark id="tok_469" xlink:href="#xpointer(string-range(//body,'',1905,2))"/><!-- ϩⲙ -->
<mark id="tok_470" xlink:href="#xpointer(string-range(//body,'',1908,1))"/><!-- ⲡ -->
<mark id="tok_471" xlink:href="#xpointer(string-range(//body,'',1910,5))"/><!-- ⲛⲟⲩⲧⲉ -->
<mark id="tok_472" xlink:href="#xpointer(string-range(//body,'',1916,3))"/><!-- ⲁⲩⲱ -->
<mark id="tok_473" xlink:href="#xpointer(string-range(//body,'',1920,1))"/><!-- ⲡ -->
<mark id="tok_474" xlink:href="#xpointer(string-range(//body,'',1922,5))"/><!-- ⲛⲟⲩⲧⲉ -->
<mark id="tok_475" xlink:href="#xpointer(string-range(//body,'',1928,4))"/><!-- ϣⲟⲟⲡ -->
<mark id="tok_476" xlink:href="#xpointer(string-range(//body,'',1933,4))"/><!-- ϩⲣⲁⲓ -->
<mark id="tok_477" xlink:href="#xpointer(string-range(//body,'',1938,4))"/><!-- ⲛϩⲏⲧ -->
<mark id="tok_478" xlink:href="#xpointer(string-range(//body,'',1943,1))"/><!-- ϥ -->
<mark id="tok_479" xlink:href="#xpointer(string-range(//body,'',1945,1))"/><!-- . -->
<mark id="tok_480" xlink:href="#xpointer(string-range(//body,'',1947,2))"/><!-- ϩⲙ -->
<mark id="tok_481" xlink:href="#xpointer(string-range(//body,'',1950,3))"/><!-- ⲡⲁⲓ -->
<mark id="tok_482" xlink:href="#xpointer(string-range(//body,'',1954,1))"/><!-- ⲁ -->
<mark id="tok_483" xlink:href="#xpointer(string-range(//body,'',1956,1))"/><!-- ⲥ -->
<mark id="tok_484" xlink:href="#xpointer(string-range(//body,'',1958,3))"/><!-- ϫⲱⲕ -->
<mark id="tok_485" xlink:href="#xpointer(string-range(//body,'',1962,4))"/><!-- ⲉⲃⲟⲗ -->
<mark id="tok_486" xlink:href="#xpointer(string-range(//body,'',1967,3))"/><!-- ⲛϭⲓ -->
<mark id="tok_487" xlink:href="#xpointer(string-range(//body,'',1971,1))"/><!-- ⲧ -->
<mark id="tok_488" xlink:href="#xpointer(string-range(//body,'',1973,5))"/><!-- ⲁⲅⲁⲡⲏ -->
<mark id="tok_489" xlink:href="#xpointer(string-range(//body,'',1979,1))"/><!-- ⲙ -->
<mark id="tok_490" xlink:href="#xpointer(string-range(//body,'',1981,1))"/><!-- ⲡ -->
<mark id="tok_491" xlink:href="#xpointer(string-range(//body,'',1983,5))"/><!-- ⲛⲟⲩⲧⲉ -->
<mark id="tok_492" xlink:href="#xpointer(string-range(//body,'',1989,4))"/><!-- ⲛⲙⲙⲟ -->
<mark id="tok_493" xlink:href="#xpointer(string-range(//body,'',1994,6))"/><!-- ϫⲉⲕⲁⲁⲥ -->
<mark id="tok_494" xlink:href="#xpointer(string-range(//body,'',2001,3))"/><!-- ⲉⲛⲉ -->
<mark id="tok_495" xlink:href="#xpointer(string-range(//body,'',2005,2))"/><!-- ϫⲱ -->
<mark id="tok_496" xlink:href="#xpointer(string-range(//body,'',2008,2))"/><!-- ⲡⲉ -->
<mark id="tok_497" xlink:href="#xpointer(string-range(//body,'',2011,8))"/><!-- ⲉⲩⲟⲩⲛⲧⲁⲛ -->
<mark id="tok_498" xlink:href="#xpointer(string-range(//body,'',2020,3))"/><!-- ⲙⲙⲟ -->
<mark id="tok_499" xlink:href="#xpointer(string-range(//body,'',2024,2))"/><!-- ⲟⲩ -->
<mark id="tok_500" xlink:href="#xpointer(string-range(//body,'',2027,12))"/><!-- ⲛⲛⲟⲩⲡⲁⲣⲣⲏⲥⲓⲁ -->
<mark id="tok_501" xlink:href="#xpointer(string-range(//body,'',2040,2))"/><!-- ϩⲙ -->
<mark id="tok_502" xlink:href="#xpointer(string-range(//body,'',2043,2))"/><!-- ⲡⲉ -->
<mark id="tok_503" xlink:href="#xpointer(string-range(//body,'',2046,4))"/><!-- ϩⲟⲟⲩ -->
<mark id="tok_504" xlink:href="#xpointer(string-range(//body,'',2051,1))"/><!-- ⲛ -->
<mark id="tok_505" xlink:href="#xpointer(string-range(//body,'',2053,2))"/><!-- ⲧⲉ -->
<mark id="tok_506" xlink:href="#xpointer(string-range(//body,'',2056,6))"/><!-- ⲕⲣⲓⲥⲓⲥ -->
<mark id="tok_507" xlink:href="#xpointer(string-range(//body,'',2063,6))"/><!-- ϫⲉⲕⲁⲁⲥ -->
<mark id="tok_508" xlink:href="#xpointer(string-range(//body,'',2070,4))"/><!-- ⲕⲁⲧⲁ -->
<mark id="tok_509" xlink:href="#xpointer(string-range(//body,'',2075,1))"/><!-- ⲧ -->
<mark id="tok_510" xlink:href="#xpointer(string-range(//body,'',2077,2))"/><!-- ϩⲉ -->
<mark id="tok_511" xlink:href="#xpointer(string-range(//body,'',2080,7))"/><!-- ⲉⲧⲉⲣⲉⲡⲏ -->
<mark id="tok_512" xlink:href="#xpointer(string-range(//body,'',2088,4))"/><!-- ϣⲟⲟⲡ -->
<mark id="tok_513" xlink:href="#xpointer(string-range(//body,'',2093,3))"/><!-- ⲙⲙⲟ -->
<mark id="tok_514" xlink:href="#xpointer(string-range(//body,'',2097,1))"/><!-- ⲥ -->
<mark id="tok_515" xlink:href="#xpointer(string-range(//body,'',2099,4))"/><!-- ⲁⲛⲟⲛ -->
<mark id="tok_516" xlink:href="#xpointer(string-range(//body,'',2104,3))"/><!-- ϩⲱⲱ -->
<mark id="tok_517" xlink:href="#xpointer(string-range(//body,'',2108,7))"/><!-- ⲧⲉⲛϣⲱⲡⲉ -->
<mark id="tok_518" xlink:href="#xpointer(string-range(//body,'',2116,2))"/><!-- ϩⲙ -->
<mark id="tok_519" xlink:href="#xpointer(string-range(//body,'',2119,2))"/><!-- ⲡⲓ -->
<mark id="tok_520" xlink:href="#xpointer(string-range(//body,'',2122,6))"/><!-- ⲕⲟⲥⲙⲟⲥ -->
<mark id="tok_521" xlink:href="#xpointer(string-range(//body,'',2129,3))"/><!-- ⲙⲙⲛ -->
<mark id="tok_522" xlink:href="#xpointer(string-range(//body,'',2133,4))"/><!-- ϩⲟⲧⲉ -->
<mark id="tok_523" xlink:href="#xpointer(string-range(//body,'',2138,4))"/><!-- ϣⲟⲟⲡ -->
<mark id="tok_524" xlink:href="#xpointer(string-range(//body,'',2143,2))"/><!-- ⲏⲛ -->
<mark id="tok_525" xlink:href="#xpointer(string-range(//body,'',2146,1))"/><!-- ⲧ -->
<mark id="tok_526" xlink:href="#xpointer(string-range(//body,'',2148,5))"/><!-- ⲁⲅⲁⲡⲏ -->
<mark id="tok_527" xlink:href="#xpointer(string-range(//body,'',2154,4))"/><!-- ⲁⲗⲗⲁ -->
<mark id="tok_528" xlink:href="#xpointer(string-range(//body,'',2159,1))"/><!-- ⲧ -->
<mark id="tok_529" xlink:href="#xpointer(string-range(//body,'',2161,5))"/><!-- ⲁⲅⲁⲡⲏ -->
<mark id="tok_530" xlink:href="#xpointer(string-range(//body,'',2167,2))"/><!-- ⲉⲧ -->
<mark id="tok_531" xlink:href="#xpointer(string-range(//body,'',2170,3))"/><!-- ϫⲏⲕ -->
<mark id="tok_532" xlink:href="#xpointer(string-range(//body,'',2174,4))"/><!-- ⲉⲃⲟⲗ -->
<mark id="tok_533" xlink:href="#xpointer(string-range(//body,'',2179,2))"/><!-- ϣⲁ -->
<mark id="tok_534" xlink:href="#xpointer(string-range(//body,'',2182,1))"/><!-- ⲥ -->
<mark id="tok_535" xlink:href="#xpointer(string-range(//body,'',2184,4))"/><!-- ⲛⲟⲩϫ -->
<mark id="tok_536" xlink:href="#xpointer(string-range(//body,'',2189,4))"/><!-- ⲉⲃⲟⲗ -->
<mark id="tok_537" xlink:href="#xpointer(string-range(//body,'',2194,1))"/><!-- ⲛ -->
<mark id="tok_538" xlink:href="#xpointer(string-range(//body,'',2196,1))"/><!-- ⲧ -->
<mark id="tok_539" xlink:href="#xpointer(string-range(//body,'',2198,4))"/><!-- ϩⲟⲧⲉ -->
<mark id="tok_540" xlink:href="#xpointer(string-range(//body,'',2203,2))"/><!-- ϫⲉ -->
<mark id="tok_541" xlink:href="#xpointer(string-range(//body,'',2206,1))"/><!-- ⲧ -->
<mark id="tok_542" xlink:href="#xpointer(string-range(//body,'',2208,4))"/><!-- ϩⲟⲧⲉ -->
<mark id="tok_543" xlink:href="#xpointer(string-range(//body,'',2213,5))"/><!-- ⲟⲩⲛⲧⲁ -->
<mark id="tok_544" xlink:href="#xpointer(string-range(//body,'',2219,1))"/><!-- ⲥ -->
<mark id="tok_545" xlink:href="#xpointer(string-range(//body,'',2221,3))"/><!-- ⲙⲙⲟ -->
<mark id="tok_546" xlink:href="#xpointer(string-range(//body,'',2225,2))"/><!-- ⲟⲩ -->
<mark id="tok_547" xlink:href="#xpointer(string-range(//body,'',2228,11))"/><!-- ⲛⲛⲟⲩⲕⲟⲗⲁⲥⲓⲥ -->
<mark id="tok_548" xlink:href="#xpointer(string-range(//body,'',2240,3))"/><!-- ⲁⲩⲱ -->
<mark id="tok_549" xlink:href="#xpointer(string-range(//body,'',2244,1))"/><!-- ⲡ -->
<mark id="tok_550" xlink:href="#xpointer(string-range(//body,'',2246,2))"/><!-- ⲉⲧ -->
<mark id="tok_551" xlink:href="#xpointer(string-range(//body,'',2249,1))"/><!-- ⲣ -->
<mark id="tok_552" xlink:href="#xpointer(string-range(//body,'',2251,4))"/><!-- ϩⲟⲧⲉ -->
<mark id="tok_553" xlink:href="#xpointer(string-range(//body,'',2256,5))"/><!-- ⲛϥϫⲏⲕ -->
<mark id="tok_554" xlink:href="#xpointer(string-range(//body,'',2262,2))"/><!-- ⲁⲛ -->
<mark id="tok_555" xlink:href="#xpointer(string-range(//body,'',2265,4))"/><!-- ⲉⲃⲟⲗ -->
<mark id="tok_556" xlink:href="#xpointer(string-range(//body,'',2270,2))"/><!-- ⲏⲛ -->
<mark id="tok_557" xlink:href="#xpointer(string-range(//body,'',2273,1))"/><!-- ⲧ -->
<mark id="tok_558" xlink:href="#xpointer(string-range(//body,'',2275,5))"/><!-- ⲁⲅⲁⲡⲏ -->
<mark id="tok_559" xlink:href="#xpointer(string-range(//body,'',2281,3))"/><!-- ⲁⲩⲱ -->
<mark id="tok_560" xlink:href="#xpointer(string-range(//body,'',2285,7))"/><!-- ⲧⲉⲛⲉⲓⲙⲉ -->
<mark id="tok_561" xlink:href="#xpointer(string-range(//body,'',2293,2))"/><!-- ϫⲉ -->
<mark id="tok_562" xlink:href="#xpointer(string-range(//body,'',2296,4))"/><!-- ⲛⲧⲟϥ -->
<mark id="tok_563" xlink:href="#xpointer(string-range(//body,'',2301,1))"/><!-- ⲛ -->
<mark id="tok_564" xlink:href="#xpointer(string-range(//body,'',2303,4))"/><!-- ϣⲟⲣⲡ -->
<mark id="tok_565" xlink:href="#xpointer(string-range(//body,'',2308,12))"/><!-- ⲡⲉⲛⲧⲁϥⲙⲉⲣⲓⲧⲛ -->
<mark id="tok_566" xlink:href="#xpointer(string-range(//body,'',2321,5))"/><!-- ⲉϣⲱⲡⲉ -->
<mark id="tok_567" xlink:href="#xpointer(string-range(//body,'',2327,9))"/><!-- ⲉⲣⲉϣⲁⲛⲟⲩⲁ -->
<mark id="tok_568" xlink:href="#xpointer(string-range(//body,'',2337,3))"/><!-- ϫⲟⲟ -->
<mark id="tok_569" xlink:href="#xpointer(string-range(//body,'',2341,1))"/><!-- ⲥ -->
<mark id="tok_570" xlink:href="#xpointer(string-range(//body,'',2343,2))"/><!-- ϫⲉ -->
<mark id="tok_571" xlink:href="#xpointer(string-range(//body,'',2346,3))"/><!-- ϯⲙⲉ -->
<mark id="tok_572" xlink:href="#xpointer(string-range(//body,'',2350,1))"/><!-- ⲙ -->
<mark id="tok_573" xlink:href="#xpointer(string-range(//body,'',2352,1))"/><!-- ⲡ -->
<mark id="tok_574" xlink:href="#xpointer(string-range(//body,'',2354,5))"/><!-- ⲛⲟⲩⲧⲉ -->
<mark id="tok_575" xlink:href="#xpointer(string-range(//body,'',2360,1))"/><!-- ⲉ -->
<mark id="tok_576" xlink:href="#xpointer(string-range(//body,'',2362,1))"/><!-- ϥ -->
<mark id="tok_577" xlink:href="#xpointer(string-range(//body,'',2364,5))"/><!-- ⲙⲟⲥⲧⲉ -->
<mark id="tok_578" xlink:href="#xpointer(string-range(//body,'',2370,1))"/><!-- ⲙ -->
<mark id="tok_579" xlink:href="#xpointer(string-range(//body,'',2372,3))"/><!-- ⲡⲉϥ -->
<mark id="tok_580" xlink:href="#xpointer(string-range(//body,'',2376,3))"/><!-- ⲥⲟⲛ -->
<mark id="tok_581" xlink:href="#xpointer(string-range(//body,'',2380,7))"/><!-- ⲟⲩⲣⲉϥϫⲓ -->
<mark id="tok_582" xlink:href="#xpointer(string-range(//body,'',2388,3))"/><!-- ϭⲟⲗ -->
<mark id="tok_583" xlink:href="#xpointer(string-range(//body,'',2392,2))"/><!-- ⲡⲉ -->
<mark id="tok_584" xlink:href="#xpointer(string-range(//body,'',2395,4))"/><!-- ⲡⲉⲧⲉ -->
<mark id="tok_585" xlink:href="#xpointer(string-range(//body,'',2400,1))"/><!-- ⲛ -->
<mark id="tok_586" xlink:href="#xpointer(string-range(//body,'',2402,1))"/><!-- ϥ -->
<mark id="tok_587" xlink:href="#xpointer(string-range(//body,'',2404,2))"/><!-- ⲙⲉ -->
<mark id="tok_588" xlink:href="#xpointer(string-range(//body,'',2407,3))"/><!-- ⲅⲁⲣ -->
<mark id="tok_589" xlink:href="#xpointer(string-range(//body,'',2411,2))"/><!-- ⲁⲛ -->
<mark id="tok_590" xlink:href="#xpointer(string-range(//body,'',2414,1))"/><!-- ⲙ -->
<mark id="tok_591" xlink:href="#xpointer(string-range(//body,'',2416,3))"/><!-- ⲡⲉϥ -->
<mark id="tok_592" xlink:href="#xpointer(string-range(//body,'',2420,3))"/><!-- ⲥⲟⲛ -->
<mark id="tok_593" xlink:href="#xpointer(string-range(//body,'',2424,2))"/><!-- ⲉⲧ -->
<mark id="tok_594" xlink:href="#xpointer(string-range(//body,'',2427,1))"/><!-- ϥ -->
<mark id="tok_595" xlink:href="#xpointer(string-range(//body,'',2429,3))"/><!-- ⲛⲁⲩ -->
<mark id="tok_596" xlink:href="#xpointer(string-range(//body,'',2433,3))"/><!-- ⲉⲣⲟ -->
<mark id="tok_597" xlink:href="#xpointer(string-range(//body,'',2437,1))"/><!-- ϥ -->
<mark id="tok_598" xlink:href="#xpointer(string-range(//body,'',2439,1))"/><!-- ⲙ -->
<mark id="tok_599" xlink:href="#xpointer(string-range(//body,'',2441,1))"/><!-- ⲡ -->
<mark id="tok_600" xlink:href="#xpointer(string-range(//body,'',2443,5))"/><!-- ⲛⲟⲩⲧⲉ -->
<mark id="tok_601" xlink:href="#xpointer(string-range(//body,'',2449,2))"/><!-- ⲇⲉ -->
<mark id="tok_602" xlink:href="#xpointer(string-range(//body,'',2452,2))"/><!-- ⲉⲧ -->
<mark id="tok_603" xlink:href="#xpointer(string-range(//body,'',2455,1))"/><!-- ⲙ -->
<mark id="tok_604" xlink:href="#xpointer(string-range(//body,'',2457,3))"/><!-- ⲡⲉϥ -->
<mark id="tok_605" xlink:href="#xpointer(string-range(//body,'',2461,3))"/><!-- ⲛⲁⲩ -->
<mark id="tok_606" xlink:href="#xpointer(string-range(//body,'',2465,3))"/><!-- ⲉⲣⲟ -->
<mark id="tok_607" xlink:href="#xpointer(string-range(//body,'',2469,1))"/><!-- ϥ -->
<mark id="tok_608" xlink:href="#xpointer(string-range(//body,'',2471,2))"/><!-- ⲙⲛ -->
<mark id="tok_609" xlink:href="#xpointer(string-range(//body,'',2474,1))"/><!-- ϣ -->
<mark id="tok_610" xlink:href="#xpointer(string-range(//body,'',2476,3))"/><!-- ϭⲟⲙ -->
<mark id="tok_611" xlink:href="#xpointer(string-range(//body,'',2480,3))"/><!-- ⲙⲙⲟ -->
<mark id="tok_612" xlink:href="#xpointer(string-range(//body,'',2484,1))"/><!-- ϥ -->
<mark id="tok_613" xlink:href="#xpointer(string-range(//body,'',2486,7))"/><!-- ⲉⲙⲉⲣⲓⲧϥ -->
<mark id="tok_614" xlink:href="#xpointer(string-range(//body,'',2494,3))"/><!-- ⲁⲩⲱ -->
<mark id="tok_615" xlink:href="#xpointer(string-range(//body,'',2498,3))"/><!-- ⲧⲉⲓ -->
<mark id="tok_616" xlink:href="#xpointer(string-range(//body,'',2502,6))"/><!-- ⲉⲛⲧⲟⲗⲏ -->
<mark id="tok_617" xlink:href="#xpointer(string-range(//body,'',2509,1))"/><!-- ⲁ -->
<mark id="tok_618" xlink:href="#xpointer(string-range(//body,'',2511,1))"/><!-- ⲛ -->
<mark id="tok_619" xlink:href="#xpointer(string-range(//body,'',2513,3))"/><!-- ϫⲓⲧ -->
<mark id="tok_620" xlink:href="#xpointer(string-range(//body,'',2517,1))"/><!-- ⲥ -->
<mark id="tok_621" xlink:href="#xpointer(string-range(//body,'',2519,4))"/><!-- ⲉⲃⲟⲗ -->
<mark id="tok_622" xlink:href="#xpointer(string-range(//body,'',2524,6))"/><!-- ϩⲓⲧⲟⲟⲧ -->
<mark id="tok_623" xlink:href="#xpointer(string-range(//body,'',2531,1))"/><!-- ϥ -->
<mark id="tok_624" xlink:href="#xpointer(string-range(//body,'',2533,6))"/><!-- ϫⲉⲕⲁⲁⲥ -->
<mark id="tok_625" xlink:href="#xpointer(string-range(//body,'',2540,1))"/><!-- ⲡ -->
<mark id="tok_626" xlink:href="#xpointer(string-range(//body,'',2542,2))"/><!-- ⲉⲧ -->
<mark id="tok_627" xlink:href="#xpointer(string-range(//body,'',2545,2))"/><!-- ⲙⲉ -->
<mark id="tok_628" xlink:href="#xpointer(string-range(//body,'',2548,1))"/><!-- ⲙ -->
<mark id="tok_629" xlink:href="#xpointer(string-range(//body,'',2550,1))"/><!-- ⲡ -->
<mark id="tok_630" xlink:href="#xpointer(string-range(//body,'',2552,5))"/><!-- ⲛⲟⲩⲧⲉ -->
<mark id="tok_631" xlink:href="#xpointer(string-range(//body,'',2558,3))"/><!-- ⲉϥⲉ -->
<mark id="tok_632" xlink:href="#xpointer(string-range(//body,'',2562,2))"/><!-- ⲙⲉ -->
<mark id="tok_633" xlink:href="#xpointer(string-range(//body,'',2565,2))"/><!-- ⲣⲓ -->
<mark id="tok_634" xlink:href="#xpointer(string-range(//body,'',2568,3))"/><!-- ⲡⲉϥ -->
<mark id="tok_635" xlink:href="#xpointer(string-range(//body,'',2572,3))"/><!-- ⲥⲟⲛ -->
</markList>
</paula>
