<?xml version="1.0" encoding="UTF-8" standalone="no"?>

<!DOCTYPE paula SYSTEM "paula_mark.dtd">
<paula version="1.0">

<header paula_id="sahidica.nt.1_John_4_orig_groupSeg"/>

<markList xmlns:xlink="http://www.w3.org/1999/xlink" type="orig_groupSeg" xml:base="sahidica.nt.1_John_4.tok.xml">
<mark id="orig_group_1" xlink:href="#xpointer(id('tok_1')/range-to(id('tok_2')))"/><!-- ⲛⲁ...ⲙⲉⲣⲁⲧⲉ -->
<mark id="orig_group_3" xlink:href="#tok_3"/><!-- ⲙⲡⲉⲣⲡⲓⲥⲧⲉⲩⲉ -->
<mark id="orig_group_4" xlink:href="#xpointer(id('tok_4')/range-to(id('tok_5')))"/><!-- ⲉ...ⲡⲛⲉⲩⲙⲁ -->
<mark id="orig_group_6" xlink:href="#tok_6"/><!-- ⲛⲓⲙ -->
<mark id="orig_group_7" xlink:href="#tok_7"/><!-- ⲁⲗⲗⲁ -->
<mark id="orig_group_8" xlink:href="#tok_8"/><!-- ⲇⲟⲕⲓⲙⲁⲍⲉ -->
<mark id="orig_group_9" xlink:href="#xpointer(id('tok_9')/range-to(id('tok_11')))"/><!-- ⲛ...ⲡⲛⲉⲩⲙⲁ -->
<mark id="orig_group_12" xlink:href="#tok_12"/><!-- ϫⲉ -->
<mark id="orig_group_13" xlink:href="#tok_13"/><!-- ⲉⲛⲉ -->
<mark id="orig_group_14" xlink:href="#tok_14"/><!-- ϩⲉⲛⲉⲃⲟⲗ -->
<mark id="orig_group_15" xlink:href="#tok_15"/><!-- ⲏⲛ -->
<mark id="orig_group_16" xlink:href="#xpointer(id('tok_16')/range-to(id('tok_17')))"/><!-- ⲡ...ⲛⲟⲩⲧⲉ -->
<mark id="orig_group_18" xlink:href="#tok_18"/><!-- ⲛⲉ -->
<mark id="orig_group_19" xlink:href="#tok_19"/><!-- ϫⲉ -->
<mark id="orig_group_20" xlink:href="#tok_20"/><!-- ⲁϩⲁϩ -->
<mark id="orig_group_21" xlink:href="#xpointer(id('tok_21')/range-to(id('tok_22')))"/><!-- ⲙ...ⲡⲣⲟⲫⲏⲧⲏⲥ -->
<mark id="orig_group_23" xlink:href="#tok_23"/><!-- ⲛⲛⲟⲩϫ -->
<mark id="orig_group_24" xlink:href="#xpointer(id('tok_24')/range-to(id('tok_25')))"/><!-- ⲉ...ⲓ -->
<mark id="orig_group_26" xlink:href="#tok_26"/><!-- ⲉⲃⲟⲗ -->
<mark id="orig_group_27" xlink:href="#tok_27"/><!-- ϩⲙ -->
<mark id="orig_group_28" xlink:href="#xpointer(id('tok_28')/range-to(id('tok_29')))"/><!-- ⲡ...ⲕⲟⲥⲙⲟⲥ -->
<mark id="orig_group_30" xlink:href="#tok_30"/><!-- ϩⲙ -->
<mark id="orig_group_31" xlink:href="#tok_31"/><!-- ⲡⲁⲓ -->
<mark id="orig_group_32" xlink:href="#xpointer(id('tok_32')/range-to(id('tok_33')))"/><!-- ⲥ...ⲟⲩⲉⲛ -->
<mark id="orig_group_34" xlink:href="#xpointer(id('tok_34')/range-to(id('tok_35')))"/><!-- ⲡⲉ...ⲡⲛⲉⲩⲙⲁ -->
<mark id="orig_group_36" xlink:href="#xpointer(id('tok_36')/range-to(id('tok_38')))"/><!-- ⲙ...ⲛⲟⲩⲧⲉ -->
<mark id="orig_group_39" xlink:href="#tok_39"/><!-- ⲙⲛ -->
<mark id="orig_group_40" xlink:href="#xpointer(id('tok_40')/range-to(id('tok_41')))"/><!-- ⲡⲉ...ⲡⲛⲉⲩⲙⲁ -->
<mark id="orig_group_42" xlink:href="#xpointer(id('tok_42')/range-to(id('tok_44')))"/><!-- ⲛ...ⲡⲗⲁⲛⲏ -->
<mark id="orig_group_45" xlink:href="#tok_45"/><!-- ϫⲉ -->
<mark id="orig_group_46" xlink:href="#tok_46"/><!-- ⲡⲛⲉⲩⲙⲁ -->
<mark id="orig_group_47" xlink:href="#tok_47"/><!-- ⲛⲓⲙ -->
<mark id="orig_group_48" xlink:href="#xpointer(id('tok_48')/range-to(id('tok_49')))"/><!-- ⲉⲧ...ϩⲟⲙⲟⲗⲟⲅⲉⲓ -->
<mark id="orig_group_50" xlink:href="#tok_50"/><!-- ⲛⲓⲥ -->
<mark id="orig_group_51" xlink:href="#xpointer(id('tok_51')/range-to(id('tok_52')))"/><!-- ⲡⲉ...ⲭⲣⲓⲥⲧⲟⲥ -->
<mark id="orig_group_53" xlink:href="#tok_53"/><!-- ϫⲉ -->
<mark id="orig_group_54" xlink:href="#xpointer(id('tok_54')/range-to(id('tok_56')))"/><!-- ⲁ...ⲉⲓ -->
<mark id="orig_group_57" xlink:href="#tok_57"/><!-- ⲏⲛ -->
<mark id="orig_group_58" xlink:href="#xpointer(id('tok_58')/range-to(id('tok_59')))"/><!-- ⲧ...ⲥⲁⲣⲝ -->
<mark id="orig_group_60" xlink:href="#tok_60"/><!-- ⲟⲩⲉⲃⲟⲗ -->
<mark id="orig_group_61" xlink:href="#tok_61"/><!-- ϩⲙ -->
<mark id="orig_group_62" xlink:href="#xpointer(id('tok_62')/range-to(id('tok_63')))"/><!-- ⲡ...ⲛⲟⲩⲧⲉ -->
<mark id="orig_group_64" xlink:href="#tok_64"/><!-- ⲡⲉ -->
<mark id="orig_group_65" xlink:href="#tok_65"/><!-- ⲁⲩⲱ -->
<mark id="orig_group_66" xlink:href="#tok_66"/><!-- ⲡⲛⲉⲩⲙⲁ -->
<mark id="orig_group_67" xlink:href="#tok_67"/><!-- ⲛⲓⲙ -->
<mark id="orig_group_68" xlink:href="#tok_68"/><!-- ⲉⲧ -->
<mark id="orig_group_69" xlink:href="#xpointer(id('tok_69')/range-to(id('tok_71')))"/><!-- ⲛ...ϩⲟⲙⲟⲗⲟⲅⲉⲓ -->
<mark id="orig_group_72" xlink:href="#tok_72"/><!-- ⲁⲛ -->
<mark id="orig_group_73" xlink:href="#tok_73"/><!-- ⲛⲓⲥ -->
<mark id="orig_group_74" xlink:href="#xpointer(id('tok_74')/range-to(id('tok_75')))"/><!-- ⲡⲉ...ⲭⲣⲓⲥⲧⲟⲥ -->
<mark id="orig_group_76" xlink:href="#tok_76"/><!-- ⲛⲟⲩⲉⲃⲟⲗ -->
<mark id="orig_group_77" xlink:href="#tok_77"/><!-- ⲁⲛ -->
<mark id="orig_group_78" xlink:href="#tok_78"/><!-- ϩⲙ -->
<mark id="orig_group_79" xlink:href="#xpointer(id('tok_79')/range-to(id('tok_80')))"/><!-- ⲡ...ⲛⲟⲩⲧⲉ -->
<mark id="orig_group_81" xlink:href="#tok_81"/><!-- ⲡⲉ -->
<mark id="orig_group_82" xlink:href="#tok_82"/><!-- ⲁⲩⲱ -->
<mark id="orig_group_83" xlink:href="#tok_83"/><!-- ⲡⲁⲓ -->
<mark id="orig_group_84" xlink:href="#tok_84"/><!-- ⲡⲉ -->
<mark id="orig_group_85" xlink:href="#tok_85"/><!-- ⲡⲁⲛⲧⲓⲭⲣⲓⲏⲥⲟⲩⲥⲧⲟⲥ -->
<mark id="orig_group_86" xlink:href="#tok_86"/><!-- ⲡⲉⲧⲁⲧⲉⲛⲥⲱⲧⲙ -->
<mark id="orig_group_87" xlink:href="#tok_87"/><!-- ϫⲉ -->
<mark id="orig_group_88" xlink:href="#xpointer(id('tok_88')/range-to(id('tok_89')))"/><!-- ϥ...ⲛⲏⲩ -->
<mark id="orig_group_90" xlink:href="#tok_90"/><!-- ⲁⲩⲱ -->
<mark id="orig_group_91" xlink:href="#tok_91"/><!-- ϫⲓⲛ -->
<mark id="orig_group_92" xlink:href="#tok_92"/><!-- ⲧⲉⲛⲟⲩ -->
<mark id="orig_group_93" xlink:href="#xpointer(id('tok_93')/range-to(id('tok_94')))"/><!-- ϥ...ϣⲟⲟⲡ -->
<mark id="orig_group_95" xlink:href="#tok_95"/><!-- ϩⲙ -->
<mark id="orig_group_96" xlink:href="#xpointer(id('tok_96')/range-to(id('tok_97')))"/><!-- ⲡ...ⲕⲟⲥⲙⲟⲥ -->
<mark id="orig_group_98" xlink:href="#tok_98"/><!-- ⲛⲧⲱⲧⲛ -->
<mark id="orig_group_99" xlink:href="#tok_99"/><!-- ⲛⲧⲉⲧⲛ -->
<mark id="orig_group_100" xlink:href="#xpointer(id('tok_100')/range-to(id('tok_101')))"/><!-- ϩⲉⲛ...ϫⲡⲟ -->
<mark id="orig_group_102" xlink:href="#tok_102"/><!-- ⲉⲃⲟⲗ -->
<mark id="orig_group_103" xlink:href="#tok_103"/><!-- ϩⲙ -->
<mark id="orig_group_104" xlink:href="#xpointer(id('tok_104')/range-to(id('tok_105')))"/><!-- ⲡ...ⲛⲟⲩⲧⲉ -->
<mark id="orig_group_106" xlink:href="#tok_106"/><!-- ⲁⲩⲱ -->
<mark id="orig_group_107" xlink:href="#xpointer(id('tok_107')/range-to(id('tok_109')))"/><!-- ⲁ...ϫⲣⲟ -->
<mark id="orig_group_110" xlink:href="#xpointer(id('tok_110')/range-to(id('tok_111')))"/><!-- ⲉⲣⲟ...ⲟⲩ -->
<mark id="orig_group_112" xlink:href="#tok_112"/><!-- ϫⲉ -->
<mark id="orig_group_113" xlink:href="#xpointer(id('tok_113')/range-to(id('tok_114')))"/><!-- ⲟⲩ...ⲛⲟϭ -->
<mark id="orig_group_115" xlink:href="#tok_115"/><!-- ⲡⲉ -->
<mark id="orig_group_116" xlink:href="#tok_116"/><!-- ⲡⲉⲧⲉⲛϩⲏⲧ -->
<mark id="orig_group_117" xlink:href="#tok_117"/><!-- ⲧⲏⲩⲧⲛ -->
<mark id="orig_group_118" xlink:href="#tok_118"/><!-- ⲉϩⲟⲩⲉ -->
<mark id="orig_group_119" xlink:href="#tok_119"/><!-- ⲡⲉⲧϣϣⲟⲟⲡ -->
<mark id="orig_group_120" xlink:href="#tok_120"/><!-- ϩⲙ -->
<mark id="orig_group_121" xlink:href="#xpointer(id('tok_121')/range-to(id('tok_122')))"/><!-- ⲡ...ⲕⲟⲥⲙⲟⲥ -->
<mark id="orig_group_123" xlink:href="#tok_123"/><!-- . -->
<mark id="orig_group_124" xlink:href="#tok_124"/><!-- ⲛⲧⲟⲟⲩ -->
<mark id="orig_group_125" xlink:href="#tok_125"/><!-- ⲛⲉ -->
<mark id="orig_group_126" xlink:href="#tok_126"/><!-- ϩⲉⲛⲉⲉⲃⲟⲗ -->
<mark id="orig_group_127" xlink:href="#tok_127"/><!-- ϩⲙ -->
<mark id="orig_group_128" xlink:href="#xpointer(id('tok_128')/range-to(id('tok_129')))"/><!-- ⲡ...ⲕⲟⲥⲙⲟⲥ -->
<mark id="orig_group_130" xlink:href="#tok_130"/><!-- ⲛⲉ -->
<mark id="orig_group_131" xlink:href="#tok_131"/><!-- ⲉⲧⲃⲉ -->
<mark id="orig_group_132" xlink:href="#tok_132"/><!-- ⲡⲁⲓ -->
<mark id="orig_group_133" xlink:href="#xpointer(id('tok_133')/range-to(id('tok_135')))"/><!-- ⲉ...ϣⲁϫⲉ -->
<mark id="orig_group_136" xlink:href="#tok_136"/><!-- ⲉⲃⲟⲗ -->
<mark id="orig_group_137" xlink:href="#tok_137"/><!-- ϩⲙ -->
<mark id="orig_group_138" xlink:href="#xpointer(id('tok_138')/range-to(id('tok_139')))"/><!-- ⲡ...ⲕⲟⲥⲙⲟⲥ -->
<mark id="orig_group_140" xlink:href="#tok_140"/><!-- ⲁⲩⲱ -->
<mark id="orig_group_141" xlink:href="#xpointer(id('tok_141')/range-to(id('tok_142')))"/><!-- ⲡ...ⲕⲟⲥⲙⲟⲥ -->
<mark id="orig_group_143" xlink:href="#tok_143"/><!-- ⲥⲱⲧⲙ -->
<mark id="orig_group_144" xlink:href="#xpointer(id('tok_144')/range-to(id('tok_145')))"/><!-- ⲉⲣⲟ...ⲟⲩ -->
<mark id="orig_group_146" xlink:href="#tok_146"/><!-- ⲁⲛⲟⲛ -->
<mark id="orig_group_147" xlink:href="#tok_147"/><!-- ⲇⲉ -->
<mark id="orig_group_148" xlink:href="#tok_148"/><!-- ⲁⲛⲟ -->
<mark id="orig_group_149" xlink:href="#tok_149"/><!-- ϩⲉⲛⲉⲃⲟⲗ -->
<mark id="orig_group_150" xlink:href="#tok_150"/><!-- ϩⲙ -->
<mark id="orig_group_151" xlink:href="#xpointer(id('tok_151')/range-to(id('tok_152')))"/><!-- ⲡ...ⲛⲟⲩⲧⲉ -->
<mark id="orig_group_153" xlink:href="#xpointer(id('tok_153')/range-to(id('tok_155')))"/><!-- ⲡ...ⲥⲟⲟⲩⲛ -->
<mark id="orig_group_156" xlink:href="#xpointer(id('tok_156')/range-to(id('tok_158')))"/><!-- ⲉ...ⲛⲟⲩⲧⲉ -->
<mark id="orig_group_159" xlink:href="#xpointer(id('tok_159')/range-to(id('tok_160')))"/><!-- ϥ...ⲥⲱⲧⲙ -->
<mark id="orig_group_161" xlink:href="#xpointer(id('tok_161')/range-to(id('tok_162')))"/><!-- ⲉⲣⲟ...ⲛ -->
<mark id="orig_group_163" xlink:href="#tok_163"/><!-- ⲡⲉⲧⲉ -->
<mark id="orig_group_164" xlink:href="#xpointer(id('tok_164')/range-to(id('tok_167')))"/><!-- ⲛ...ⲃⲟⲗ -->
<mark id="orig_group_168" xlink:href="#tok_168"/><!-- ⲁⲛ -->
<mark id="orig_group_169" xlink:href="#tok_169"/><!-- ϩⲙ -->
<mark id="orig_group_170" xlink:href="#xpointer(id('tok_170')/range-to(id('tok_171')))"/><!-- ⲡ...ⲛⲟⲩⲧⲉ -->
<mark id="orig_group_172" xlink:href="#tok_172"/><!-- ⲡⲉ -->
<mark id="orig_group_173" xlink:href="#xpointer(id('tok_173')/range-to(id('tok_175')))"/><!-- ⲛ...ⲥⲱⲧⲙ -->
<mark id="orig_group_176" xlink:href="#tok_176"/><!-- ⲁⲛ -->
<mark id="orig_group_177" xlink:href="#xpointer(id('tok_177')/range-to(id('tok_178')))"/><!-- ⲉⲣⲟ...ⲛ -->
<mark id="orig_group_179" xlink:href="#tok_179"/><!-- ϩⲙ -->
<mark id="orig_group_180" xlink:href="#tok_180"/><!-- ⲡⲁⲓ -->
<mark id="orig_group_181" xlink:href="#tok_181"/><!-- ⲧⲉⲛⲉⲓⲙⲉ -->
<mark id="orig_group_182" xlink:href="#xpointer(id('tok_182')/range-to(id('tok_184')))"/><!-- ⲉ...ⲡⲛⲉⲩⲙⲁ -->
<mark id="orig_group_185" xlink:href="#xpointer(id('tok_185')/range-to(id('tok_187')))"/><!-- ⲛ...ⲙⲉ -->
<mark id="orig_group_188" xlink:href="#tok_188"/><!-- ⲙⲛ -->
<mark id="orig_group_189" xlink:href="#xpointer(id('tok_189')/range-to(id('tok_190')))"/><!-- ⲡⲉ...ⲡⲛⲉⲩⲙⲁ -->
<mark id="orig_group_191" xlink:href="#xpointer(id('tok_191')/range-to(id('tok_193')))"/><!-- ⲛ...ⲡⲗⲁⲛⲏ -->
<mark id="orig_group_194" xlink:href="#xpointer(id('tok_194')/range-to(id('tok_195')))"/><!-- ⲛⲁ...ⲙⲉⲣⲁⲧⲉ -->
<mark id="orig_group_196" xlink:href="#xpointer(id('tok_196')/range-to(id('tok_199')))"/><!-- ⲙⲁⲣⲉ...ⲓ -->
<mark id="orig_group_200" xlink:href="#xpointer(id('tok_200')/range-to(id('tok_202')))"/><!-- ⲛ...ⲉⲣⲏⲩ -->
<mark id="orig_group_203" xlink:href="#tok_203"/><!-- ϫⲉ -->
<mark id="orig_group_204" xlink:href="#xpointer(id('tok_204')/range-to(id('tok_205')))"/><!-- ⲧ...ⲁⲅⲁⲡⲏ -->
<mark id="orig_group_206" xlink:href="#tok_206"/><!-- ⲟⲩⲉⲃⲟⲗ -->
<mark id="orig_group_207" xlink:href="#tok_207"/><!-- ϩⲙ -->
<mark id="orig_group_208" xlink:href="#xpointer(id('tok_208')/range-to(id('tok_209')))"/><!-- ⲡ...ⲛⲟⲩⲧⲉ -->
<mark id="orig_group_210" xlink:href="#tok_210"/><!-- ⲧⲉ -->
<mark id="orig_group_211" xlink:href="#tok_211"/><!-- ⲁⲩⲱ -->
<mark id="orig_group_212" xlink:href="#tok_212"/><!-- ⲟⲩⲟⲛ -->
<mark id="orig_group_213" xlink:href="#tok_213"/><!-- ⲛⲓⲙ -->
<mark id="orig_group_214" xlink:href="#tok_214"/><!-- ⲛⲧⲁⲅⲁⲡⲁ -->
<mark id="orig_group_215" xlink:href="#tok_215"/><!-- ⲛⲛⲧⲁⲩϫⲡⲟϥ -->
<mark id="orig_group_216" xlink:href="#tok_216"/><!-- ⲉⲃⲟⲗ -->
<mark id="orig_group_217" xlink:href="#tok_217"/><!-- ϩⲙ -->
<mark id="orig_group_218" xlink:href="#xpointer(id('tok_218')/range-to(id('tok_219')))"/><!-- ⲡ...ⲛⲟⲩⲧⲉ -->
<mark id="orig_group_220" xlink:href="#tok_220"/><!-- ⲁⲩⲱ -->
<mark id="orig_group_221" xlink:href="#xpointer(id('tok_221')/range-to(id('tok_222')))"/><!-- ϥ...ⲥⲟⲟⲩⲛ -->
<mark id="orig_group_223" xlink:href="#xpointer(id('tok_223')/range-to(id('tok_225')))"/><!-- ⲉ...ⲛⲟⲩⲧⲉ -->
<mark id="orig_group_226" xlink:href="#tok_226"/><!-- ⲡⲉⲧⲉ -->
<mark id="orig_group_227" xlink:href="#xpointer(id('tok_227')/range-to(id('tok_229')))"/><!-- ⲛ...ⲙⲉ -->
<mark id="orig_group_230" xlink:href="#tok_230"/><!-- ⲁⲛ -->
<mark id="orig_group_231" xlink:href="#xpointer(id('tok_231')/range-to(id('tok_233')))"/><!-- ⲛ...ⲥⲟⲟⲩⲛ -->
<mark id="orig_group_234" xlink:href="#tok_234"/><!-- ⲁⲛ -->
<mark id="orig_group_235" xlink:href="#xpointer(id('tok_235')/range-to(id('tok_237')))"/><!-- ⲙ...ⲛⲟⲩⲧⲉ -->
<mark id="orig_group_238" xlink:href="#tok_238"/><!-- ϫⲉ -->
<mark id="orig_group_239" xlink:href="#xpointer(id('tok_239')/range-to(id('tok_240')))"/><!-- ⲡ...ⲛⲟⲩⲧⲉ -->
<mark id="orig_group_241" xlink:href="#tok_241"/><!-- ⲡⲉ -->
<mark id="orig_group_242" xlink:href="#xpointer(id('tok_242')/range-to(id('tok_243')))"/><!-- ⲧ...ⲁⲅⲁⲡⲏ -->
<mark id="orig_group_244" xlink:href="#tok_244"/><!-- ϩⲙ -->
<mark id="orig_group_245" xlink:href="#tok_245"/><!-- ⲡⲁⲓ -->
<mark id="orig_group_246" xlink:href="#xpointer(id('tok_246')/range-to(id('tok_248')))"/><!-- ⲁ...ⲟⲩⲱⲛϩ -->
<mark id="orig_group_249" xlink:href="#tok_249"/><!-- ⲉⲃⲟⲗ -->
<mark id="orig_group_250" xlink:href="#xpointer(id('tok_250')/range-to(id('tok_251')))"/><!-- ⲛϩⲏⲧ...ⲛ -->
<mark id="orig_group_252" xlink:href="#tok_252"/><!-- ⲛϭⲓ -->
<mark id="orig_group_253" xlink:href="#xpointer(id('tok_253')/range-to(id('tok_254')))"/><!-- ⲧ...ⲁⲅⲁⲡⲏ -->
<mark id="orig_group_255" xlink:href="#xpointer(id('tok_255')/range-to(id('tok_257')))"/><!-- ⲙ...ⲛⲟⲩⲧⲉ -->
<mark id="orig_group_258" xlink:href="#tok_258"/><!-- ϫⲉ -->
<mark id="orig_group_259" xlink:href="#xpointer(id('tok_259')/range-to(id('tok_260')))"/><!-- ⲡ...ⲛⲟⲩⲧⲉ -->
<mark id="orig_group_261" xlink:href="#xpointer(id('tok_261')/range-to(id('tok_263')))"/><!-- ⲁ...ⲧⲛⲛⲟⲟⲩ -->
<mark id="orig_group_264" xlink:href="#xpointer(id('tok_264')/range-to(id('tok_266')))"/><!-- ⲙ...ϣⲏⲣⲉ -->
<mark id="orig_group_267" xlink:href="#xpointer(id('tok_267')/range-to(id('tok_269')))"/><!-- ⲛ...ⲟⲩⲱⲧ -->
<mark id="orig_group_270" xlink:href="#tok_270"/><!-- ⲉϩⲣⲁⲓ -->
<mark id="orig_group_271" xlink:href="#xpointer(id('tok_271')/range-to(id('tok_273')))"/><!-- ⲉ...ⲕⲟⲥⲙⲟⲥ -->
<mark id="orig_group_274" xlink:href="#tok_274"/><!-- ϫⲉⲕⲁⲁⲥ -->
<mark id="orig_group_275" xlink:href="#xpointer(id('tok_275')/range-to(id('tok_276')))"/><!-- ⲉⲛⲉ...ⲱⲛϩ -->
<mark id="orig_group_277" xlink:href="#tok_277"/><!-- ⲉⲃⲟⲗ -->
<mark id="orig_group_278" xlink:href="#xpointer(id('tok_278')/range-to(id('tok_279')))"/><!-- ϩⲓⲧⲟⲟⲧ...ϥ -->
<mark id="orig_group_280" xlink:href="#tok_280"/><!-- ⲉⲣⲉ -->
<mark id="orig_group_281" xlink:href="#xpointer(id('tok_281')/range-to(id('tok_282')))"/><!-- ⲧ...ⲁⲅⲁⲡⲏ -->
<mark id="orig_group_283" xlink:href="#xpointer(id('tok_283')/range-to(id('tok_285')))"/><!-- ⲙ...ⲛⲟⲩⲧⲉ -->
<mark id="orig_group_286" xlink:href="#tok_286"/><!-- ϣⲟⲟⲡ -->
<mark id="orig_group_287" xlink:href="#tok_287"/><!-- ϩⲙ -->
<mark id="orig_group_288" xlink:href="#tok_288"/><!-- ⲡⲁⲓ -->
<mark id="orig_group_289" xlink:href="#tok_289"/><!-- ϫⲉ -->
<mark id="orig_group_290" xlink:href="#tok_290"/><!-- ⲁⲛⲟⲛ -->
<mark id="orig_group_291" xlink:href="#tok_291"/><!-- ⲁⲛ -->
<mark id="orig_group_292" xlink:href="#xpointer(id('tok_292')/range-to(id('tok_297')))"/><!-- ⲡ...ⲓ -->
<mark id="orig_group_298" xlink:href="#xpointer(id('tok_298')/range-to(id('tok_299')))"/><!-- ⲡ...ⲛⲟⲩⲧⲉ -->
<mark id="orig_group_300" xlink:href="#tok_300"/><!-- ⲁⲗⲗⲁ -->
<mark id="orig_group_301" xlink:href="#tok_301"/><!-- ⲛⲧⲟϥ -->
<mark id="orig_group_302" xlink:href="#tok_302"/><!-- ⲡⲉⲛⲧⲁϥⲙⲉⲣⲓⲧⲛ -->
<mark id="orig_group_303" xlink:href="#tok_303"/><!-- ⲁⲩⲱ -->
<mark id="orig_group_304" xlink:href="#xpointer(id('tok_304')/range-to(id('tok_306')))"/><!-- ⲁ...ⲧⲛⲛⲟⲟⲩ -->
<mark id="orig_group_307" xlink:href="#xpointer(id('tok_307')/range-to(id('tok_309')))"/><!-- ⲙ...ϣⲏⲣⲉ -->
<mark id="orig_group_310" xlink:href="#tok_310"/><!-- ⲛⲕⲱ -->
<mark id="orig_group_311" xlink:href="#tok_311"/><!-- ⲉⲃⲟⲗ -->
<mark id="orig_group_312" xlink:href="#xpointer(id('tok_312')/range-to(id('tok_313')))"/><!-- ⲛⲉⲛ...ⲛⲟⲃⲉ -->
<mark id="orig_group_314" xlink:href="#xpointer(id('tok_314')/range-to(id('tok_315')))"/><!-- ⲛⲁ...ⲙⲉⲣⲁⲧⲉ -->
<mark id="orig_group_316" xlink:href="#tok_316"/><!-- ⲉϣϫⲉ -->
<mark id="orig_group_317" xlink:href="#tok_317"/><!-- ⲁⲡⲛⲟⲩⲧⲉ -->
<mark id="orig_group_318" xlink:href="#tok_318"/><!-- ⲙⲉⲣⲓⲧⲛ -->
<mark id="orig_group_319" xlink:href="#xpointer(id('tok_319')/range-to(id('tok_321')))"/><!-- ⲛ...ϩⲉ -->
<mark id="orig_group_322" xlink:href="#tok_322"/><!-- ⲁⲛⲟⲛ -->
<mark id="orig_group_323" xlink:href="#xpointer(id('tok_323')/range-to(id('tok_324')))"/><!-- ϩⲱⲱ...ⲛ -->
<mark id="orig_group_325" xlink:href="#tok_325"/><!-- ϣϣⲉ -->
<mark id="orig_group_326" xlink:href="#xpointer(id('tok_326')/range-to(id('tok_327')))"/><!-- ⲉⲣⲟ...ⲛ -->
<mark id="orig_group_328" xlink:href="#xpointer(id('tok_328')/range-to(id('tok_330')))"/><!-- ⲉ...ⲓ -->
<mark id="orig_group_331" xlink:href="#xpointer(id('tok_331')/range-to(id('tok_333')))"/><!-- ⲛ...ⲉⲣⲏⲩ -->
<mark id="orig_group_334" xlink:href="#xpointer(id('tok_334')/range-to(id('tok_335')))"/><!-- ⲡ...ⲛⲟⲩⲧⲉ -->
<mark id="orig_group_336" xlink:href="#tok_336"/><!-- ⲙⲡⲉⲗⲁⲁⲩ -->
<mark id="orig_group_337" xlink:href="#xpointer(id('tok_337')/range-to(id('tok_338')))"/><!-- ⲛⲁ...ⲩ -->
<mark id="orig_group_339" xlink:href="#xpointer(id('tok_339')/range-to(id('tok_340')))"/><!-- ⲉⲣⲟ...ϥ -->
<mark id="orig_group_341" xlink:href="#tok_341"/><!-- ⲉⲛⲉϩ -->
<mark id="orig_group_342" xlink:href="#tok_342"/><!-- ⲉϣⲱⲡⲉ -->
<mark id="orig_group_343" xlink:href="#tok_343"/><!-- ⲇⲉ -->
<mark id="orig_group_344" xlink:href="#xpointer(id('tok_344')/range-to(id('tok_346')))"/><!-- ⲉⲛϣⲁⲛ...ⲣⲓ -->
<mark id="orig_group_347" xlink:href="#xpointer(id('tok_347')/range-to(id('tok_349')))"/><!-- ⲛ...ⲉⲣⲏⲩ -->
<mark id="orig_group_350" xlink:href="#xpointer(id('tok_350')/range-to(id('tok_351')))"/><!-- ⲉ...ⲓ -->
<mark id="orig_group_352" xlink:href="#xpointer(id('tok_352')/range-to(id('tok_353')))"/><!-- ⲡ...ⲛⲟⲩⲧⲉ -->
<mark id="orig_group_354" xlink:href="#tok_354"/><!-- ϣⲟⲟⲡ -->
<mark id="orig_group_355" xlink:href="#tok_355"/><!-- ϩⲣⲁⲓ -->
<mark id="orig_group_356" xlink:href="#xpointer(id('tok_356')/range-to(id('tok_357')))"/><!-- ⲛϩⲏⲧ...ⲛ -->
<mark id="orig_group_358" xlink:href="#tok_358"/><!-- ⲁⲩⲱ -->
<mark id="orig_group_359" xlink:href="#xpointer(id('tok_359')/range-to(id('tok_360')))"/><!-- ⲧⲉϥ...ⲁⲅⲁⲡⲏ -->
<mark id="orig_group_361" xlink:href="#tok_361"/><!-- ϫⲏⲕ -->
<mark id="orig_group_362" xlink:href="#tok_362"/><!-- ⲉⲃⲟⲗ -->
<mark id="orig_group_363" xlink:href="#tok_363"/><!-- ϩⲣⲁⲓ -->
<mark id="orig_group_364" xlink:href="#xpointer(id('tok_364')/range-to(id('tok_365')))"/><!-- ⲛϩⲏⲧ...ⲛ -->
<mark id="orig_group_366" xlink:href="#tok_366"/><!-- ϩⲙ -->
<mark id="orig_group_367" xlink:href="#tok_367"/><!-- ⲡⲁⲓ -->
<mark id="orig_group_368" xlink:href="#tok_368"/><!-- ⲧⲉⲛⲉⲓⲙⲉ -->
<mark id="orig_group_369" xlink:href="#tok_369"/><!-- ϫⲉ -->
<mark id="orig_group_370" xlink:href="#tok_370"/><!-- ⲧⲉⲛϣⲟⲟⲡ -->
<mark id="orig_group_371" xlink:href="#tok_371"/><!-- ⲉϩⲣⲁⲓ -->
<mark id="orig_group_372" xlink:href="#xpointer(id('tok_372')/range-to(id('tok_373')))"/><!-- ⲛϩⲏⲧ...ϥ -->
<mark id="orig_group_374" xlink:href="#tok_374"/><!-- ⲁⲩⲱ -->
<mark id="orig_group_375" xlink:href="#tok_375"/><!-- ⲛⲧⲟϥ -->
<mark id="orig_group_376" xlink:href="#xpointer(id('tok_376')/range-to(id('tok_377')))"/><!-- ϥ...ϣⲟⲟⲡ -->
<mark id="orig_group_378" xlink:href="#tok_378"/><!-- ϩⲣⲁⲓ -->
<mark id="orig_group_379" xlink:href="#xpointer(id('tok_379')/range-to(id('tok_380')))"/><!-- ⲛϩⲏⲧ...ⲛ -->
<mark id="orig_group_381" xlink:href="#tok_381"/><!-- ϫⲉ -->
<mark id="orig_group_382" xlink:href="#xpointer(id('tok_382')/range-to(id('tok_384')))"/><!-- ⲁ...ϯ -->
<mark id="orig_group_385" xlink:href="#xpointer(id('tok_385')/range-to(id('tok_386')))"/><!-- ⲛⲁ...ⲛ -->
<mark id="orig_group_387" xlink:href="#tok_387"/><!-- ⲉⲃⲟⲗ -->
<mark id="orig_group_388" xlink:href="#tok_388"/><!-- ϩⲙ -->
<mark id="orig_group_389" xlink:href="#xpointer(id('tok_389')/range-to(id('tok_390')))"/><!-- ⲡⲉϥ...ⲡⲛⲉⲩⲙⲁ -->
<mark id="orig_group_391" xlink:href="#tok_391"/><!-- ⲁⲩⲱ -->
<mark id="orig_group_392" xlink:href="#tok_392"/><!-- ⲁⲛⲟⲛ -->
<mark id="orig_group_393" xlink:href="#xpointer(id('tok_393')/range-to(id('tok_395')))"/><!-- ⲁ...ⲛⲁⲩ -->
<mark id="orig_group_396" xlink:href="#tok_396"/><!-- ⲁⲩⲱ -->
<mark id="orig_group_397" xlink:href="#xpointer(id('tok_397')/range-to(id('tok_399')))"/><!-- ⲁ...ⲣ -->
<mark id="orig_group_400" xlink:href="#tok_400"/><!-- ⲙⲛⲧⲣⲉ -->
<mark id="orig_group_401" xlink:href="#tok_401"/><!-- ϫⲉ -->
<mark id="orig_group_402" xlink:href="#tok_402"/><!-- ⲁⲡⲉⲓⲱⲧ -->
<mark id="orig_group_403" xlink:href="#tok_403"/><!-- ⲧⲛⲛⲟⲟⲩ -->
<mark id="orig_group_404" xlink:href="#xpointer(id('tok_404')/range-to(id('tok_406')))"/><!-- ⲙ...ϣⲏⲣⲉ -->
<mark id="orig_group_407" xlink:href="#tok_407"/><!-- ⲛⲭⲱⲧⲏⲣ -->
<mark id="orig_group_408" xlink:href="#xpointer(id('tok_408')/range-to(id('tok_410')))"/><!-- ⲙ...ⲕⲟⲥⲙⲟⲥ -->
<mark id="orig_group_411" xlink:href="#tok_411"/><!-- . -->
<mark id="orig_group_412" xlink:href="#tok_412"/><!-- ⲡⲉⲧⲛⲁϩⲩⲙⲟⲗⲟⲅⲉⲓ -->
<mark id="orig_group_413" xlink:href="#tok_413"/><!-- ϫⲉ -->
<mark id="orig_group_414" xlink:href="#tok_414"/><!-- ⲓⲏⲥⲟⲩⲥ -->
<mark id="orig_group_415" xlink:href="#tok_415"/><!-- ⲡⲉ -->
<mark id="orig_group_416" xlink:href="#xpointer(id('tok_416')/range-to(id('tok_417')))"/><!-- ⲡ...ϣⲏⲣⲉ -->
<mark id="orig_group_418" xlink:href="#xpointer(id('tok_418')/range-to(id('tok_420')))"/><!-- ⲙ...ⲛⲟⲩⲧⲉ -->
<mark id="orig_group_421" xlink:href="#xpointer(id('tok_421')/range-to(id('tok_422')))"/><!-- ⲡ...ⲛⲟⲩⲧⲉ -->
<mark id="orig_group_423" xlink:href="#tok_423"/><!-- ϣⲟⲟⲡ -->
<mark id="orig_group_424" xlink:href="#tok_424"/><!-- ϩⲣⲁⲓ -->
<mark id="orig_group_425" xlink:href="#xpointer(id('tok_425')/range-to(id('tok_426')))"/><!-- ⲛϩⲏⲧ...ϥ -->
<mark id="orig_group_427" xlink:href="#tok_427"/><!-- ⲁⲩⲱ -->
<mark id="orig_group_428" xlink:href="#tok_428"/><!-- ⲛⲧⲟϥ -->
<mark id="orig_group_429" xlink:href="#xpointer(id('tok_429')/range-to(id('tok_430')))"/><!-- ϥ...ϣⲟⲟⲡ -->
<mark id="orig_group_431" xlink:href="#tok_431"/><!-- ϩⲣⲁⲓ -->
<mark id="orig_group_432" xlink:href="#tok_432"/><!-- ϩⲙ -->
<mark id="orig_group_433" xlink:href="#xpointer(id('tok_433')/range-to(id('tok_434')))"/><!-- ⲡ...ⲛⲟⲩⲧⲉ -->
<mark id="orig_group_435" xlink:href="#tok_435"/><!-- ⲁⲩⲱ -->
<mark id="orig_group_436" xlink:href="#tok_436"/><!-- ⲁⲛⲟⲛ -->
<mark id="orig_group_437" xlink:href="#xpointer(id('tok_437')/range-to(id('tok_439')))"/><!-- ⲁ...ⲉⲓⲙⲉ -->
<mark id="orig_group_440" xlink:href="#tok_440"/><!-- ⲁⲩⲱ -->
<mark id="orig_group_441" xlink:href="#xpointer(id('tok_441')/range-to(id('tok_443')))"/><!-- ⲁ...ⲡⲓⲥⲧⲉⲩⲉ -->
<mark id="orig_group_444" xlink:href="#xpointer(id('tok_444')/range-to(id('tok_446')))"/><!-- ⲉ...ⲁⲅⲁⲡⲏ -->
<mark id="orig_group_447" xlink:href="#tok_447"/><!-- ⲉⲧⲉ -->
<mark id="orig_group_448" xlink:href="#xpointer(id('tok_448')/range-to(id('tok_449')))"/><!-- ⲟⲩⲛⲧⲁ...ⲥ -->
<mark id="orig_group_450" xlink:href="#xpointer(id('tok_450')/range-to(id('tok_451')))"/><!-- ⲡ...ⲛⲟⲩⲧⲉ -->
<mark id="orig_group_452" xlink:href="#xpointer(id('tok_452')/range-to(id('tok_453')))"/><!-- ⲛϩⲏⲧ...ⲛ -->
<mark id="orig_group_454" xlink:href="#xpointer(id('tok_454')/range-to(id('tok_455')))"/><!-- ⲡ...ⲛⲟⲩⲧⲉ -->
<mark id="orig_group_456" xlink:href="#tok_456"/><!-- ⲡⲉ -->
<mark id="orig_group_457" xlink:href="#xpointer(id('tok_457')/range-to(id('tok_458')))"/><!-- ⲧ...ⲁⲅⲁⲡⲏ -->
<mark id="orig_group_459" xlink:href="#tok_459"/><!-- ⲁⲩⲱ -->
<mark id="orig_group_460" xlink:href="#xpointer(id('tok_460')/range-to(id('tok_462')))"/><!-- ⲡ...ϣⲟⲟⲡ -->
<mark id="orig_group_463" xlink:href="#tok_463"/><!-- ⲏⲛ -->
<mark id="orig_group_464" xlink:href="#xpointer(id('tok_464')/range-to(id('tok_465')))"/><!-- ⲧ...ⲁⲅⲁⲡⲏ -->
<mark id="orig_group_466" xlink:href="#xpointer(id('tok_466')/range-to(id('tok_467')))"/><!-- ϥ...ϣⲟⲟⲡ -->
<mark id="orig_group_468" xlink:href="#tok_468"/><!-- ϩⲣⲁⲓ -->
<mark id="orig_group_469" xlink:href="#tok_469"/><!-- ϩⲙ -->
<mark id="orig_group_470" xlink:href="#xpointer(id('tok_470')/range-to(id('tok_471')))"/><!-- ⲡ...ⲛⲟⲩⲧⲉ -->
<mark id="orig_group_472" xlink:href="#tok_472"/><!-- ⲁⲩⲱ -->
<mark id="orig_group_473" xlink:href="#xpointer(id('tok_473')/range-to(id('tok_474')))"/><!-- ⲡ...ⲛⲟⲩⲧⲉ -->
<mark id="orig_group_475" xlink:href="#tok_475"/><!-- ϣⲟⲟⲡ -->
<mark id="orig_group_476" xlink:href="#tok_476"/><!-- ϩⲣⲁⲓ -->
<mark id="orig_group_477" xlink:href="#xpointer(id('tok_477')/range-to(id('tok_478')))"/><!-- ⲛϩⲏⲧ...ϥ -->
<mark id="orig_group_479" xlink:href="#tok_479"/><!-- . -->
<mark id="orig_group_480" xlink:href="#tok_480"/><!-- ϩⲙ -->
<mark id="orig_group_481" xlink:href="#tok_481"/><!-- ⲡⲁⲓ -->
<mark id="orig_group_482" xlink:href="#xpointer(id('tok_482')/range-to(id('tok_484')))"/><!-- ⲁ...ϫⲱⲕ -->
<mark id="orig_group_485" xlink:href="#tok_485"/><!-- ⲉⲃⲟⲗ -->
<mark id="orig_group_486" xlink:href="#tok_486"/><!-- ⲛϭⲓ -->
<mark id="orig_group_487" xlink:href="#xpointer(id('tok_487')/range-to(id('tok_488')))"/><!-- ⲧ...ⲁⲅⲁⲡⲏ -->
<mark id="orig_group_489" xlink:href="#xpointer(id('tok_489')/range-to(id('tok_491')))"/><!-- ⲙ...ⲛⲟⲩⲧⲉ -->
<mark id="orig_group_492" xlink:href="#tok_492"/><!-- ⲛⲙⲙⲟ -->
<mark id="orig_group_493" xlink:href="#tok_493"/><!-- ϫⲉⲕⲁⲁⲥ -->
<mark id="orig_group_494" xlink:href="#xpointer(id('tok_494')/range-to(id('tok_496')))"/><!-- ⲉⲛⲉ...ⲡⲉ -->
<mark id="orig_group_497" xlink:href="#tok_497"/><!-- ⲉⲩⲟⲩⲛⲧⲁⲛ -->
<mark id="orig_group_498" xlink:href="#xpointer(id('tok_498')/range-to(id('tok_499')))"/><!-- ⲙⲙⲟ...ⲟⲩ -->
<mark id="orig_group_500" xlink:href="#tok_500"/><!-- ⲛⲛⲟⲩⲡⲁⲣⲣⲏⲥⲓⲁ -->
<mark id="orig_group_501" xlink:href="#tok_501"/><!-- ϩⲙ -->
<mark id="orig_group_502" xlink:href="#xpointer(id('tok_502')/range-to(id('tok_503')))"/><!-- ⲡⲉ...ϩⲟⲟⲩ -->
<mark id="orig_group_504" xlink:href="#xpointer(id('tok_504')/range-to(id('tok_506')))"/><!-- ⲛ...ⲕⲣⲓⲥⲓⲥ -->
<mark id="orig_group_507" xlink:href="#tok_507"/><!-- ϫⲉⲕⲁⲁⲥ -->
<mark id="orig_group_508" xlink:href="#tok_508"/><!-- ⲕⲁⲧⲁ -->
<mark id="orig_group_509" xlink:href="#xpointer(id('tok_509')/range-to(id('tok_510')))"/><!-- ⲧ...ϩⲉ -->
<mark id="orig_group_511" xlink:href="#tok_511"/><!-- ⲉⲧⲉⲣⲉⲡⲏ -->
<mark id="orig_group_512" xlink:href="#tok_512"/><!-- ϣⲟⲟⲡ -->
<mark id="orig_group_513" xlink:href="#xpointer(id('tok_513')/range-to(id('tok_514')))"/><!-- ⲙⲙⲟ...ⲥ -->
<mark id="orig_group_515" xlink:href="#tok_515"/><!-- ⲁⲛⲟⲛ -->
<mark id="orig_group_516" xlink:href="#tok_516"/><!-- ϩⲱⲱ -->
<mark id="orig_group_517" xlink:href="#tok_517"/><!-- ⲧⲉⲛϣⲱⲡⲉ -->
<mark id="orig_group_518" xlink:href="#tok_518"/><!-- ϩⲙ -->
<mark id="orig_group_519" xlink:href="#xpointer(id('tok_519')/range-to(id('tok_520')))"/><!-- ⲡⲓ...ⲕⲟⲥⲙⲟⲥ -->
<mark id="orig_group_521" xlink:href="#tok_521"/><!-- ⲙⲙⲛ -->
<mark id="orig_group_522" xlink:href="#tok_522"/><!-- ϩⲟⲧⲉ -->
<mark id="orig_group_523" xlink:href="#tok_523"/><!-- ϣⲟⲟⲡ -->
<mark id="orig_group_524" xlink:href="#tok_524"/><!-- ⲏⲛ -->
<mark id="orig_group_525" xlink:href="#xpointer(id('tok_525')/range-to(id('tok_526')))"/><!-- ⲧ...ⲁⲅⲁⲡⲏ -->
<mark id="orig_group_527" xlink:href="#tok_527"/><!-- ⲁⲗⲗⲁ -->
<mark id="orig_group_528" xlink:href="#xpointer(id('tok_528')/range-to(id('tok_529')))"/><!-- ⲧ...ⲁⲅⲁⲡⲏ -->
<mark id="orig_group_530" xlink:href="#xpointer(id('tok_530')/range-to(id('tok_531')))"/><!-- ⲉⲧ...ϫⲏⲕ -->
<mark id="orig_group_532" xlink:href="#tok_532"/><!-- ⲉⲃⲟⲗ -->
<mark id="orig_group_533" xlink:href="#xpointer(id('tok_533')/range-to(id('tok_535')))"/><!-- ϣⲁ...ⲛⲟⲩϫ -->
<mark id="orig_group_536" xlink:href="#tok_536"/><!-- ⲉⲃⲟⲗ -->
<mark id="orig_group_537" xlink:href="#xpointer(id('tok_537')/range-to(id('tok_539')))"/><!-- ⲛ...ϩⲟⲧⲉ -->
<mark id="orig_group_540" xlink:href="#tok_540"/><!-- ϫⲉ -->
<mark id="orig_group_541" xlink:href="#xpointer(id('tok_541')/range-to(id('tok_542')))"/><!-- ⲧ...ϩⲟⲧⲉ -->
<mark id="orig_group_543" xlink:href="#xpointer(id('tok_543')/range-to(id('tok_544')))"/><!-- ⲟⲩⲛⲧⲁ...ⲥ -->
<mark id="orig_group_545" xlink:href="#xpointer(id('tok_545')/range-to(id('tok_546')))"/><!-- ⲙⲙⲟ...ⲟⲩ -->
<mark id="orig_group_547" xlink:href="#tok_547"/><!-- ⲛⲛⲟⲩⲕⲟⲗⲁⲥⲓⲥ -->
<mark id="orig_group_548" xlink:href="#tok_548"/><!-- ⲁⲩⲱ -->
<mark id="orig_group_549" xlink:href="#xpointer(id('tok_549')/range-to(id('tok_551')))"/><!-- ⲡ...ⲣ -->
<mark id="orig_group_552" xlink:href="#tok_552"/><!-- ϩⲟⲧⲉ -->
<mark id="orig_group_553" xlink:href="#tok_553"/><!-- ⲛϥϫⲏⲕ -->
<mark id="orig_group_554" xlink:href="#tok_554"/><!-- ⲁⲛ -->
<mark id="orig_group_555" xlink:href="#tok_555"/><!-- ⲉⲃⲟⲗ -->
<mark id="orig_group_556" xlink:href="#tok_556"/><!-- ⲏⲛ -->
<mark id="orig_group_557" xlink:href="#xpointer(id('tok_557')/range-to(id('tok_558')))"/><!-- ⲧ...ⲁⲅⲁⲡⲏ -->
<mark id="orig_group_559" xlink:href="#tok_559"/><!-- ⲁⲩⲱ -->
<mark id="orig_group_560" xlink:href="#tok_560"/><!-- ⲧⲉⲛⲉⲓⲙⲉ -->
<mark id="orig_group_561" xlink:href="#tok_561"/><!-- ϫⲉ -->
<mark id="orig_group_562" xlink:href="#tok_562"/><!-- ⲛⲧⲟϥ -->
<mark id="orig_group_563" xlink:href="#xpointer(id('tok_563')/range-to(id('tok_564')))"/><!-- ⲛ...ϣⲟⲣⲡ -->
<mark id="orig_group_565" xlink:href="#tok_565"/><!-- ⲡⲉⲛⲧⲁϥⲙⲉⲣⲓⲧⲛ -->
<mark id="orig_group_566" xlink:href="#tok_566"/><!-- ⲉϣⲱⲡⲉ -->
<mark id="orig_group_567" xlink:href="#tok_567"/><!-- ⲉⲣⲉϣⲁⲛⲟⲩⲁ -->
<mark id="orig_group_568" xlink:href="#xpointer(id('tok_568')/range-to(id('tok_569')))"/><!-- ϫⲟⲟ...ⲥ -->
<mark id="orig_group_570" xlink:href="#tok_570"/><!-- ϫⲉ -->
<mark id="orig_group_571" xlink:href="#tok_571"/><!-- ϯⲙⲉ -->
<mark id="orig_group_572" xlink:href="#xpointer(id('tok_572')/range-to(id('tok_574')))"/><!-- ⲙ...ⲛⲟⲩⲧⲉ -->
<mark id="orig_group_575" xlink:href="#xpointer(id('tok_575')/range-to(id('tok_577')))"/><!-- ⲉ...ⲙⲟⲥⲧⲉ -->
<mark id="orig_group_578" xlink:href="#xpointer(id('tok_578')/range-to(id('tok_580')))"/><!-- ⲙ...ⲥⲟⲛ -->
<mark id="orig_group_581" xlink:href="#tok_581"/><!-- ⲟⲩⲣⲉϥϫⲓ -->
<mark id="orig_group_582" xlink:href="#tok_582"/><!-- ϭⲟⲗ -->
<mark id="orig_group_583" xlink:href="#tok_583"/><!-- ⲡⲉ -->
<mark id="orig_group_584" xlink:href="#tok_584"/><!-- ⲡⲉⲧⲉ -->
<mark id="orig_group_585" xlink:href="#xpointer(id('tok_585')/range-to(id('tok_587')))"/><!-- ⲛ...ⲙⲉ -->
<mark id="orig_group_588" xlink:href="#tok_588"/><!-- ⲅⲁⲣ -->
<mark id="orig_group_589" xlink:href="#tok_589"/><!-- ⲁⲛ -->
<mark id="orig_group_590" xlink:href="#xpointer(id('tok_590')/range-to(id('tok_592')))"/><!-- ⲙ...ⲥⲟⲛ -->
<mark id="orig_group_593" xlink:href="#xpointer(id('tok_593')/range-to(id('tok_595')))"/><!-- ⲉⲧ...ⲛⲁⲩ -->
<mark id="orig_group_596" xlink:href="#xpointer(id('tok_596')/range-to(id('tok_597')))"/><!-- ⲉⲣⲟ...ϥ -->
<mark id="orig_group_598" xlink:href="#xpointer(id('tok_598')/range-to(id('tok_600')))"/><!-- ⲙ...ⲛⲟⲩⲧⲉ -->
<mark id="orig_group_601" xlink:href="#tok_601"/><!-- ⲇⲉ -->
<mark id="orig_group_602" xlink:href="#tok_602"/><!-- ⲉⲧ -->
<mark id="orig_group_603" xlink:href="#xpointer(id('tok_603')/range-to(id('tok_605')))"/><!-- ⲙ...ⲛⲁⲩ -->
<mark id="orig_group_606" xlink:href="#xpointer(id('tok_606')/range-to(id('tok_607')))"/><!-- ⲉⲣⲟ...ϥ -->
<mark id="orig_group_608" xlink:href="#tok_608"/><!-- ⲙⲛ -->
<mark id="orig_group_609" xlink:href="#tok_609"/><!-- ϣ -->
<mark id="orig_group_610" xlink:href="#tok_610"/><!-- ϭⲟⲙ -->
<mark id="orig_group_611" xlink:href="#xpointer(id('tok_611')/range-to(id('tok_612')))"/><!-- ⲙⲙⲟ...ϥ -->
<mark id="orig_group_613" xlink:href="#tok_613"/><!-- ⲉⲙⲉⲣⲓⲧϥ -->
<mark id="orig_group_614" xlink:href="#tok_614"/><!-- ⲁⲩⲱ -->
<mark id="orig_group_615" xlink:href="#xpointer(id('tok_615')/range-to(id('tok_616')))"/><!-- ⲧⲉⲓ...ⲉⲛⲧⲟⲗⲏ -->
<mark id="orig_group_617" xlink:href="#xpointer(id('tok_617')/range-to(id('tok_620')))"/><!-- ⲁ...ⲥ -->
<mark id="orig_group_621" xlink:href="#tok_621"/><!-- ⲉⲃⲟⲗ -->
<mark id="orig_group_622" xlink:href="#xpointer(id('tok_622')/range-to(id('tok_623')))"/><!-- ϩⲓⲧⲟⲟⲧ...ϥ -->
<mark id="orig_group_624" xlink:href="#tok_624"/><!-- ϫⲉⲕⲁⲁⲥ -->
<mark id="orig_group_625" xlink:href="#xpointer(id('tok_625')/range-to(id('tok_627')))"/><!-- ⲡ...ⲙⲉ -->
<mark id="orig_group_628" xlink:href="#xpointer(id('tok_628')/range-to(id('tok_630')))"/><!-- ⲙ...ⲛⲟⲩⲧⲉ -->
<mark id="orig_group_631" xlink:href="#xpointer(id('tok_631')/range-to(id('tok_633')))"/><!-- ⲉϥⲉ...ⲣⲓ -->
<mark id="orig_group_634" xlink:href="#xpointer(id('tok_634')/range-to(id('tok_635')))"/><!-- ⲡⲉϥ...ⲥⲟⲛ -->
</markList>
</paula>
