<?xml version="1.0" encoding="UTF-8" standalone="no"?>

<!DOCTYPE paula SYSTEM "paula_feat.dtd">
<paula version="1.0">

<header paula_id="sahidica.nt.1_John_4_translation"/>

<featList xmlns:xlink="http://www.w3.org/1999/xlink" type="translation" xml:base="sahidica.nt.1_John_4.translationSeg.xml">
<feat xlink:href="#translation_1" value="Beloved, don&apos;t believe every spirit, but test the spirits, whether they are of God, because many false prophets have gone out into the world."/><!-- ⲛⲁ...ⲕⲟⲥⲙⲟⲥ -->
<feat xlink:href="#translation_30" value="By this you know the Spirit of God: every spirit who confesses that Jesus Christ has come in the flesh is of God,"/><!-- ϩⲙ...ⲡⲉ -->
<feat xlink:href="#translation_65" value="and every spirit who doesn&apos;t confess that Jesus Christ has come in the flesh is not of God, and this is the spirit of the antichrist, of whom you have heard that it comes. Now it is in the world already."/><!-- ⲁⲩⲱ...ⲕⲟⲥⲙⲟⲥ -->
<feat xlink:href="#translation_98" value="You are of God, little children, and have overcome them; because greater is he who is in you than he who is in the world."/><!-- ⲛⲧⲱⲧⲛ.... -->
<feat xlink:href="#translation_124" value="They are of the world. Therefore they speak of the world, and the world hears them."/><!-- ⲛⲧⲟⲟⲩ...ⲟⲩ -->
<feat xlink:href="#translation_146" value="We are of God. He who knows God listens to us. He who is not of God doesn&apos;t listen to us. By this we know the spirit of truth, and the spirit of error."/><!-- ⲁⲛⲟⲛ...ⲡⲗⲁⲛⲏ -->
<feat xlink:href="#translation_194" value="Beloved, let us love one another, for love is of God; and everyone who loves is born of God, and knows God."/><!-- ⲛⲁ...ⲛⲟⲩⲧⲉ -->
<feat xlink:href="#translation_226" value="He who doesn&apos;t love doesn&apos;t know God, for God is love."/><!-- ⲡⲉⲧⲉ...ⲁⲅⲁⲡⲏ -->
<feat xlink:href="#translation_244" value="By this God&apos;s love was revealed in us, that God has sent his one and only Son into the world that we might live through him."/><!-- ϩⲙ...ϥ -->
<feat xlink:href="#translation_280" value="In this is love, not that we loved God, but that he loved us, and sent his Son as the atoning sacrifice for our sins."/><!-- ⲉⲣⲉ...ⲛⲟⲃⲉ -->
<feat xlink:href="#translation_314" value="Beloved, if God loved us in this way, we also ought to love one another."/><!-- ⲛⲁ...ⲉⲣⲏⲩ -->
<feat xlink:href="#translation_334" value="No one has seen God at any time. If we love one another, God remains in us, and his love has been perfected in us."/><!-- ⲡ...ⲛ -->
<feat xlink:href="#translation_366" value="By this we know that we remain in him and he in us, because he has given us of his Spirit."/><!-- ϩⲙ...ⲡⲛⲉⲩⲙⲁ -->
<feat xlink:href="#translation_391" value="We have seen and testify that the Father has sent the Son as the Savior of the world."/><!-- ⲁⲩⲱ.... -->
<feat xlink:href="#translation_412" value="Whoever confesses that Jesus is the Son of God, God remains in him, and he in God."/><!-- ⲡⲉⲧⲛⲁϩⲩⲙⲟⲗⲟⲅⲉⲓ...ⲛⲟⲩⲧⲉ -->
<feat xlink:href="#translation_435" value="We know and have believed the love which God has for us. God is love, and he who remains in love remains in God, and God remains in him."/><!-- ⲁⲩⲱ.... -->
<feat xlink:href="#translation_480" value="In this love has been made perfect among us, that we may have boldness in the day of judgment, because as he is, even so are we in this world."/><!-- ϩⲙ...ⲕⲟⲥⲙⲟⲥ -->
<feat xlink:href="#translation_521" value="There is no fear in love; but perfect love casts out fear, because fear has punishment. He who fears is not made perfect in love."/><!-- ⲙⲙⲛ...ⲁⲅⲁⲡⲏ -->
<feat xlink:href="#translation_559" value="We love Him, because he first loved us."/><!-- ⲁⲩⲱ...ⲡⲉⲛⲧⲁϥⲙⲉⲣⲓⲧⲛ -->
<feat xlink:href="#translation_566" value="If a man says, &apos;I love God,&apos; and hates his brother, he is a liar; for he who doesn&apos;t love his brother whom he has seen, how can he love God whom he has not seen?"/><!-- ⲉϣⲱⲡⲉ...ⲉⲙⲉⲣⲓⲧϥ -->
<feat xlink:href="#translation_614" value="This commandment we have from him, that he who loves God should also love his brother."/><!-- ⲁⲩⲱ...ⲥⲟⲛ -->
</featList>
</paula>
