<?xml version="1.0" encoding="UTF-8" standalone="no"?>

<!DOCTYPE paula SYSTEM "paula_feat.dtd">
<paula version="1.0">

<header paula_id="sahidica.nt.1_Peter_4_norm_group"/>

<featList xmlns:xlink="http://www.w3.org/1999/xlink" type="norm_group" xml:base="sahidica.nt.1_Peter_4.norm_groupSeg.xml">
<feat xlink:href="#norm_group_1" value="ⲡⲉⲭⲣⲓⲥⲧⲟⲥ"/><!-- ⲡⲉ...ⲭⲣⲓⲥⲧⲟⲥ -->
<feat xlink:href="#norm_group_3" value="ϭⲉ"/><!-- ϭⲉ -->
<feat xlink:href="#norm_group_4" value="ⲁϥϣⲡ"/><!-- ⲁ...ϣⲡ -->
<feat xlink:href="#norm_group_7" value="ϩⲓⲥⲉ"/><!-- ϩⲓⲥⲉ -->
<feat xlink:href="#norm_group_8" value="ϩⲛ"/><!-- ϩⲛ -->
<feat xlink:href="#norm_group_9" value="ⲧⲥⲁⲡⲝ"/><!-- ⲧⲥⲁⲡⲝ -->
<feat xlink:href="#norm_group_10" value="ⲛⲧⲱⲧⲛ"/><!-- ⲛⲧⲱⲧⲛ -->
<feat xlink:href="#norm_group_11" value="ϩⲱ"/><!-- ϩⲱ -->
<feat xlink:href="#norm_group_12" value="ⲧⲏⲩⲧⲛ"/><!-- ⲧⲏⲩⲧⲛ -->
<feat xlink:href="#norm_group_13" value="ϩⲱⲕ"/><!-- ϩⲱ...ⲕ -->
<feat xlink:href="#norm_group_15" value="ⲙⲙⲱⲧⲛ"/><!-- ⲙⲙⲱ...ⲧⲛ -->
<feat xlink:href="#norm_group_17" value="ϩⲙ"/><!-- ϩⲙ -->
<feat xlink:href="#norm_group_18" value="ⲡⲉⲓⲙⲉⲉⲩⲉ"/><!-- ⲡⲉⲓ...ⲙⲉⲉⲩⲉ -->
<feat xlink:href="#norm_group_20" value="ϫⲉ"/><!-- ϫⲉ -->
<feat xlink:href="#norm_group_21" value="ⲡⲉⲛⲧⲁϥⲙⲟⲩ"/><!-- ⲡ...ⲙⲟⲩ -->
<feat xlink:href="#norm_group_26" value="ϩⲛ"/><!-- ϩⲛ -->
<feat xlink:href="#norm_group_27" value="ⲧⲥⲁⲣⲝ"/><!-- ⲧ...ⲥⲁⲣⲝ -->
<feat xlink:href="#norm_group_29" value="ⲁϥⲗⲟ"/><!-- ⲁ...ⲗⲟ -->
<feat xlink:href="#norm_group_32" value="ϩⲙ"/><!-- ϩⲙ -->
<feat xlink:href="#norm_group_33" value="ⲡⲛⲟⲃⲉ"/><!-- ⲡ...ⲛⲟⲃⲉ -->
<feat xlink:href="#norm_group_35" value="."/><!-- . -->
<feat xlink:href="#norm_group_36" value="ⲉⲧⲙⲧⲣⲉϥϣⲱⲡⲉ"/><!-- ⲉ...ϣⲱⲡⲉ -->
<feat xlink:href="#norm_group_41" value="ϭⲉ"/><!-- ϭⲉ -->
<feat xlink:href="#norm_group_42" value="ϩⲛ"/><!-- ϩⲛ -->
<feat xlink:href="#norm_group_43" value="ⲛⲉⲡⲓⲑⲩⲙⲓⲁ"/><!-- ⲛ...ⲉⲡⲓⲑⲩⲙⲓⲁ -->
<feat xlink:href="#norm_group_45" value="ⲛⲛⲣⲱⲙⲉ"/><!-- ⲛ...ⲣⲱⲙⲉ -->
<feat xlink:href="#norm_group_48" value="ⲁⲗⲗⲁ"/><!-- ⲁⲗⲗⲁ -->
<feat xlink:href="#norm_group_49" value="ⲉⲣⲡⲕⲉⲥⲉⲉⲡⲉ"/><!-- ⲉⲣⲡⲕⲉⲥⲉⲉⲡⲉ -->
<feat xlink:href="#norm_group_50" value="ⲛⲛⲉϩⲟⲟⲩ"/><!-- ⲛ...ϩⲟⲟⲩ -->
<feat xlink:href="#norm_group_53" value="ⲙⲡⲉϥⲱⲛϩ"/><!-- ⲙ...ⲱⲛϩ -->
<feat xlink:href="#norm_group_56" value="ϩⲙ"/><!-- ϩⲙ -->
<feat xlink:href="#norm_group_57" value="ⲡⲟⲩⲱϣ"/><!-- ⲡ...ⲟⲩⲱϣ -->
<feat xlink:href="#norm_group_59" value="ⲙⲡⲛⲟⲩⲧⲉ"/><!-- ⲙ...ⲛⲟⲩⲧⲉ -->
<feat xlink:href="#norm_group_62" value="."/><!-- . -->
<feat xlink:href="#norm_group_63" value="ϩⲱ"/><!-- ϩⲱ -->
<feat xlink:href="#norm_group_64" value="ⲅⲁⲣ"/><!-- ⲅⲁⲣ -->
<feat xlink:href="#norm_group_65" value="ⲉⲡⲉⲩⲟⲉⲓϣ"/><!-- ⲉ...ⲩⲟⲉⲓϣ -->
<feat xlink:href="#norm_group_68" value="ⲛⲧⲁϥⲟⲩⲉⲓⲛⲉ"/><!-- ⲛⲧ...ⲟⲩⲉⲓⲛⲉ -->
<feat xlink:href="#norm_group_72" value="ⲉⲁⲧⲉⲧⲛⲉⲓⲣⲉ"/><!-- ⲉ...ⲉⲓⲣⲉ -->
<feat xlink:href="#norm_group_76" value="ⲙⲡⲟⲩⲱϣ"/><!-- ⲙ...ⲟⲩⲱϣ -->
<feat xlink:href="#norm_group_79" value="ⲛⲛϩⲉⲑⲛⲟⲥ"/><!-- ⲛ...ϩⲉⲑⲛⲟⲥ -->
<feat xlink:href="#norm_group_82" value="ⲉⲧⲉⲧⲛⲙⲟⲟϣⲉ"/><!-- ⲉ...ⲙⲟⲟϣⲉ -->
<feat xlink:href="#norm_group_85" value="ϩⲛ"/><!-- ϩⲛ -->
<feat xlink:href="#norm_group_86" value="ⲛϫⲱϩⲙ"/><!-- ⲛ...ϫⲱϩⲙ -->
<feat xlink:href="#norm_group_88" value="ⲙⲛ"/><!-- ⲙⲛ -->
<feat xlink:href="#norm_group_89" value="ⲛⲉⲡⲓⲑⲩⲙⲓⲁ"/><!-- ⲛ...ⲉⲡⲓⲑⲩⲙⲓⲁ -->
<feat xlink:href="#norm_group_91" value="ⲙⲛ"/><!-- ⲙⲛ -->
<feat xlink:href="#norm_group_92" value="ⲛϯϩⲉ"/><!-- ⲛ...ϩⲉ -->
<feat xlink:href="#norm_group_95" value="ⲙⲛ"/><!-- ⲙⲛ -->
<feat xlink:href="#norm_group_96" value="ⲛⲉⲛϫⲏⲣ"/><!-- ⲛⲉ...ϫⲏⲣ -->
<feat xlink:href="#norm_group_99" value="ⲙⲛ"/><!-- ⲙⲛ -->
<feat xlink:href="#norm_group_100" value="ⲛⲥⲱⲱϥ"/><!-- ⲛⲥⲱⲱϥ -->
<feat xlink:href="#norm_group_101" value="ⲙⲛ"/><!-- ⲙⲛ -->
<feat xlink:href="#norm_group_102" value="ⲛⲉⲙⲛⲧⲣⲉϥϣⲙϣⲉ"/><!-- ⲛⲉⲙⲛⲧⲣⲉϥϣⲙϣⲉ -->
<feat xlink:href="#norm_group_103" value="ⲉⲓⲇⲱⲗⲟⲛ"/><!-- ⲉⲓⲇⲱⲗⲟⲛ -->
<feat xlink:href="#norm_group_104" value="ⲉⲧϫⲁϩⲙ"/><!-- ⲉⲧ...ϫⲁϩⲙ -->
<feat xlink:href="#norm_group_106" value="ϩⲙ"/><!-- ϩⲙ -->
<feat xlink:href="#norm_group_107" value="ⲡⲁⲓ"/><!-- ⲡⲁⲓ -->
<feat xlink:href="#norm_group_108" value="ⲉϣⲁⲩⲣϣⲡⲏⲣⲉ"/><!-- ⲉϣⲁⲩⲣϣⲡⲏⲣⲉ -->
<feat xlink:href="#norm_group_109" value="ⲛⲧⲉⲧⲛⲡⲏⲧ"/><!-- ⲛⲧⲉⲧⲛⲡⲏⲧ -->
<feat xlink:href="#norm_group_110" value="ⲁⲛ"/><!-- ⲁⲛ -->
<feat xlink:href="#norm_group_111" value="ⲛⲙⲙⲁⲩ"/><!-- ⲛⲙⲙⲁ...ⲩ -->
<feat xlink:href="#norm_group_113" value="ϩⲛ"/><!-- ϩⲛ -->
<feat xlink:href="#norm_group_114" value="ⲛⲉϩⲃⲏⲩⲉ"/><!-- ⲛⲉ...ϩⲃⲏⲩⲉ -->
<feat xlink:href="#norm_group_116" value="ⲙⲙⲛⲧϣⲛⲁ"/><!-- ⲙⲙⲛⲧϣⲛⲁ -->
<feat xlink:href="#norm_group_117" value="ⲛⲥⲉϫⲓ"/><!-- ⲛ...ⲓ -->
<feat xlink:href="#norm_group_121" value="ⲟⲩⲁ"/><!-- ⲟⲩⲁ -->
<feat xlink:href="#norm_group_122" value="ⲛⲁⲓ"/><!-- ⲛⲁⲓ -->
<feat xlink:href="#norm_group_123" value="ⲉⲧⲛⲁϯ"/><!-- ⲉⲧ...ϯ -->
<feat xlink:href="#norm_group_126" value="ⲗⲟⲅⲟⲥ"/><!-- ⲗⲟⲅⲟⲥ -->
<feat xlink:href="#norm_group_127" value="ⲙⲡⲉⲧⲥⲃⲧⲱⲧ"/><!-- ⲙ...ⲥⲃⲧⲱⲧ -->
<feat xlink:href="#norm_group_131" value="ⲉⲕⲣⲓⲛⲉ"/><!-- ⲉ...ⲕⲣⲓⲛⲉ -->
<feat xlink:href="#norm_group_133" value="ⲛⲛⲉⲧⲟⲛϩ"/><!-- ⲛ...ⲟⲛϩ -->
<feat xlink:href="#norm_group_137" value="ⲙⲛ"/><!-- ⲙⲛ -->
<feat xlink:href="#norm_group_138" value="ⲉⲧⲙⲟⲟⲩⲧ"/><!-- ⲉⲧ...ⲙⲟⲟⲩⲧ -->
<feat xlink:href="#norm_group_140" value="."/><!-- . -->
<feat xlink:href="#norm_group_141" value="ⲉⲧⲃⲉ"/><!-- ⲉⲧⲃⲉ -->
<feat xlink:href="#norm_group_142" value="ⲡⲁⲓ"/><!-- ⲡⲁⲓ -->
<feat xlink:href="#norm_group_143" value="ⲅⲁⲣ"/><!-- ⲅⲁⲣ -->
<feat xlink:href="#norm_group_144" value="ⲁⲩⲉⲩⲁⲅⲅⲉⲗⲓⲍⲉ"/><!-- ⲁ...ⲉⲩⲁⲅⲅⲉⲗⲓⲍⲉ -->
<feat xlink:href="#norm_group_147" value="ⲛⲛⲕⲉⲣⲉϥⲙⲟⲟⲩⲧ"/><!-- ⲛⲛⲕⲉⲣⲉϥⲙⲟⲟⲩⲧ -->
<feat xlink:href="#norm_group_148" value="ϫⲉⲕⲁⲁⲥ"/><!-- ϫⲉⲕⲁⲁⲥ -->
<feat xlink:href="#norm_group_149" value="ⲉⲩⲉⲕⲣⲓⲛⲉ"/><!-- ⲉⲩⲉ...ⲕⲣⲓⲛⲉ -->
<feat xlink:href="#norm_group_151" value="ⲙⲙⲟⲟⲩ"/><!-- ⲙⲙⲟ...ⲟⲩ -->
<feat xlink:href="#norm_group_153" value="ⲕⲁⲧⲁ"/><!-- ⲕⲁⲧⲁ -->
<feat xlink:href="#norm_group_154" value="ⲣⲱⲙⲉ"/><!-- ⲣⲱⲙⲉ -->
<feat xlink:href="#norm_group_155" value="ϩⲛ"/><!-- ϩⲛ -->
<feat xlink:href="#norm_group_156" value="ⲧⲥⲁⲣⲝ"/><!-- ⲧ...ⲥⲁⲣⲝ -->
<feat xlink:href="#norm_group_158" value="ⲛⲥⲉⲱⲛϩ"/><!-- ⲛⲥⲉⲱⲛϩ -->
<feat xlink:href="#norm_group_159" value="ⲇⲉ"/><!-- ⲇⲉ -->
<feat xlink:href="#norm_group_160" value="ⲕⲁⲧⲁ"/><!-- ⲕⲁⲧⲁ -->
<feat xlink:href="#norm_group_161" value="ⲡⲛⲟⲩⲧⲉ"/><!-- ⲡ...ⲛⲟⲩⲧⲉ -->
<feat xlink:href="#norm_group_163" value="ϩⲙ"/><!-- ϩⲙ -->
<feat xlink:href="#norm_group_164" value="ⲡⲉⲡⲛⲉⲩⲙⲁ"/><!-- ⲡⲉ...ⲡⲛⲉⲩⲙⲁ -->
<feat xlink:href="#norm_group_166" value="ⲧϩⲁⲏ"/><!-- ⲧ...ϩⲁⲏ -->
<feat xlink:href="#norm_group_168" value="ⲇⲉ"/><!-- ⲇⲉ -->
<feat xlink:href="#norm_group_169" value="ⲛⲟⲩⲟⲛ"/><!-- ⲛ...ⲟⲩⲟⲛ -->
<feat xlink:href="#norm_group_171" value="ⲛⲓⲙ"/><!-- ⲛⲓⲙ -->
<feat xlink:href="#norm_group_172" value="ⲁⲥϩⲱⲛ"/><!-- ⲁ...ϩⲱⲛ -->
<feat xlink:href="#norm_group_175" value="ⲉϩⲟⲩⲛ"/><!-- ⲉϩⲟⲩⲛ -->
<feat xlink:href="#norm_group_176" value="ϭⲙ"/><!-- ϭⲙ -->
<feat xlink:href="#norm_group_177" value="ⲡⲉⲧⲛϩⲏⲧ"/><!-- ⲡⲉⲧⲛ...ϩⲏⲧ -->
<feat xlink:href="#norm_group_179" value="ϭⲉ"/><!-- ϭⲉ -->
<feat xlink:href="#norm_group_180" value="ⲛⲧⲉⲧⲛⲛⲏⲫⲉ"/><!-- ⲛ...ⲛⲏⲫⲉ -->
<feat xlink:href="#norm_group_183" value="ⲉⲛⲉϣⲗⲏⲗ"/><!-- ⲉⲛⲉ...ϣⲗⲏⲗ -->
<feat xlink:href="#norm_group_185" value="ϩⲁⲧϩⲏ"/><!-- ϩⲁ...ϩⲏ -->
<feat xlink:href="#norm_group_188" value="ⲛϩⲱⲃ"/><!-- ⲛ...ϩⲱⲃ -->
<feat xlink:href="#norm_group_190" value="ⲛⲓⲙ"/><!-- ⲛⲓⲙ -->
<feat xlink:href="#norm_group_191" value="ⲉⲩⲛⲧⲏⲧⲛ"/><!-- ⲉⲩⲛⲧⲏⲧⲛ -->
<feat xlink:href="#norm_group_192" value="ⲙⲙⲁⲩ"/><!-- ⲙⲙⲁⲩ -->
<feat xlink:href="#norm_group_193" value="ⲛⲧⲁⲅⲁⲡⲏ"/><!-- ⲛ...ⲁⲅⲁⲡⲏ -->
<feat xlink:href="#norm_group_196" value="ⲉϩⲟⲩⲛ"/><!-- ⲉϩⲟⲩⲛ -->
<feat xlink:href="#norm_group_197" value="ⲉⲛⲉⲧⲛⲉⲣⲏⲩ"/><!-- ⲉ...ⲉⲣⲏⲩ -->
<feat xlink:href="#norm_group_200" value="ⲁϫⲛ"/><!-- ⲁϫⲛ -->
<feat xlink:href="#norm_group_201" value="ⲱϫⲛ"/><!-- ⲱϫⲛ -->
<feat xlink:href="#norm_group_202" value="ϫⲉ"/><!-- ϫⲉ -->
<feat xlink:href="#norm_group_203" value="ϣⲁⲣⲉⲧⲁⲅⲁⲡⲏ"/><!-- ϣⲁⲣⲉⲧⲁⲅⲁⲡⲏ -->
<feat xlink:href="#norm_group_204" value="ϩⲱⲃⲥ"/><!-- ϩⲱⲃⲥ -->
<feat xlink:href="#norm_group_205" value="ⲉⲃⲟⲗ"/><!-- ⲉⲃⲟⲗ -->
<feat xlink:href="#norm_group_206" value="ⲉϫⲛ"/><!-- ⲉϫⲛ -->
<feat xlink:href="#norm_group_207" value="ⲟⲩⲙⲏⲏϣⲉ"/><!-- ⲟⲩ...ⲙⲏⲏϣⲉ -->
<feat xlink:href="#norm_group_209" value="ⲛⲛⲟⲃⲉ"/><!-- ⲛ...ⲛⲟⲃⲉ -->
<feat xlink:href="#norm_group_211" value="ⲉⲧⲉⲧⲛⲟ"/><!-- ⲉ...ⲟ -->
<feat xlink:href="#norm_group_214" value="ⲙⲙⲁⲓ"/><!-- ⲙ...ⲙⲁⲓ -->
<feat xlink:href="#norm_group_216" value="ϣⲙⲙⲟ"/><!-- ϣⲙⲙⲟ -->
<feat xlink:href="#norm_group_217" value="ⲉϩⲟⲩⲛ"/><!-- ⲉϩⲟⲩⲛ -->
<feat xlink:href="#norm_group_218" value="ⲉⲛⲉⲧⲛⲉⲣⲏⲩ"/><!-- ⲉ...ⲉⲣⲏⲩ -->
<feat xlink:href="#norm_group_221" value="ⲁϫⲛ"/><!-- ⲁϫⲛ -->
<feat xlink:href="#norm_group_222" value="ⲕⲣⲙⲣⲙ"/><!-- ⲕⲣⲙⲣⲙ -->
<feat xlink:href="#norm_group_223" value="."/><!-- . -->
<feat xlink:href="#norm_group_224" value="ⲡⲉⲭⲁⲣⲓⲥⲙⲁ"/><!-- ⲡⲉ...ⲭⲁⲣⲓⲥⲙⲁ -->
<feat xlink:href="#norm_group_226" value="ⲛⲧⲁⲡⲟⲩⲁ"/><!-- ⲛⲧ...ⲟⲩⲁ -->
<feat xlink:href="#norm_group_230" value="ⲡⲟⲩⲁ"/><!-- ⲡ...ⲟⲩⲁ -->
<feat xlink:href="#norm_group_232" value="ϫⲓⲧϥ"/><!-- ϫⲓⲧ...ϥ -->
<feat xlink:href="#norm_group_234" value="ⲉⲧⲉⲧⲛⲇⲓⲁⲕⲟⲛⲉⲓ"/><!-- ⲉ...ⲇⲓⲁⲕⲟⲛⲉⲓ -->
<feat xlink:href="#norm_group_237" value="ⲙⲙⲟϥ"/><!-- ⲙⲙⲟ...ϥ -->
<feat xlink:href="#norm_group_239" value="ⲛⲛⲉⲧⲛⲉⲣⲏⲩ"/><!-- ⲛ...ⲉⲣⲏⲩ -->
<feat xlink:href="#norm_group_242" value="ϩⲱⲥ"/><!-- ϩⲱⲥ -->
<feat xlink:href="#norm_group_243" value="ⲟⲓⲕⲟⲛⲟⲙⲟⲥ"/><!-- ⲟⲓⲕⲟⲛⲟⲙⲟⲥ -->
<feat xlink:href="#norm_group_244" value="ⲉⲛⲁⲛⲟⲩϥ"/><!-- ⲉⲛⲁⲛⲟⲩϥ -->
<feat xlink:href="#norm_group_245" value="ⲛⲧⲉⲭⲁⲣⲓⲥ"/><!-- ⲛ...ⲭⲁⲣⲓⲥ -->
<feat xlink:href="#norm_group_248" value="ⲙⲡⲛⲟⲩⲧⲉ"/><!-- ⲙ...ⲛⲟⲩⲧⲉ -->
<feat xlink:href="#norm_group_251" value="ⲉⲧϣⲟⲃⲉ"/><!-- ⲉⲧ...ϣⲟⲃⲉ -->
<feat xlink:href="#norm_group_253" value="."/><!-- . -->
<feat xlink:href="#norm_group_254" value="ⲡⲉⲧϣⲁϫⲉ"/><!-- ⲡ...ϣⲁϫⲉ -->
<feat xlink:href="#norm_group_257" value="ϩⲱⲥ"/><!-- ϩⲱⲥ -->
<feat xlink:href="#norm_group_258" value="ⲉϩⲉⲛϣⲁϫⲉ"/><!-- ⲉ...ϣⲁϫⲉ -->
<feat xlink:href="#norm_group_261" value="ⲛⲧⲉ"/><!-- ⲛⲧⲉ -->
<feat xlink:href="#norm_group_262" value="ⲡⲛⲟⲩⲧⲉ"/><!-- ⲡ...ⲛⲟⲩⲧⲉ -->
<feat xlink:href="#norm_group_264" value="ⲛⲉ"/><!-- ⲛⲉ -->
<feat xlink:href="#norm_group_265" value="ⲡⲉⲧⲇⲓⲁⲕⲟⲛⲉⲓ"/><!-- ⲡ...ⲇⲓⲁⲕⲟⲛⲉⲓ -->
<feat xlink:href="#norm_group_268" value="ϩⲱⲥ"/><!-- ϩⲱⲥ -->
<feat xlink:href="#norm_group_269" value="ⲉⲃⲟⲗ"/><!-- ⲉⲃⲟⲗ -->
<feat xlink:href="#norm_group_270" value="ϩⲓⲧⲛ"/><!-- ϩⲓⲧⲛ -->
<feat xlink:href="#norm_group_271" value="ⲧϭⲟⲙ"/><!-- ⲧ...ϭⲟⲙ -->
<feat xlink:href="#norm_group_273" value="ⲉⲧⲉⲣⲉⲡⲛⲟⲩⲧⲉ"/><!-- ⲉⲧⲉⲣⲉⲡⲛⲟⲩⲧⲉ -->
<feat xlink:href="#norm_group_274" value="ϯ"/><!-- ϯ -->
<feat xlink:href="#norm_group_275" value="ⲙⲙⲟⲥ"/><!-- ⲙⲙⲟ...ⲥ -->
<feat xlink:href="#norm_group_277" value="ϫⲉⲕⲁⲁⲥ"/><!-- ϫⲉⲕⲁⲁⲥ -->
<feat xlink:href="#norm_group_278" value="ⲉⲣⲉⲡⲛⲟⲩⲧⲉ"/><!-- ⲉⲣⲉⲡⲛⲟⲩⲧⲉ -->
<feat xlink:href="#norm_group_279" value="ϫⲓ"/><!-- ϫⲓ -->
<feat xlink:href="#norm_group_280" value="ⲉⲟⲟⲩ"/><!-- ⲉⲟⲟⲩ -->
<feat xlink:href="#norm_group_281" value="ϩⲛ"/><!-- ϩⲛ -->
<feat xlink:href="#norm_group_282" value="ϩⲱⲃ"/><!-- ϩⲱⲃ -->
<feat xlink:href="#norm_group_283" value="ⲛⲓⲙ"/><!-- ⲛⲓⲙ -->
<feat xlink:href="#norm_group_284" value="ϩⲓⲧⲛ"/><!-- ϩⲓⲧⲛ -->
<feat xlink:href="#norm_group_285" value="ⲓⲏⲥⲟⲩⲥ"/><!-- ⲓⲏⲥⲟⲩⲥ -->
<feat xlink:href="#norm_group_286" value="ⲡⲉⲭⲣⲓⲥⲧⲟⲥ"/><!-- ⲡⲉ...ⲭⲣⲓⲥⲧⲟⲥ -->
<feat xlink:href="#norm_group_288" value="ⲡⲁⲓ"/><!-- ⲡⲁⲓ -->
<feat xlink:href="#norm_group_289" value="ⲉⲧⲉ"/><!-- ⲉⲧⲉ -->
<feat xlink:href="#norm_group_290" value="ⲡⲱϥ"/><!-- ⲡⲱϥ -->
<feat xlink:href="#norm_group_291" value="ⲡⲉ"/><!-- ⲡⲉ -->
<feat xlink:href="#norm_group_292" value="ⲡⲉⲟⲟⲩ"/><!-- ⲡ...ⲉⲟⲟⲩ -->
<feat xlink:href="#norm_group_294" value="ⲙⲛ"/><!-- ⲙⲛ -->
<feat xlink:href="#norm_group_295" value="ⲡⲁⲙⲁϩⲧⲉ"/><!-- ⲡⲁⲙⲁϩⲧⲉ -->
<feat xlink:href="#norm_group_296" value="ϣⲁ"/><!-- ϣⲁ -->
<feat xlink:href="#norm_group_297" value="ⲛⲓⲉⲛⲉϩ"/><!-- ⲛⲓ...ⲉⲛⲉϩ -->
<feat xlink:href="#norm_group_299" value="ϩⲁⲙⲏⲛ"/><!-- ϩⲁⲙⲏⲛ -->
<feat xlink:href="#norm_group_300" value="."/><!-- . -->
<feat xlink:href="#norm_group_301" value="ⲛⲁⲙⲉⲣⲁⲧⲉ"/><!-- ⲛⲁ...ⲙⲉⲣⲁⲧⲉ -->
<feat xlink:href="#norm_group_303" value="ⲙⲡⲣⲣ"/><!-- ⲙⲡⲣ...ⲣ -->
<feat xlink:href="#norm_group_305" value="ϣⲡⲏⲣⲉ"/><!-- ϣⲡⲏⲣⲉ -->
<feat xlink:href="#norm_group_306" value="ⲙⲡⲧⲙϩⲟ"/><!-- ⲙⲡⲧⲙϩⲟ -->
<feat xlink:href="#norm_group_307" value="ⲉⲧⲛϩⲏⲧ"/><!-- ⲉⲧⲛϩⲏⲧ -->
<feat xlink:href="#norm_group_308" value="ⲧⲏⲩⲧⲛ"/><!-- ⲧⲏⲩⲧⲛ -->
<feat xlink:href="#norm_group_309" value="ⲉⲧϣⲟⲟⲡ"/><!-- ⲉⲧ...ϣⲟⲟⲡ -->
<feat xlink:href="#norm_group_311" value="ⲛⲏⲧⲛ"/><!-- ⲛⲏ...ⲧⲛ -->
<feat xlink:href="#norm_group_313" value="ⲉⲩϫⲱⲛⲧ"/><!-- ⲉ...ϫⲱⲛⲧ -->
<feat xlink:href="#norm_group_316" value="ϩⲱⲥ"/><!-- ϩⲱⲥ -->
<feat xlink:href="#norm_group_317" value="ⲉⲩϩⲱⲃ"/><!-- ⲉ...ϩⲱⲃ -->
<feat xlink:href="#norm_group_320" value="ⲛⲃⲣⲣⲉ"/><!-- ⲛ...ⲃⲣⲣⲉ -->
<feat xlink:href="#norm_group_322" value="ⲡⲉⲧⲧⲁϩⲟ"/><!-- ⲡ...ⲧⲁϩⲟ -->
<feat xlink:href="#norm_group_325" value="ⲙⲙⲱⲧⲛ"/><!-- ⲙⲙⲱ...ⲧⲛ -->
<feat xlink:href="#norm_group_327" value="."/><!-- . -->
<feat xlink:href="#norm_group_328" value="ⲁⲗⲗⲁ"/><!-- ⲁⲗⲗⲁ -->
<feat xlink:href="#norm_group_329" value="ⲕⲁⲧⲁ"/><!-- ⲕⲁⲧⲁ -->
<feat xlink:href="#norm_group_330" value="ⲧϩⲉ"/><!-- ⲧ...ϩⲉ -->
<feat xlink:href="#norm_group_332" value="ⲉⲧⲉⲧⲛⲕⲟⲓⲛⲱⲛⲉⲓ"/><!-- ⲉ...ⲕⲟⲓⲛⲱⲛⲉⲓ -->
<feat xlink:href="#norm_group_335" value="ⲙⲙⲟⲕϩⲥ"/><!-- ⲙⲙⲟⲕϩⲥ -->
<feat xlink:href="#norm_group_336" value="ⲙⲡⲉⲭⲣⲓⲥⲧⲟⲥ"/><!-- ⲙ...ⲭⲣⲓⲥⲧⲟⲥ -->
<feat xlink:href="#norm_group_339" value="ⲣⲁϣⲉ"/><!-- ⲣⲁϣⲉ -->
<feat xlink:href="#norm_group_340" value="ⲛⲏⲧⲛ"/><!-- ⲛⲏ...ⲧⲛ -->
<feat xlink:href="#norm_group_342" value="ϫⲉⲕⲁⲁⲥ"/><!-- ϫⲉⲕⲁⲁⲥ -->
<feat xlink:href="#norm_group_343" value="ⲟⲛ"/><!-- ⲟⲛ -->
<feat xlink:href="#norm_group_344" value="ⲉⲧⲉⲧⲛⲣⲁϣⲉ"/><!-- ⲉ...ⲣⲁϣⲉ -->
<feat xlink:href="#norm_group_347" value="ϩⲙ"/><!-- ϩⲙ -->
<feat xlink:href="#norm_group_348" value="ⲡϭⲱⲗⲡ"/><!-- ⲡ...ϭⲱⲗⲡ -->
<feat xlink:href="#norm_group_350" value="ⲉⲃⲟⲗ"/><!-- ⲉⲃⲟⲗ -->
<feat xlink:href="#norm_group_351" value="ⲙⲡⲉϥⲉⲟⲟⲩ"/><!-- ⲙ...ⲉⲟⲟⲩ -->
<feat xlink:href="#norm_group_354" value="."/><!-- . -->
<feat xlink:href="#norm_group_355" value="ⲉⲧⲉⲧⲛⲧⲉⲗⲏⲗ"/><!-- ⲉ...ⲧⲉⲗⲏⲗ -->
<feat xlink:href="#norm_group_358" value="."/><!-- . -->
<feat xlink:href="#norm_group_359" value="ⲉϣϫⲉ"/><!-- ⲉϣϫⲉ -->
<feat xlink:href="#norm_group_360" value="ⲥⲉⲛⲟϭⲛⲉϭ"/><!-- ⲥⲉ...ⲛⲟϭⲛⲉϭ -->
<feat xlink:href="#norm_group_362" value="ⲙⲙⲱⲧⲛ"/><!-- ⲙⲙⲱ...ⲧⲛ -->
<feat xlink:href="#norm_group_364" value="ⲉⲧⲃⲉ"/><!-- ⲉⲧⲃⲉ -->
<feat xlink:href="#norm_group_365" value="ⲡⲣⲁⲛ"/><!-- ⲡ...ⲣⲁⲛ -->
<feat xlink:href="#norm_group_367" value="ⲙⲡⲉⲭⲣⲓⲥⲧⲟⲥ"/><!-- ⲙ...ⲭⲣⲓⲥⲧⲟⲥ -->
<feat xlink:href="#norm_group_370" value="ⲛⲁⲓⲁⲧ"/><!-- ⲛⲁⲓⲁⲧ -->
<feat xlink:href="#norm_group_371" value="ⲧⲏⲩⲧⲛ"/><!-- ⲧⲏⲩⲧⲛ -->
<feat xlink:href="#norm_group_372" value="ϫⲉ"/><!-- ϫⲉ -->
<feat xlink:href="#norm_group_373" value="ⲡⲉⲡⲛⲉⲩⲙⲁ"/><!-- ⲡⲉ...ⲡⲛⲉⲩⲙⲁ -->
<feat xlink:href="#norm_group_375" value="ⲙⲡⲉⲟⲟⲩ"/><!-- ⲙ...ⲉⲟⲟⲩ -->
<feat xlink:href="#norm_group_378" value="ⲙⲛ"/><!-- ⲙⲛ -->
<feat xlink:href="#norm_group_379" value="ⲧϭⲟⲙ"/><!-- ⲧ...ϭⲟⲙ -->
<feat xlink:href="#norm_group_381" value="ⲙⲡⲛⲟⲩⲧⲉ"/><!-- ⲙ...ⲛⲟⲩⲧⲉ -->
<feat xlink:href="#norm_group_384" value="ⲁϥⲙⲧⲟⲛ"/><!-- ⲁ...ⲙⲧⲟⲛ -->
<feat xlink:href="#norm_group_387" value="ⲙⲙⲟϥ"/><!-- ⲙⲙⲟ...ϥ -->
<feat xlink:href="#norm_group_389" value="ⲉϫⲛ"/><!-- ⲉϫⲛ -->
<feat xlink:href="#norm_group_390" value="ⲧⲏⲩⲧⲛ"/><!-- ⲧⲏⲩⲧⲛ -->
<feat xlink:href="#norm_group_391" value="ⲕⲁⲧⲁⲣⲟⲟⲩ"/><!-- ⲕⲁⲧⲁⲣⲟ...ⲟⲩ -->
<feat xlink:href="#norm_group_393" value="ⲙⲉⲛ"/><!-- ⲙⲉⲛ -->
<feat xlink:href="#norm_group_394" value="ⲉⲩϫⲓ"/><!-- ⲉ...ϫⲓ -->
<feat xlink:href="#norm_group_397" value="ⲟⲩⲁ"/><!-- ⲟⲩⲁ -->
<feat xlink:href="#norm_group_398" value="ⲉⲣⲟϥ"/><!-- ⲉⲣⲟ...ϥ -->
<feat xlink:href="#norm_group_400" value="ⲕⲁⲧⲁⲣⲱⲧⲛ"/><!-- ⲕⲁⲧⲁⲣⲱ...ⲧⲛ -->
<feat xlink:href="#norm_group_402" value="ⲇⲉ"/><!-- ⲇⲉ -->
<feat xlink:href="#norm_group_403" value="ⲉϥϫⲓ"/><!-- ⲉ...ϫⲓ -->
<feat xlink:href="#norm_group_406" value="ⲉⲟⲟⲩ"/><!-- ⲉⲟⲟⲩ -->
<feat xlink:href="#norm_group_407" value="."/><!-- . -->
<feat xlink:href="#norm_group_408" value="ⲙⲡⲣⲧⲣⲉⲗⲁⲁⲩ"/><!-- ⲙⲡⲣⲧⲣⲉⲗⲁⲁⲩ -->
<feat xlink:href="#norm_group_409" value="ⲅⲁⲣ"/><!-- ⲅⲁⲣ -->
<feat xlink:href="#norm_group_410" value="ⲙⲙⲱⲧⲛ"/><!-- ⲙⲙⲱ...ⲧⲛ -->
<feat xlink:href="#norm_group_412" value="ϣⲡ"/><!-- ϣⲡ -->
<feat xlink:href="#norm_group_413" value="ϩⲓⲥⲉ"/><!-- ϩⲓⲥⲉ -->
<feat xlink:href="#norm_group_414" value="ϩⲱⲥ"/><!-- ϩⲱⲥ -->
<feat xlink:href="#norm_group_415" value="ⲫⲟⲛⲉⲩⲥ"/><!-- ⲫⲟⲛⲉⲩⲥ -->
<feat xlink:href="#norm_group_416" value="ⲏⲣⲉϥϩⲱϥⲧ"/><!-- ⲏⲣⲉϥϩⲱϥⲧ -->
<feat xlink:href="#norm_group_417" value="ⲏⲛⲣⲉϥⲣ"/><!-- ⲏⲛⲣⲉϥⲣ -->
<feat xlink:href="#norm_group_418" value="ⲡⲉⲧϩⲟⲟⲩ"/><!-- ⲡ...ϩⲟⲟⲩ -->
<feat xlink:href="#norm_group_421" value="ⲏⲙⲁⲓ"/><!-- ⲏⲙⲁⲓ -->
<feat xlink:href="#norm_group_422" value="ⲡⲉⲧⲉ"/><!-- ⲡⲉⲧⲉ -->
<feat xlink:href="#norm_group_423" value="ⲛⲡⲱϥ"/><!-- ⲛⲡⲱϥ -->
<feat xlink:href="#norm_group_424" value="ⲁⲛ"/><!-- ⲁⲛ -->
<feat xlink:href="#norm_group_425" value="ⲡⲉ"/><!-- ⲡⲉ -->
<feat xlink:href="#norm_group_426" value="ⲉϣⲱⲡⲉ"/><!-- ⲉϣⲱⲡⲉ -->
<feat xlink:href="#norm_group_427" value="ⲇⲉ"/><!-- ⲇⲉ -->
<feat xlink:href="#norm_group_428" value="ϩⲱⲥ"/><!-- ϩⲱⲥ -->
<feat xlink:href="#norm_group_429" value="ⲭⲣⲓⲥⲧⲓⲁⲛⲟⲥ"/><!-- ⲭⲣⲓⲥⲧⲓⲁⲛⲟⲥ -->
<feat xlink:href="#norm_group_430" value="ⲙⲡⲣⲧⲣⲉϥϣⲓⲡⲉ"/><!-- ⲙⲡⲣⲧⲣⲉϥϣⲓⲡⲉ -->
<feat xlink:href="#norm_group_431" value="ⲁⲗⲗⲁ"/><!-- ⲁⲗⲗⲁ -->
<feat xlink:href="#norm_group_432" value="ⲙⲁⲣⲉϥϯ"/><!-- ⲙⲁⲣⲉ...ϯ -->
<feat xlink:href="#norm_group_435" value="ⲉⲟⲟⲩ"/><!-- ⲉⲟⲟⲩ -->
<feat xlink:href="#norm_group_436" value="ⲇⲉ"/><!-- ⲇⲉ -->
<feat xlink:href="#norm_group_437" value="ⲙⲡⲛⲟⲩⲧⲉ"/><!-- ⲙ...ⲛⲟⲩⲧⲉ -->
<feat xlink:href="#norm_group_440" value="ⲉϩⲣⲁⲓ"/><!-- ⲉϩⲣⲁⲓ -->
<feat xlink:href="#norm_group_441" value="ⲉϫⲙ"/><!-- ⲉϫⲙ -->
<feat xlink:href="#norm_group_442" value="ⲡⲉⲓⲣⲁⲛ"/><!-- ⲡⲉⲓ...ⲣⲁⲛ -->
<feat xlink:href="#norm_group_444" value="ϫⲉ"/><!-- ϫⲉ -->
<feat xlink:href="#norm_group_445" value="ⲁⲡⲉⲟⲩⲟⲉⲓϣ"/><!-- ⲁ...ϣ -->
<feat xlink:href="#norm_group_449" value="ϣⲱⲡⲉ"/><!-- ϣⲱⲡⲉ -->
<feat xlink:href="#norm_group_450" value="ⲛⲧⲉⲡϩⲁⲡ"/><!-- ⲛⲧⲉ...ϩⲁⲡ -->
<feat xlink:href="#norm_group_453" value="ⲁⲣⲭⲉⲓ"/><!-- ⲁⲣⲭⲉⲓ -->
<feat xlink:href="#norm_group_454" value="ⲉⲃⲟⲗ"/><!-- ⲉⲃⲟⲗ -->
<feat xlink:href="#norm_group_455" value="ϩⲙ"/><!-- ϩⲙ -->
<feat xlink:href="#norm_group_456" value="ⲡⲏⲓ"/><!-- ⲡ...ⲏⲓ -->
<feat xlink:href="#norm_group_458" value="ⲙⲡⲛⲟⲩⲧⲉ"/><!-- ⲙ...ⲛⲟⲩⲧⲉ -->
<feat xlink:href="#norm_group_461" value="ⲉϣϫⲉ"/><!-- ⲉϣϫⲉ -->
<feat xlink:href="#norm_group_462" value="ϥⲛⲁⲣ"/><!-- ϥ...ⲣ -->
<feat xlink:href="#norm_group_465" value="ϣⲟⲣⲡ"/><!-- ϣⲟⲣⲡ -->
<feat xlink:href="#norm_group_466" value="ⲇⲉ"/><!-- ⲇⲉ -->
<feat xlink:href="#norm_group_467" value="ⲙⲙⲟⲛ"/><!-- ⲙⲙⲟⲛ -->
<feat xlink:href="#norm_group_468" value="ⲉⲓ"/><!-- ⲉ...ⲓ -->
<feat xlink:href="#norm_group_470" value="ⲟⲩ"/><!-- ⲟⲩ -->
<feat xlink:href="#norm_group_471" value="ⲧⲉ"/><!-- ⲧⲉ -->
<feat xlink:href="#norm_group_472" value="ⲧⲑⲁⲏ"/><!-- ⲧ...ⲑⲁⲏ -->
<feat xlink:href="#norm_group_474" value="ⲛⲛⲉⲧⲟ"/><!-- ⲛ...ⲟ -->
<feat xlink:href="#norm_group_478" value="ⲛⲁⲧⲥⲱⲧⲙ"/><!-- ⲛ...ⲁⲧⲥⲱⲧⲙ -->
<feat xlink:href="#norm_group_480" value="ⲛⲥⲁ"/><!-- ⲛⲥⲁ -->
<feat xlink:href="#norm_group_481" value="ⲡⲉⲩⲁⲅⲅⲉⲗⲓⲟⲛ"/><!-- ⲡ...ⲉⲩⲁⲅⲅⲉⲗⲓⲟⲛ -->
<feat xlink:href="#norm_group_483" value="ⲙⲡⲛⲟⲩⲧⲉ"/><!-- ⲙ...ⲛⲟⲩⲧⲉ -->
<feat xlink:href="#norm_group_486" value="ⲁⲩⲱ"/><!-- ⲁⲩⲱ -->
<feat xlink:href="#norm_group_487" value="ⲉϣϫⲉ"/><!-- ⲉϣϫⲉ -->
<feat xlink:href="#norm_group_488" value="ⲙⲟⲅⲓⲥ"/><!-- ⲙⲟⲅⲓⲥ -->
<feat xlink:href="#norm_group_489" value="ⲉⲣⲉⲡⲇⲓⲕⲁⲓⲟⲥ"/><!-- ⲉⲣⲉⲡⲇⲓⲕⲁⲓⲟⲥ -->
<feat xlink:href="#norm_group_490" value="ⲛⲁⲟⲩϫⲁⲓ"/><!-- ⲛⲁ...ⲟⲩϫⲁⲓ -->
<feat xlink:href="#norm_group_492" value="ⲉⲓ"/><!-- ⲉ...ⲓ -->
<feat xlink:href="#norm_group_494" value="ⲉⲣⲉⲡⲁⲥⲉⲃⲏⲥ"/><!-- ⲉⲣⲉⲡⲁⲥⲉⲃⲏⲥ -->
<feat xlink:href="#norm_group_495" value="ⲙⲛ"/><!-- ⲙⲛ -->
<feat xlink:href="#norm_group_496" value="ⲡⲣⲉϥⲣⲛⲟⲃⲉ"/><!-- ⲡ...ⲣⲉϥⲣⲛⲟⲃⲉ -->
<feat xlink:href="#norm_group_498" value="ⲛⲁⲟⲩⲱⲛϩ"/><!-- ⲛⲁ...ⲱⲛϩ -->
<feat xlink:href="#norm_group_501" value="ⲉⲃⲟⲗ"/><!-- ⲉⲃⲟⲗ -->
<feat xlink:href="#norm_group_502" value="ⲧⲱⲛ"/><!-- ⲧⲱⲛ -->
<feat xlink:href="#norm_group_503" value="."/><!-- . -->
<feat xlink:href="#norm_group_504" value="ϩⲱⲥⲇⲉ"/><!-- ϩⲱⲥⲇⲉ -->
<feat xlink:href="#norm_group_505" value="ϭⲉ"/><!-- ϭⲉ -->
<feat xlink:href="#norm_group_506" value="ⲛⲛⲕⲟⲟⲩⲉ"/><!-- ⲛ...ⲕⲟⲟⲩⲉ -->
<feat xlink:href="#norm_group_509" value="ⲉⲧϣⲡ"/><!-- ⲉⲧ...ϣⲡ -->
<feat xlink:href="#norm_group_511" value="ϩⲓⲥⲉ"/><!-- ϩⲓⲥⲉ -->
<feat xlink:href="#norm_group_512" value="ⲕⲁⲧⲁ"/><!-- ⲕⲁⲧⲁ -->
<feat xlink:href="#norm_group_513" value="ⲡⲟⲩⲱϣ"/><!-- ⲡ...ⲟⲩⲱϣ -->
<feat xlink:href="#norm_group_515" value="ⲙⲡⲛⲟⲩⲧⲉ"/><!-- ⲙ...ⲛⲟⲩⲧⲉ -->
<feat xlink:href="#norm_group_518" value="ⲙⲁⲣⲟⲩϭⲟⲓⲗⲉ"/><!-- ⲙⲁⲣⲟⲩϭⲟⲓⲗⲉ -->
<feat xlink:href="#norm_group_519" value="ⲛⲛⲉⲩⲯⲩⲭⲏ"/><!-- ⲛ...ⲯⲩⲭⲏ -->
<feat xlink:href="#norm_group_522" value="ⲉⲡⲣⲉϥⲥⲱⲛⲧ"/><!-- ⲉ...ⲣⲉϥⲥⲱⲛⲧ -->
<feat xlink:href="#norm_group_525" value="ⲙⲡⲓⲥⲧⲟⲥ"/><!-- ⲙⲡ...ⲥ -->
<feat xlink:href="#norm_group_529" value="ϩⲛ"/><!-- ϩⲛ -->
<feat xlink:href="#norm_group_530" value="ⲟⲩⲙⲛⲧⲣⲉϥⲣ"/><!-- ⲟⲩⲙⲛⲧⲣⲉϥⲣ -->
<feat xlink:href="#norm_group_531" value="ⲡⲉⲧⲛⲁⲛⲟⲩϥ"/><!-- ⲡⲉⲧⲛⲁⲛⲟⲩϥ -->
<feat xlink:href="#norm_group_532" value="."/><!-- . -->
</featList>
</paula>
