<?xml version="1.0" encoding="UTF-8" standalone="no"?>

<!DOCTYPE paula SYSTEM "paula_feat.dtd">
<paula version="1.0">

<header paula_id="sahidica.nt.1_Peter_4_orig"/>

<featList xmlns:xlink="http://www.w3.org/1999/xlink" type="orig" xml:base="sahidica.nt.1_Peter_4.origSeg.xml">
<feat xlink:href="#orig_1" value="ⲡⲉ"/><!-- ⲡⲉ -->
<feat xlink:href="#orig_2" value="ⲭⲣⲓⲥⲧⲟⲥ"/><!-- ⲭⲣⲓⲥⲧⲟⲥ -->
<feat xlink:href="#orig_3" value="ϭⲉ"/><!-- ϭⲉ -->
<feat xlink:href="#orig_4" value="ⲁ"/><!-- ⲁ -->
<feat xlink:href="#orig_5" value="ϥ"/><!-- ϥ -->
<feat xlink:href="#orig_6" value="ϣⲡ"/><!-- ϣⲡ -->
<feat xlink:href="#orig_7" value="ϩⲓⲥⲉ"/><!-- ϩⲓⲥⲉ -->
<feat xlink:href="#orig_8" value="ϩⲛ"/><!-- ϩⲛ -->
<feat xlink:href="#orig_9" value="ⲧⲥⲁⲡⲝ"/><!-- ⲧⲥⲁⲡⲝ -->
<feat xlink:href="#orig_10" value="ⲛⲧⲱⲧⲛ"/><!-- ⲛⲧⲱⲧⲛ -->
<feat xlink:href="#orig_11" value="ϩⲱ"/><!-- ϩⲱ -->
<feat xlink:href="#orig_12" value="ⲧⲏⲩⲧⲛ"/><!-- ⲧⲏⲩⲧⲛ -->
<feat xlink:href="#orig_13" value="ϩⲱ"/><!-- ϩⲱ -->
<feat xlink:href="#orig_14" value="ⲕ"/><!-- ⲕ -->
<feat xlink:href="#orig_15" value="ⲙⲙⲱ"/><!-- ⲙⲙⲱ -->
<feat xlink:href="#orig_16" value="ⲧⲛ"/><!-- ⲧⲛ -->
<feat xlink:href="#orig_17" value="ϩⲙ"/><!-- ϩⲙ -->
<feat xlink:href="#orig_18" value="ⲡⲉⲓ"/><!-- ⲡⲉⲓ -->
<feat xlink:href="#orig_19" value="ⲙⲉⲉⲩⲉ"/><!-- ⲙⲉⲉⲩⲉ -->
<feat xlink:href="#orig_20" value="ϫⲉ"/><!-- ϫⲉ -->
<feat xlink:href="#orig_21" value="ⲡ"/><!-- ⲡ -->
<feat xlink:href="#orig_22" value="ⲉⲛⲧ"/><!-- ⲉⲛⲧ -->
<feat xlink:href="#orig_23" value="ⲁ"/><!-- ⲁ -->
<feat xlink:href="#orig_24" value="ϥ"/><!-- ϥ -->
<feat xlink:href="#orig_25" value="ⲙⲟⲩ"/><!-- ⲙⲟⲩ -->
<feat xlink:href="#orig_26" value="ϩⲛ"/><!-- ϩⲛ -->
<feat xlink:href="#orig_27" value="ⲧ"/><!-- ⲧ -->
<feat xlink:href="#orig_28" value="ⲥⲁⲣⲝ"/><!-- ⲥⲁⲣⲝ -->
<feat xlink:href="#orig_29" value="ⲁ"/><!-- ⲁ -->
<feat xlink:href="#orig_30" value="ϥ"/><!-- ϥ -->
<feat xlink:href="#orig_31" value="ⲗⲟ"/><!-- ⲗⲟ -->
<feat xlink:href="#orig_32" value="ϩⲙ"/><!-- ϩⲙ -->
<feat xlink:href="#orig_33" value="ⲡ"/><!-- ⲡ -->
<feat xlink:href="#orig_34" value="ⲛⲟⲃⲉ"/><!-- ⲛⲟⲃⲉ -->
<feat xlink:href="#orig_35" value="."/><!-- . -->
<feat xlink:href="#orig_36" value="ⲉ"/><!-- ⲉ -->
<feat xlink:href="#orig_37" value="ⲧⲙ"/><!-- ⲧⲙ -->
<feat xlink:href="#orig_38" value="ⲧⲣⲉ"/><!-- ⲧⲣⲉ -->
<feat xlink:href="#orig_39" value="ϥ"/><!-- ϥ -->
<feat xlink:href="#orig_40" value="ϣⲱⲡⲉ"/><!-- ϣⲱⲡⲉ -->
<feat xlink:href="#orig_41" value="ϭⲉ"/><!-- ϭⲉ -->
<feat xlink:href="#orig_42" value="ϩⲛ"/><!-- ϩⲛ -->
<feat xlink:href="#orig_43" value="ⲛ"/><!-- ⲛ -->
<feat xlink:href="#orig_44" value="ⲉⲡⲓⲑⲩⲙⲓⲁ"/><!-- ⲉⲡⲓⲑⲩⲙⲓⲁ -->
<feat xlink:href="#orig_45" value="ⲛ"/><!-- ⲛ -->
<feat xlink:href="#orig_46" value="ⲛ"/><!-- ⲛ -->
<feat xlink:href="#orig_47" value="ⲣⲱⲙⲉ"/><!-- ⲣⲱⲙⲉ -->
<feat xlink:href="#orig_48" value="ⲁⲗⲗⲁ"/><!-- ⲁⲗⲗⲁ -->
<feat xlink:href="#orig_49" value="ⲉⲣⲡⲕⲉⲥⲉⲉⲡⲉ"/><!-- ⲉⲣⲡⲕⲉⲥⲉⲉⲡⲉ -->
<feat xlink:href="#orig_50" value="ⲛ"/><!-- ⲛ -->
<feat xlink:href="#orig_51" value="ⲛⲉ"/><!-- ⲛⲉ -->
<feat xlink:href="#orig_52" value="ϩⲟⲟⲩ"/><!-- ϩⲟⲟⲩ -->
<feat xlink:href="#orig_53" value="ⲙ"/><!-- ⲙ -->
<feat xlink:href="#orig_54" value="ⲡⲉϥ"/><!-- ⲡⲉϥ -->
<feat xlink:href="#orig_55" value="ⲱⲛϩ"/><!-- ⲱⲛϩ -->
<feat xlink:href="#orig_56" value="ϩⲙ"/><!-- ϩⲙ -->
<feat xlink:href="#orig_57" value="ⲡ"/><!-- ⲡ -->
<feat xlink:href="#orig_58" value="ⲟⲩⲱϣ"/><!-- ⲟⲩⲱϣ -->
<feat xlink:href="#orig_59" value="ⲙ"/><!-- ⲙ -->
<feat xlink:href="#orig_60" value="ⲡ"/><!-- ⲡ -->
<feat xlink:href="#orig_61" value="ⲛⲟⲩⲧⲉ"/><!-- ⲛⲟⲩⲧⲉ -->
<feat xlink:href="#orig_62" value="."/><!-- . -->
<feat xlink:href="#orig_63" value="ϩⲱ"/><!-- ϩⲱ -->
<feat xlink:href="#orig_64" value="ⲅⲁⲣ"/><!-- ⲅⲁⲣ -->
<feat xlink:href="#orig_65" value="ⲉ"/><!-- ⲉ -->
<feat xlink:href="#orig_66" value="ⲡⲉ"/><!-- ⲡⲉ -->
<feat xlink:href="#orig_67" value="ⲩⲟⲉⲓϣ"/><!-- ⲩⲟⲉⲓϣ -->
<feat xlink:href="#orig_68" value="ⲛⲧ"/><!-- ⲛⲧ -->
<feat xlink:href="#orig_69" value="ⲁ"/><!-- ⲁ -->
<feat xlink:href="#orig_70" value="ϥ"/><!-- ϥ -->
<feat xlink:href="#orig_71" value="ⲟⲩⲉⲓⲛⲉ"/><!-- ⲟⲩⲉⲓⲛⲉ -->
<feat xlink:href="#orig_72" value="ⲉ"/><!-- ⲉ -->
<feat xlink:href="#orig_73" value="ⲁ"/><!-- ⲁ -->
<feat xlink:href="#orig_74" value="ⲧⲉⲧⲛ"/><!-- ⲧⲉⲧⲛ -->
<feat xlink:href="#orig_75" value="ⲉⲓⲣⲉ"/><!-- ⲉⲓⲣⲉ -->
<feat xlink:href="#orig_76" value="ⲙ"/><!-- ⲙ -->
<feat xlink:href="#orig_77" value="ⲡ"/><!-- ⲡ -->
<feat xlink:href="#orig_78" value="ⲟⲩⲱϣ"/><!-- ⲟⲩⲱϣ -->
<feat xlink:href="#orig_79" value="ⲛ"/><!-- ⲛ -->
<feat xlink:href="#orig_80" value="ⲛ"/><!-- ⲛ -->
<feat xlink:href="#orig_81" value="ϩⲉⲑⲛⲟⲥ"/><!-- ϩⲉⲑⲛⲟⲥ -->
<feat xlink:href="#orig_82" value="ⲉ"/><!-- ⲉ -->
<feat xlink:href="#orig_83" value="ⲧⲉⲧⲛ"/><!-- ⲧⲉⲧⲛ -->
<feat xlink:href="#orig_84" value="ⲙⲟⲟϣⲉ"/><!-- ⲙⲟⲟϣⲉ -->
<feat xlink:href="#orig_85" value="ϩⲛ"/><!-- ϩⲛ -->
<feat xlink:href="#orig_86" value="ⲛ"/><!-- ⲛ -->
<feat xlink:href="#orig_87" value="ϫⲱϩⲙ"/><!-- ϫⲱϩⲙ -->
<feat xlink:href="#orig_88" value="ⲙⲛ"/><!-- ⲙⲛ -->
<feat xlink:href="#orig_89" value="ⲛ"/><!-- ⲛ -->
<feat xlink:href="#orig_90" value="ⲉⲡⲓⲑⲩⲙⲓⲁ"/><!-- ⲉⲡⲓⲑⲩⲙⲓⲁ -->
<feat xlink:href="#orig_91" value="ⲙⲛ"/><!-- ⲙⲛ -->
<feat xlink:href="#orig_92" value="ⲛ"/><!-- ⲛ -->
<feat xlink:href="#orig_93" value="ϯ"/><!-- ϯ -->
<feat xlink:href="#orig_94" value="ϩⲉ"/><!-- ϩⲉ -->
<feat xlink:href="#orig_95" value="ⲙⲛ"/><!-- ⲙⲛ -->
<feat xlink:href="#orig_96" value="ⲛⲉ"/><!-- ⲛⲉ -->
<feat xlink:href="#orig_97" value="ⲛ"/><!-- ⲛ -->
<feat xlink:href="#orig_98" value="ϫⲏⲣ"/><!-- ϫⲏⲣ -->
<feat xlink:href="#orig_99" value="ⲙⲛ"/><!-- ⲙⲛ -->
<feat xlink:href="#orig_100" value="ⲛⲥⲱⲱϥ"/><!-- ⲛⲥⲱⲱϥ -->
<feat xlink:href="#orig_101" value="ⲙⲛ"/><!-- ⲙⲛ -->
<feat xlink:href="#orig_102" value="ⲛⲉⲙⲛⲧⲣⲉϥϣⲙϣⲉ"/><!-- ⲛⲉⲙⲛⲧⲣⲉϥϣⲙϣⲉ -->
<feat xlink:href="#orig_103" value="ⲉⲓⲇⲱⲗⲟⲛ"/><!-- ⲉⲓⲇⲱⲗⲟⲛ -->
<feat xlink:href="#orig_104" value="ⲉⲧ"/><!-- ⲉⲧ -->
<feat xlink:href="#orig_105" value="ϫⲁϩⲙ"/><!-- ϫⲁϩⲙ -->
<feat xlink:href="#orig_106" value="ϩⲙ"/><!-- ϩⲙ -->
<feat xlink:href="#orig_107" value="ⲡⲁⲓ"/><!-- ⲡⲁⲓ -->
<feat xlink:href="#orig_108" value="ⲉϣⲁⲩⲣϣⲡⲏⲣⲉ"/><!-- ⲉϣⲁⲩⲣϣⲡⲏⲣⲉ -->
<feat xlink:href="#orig_109" value="ⲛⲧⲉⲧⲛⲡⲏⲧ"/><!-- ⲛⲧⲉⲧⲛⲡⲏⲧ -->
<feat xlink:href="#orig_110" value="ⲁⲛ"/><!-- ⲁⲛ -->
<feat xlink:href="#orig_111" value="ⲛⲙⲙⲁ"/><!-- ⲛⲙⲙⲁ -->
<feat xlink:href="#orig_112" value="ⲩ"/><!-- ⲩ -->
<feat xlink:href="#orig_113" value="ϩⲛ"/><!-- ϩⲛ -->
<feat xlink:href="#orig_114" value="ⲛⲉ"/><!-- ⲛⲉ -->
<feat xlink:href="#orig_115" value="ϩⲃⲏⲩⲉ"/><!-- ϩⲃⲏⲩⲉ -->
<feat xlink:href="#orig_116" value="ⲙⲙⲛⲧϣⲛⲁ"/><!-- ⲙⲙⲛⲧϣⲛⲁ -->
<feat xlink:href="#orig_117" value="ⲛ"/><!-- ⲛ -->
<feat xlink:href="#orig_118" value="ⲥ"/><!-- ⲥ -->
<feat xlink:href="#orig_119" value="ⲉϫ"/><!-- ⲉϫ -->
<feat xlink:href="#orig_120" value="ⲓ"/><!-- ⲓ -->
<feat xlink:href="#orig_121" value="ⲟⲩⲁ"/><!-- ⲟⲩⲁ -->
<feat xlink:href="#orig_122" value="ⲛⲁⲓ"/><!-- ⲛⲁⲓ -->
<feat xlink:href="#orig_123" value="ⲉⲧ"/><!-- ⲉⲧ -->
<feat xlink:href="#orig_124" value="ⲛⲁ"/><!-- ⲛⲁ -->
<feat xlink:href="#orig_125" value="ϯ"/><!-- ϯ -->
<feat xlink:href="#orig_126" value="ⲗⲟⲅⲟⲥ"/><!-- ⲗⲟⲅⲟⲥ -->
<feat xlink:href="#orig_127" value="ⲙ"/><!-- ⲙ -->
<feat xlink:href="#orig_128" value="ⲡ"/><!-- ⲡ -->
<feat xlink:href="#orig_129" value="ⲉⲧ"/><!-- ⲉⲧ -->
<feat xlink:href="#orig_130" value="ⲥⲃⲧⲱⲧ"/><!-- ⲥⲃⲧⲱⲧ -->
<feat xlink:href="#orig_131" value="ⲉ"/><!-- ⲉ -->
<feat xlink:href="#orig_132" value="ⲕⲣⲓⲛⲉ"/><!-- ⲕⲣⲓⲛⲉ -->
<feat xlink:href="#orig_133" value="ⲛ"/><!-- ⲛ -->
<feat xlink:href="#orig_134" value="ⲛ"/><!-- ⲛ -->
<feat xlink:href="#orig_135" value="ⲉⲧ"/><!-- ⲉⲧ -->
<feat xlink:href="#orig_136" value="ⲟⲛϩ"/><!-- ⲟⲛϩ -->
<feat xlink:href="#orig_137" value="ⲙⲛ"/><!-- ⲙⲛ -->
<feat xlink:href="#orig_138" value="ⲉⲧ"/><!-- ⲉⲧ -->
<feat xlink:href="#orig_139" value="ⲙⲟⲟⲩⲧ"/><!-- ⲙⲟⲟⲩⲧ -->
<feat xlink:href="#orig_140" value="."/><!-- . -->
<feat xlink:href="#orig_141" value="ⲉⲧⲃⲉ"/><!-- ⲉⲧⲃⲉ -->
<feat xlink:href="#orig_142" value="ⲡⲁⲓ"/><!-- ⲡⲁⲓ -->
<feat xlink:href="#orig_143" value="ⲅⲁⲣ"/><!-- ⲅⲁⲣ -->
<feat xlink:href="#orig_144" value="ⲁ"/><!-- ⲁ -->
<feat xlink:href="#orig_145" value="ⲩ"/><!-- ⲩ -->
<feat xlink:href="#orig_146" value="ⲉⲩⲁⲅⲅⲉⲗⲓⲍⲉ"/><!-- ⲉⲩⲁⲅⲅⲉⲗⲓⲍⲉ -->
<feat xlink:href="#orig_147" value="ⲛⲛⲕⲉⲣⲉϥⲙⲟⲟⲩⲧ"/><!-- ⲛⲛⲕⲉⲣⲉϥⲙⲟⲟⲩⲧ -->
<feat xlink:href="#orig_148" value="ϫⲉⲕⲁⲁⲥ"/><!-- ϫⲉⲕⲁⲁⲥ -->
<feat xlink:href="#orig_149" value="ⲉⲩⲉ"/><!-- ⲉⲩⲉ -->
<feat xlink:href="#orig_150" value="ⲕⲣⲓⲛⲉ"/><!-- ⲕⲣⲓⲛⲉ -->
<feat xlink:href="#orig_151" value="ⲙⲙⲟ"/><!-- ⲙⲙⲟ -->
<feat xlink:href="#orig_152" value="ⲟⲩ"/><!-- ⲟⲩ -->
<feat xlink:href="#orig_153" value="ⲕⲁⲧⲁ"/><!-- ⲕⲁⲧⲁ -->
<feat xlink:href="#orig_154" value="ⲣⲱⲙⲉ"/><!-- ⲣⲱⲙⲉ -->
<feat xlink:href="#orig_155" value="ϩⲛ"/><!-- ϩⲛ -->
<feat xlink:href="#orig_156" value="ⲧ"/><!-- ⲧ -->
<feat xlink:href="#orig_157" value="ⲥⲁⲣⲝ"/><!-- ⲥⲁⲣⲝ -->
<feat xlink:href="#orig_158" value="ⲛⲥⲉⲱⲛϩ"/><!-- ⲛⲥⲉⲱⲛϩ -->
<feat xlink:href="#orig_159" value="ⲇⲉ"/><!-- ⲇⲉ -->
<feat xlink:href="#orig_160" value="ⲕⲁⲧⲁ"/><!-- ⲕⲁⲧⲁ -->
<feat xlink:href="#orig_161" value="ⲡ"/><!-- ⲡ -->
<feat xlink:href="#orig_162" value="ⲛⲟⲩⲧⲉ"/><!-- ⲛⲟⲩⲧⲉ -->
<feat xlink:href="#orig_163" value="ϩⲙ"/><!-- ϩⲙ -->
<feat xlink:href="#orig_164" value="ⲡⲉ"/><!-- ⲡⲉ -->
<feat xlink:href="#orig_165" value="ⲡⲛⲉⲩⲙⲁ"/><!-- ⲡⲛⲉⲩⲙⲁ -->
<feat xlink:href="#orig_166" value="ⲧ"/><!-- ⲧ -->
<feat xlink:href="#orig_167" value="ϩⲁⲏ"/><!-- ϩⲁⲏ -->
<feat xlink:href="#orig_168" value="ⲇⲉ"/><!-- ⲇⲉ -->
<feat xlink:href="#orig_169" value="ⲛ"/><!-- ⲛ -->
<feat xlink:href="#orig_170" value="ⲟⲩⲟⲛ"/><!-- ⲟⲩⲟⲛ -->
<feat xlink:href="#orig_171" value="ⲛⲓⲙ"/><!-- ⲛⲓⲙ -->
<feat xlink:href="#orig_172" value="ⲁ"/><!-- ⲁ -->
<feat xlink:href="#orig_173" value="ⲥ"/><!-- ⲥ -->
<feat xlink:href="#orig_174" value="ϩⲱⲛ"/><!-- ϩⲱⲛ -->
<feat xlink:href="#orig_175" value="ⲉϩⲟⲩⲛ"/><!-- ⲉϩⲟⲩⲛ -->
<feat xlink:href="#orig_176" value="ϭⲙ"/><!-- ϭⲙ -->
<feat xlink:href="#orig_177" value="ⲡⲉⲧⲛ"/><!-- ⲡⲉⲧⲛ -->
<feat xlink:href="#orig_178" value="ϩⲏⲧ"/><!-- ϩⲏⲧ -->
<feat xlink:href="#orig_179" value="ϭⲉ"/><!-- ϭⲉ -->
<feat xlink:href="#orig_180" value="ⲛ"/><!-- ⲛ -->
<feat xlink:href="#orig_181" value="ⲧⲉⲧⲛ"/><!-- ⲧⲉⲧⲛ -->
<feat xlink:href="#orig_182" value="ⲛⲏⲫⲉ"/><!-- ⲛⲏⲫⲉ -->
<feat xlink:href="#orig_183" value="ⲉⲛⲉ"/><!-- ⲉⲛⲉ -->
<feat xlink:href="#orig_184" value="ϣⲗⲏⲗ"/><!-- ϣⲗⲏⲗ -->
<feat xlink:href="#orig_185" value="ϩⲁ"/><!-- ϩⲁ -->
<feat xlink:href="#orig_186" value="ⲧ"/><!-- ⲧ -->
<feat xlink:href="#orig_187" value="ϩⲏ"/><!-- ϩⲏ -->
<feat xlink:href="#orig_188" value="ⲛ"/><!-- ⲛ -->
<feat xlink:href="#orig_189" value="ϩⲱⲃ"/><!-- ϩⲱⲃ -->
<feat xlink:href="#orig_190" value="ⲛⲓⲙ"/><!-- ⲛⲓⲙ -->
<feat xlink:href="#orig_191" value="ⲉⲩⲛⲧⲏⲧⲛ"/><!-- ⲉⲩⲛⲧⲏⲧⲛ -->
<feat xlink:href="#orig_192" value="ⲙⲙⲁⲩ"/><!-- ⲙⲙⲁⲩ -->
<feat xlink:href="#orig_193" value="ⲛ"/><!-- ⲛ -->
<feat xlink:href="#orig_194" value="ⲧ"/><!-- ⲧ -->
<feat xlink:href="#orig_195" value="ⲁⲅⲁⲡⲏ"/><!-- ⲁⲅⲁⲡⲏ -->
<feat xlink:href="#orig_196" value="ⲉϩⲟⲩⲛ"/><!-- ⲉϩⲟⲩⲛ -->
<feat xlink:href="#orig_197" value="ⲉ"/><!-- ⲉ -->
<feat xlink:href="#orig_198" value="ⲛⲉⲧⲛ"/><!-- ⲛⲉⲧⲛ -->
<feat xlink:href="#orig_199" value="ⲉⲣⲏⲩ"/><!-- ⲉⲣⲏⲩ -->
<feat xlink:href="#orig_200" value="ⲁϫⲛ"/><!-- ⲁϫⲛ -->
<feat xlink:href="#orig_201" value="ⲱϫⲛ"/><!-- ⲱϫⲛ -->
<feat xlink:href="#orig_202" value="ϫⲉ"/><!-- ϫⲉ -->
<feat xlink:href="#orig_203" value="ϣⲁⲣⲉⲧⲁⲅⲁⲡⲏ"/><!-- ϣⲁⲣⲉⲧⲁⲅⲁⲡⲏ -->
<feat xlink:href="#orig_204" value="ϩⲱⲃⲥ"/><!-- ϩⲱⲃⲥ -->
<feat xlink:href="#orig_205" value="ⲉⲃⲟⲗ"/><!-- ⲉⲃⲟⲗ -->
<feat xlink:href="#orig_206" value="ⲉϫⲛ"/><!-- ⲉϫⲛ -->
<feat xlink:href="#orig_207" value="ⲟⲩ"/><!-- ⲟⲩ -->
<feat xlink:href="#orig_208" value="ⲙⲏⲏϣⲉ"/><!-- ⲙⲏⲏϣⲉ -->
<feat xlink:href="#orig_209" value="ⲛ"/><!-- ⲛ -->
<feat xlink:href="#orig_210" value="ⲛⲟⲃⲉ"/><!-- ⲛⲟⲃⲉ -->
<feat xlink:href="#orig_211" value="ⲉ"/><!-- ⲉ -->
<feat xlink:href="#orig_212" value="ⲧⲉⲧⲛ"/><!-- ⲧⲉⲧⲛ -->
<feat xlink:href="#orig_213" value="ⲟ"/><!-- ⲟ -->
<feat xlink:href="#orig_214" value="ⲙ"/><!-- ⲙ -->
<feat xlink:href="#orig_215" value="ⲙⲁⲓ"/><!-- ⲙⲁⲓ -->
<feat xlink:href="#orig_216" value="ϣⲙⲙⲟ"/><!-- ϣⲙⲙⲟ -->
<feat xlink:href="#orig_217" value="ⲉϩⲟⲩⲛ"/><!-- ⲉϩⲟⲩⲛ -->
<feat xlink:href="#orig_218" value="ⲉ"/><!-- ⲉ -->
<feat xlink:href="#orig_219" value="ⲛⲉⲧⲛ"/><!-- ⲛⲉⲧⲛ -->
<feat xlink:href="#orig_220" value="ⲉⲣⲏⲩ"/><!-- ⲉⲣⲏⲩ -->
<feat xlink:href="#orig_221" value="ⲁϫⲛ"/><!-- ⲁϫⲛ -->
<feat xlink:href="#orig_222" value="ⲕⲣⲙⲣⲙ"/><!-- ⲕⲣⲙⲣⲙ -->
<feat xlink:href="#orig_223" value="."/><!-- . -->
<feat xlink:href="#orig_224" value="ⲡⲉ"/><!-- ⲡⲉ -->
<feat xlink:href="#orig_225" value="ⲭⲁⲣⲓⲥⲙⲁ"/><!-- ⲭⲁⲣⲓⲥⲙⲁ -->
<feat xlink:href="#orig_226" value="ⲛⲧ"/><!-- ⲛⲧ -->
<feat xlink:href="#orig_227" value="ⲁ"/><!-- ⲁ -->
<feat xlink:href="#orig_228" value="ⲡ"/><!-- ⲡ -->
<feat xlink:href="#orig_229" value="ⲟⲩⲁ"/><!-- ⲟⲩⲁ -->
<feat xlink:href="#orig_230" value="ⲡ"/><!-- ⲡ -->
<feat xlink:href="#orig_231" value="ⲟⲩⲁ"/><!-- ⲟⲩⲁ -->
<feat xlink:href="#orig_232" value="ϫⲓⲧ"/><!-- ϫⲓⲧ -->
<feat xlink:href="#orig_233" value="ϥ"/><!-- ϥ -->
<feat xlink:href="#orig_234" value="ⲉ"/><!-- ⲉ -->
<feat xlink:href="#orig_235" value="ⲧⲉⲧⲛ"/><!-- ⲧⲉⲧⲛ -->
<feat xlink:href="#orig_236" value="ⲇⲓⲁⲕⲟⲛⲉⲓ"/><!-- ⲇⲓⲁⲕⲟⲛⲉⲓ -->
<feat xlink:href="#orig_237" value="ⲙⲙⲟ"/><!-- ⲙⲙⲟ -->
<feat xlink:href="#orig_238" value="ϥ"/><!-- ϥ -->
<feat xlink:href="#orig_239" value="ⲛ"/><!-- ⲛ -->
<feat xlink:href="#orig_240" value="ⲛⲉⲧⲛ"/><!-- ⲛⲉⲧⲛ -->
<feat xlink:href="#orig_241" value="ⲉⲣⲏⲩ"/><!-- ⲉⲣⲏⲩ -->
<feat xlink:href="#orig_242" value="ϩⲱⲥ"/><!-- ϩⲱⲥ -->
<feat xlink:href="#orig_243" value="ⲟⲓⲕⲟⲛⲟⲙⲟⲥ"/><!-- ⲟⲓⲕⲟⲛⲟⲙⲟⲥ -->
<feat xlink:href="#orig_244" value="ⲉⲛⲁⲛⲟⲩϥ"/><!-- ⲉⲛⲁⲛⲟⲩϥ -->
<feat xlink:href="#orig_245" value="ⲛ"/><!-- ⲛ -->
<feat xlink:href="#orig_246" value="ⲧⲉ"/><!-- ⲧⲉ -->
<feat xlink:href="#orig_247" value="ⲭⲁⲣⲓⲥ"/><!-- ⲭⲁⲣⲓⲥ -->
<feat xlink:href="#orig_248" value="ⲙ"/><!-- ⲙ -->
<feat xlink:href="#orig_249" value="ⲡ"/><!-- ⲡ -->
<feat xlink:href="#orig_250" value="ⲛⲟⲩⲧⲉ"/><!-- ⲛⲟⲩⲧⲉ -->
<feat xlink:href="#orig_251" value="ⲉⲧ"/><!-- ⲉⲧ -->
<feat xlink:href="#orig_252" value="ϣⲟⲃⲉ"/><!-- ϣⲟⲃⲉ -->
<feat xlink:href="#orig_253" value="."/><!-- . -->
<feat xlink:href="#orig_254" value="ⲡ"/><!-- ⲡ -->
<feat xlink:href="#orig_255" value="ⲉⲧ"/><!-- ⲉⲧ -->
<feat xlink:href="#orig_256" value="ϣⲁϫⲉ"/><!-- ϣⲁϫⲉ -->
<feat xlink:href="#orig_257" value="ϩⲱⲥ"/><!-- ϩⲱⲥ -->
<feat xlink:href="#orig_258" value="ⲉ"/><!-- ⲉ -->
<feat xlink:href="#orig_259" value="ϩⲉⲛ"/><!-- ϩⲉⲛ -->
<feat xlink:href="#orig_260" value="ϣⲁϫⲉ"/><!-- ϣⲁϫⲉ -->
<feat xlink:href="#orig_261" value="ⲛⲧⲉ"/><!-- ⲛⲧⲉ -->
<feat xlink:href="#orig_262" value="ⲡ"/><!-- ⲡ -->
<feat xlink:href="#orig_263" value="ⲛⲟⲩⲧⲉ"/><!-- ⲛⲟⲩⲧⲉ -->
<feat xlink:href="#orig_264" value="ⲛⲉ"/><!-- ⲛⲉ -->
<feat xlink:href="#orig_265" value="ⲡ"/><!-- ⲡ -->
<feat xlink:href="#orig_266" value="ⲉⲧ"/><!-- ⲉⲧ -->
<feat xlink:href="#orig_267" value="ⲇⲓⲁⲕⲟⲛⲉⲓ"/><!-- ⲇⲓⲁⲕⲟⲛⲉⲓ -->
<feat xlink:href="#orig_268" value="ϩⲱⲥ"/><!-- ϩⲱⲥ -->
<feat xlink:href="#orig_269" value="ⲉⲃⲟⲗ"/><!-- ⲉⲃⲟⲗ -->
<feat xlink:href="#orig_270" value="ϩⲓⲧⲛ"/><!-- ϩⲓⲧⲛ -->
<feat xlink:href="#orig_271" value="ⲧ"/><!-- ⲧ -->
<feat xlink:href="#orig_272" value="ϭⲟⲙ"/><!-- ϭⲟⲙ -->
<feat xlink:href="#orig_273" value="ⲉⲧⲉⲣⲉⲡⲛⲟⲩⲧⲉ"/><!-- ⲉⲧⲉⲣⲉⲡⲛⲟⲩⲧⲉ -->
<feat xlink:href="#orig_274" value="ϯ"/><!-- ϯ -->
<feat xlink:href="#orig_275" value="ⲙⲙⲟ"/><!-- ⲙⲙⲟ -->
<feat xlink:href="#orig_276" value="ⲥ"/><!-- ⲥ -->
<feat xlink:href="#orig_277" value="ϫⲉⲕⲁⲁⲥ"/><!-- ϫⲉⲕⲁⲁⲥ -->
<feat xlink:href="#orig_278" value="ⲉⲣⲉⲡⲛⲟⲩⲧⲉ"/><!-- ⲉⲣⲉⲡⲛⲟⲩⲧⲉ -->
<feat xlink:href="#orig_279" value="ϫⲓ"/><!-- ϫⲓ -->
<feat xlink:href="#orig_280" value="ⲉⲟⲟⲩ"/><!-- ⲉⲟⲟⲩ -->
<feat xlink:href="#orig_281" value="ϩⲛ"/><!-- ϩⲛ -->
<feat xlink:href="#orig_282" value="ϩⲱⲃ"/><!-- ϩⲱⲃ -->
<feat xlink:href="#orig_283" value="ⲛⲓⲙ"/><!-- ⲛⲓⲙ -->
<feat xlink:href="#orig_284" value="ϩⲓⲧⲛ"/><!-- ϩⲓⲧⲛ -->
<feat xlink:href="#orig_285" value="ⲓⲏⲥⲟⲩⲥ"/><!-- ⲓⲏⲥⲟⲩⲥ -->
<feat xlink:href="#orig_286" value="ⲡⲉ"/><!-- ⲡⲉ -->
<feat xlink:href="#orig_287" value="ⲭⲣⲓⲥⲧⲟⲥ"/><!-- ⲭⲣⲓⲥⲧⲟⲥ -->
<feat xlink:href="#orig_288" value="ⲡⲁⲓ"/><!-- ⲡⲁⲓ -->
<feat xlink:href="#orig_289" value="ⲉⲧⲉ"/><!-- ⲉⲧⲉ -->
<feat xlink:href="#orig_290" value="ⲡⲱϥ"/><!-- ⲡⲱϥ -->
<feat xlink:href="#orig_291" value="ⲡⲉ"/><!-- ⲡⲉ -->
<feat xlink:href="#orig_292" value="ⲡ"/><!-- ⲡ -->
<feat xlink:href="#orig_293" value="ⲉⲟⲟⲩ"/><!-- ⲉⲟⲟⲩ -->
<feat xlink:href="#orig_294" value="ⲙⲛ"/><!-- ⲙⲛ -->
<feat xlink:href="#orig_295" value="ⲡⲁⲙⲁϩⲧⲉ"/><!-- ⲡⲁⲙⲁϩⲧⲉ -->
<feat xlink:href="#orig_296" value="ϣⲁ"/><!-- ϣⲁ -->
<feat xlink:href="#orig_297" value="ⲛⲓ"/><!-- ⲛⲓ -->
<feat xlink:href="#orig_298" value="ⲉⲛⲉϩ"/><!-- ⲉⲛⲉϩ -->
<feat xlink:href="#orig_299" value="ϩⲁⲙⲏⲛ"/><!-- ϩⲁⲙⲏⲛ -->
<feat xlink:href="#orig_300" value="."/><!-- . -->
<feat xlink:href="#orig_301" value="ⲛⲁ"/><!-- ⲛⲁ -->
<feat xlink:href="#orig_302" value="ⲙⲉⲣⲁⲧⲉ"/><!-- ⲙⲉⲣⲁⲧⲉ -->
<feat xlink:href="#orig_303" value="ⲙⲡⲣ"/><!-- ⲙⲡⲣ -->
<feat xlink:href="#orig_304" value="ⲣ"/><!-- ⲣ -->
<feat xlink:href="#orig_305" value="ϣⲡⲏⲣⲉ"/><!-- ϣⲡⲏⲣⲉ -->
<feat xlink:href="#orig_306" value="ⲙⲡⲧⲙϩⲟ"/><!-- ⲙⲡⲧⲙϩⲟ -->
<feat xlink:href="#orig_307" value="ⲉⲧⲛϩⲏⲧ"/><!-- ⲉⲧⲛϩⲏⲧ -->
<feat xlink:href="#orig_308" value="ⲧⲏⲩⲧⲛ"/><!-- ⲧⲏⲩⲧⲛ -->
<feat xlink:href="#orig_309" value="ⲉⲧ"/><!-- ⲉⲧ -->
<feat xlink:href="#orig_310" value="ϣⲟⲟⲡ"/><!-- ϣⲟⲟⲡ -->
<feat xlink:href="#orig_311" value="ⲛⲏ"/><!-- ⲛⲏ -->
<feat xlink:href="#orig_312" value="ⲧⲛ"/><!-- ⲧⲛ -->
<feat xlink:href="#orig_313" value="ⲉ"/><!-- ⲉ -->
<feat xlink:href="#orig_314" value="ⲩ"/><!-- ⲩ -->
<feat xlink:href="#orig_315" value="ϫⲱⲛⲧ"/><!-- ϫⲱⲛⲧ -->
<feat xlink:href="#orig_316" value="ϩⲱⲥ"/><!-- ϩⲱⲥ -->
<feat xlink:href="#orig_317" value="ⲉ"/><!-- ⲉ -->
<feat xlink:href="#orig_318" value="ⲩ"/><!-- ⲩ -->
<feat xlink:href="#orig_319" value="ϩⲱⲃ"/><!-- ϩⲱⲃ -->
<feat xlink:href="#orig_320" value="ⲛ"/><!-- ⲛ -->
<feat xlink:href="#orig_321" value="ⲃⲣⲣⲉ"/><!-- ⲃⲣⲣⲉ -->
<feat xlink:href="#orig_322" value="ⲡ"/><!-- ⲡ -->
<feat xlink:href="#orig_323" value="ⲉⲧ"/><!-- ⲉⲧ -->
<feat xlink:href="#orig_324" value="ⲧⲁϩⲟ"/><!-- ⲧⲁϩⲟ -->
<feat xlink:href="#orig_325" value="ⲙⲙⲱ"/><!-- ⲙⲙⲱ -->
<feat xlink:href="#orig_326" value="ⲧⲛ"/><!-- ⲧⲛ -->
<feat xlink:href="#orig_327" value="."/><!-- . -->
<feat xlink:href="#orig_328" value="ⲁⲗⲗⲁ"/><!-- ⲁⲗⲗⲁ -->
<feat xlink:href="#orig_329" value="ⲕⲁⲧⲁ"/><!-- ⲕⲁⲧⲁ -->
<feat xlink:href="#orig_330" value="ⲧ"/><!-- ⲧ -->
<feat xlink:href="#orig_331" value="ϩⲉ"/><!-- ϩⲉ -->
<feat xlink:href="#orig_332" value="ⲉ"/><!-- ⲉ -->
<feat xlink:href="#orig_333" value="ⲧⲉⲧⲛ"/><!-- ⲧⲉⲧⲛ -->
<feat xlink:href="#orig_334" value="ⲕⲟⲓⲛⲱⲛⲉⲓ"/><!-- ⲕⲟⲓⲛⲱⲛⲉⲓ -->
<feat xlink:href="#orig_335" value="ⲙⲙⲟⲕϩⲥ"/><!-- ⲙⲙⲟⲕϩⲥ -->
<feat xlink:href="#orig_336" value="ⲙ"/><!-- ⲙ -->
<feat xlink:href="#orig_337" value="ⲡⲉ"/><!-- ⲡⲉ -->
<feat xlink:href="#orig_338" value="ⲭⲣⲓⲥⲧⲟⲥ"/><!-- ⲭⲣⲓⲥⲧⲟⲥ -->
<feat xlink:href="#orig_339" value="ⲣⲁϣⲉ"/><!-- ⲣⲁϣⲉ -->
<feat xlink:href="#orig_340" value="ⲛⲏ"/><!-- ⲛⲏ -->
<feat xlink:href="#orig_341" value="ⲧⲛ"/><!-- ⲧⲛ -->
<feat xlink:href="#orig_342" value="ϫⲉⲕⲁⲁⲥ"/><!-- ϫⲉⲕⲁⲁⲥ -->
<feat xlink:href="#orig_343" value="ⲟⲛ"/><!-- ⲟⲛ -->
<feat xlink:href="#orig_344" value="ⲉ"/><!-- ⲉ -->
<feat xlink:href="#orig_345" value="ⲧⲉⲧⲛ"/><!-- ⲧⲉⲧⲛ -->
<feat xlink:href="#orig_346" value="ⲣⲁϣⲉ"/><!-- ⲣⲁϣⲉ -->
<feat xlink:href="#orig_347" value="ϩⲙ"/><!-- ϩⲙ -->
<feat xlink:href="#orig_348" value="ⲡ"/><!-- ⲡ -->
<feat xlink:href="#orig_349" value="ϭⲱⲗⲡ"/><!-- ϭⲱⲗⲡ -->
<feat xlink:href="#orig_350" value="ⲉⲃⲟⲗ"/><!-- ⲉⲃⲟⲗ -->
<feat xlink:href="#orig_351" value="ⲙ"/><!-- ⲙ -->
<feat xlink:href="#orig_352" value="ⲡⲉϥ"/><!-- ⲡⲉϥ -->
<feat xlink:href="#orig_353" value="ⲉⲟⲟⲩ"/><!-- ⲉⲟⲟⲩ -->
<feat xlink:href="#orig_354" value="."/><!-- . -->
<feat xlink:href="#orig_355" value="ⲉ"/><!-- ⲉ -->
<feat xlink:href="#orig_356" value="ⲧⲉⲧⲛ"/><!-- ⲧⲉⲧⲛ -->
<feat xlink:href="#orig_357" value="ⲧⲉⲗⲏⲗ"/><!-- ⲧⲉⲗⲏⲗ -->
<feat xlink:href="#orig_358" value="."/><!-- . -->
<feat xlink:href="#orig_359" value="ⲉϣϫⲉ"/><!-- ⲉϣϫⲉ -->
<feat xlink:href="#orig_360" value="ⲥⲉ"/><!-- ⲥⲉ -->
<feat xlink:href="#orig_361" value="ⲛⲟϭⲛⲉϭ"/><!-- ⲛⲟϭⲛⲉϭ -->
<feat xlink:href="#orig_362" value="ⲙⲙⲱ"/><!-- ⲙⲙⲱ -->
<feat xlink:href="#orig_363" value="ⲧⲛ"/><!-- ⲧⲛ -->
<feat xlink:href="#orig_364" value="ⲉⲧⲃⲉ"/><!-- ⲉⲧⲃⲉ -->
<feat xlink:href="#orig_365" value="ⲡ"/><!-- ⲡ -->
<feat xlink:href="#orig_366" value="ⲣⲁⲛ"/><!-- ⲣⲁⲛ -->
<feat xlink:href="#orig_367" value="ⲙ"/><!-- ⲙ -->
<feat xlink:href="#orig_368" value="ⲡⲉ"/><!-- ⲡⲉ -->
<feat xlink:href="#orig_369" value="ⲭⲣⲓⲥⲧⲟⲥ"/><!-- ⲭⲣⲓⲥⲧⲟⲥ -->
<feat xlink:href="#orig_370" value="ⲛⲁⲓⲁⲧ"/><!-- ⲛⲁⲓⲁⲧ -->
<feat xlink:href="#orig_371" value="ⲧⲏⲩⲧⲛ"/><!-- ⲧⲏⲩⲧⲛ -->
<feat xlink:href="#orig_372" value="ϫⲉ"/><!-- ϫⲉ -->
<feat xlink:href="#orig_373" value="ⲡⲉ"/><!-- ⲡⲉ -->
<feat xlink:href="#orig_374" value="ⲡⲛⲉⲩⲙⲁ"/><!-- ⲡⲛⲉⲩⲙⲁ -->
<feat xlink:href="#orig_375" value="ⲙ"/><!-- ⲙ -->
<feat xlink:href="#orig_376" value="ⲡ"/><!-- ⲡ -->
<feat xlink:href="#orig_377" value="ⲉⲟⲟⲩ"/><!-- ⲉⲟⲟⲩ -->
<feat xlink:href="#orig_378" value="ⲙⲛ"/><!-- ⲙⲛ -->
<feat xlink:href="#orig_379" value="ⲧ"/><!-- ⲧ -->
<feat xlink:href="#orig_380" value="ϭⲟⲙ"/><!-- ϭⲟⲙ -->
<feat xlink:href="#orig_381" value="ⲙ"/><!-- ⲙ -->
<feat xlink:href="#orig_382" value="ⲡ"/><!-- ⲡ -->
<feat xlink:href="#orig_383" value="ⲛⲟⲩⲧⲉ"/><!-- ⲛⲟⲩⲧⲉ -->
<feat xlink:href="#orig_384" value="ⲁ"/><!-- ⲁ -->
<feat xlink:href="#orig_385" value="ϥ"/><!-- ϥ -->
<feat xlink:href="#orig_386" value="ⲙⲧⲟⲛ"/><!-- ⲙⲧⲟⲛ -->
<feat xlink:href="#orig_387" value="ⲙⲙⲟ"/><!-- ⲙⲙⲟ -->
<feat xlink:href="#orig_388" value="ϥ"/><!-- ϥ -->
<feat xlink:href="#orig_389" value="ⲉϫⲛ"/><!-- ⲉϫⲛ -->
<feat xlink:href="#orig_390" value="ⲧⲏⲩⲧⲛ"/><!-- ⲧⲏⲩⲧⲛ -->
<feat xlink:href="#orig_391" value="ⲕⲁⲧⲁⲣⲟ"/><!-- ⲕⲁⲧⲁⲣⲟ -->
<feat xlink:href="#orig_392" value="ⲟⲩ"/><!-- ⲟⲩ -->
<feat xlink:href="#orig_393" value="ⲙⲉⲛ"/><!-- ⲙⲉⲛ -->
<feat xlink:href="#orig_394" value="ⲉ"/><!-- ⲉ -->
<feat xlink:href="#orig_395" value="ⲩ"/><!-- ⲩ -->
<feat xlink:href="#orig_396" value="ϫⲓ"/><!-- ϫⲓ -->
<feat xlink:href="#orig_397" value="ⲟⲩⲁ"/><!-- ⲟⲩⲁ -->
<feat xlink:href="#orig_398" value="ⲉⲣⲟ"/><!-- ⲉⲣⲟ -->
<feat xlink:href="#orig_399" value="ϥ"/><!-- ϥ -->
<feat xlink:href="#orig_400" value="ⲕⲁⲧⲁⲣⲱ"/><!-- ⲕⲁⲧⲁⲣⲱ -->
<feat xlink:href="#orig_401" value="ⲧⲛ"/><!-- ⲧⲛ -->
<feat xlink:href="#orig_402" value="ⲇⲉ"/><!-- ⲇⲉ -->
<feat xlink:href="#orig_403" value="ⲉ"/><!-- ⲉ -->
<feat xlink:href="#orig_404" value="ϥ"/><!-- ϥ -->
<feat xlink:href="#orig_405" value="ϫⲓ"/><!-- ϫⲓ -->
<feat xlink:href="#orig_406" value="ⲉⲟⲟⲩ"/><!-- ⲉⲟⲟⲩ -->
<feat xlink:href="#orig_407" value="."/><!-- . -->
<feat xlink:href="#orig_408" value="ⲙⲡⲣⲧⲣⲉⲗⲁⲁⲩ"/><!-- ⲙⲡⲣⲧⲣⲉⲗⲁⲁⲩ -->
<feat xlink:href="#orig_409" value="ⲅⲁⲣ"/><!-- ⲅⲁⲣ -->
<feat xlink:href="#orig_410" value="ⲙⲙⲱ"/><!-- ⲙⲙⲱ -->
<feat xlink:href="#orig_411" value="ⲧⲛ"/><!-- ⲧⲛ -->
<feat xlink:href="#orig_412" value="ϣⲡ"/><!-- ϣⲡ -->
<feat xlink:href="#orig_413" value="ϩⲓⲥⲉ"/><!-- ϩⲓⲥⲉ -->
<feat xlink:href="#orig_414" value="ϩⲱⲥ"/><!-- ϩⲱⲥ -->
<feat xlink:href="#orig_415" value="ⲫⲟⲛⲉⲩⲥ"/><!-- ⲫⲟⲛⲉⲩⲥ -->
<feat xlink:href="#orig_416" value="ⲏⲣⲉϥϩⲱϥⲧ"/><!-- ⲏⲣⲉϥϩⲱϥⲧ -->
<feat xlink:href="#orig_417" value="ⲏⲛⲣⲉϥⲣ"/><!-- ⲏⲛⲣⲉϥⲣ -->
<feat xlink:href="#orig_418" value="ⲡ"/><!-- ⲡ -->
<feat xlink:href="#orig_419" value="ⲉⲧ"/><!-- ⲉⲧ -->
<feat xlink:href="#orig_420" value="ϩⲟⲟⲩ"/><!-- ϩⲟⲟⲩ -->
<feat xlink:href="#orig_421" value="ⲏⲙⲁⲓ"/><!-- ⲏⲙⲁⲓ -->
<feat xlink:href="#orig_422" value="ⲡⲉⲧⲉ"/><!-- ⲡⲉⲧⲉ -->
<feat xlink:href="#orig_423" value="ⲛⲡⲱϥ"/><!-- ⲛⲡⲱϥ -->
<feat xlink:href="#orig_424" value="ⲁⲛ"/><!-- ⲁⲛ -->
<feat xlink:href="#orig_425" value="ⲡⲉ"/><!-- ⲡⲉ -->
<feat xlink:href="#orig_426" value="ⲉϣⲱⲡⲉ"/><!-- ⲉϣⲱⲡⲉ -->
<feat xlink:href="#orig_427" value="ⲇⲉ"/><!-- ⲇⲉ -->
<feat xlink:href="#orig_428" value="ϩⲱⲥ"/><!-- ϩⲱⲥ -->
<feat xlink:href="#orig_429" value="ⲭⲣⲓⲥⲧⲓⲁⲛⲟⲥ"/><!-- ⲭⲣⲓⲥⲧⲓⲁⲛⲟⲥ -->
<feat xlink:href="#orig_430" value="ⲙⲡⲣⲧⲣⲉϥϣⲓⲡⲉ"/><!-- ⲙⲡⲣⲧⲣⲉϥϣⲓⲡⲉ -->
<feat xlink:href="#orig_431" value="ⲁⲗⲗⲁ"/><!-- ⲁⲗⲗⲁ -->
<feat xlink:href="#orig_432" value="ⲙⲁⲣⲉ"/><!-- ⲙⲁⲣⲉ -->
<feat xlink:href="#orig_433" value="ϥ"/><!-- ϥ -->
<feat xlink:href="#orig_434" value="ϯ"/><!-- ϯ -->
<feat xlink:href="#orig_435" value="ⲉⲟⲟⲩ"/><!-- ⲉⲟⲟⲩ -->
<feat xlink:href="#orig_436" value="ⲇⲉ"/><!-- ⲇⲉ -->
<feat xlink:href="#orig_437" value="ⲙ"/><!-- ⲙ -->
<feat xlink:href="#orig_438" value="ⲡ"/><!-- ⲡ -->
<feat xlink:href="#orig_439" value="ⲛⲟⲩⲧⲉ"/><!-- ⲛⲟⲩⲧⲉ -->
<feat xlink:href="#orig_440" value="ⲉϩⲣⲁⲓ"/><!-- ⲉϩⲣⲁⲓ -->
<feat xlink:href="#orig_441" value="ⲉϫⲙ"/><!-- ⲉϫⲙ -->
<feat xlink:href="#orig_442" value="ⲡⲉⲓ"/><!-- ⲡⲉⲓ -->
<feat xlink:href="#orig_443" value="ⲣⲁⲛ"/><!-- ⲣⲁⲛ -->
<feat xlink:href="#orig_444" value="ϫⲉ"/><!-- ϫⲉ -->
<feat xlink:href="#orig_445" value="ⲁ"/><!-- ⲁ -->
<feat xlink:href="#orig_446" value="ⲡⲉ"/><!-- ⲡⲉ -->
<feat xlink:href="#orig_447" value="ⲟⲩⲟⲉⲓ"/><!-- ⲟⲩⲟⲉⲓ -->
<feat xlink:href="#orig_448" value="ϣ"/><!-- ϣ -->
<feat xlink:href="#orig_449" value="ϣⲱⲡⲉ"/><!-- ϣⲱⲡⲉ -->
<feat xlink:href="#orig_450" value="ⲛⲧⲉ"/><!-- ⲛⲧⲉ -->
<feat xlink:href="#orig_451" value="ⲡ"/><!-- ⲡ -->
<feat xlink:href="#orig_452" value="ϩⲁⲡ"/><!-- ϩⲁⲡ -->
<feat xlink:href="#orig_453" value="ⲁⲣⲭⲉⲓ"/><!-- ⲁⲣⲭⲉⲓ -->
<feat xlink:href="#orig_454" value="ⲉⲃⲟⲗ"/><!-- ⲉⲃⲟⲗ -->
<feat xlink:href="#orig_455" value="ϩⲙ"/><!-- ϩⲙ -->
<feat xlink:href="#orig_456" value="ⲡ"/><!-- ⲡ -->
<feat xlink:href="#orig_457" value="ⲏⲓ"/><!-- ⲏⲓ -->
<feat xlink:href="#orig_458" value="ⲙ"/><!-- ⲙ -->
<feat xlink:href="#orig_459" value="ⲡ"/><!-- ⲡ -->
<feat xlink:href="#orig_460" value="ⲛⲟⲩⲧⲉ"/><!-- ⲛⲟⲩⲧⲉ -->
<feat xlink:href="#orig_461" value="ⲉϣϫⲉ"/><!-- ⲉϣϫⲉ -->
<feat xlink:href="#orig_462" value="ϥ"/><!-- ϥ -->
<feat xlink:href="#orig_463" value="ⲛⲁ"/><!-- ⲛⲁ -->
<feat xlink:href="#orig_464" value="ⲣ"/><!-- ⲣ -->
<feat xlink:href="#orig_465" value="ϣⲟⲣⲡ"/><!-- ϣⲟⲣⲡ -->
<feat xlink:href="#orig_466" value="ⲇⲉ"/><!-- ⲇⲉ -->
<feat xlink:href="#orig_467" value="ⲙⲙⲟⲛ"/><!-- ⲙⲙⲟⲛ -->
<feat xlink:href="#orig_468" value="ⲉ"/><!-- ⲉ -->
<feat xlink:href="#orig_469" value="ⲓ"/><!-- ⲓ -->
<feat xlink:href="#orig_470" value="ⲟⲩ"/><!-- ⲟⲩ -->
<feat xlink:href="#orig_471" value="ⲧⲉ"/><!-- ⲧⲉ -->
<feat xlink:href="#orig_472" value="ⲧ"/><!-- ⲧ -->
<feat xlink:href="#orig_473" value="ⲑⲁⲏ"/><!-- ⲑⲁⲏ -->
<feat xlink:href="#orig_474" value="ⲛ"/><!-- ⲛ -->
<feat xlink:href="#orig_475" value="ⲛ"/><!-- ⲛ -->
<feat xlink:href="#orig_476" value="ⲉⲧ"/><!-- ⲉⲧ -->
<feat xlink:href="#orig_477" value="ⲟ"/><!-- ⲟ -->
<feat xlink:href="#orig_478" value="ⲛ"/><!-- ⲛ -->
<feat xlink:href="#orig_479" value="ⲁⲧⲥⲱⲧⲙ"/><!-- ⲁⲧⲥⲱⲧⲙ -->
<feat xlink:href="#orig_480" value="ⲛⲥⲁ"/><!-- ⲛⲥⲁ -->
<feat xlink:href="#orig_481" value="ⲡ"/><!-- ⲡ -->
<feat xlink:href="#orig_482" value="ⲉⲩⲁⲅⲅⲉⲗⲓⲟⲛ"/><!-- ⲉⲩⲁⲅⲅⲉⲗⲓⲟⲛ -->
<feat xlink:href="#orig_483" value="ⲙ"/><!-- ⲙ -->
<feat xlink:href="#orig_484" value="ⲡ"/><!-- ⲡ -->
<feat xlink:href="#orig_485" value="ⲛⲟⲩⲧⲉ"/><!-- ⲛⲟⲩⲧⲉ -->
<feat xlink:href="#orig_486" value="ⲁⲩⲱ"/><!-- ⲁⲩⲱ -->
<feat xlink:href="#orig_487" value="ⲉϣϫⲉ"/><!-- ⲉϣϫⲉ -->
<feat xlink:href="#orig_488" value="ⲙⲟⲅⲓⲥ"/><!-- ⲙⲟⲅⲓⲥ -->
<feat xlink:href="#orig_489" value="ⲉⲣⲉⲡⲇⲓⲕⲁⲓⲟⲥ"/><!-- ⲉⲣⲉⲡⲇⲓⲕⲁⲓⲟⲥ -->
<feat xlink:href="#orig_490" value="ⲛⲁ"/><!-- ⲛⲁ -->
<feat xlink:href="#orig_491" value="ⲟⲩϫⲁⲓ"/><!-- ⲟⲩϫⲁⲓ -->
<feat xlink:href="#orig_492" value="ⲉ"/><!-- ⲉ -->
<feat xlink:href="#orig_493" value="ⲓ"/><!-- ⲓ -->
<feat xlink:href="#orig_494" value="ⲉⲣⲉⲡⲁⲥⲉⲃⲏⲥ"/><!-- ⲉⲣⲉⲡⲁⲥⲉⲃⲏⲥ -->
<feat xlink:href="#orig_495" value="ⲙⲛ"/><!-- ⲙⲛ -->
<feat xlink:href="#orig_496" value="ⲡ"/><!-- ⲡ -->
<feat xlink:href="#orig_497" value="ⲣⲉϥⲣⲛⲟⲃⲉ"/><!-- ⲣⲉϥⲣⲛⲟⲃⲉ -->
<feat xlink:href="#orig_498" value="ⲛⲁ"/><!-- ⲛⲁ -->
<feat xlink:href="#orig_499" value="ⲟⲩ"/><!-- ⲟⲩ -->
<feat xlink:href="#orig_500" value="ⲱⲛϩ"/><!-- ⲱⲛϩ -->
<feat xlink:href="#orig_501" value="ⲉⲃⲟⲗ"/><!-- ⲉⲃⲟⲗ -->
<feat xlink:href="#orig_502" value="ⲧⲱⲛ"/><!-- ⲧⲱⲛ -->
<feat xlink:href="#orig_503" value="."/><!-- . -->
<feat xlink:href="#orig_504" value="ϩⲱⲥⲇⲉ"/><!-- ϩⲱⲥⲇⲉ -->
<feat xlink:href="#orig_505" value="ϭⲉ"/><!-- ϭⲉ -->
<feat xlink:href="#orig_506" value="ⲛ"/><!-- ⲛ -->
<feat xlink:href="#orig_507" value="ⲛ"/><!-- ⲛ -->
<feat xlink:href="#orig_508" value="ⲕⲟⲟⲩⲉ"/><!-- ⲕⲟⲟⲩⲉ -->
<feat xlink:href="#orig_509" value="ⲉⲧ"/><!-- ⲉⲧ -->
<feat xlink:href="#orig_510" value="ϣⲡ"/><!-- ϣⲡ -->
<feat xlink:href="#orig_511" value="ϩⲓⲥⲉ"/><!-- ϩⲓⲥⲉ -->
<feat xlink:href="#orig_512" value="ⲕⲁⲧⲁ"/><!-- ⲕⲁⲧⲁ -->
<feat xlink:href="#orig_513" value="ⲡ"/><!-- ⲡ -->
<feat xlink:href="#orig_514" value="ⲟⲩⲱϣ"/><!-- ⲟⲩⲱϣ -->
<feat xlink:href="#orig_515" value="ⲙ"/><!-- ⲙ -->
<feat xlink:href="#orig_516" value="ⲡ"/><!-- ⲡ -->
<feat xlink:href="#orig_517" value="ⲛⲟⲩⲧⲉ"/><!-- ⲛⲟⲩⲧⲉ -->
<feat xlink:href="#orig_518" value="ⲙⲁⲣⲟⲩϭⲟⲓⲗⲉ"/><!-- ⲙⲁⲣⲟⲩϭⲟⲓⲗⲉ -->
<feat xlink:href="#orig_519" value="ⲛ"/><!-- ⲛ -->
<feat xlink:href="#orig_520" value="ⲛⲉⲩ"/><!-- ⲛⲉⲩ -->
<feat xlink:href="#orig_521" value="ⲯⲩⲭⲏ"/><!-- ⲯⲩⲭⲏ -->
<feat xlink:href="#orig_522" value="ⲉ"/><!-- ⲉ -->
<feat xlink:href="#orig_523" value="ⲡ"/><!-- ⲡ -->
<feat xlink:href="#orig_524" value="ⲣⲉϥⲥⲱⲛⲧ"/><!-- ⲣⲉϥⲥⲱⲛⲧ -->
<feat xlink:href="#orig_525" value="ⲙⲡ"/><!-- ⲙⲡ -->
<feat xlink:href="#orig_526" value="ⲓ"/><!-- ⲓ -->
<feat xlink:href="#orig_527" value="ⲥⲧⲟ"/><!-- ⲥⲧⲟ -->
<feat xlink:href="#orig_528" value="ⲥ"/><!-- ⲥ -->
<feat xlink:href="#orig_529" value="ϩⲛ"/><!-- ϩⲛ -->
<feat xlink:href="#orig_530" value="ⲟⲩⲙⲛⲧⲣⲉϥⲣ"/><!-- ⲟⲩⲙⲛⲧⲣⲉϥⲣ -->
<feat xlink:href="#orig_531" value="ⲡⲉⲧⲛⲁⲛⲟⲩϥ"/><!-- ⲡⲉⲧⲛⲁⲛⲟⲩϥ -->
<feat xlink:href="#orig_532" value="."/><!-- . -->
</featList>
</paula>
