<?xml version="1.0" standalone="no"?>

<!DOCTYPE paula SYSTEM "paula_mark.dtd">
<paula version="1.0">

<header paula_id="sahidica.nt.1_Peter_4_tok"/>

<markList xmlns:xlink="http://www.w3.org/1999/xlink" type="tok" xml:base="sahidica.nt.1_Peter_4.text.xml">
<mark id="tok_1" xlink:href="#xpointer(string-range(//body,'',1,2))"/><!-- ⲡⲉ -->
<mark id="tok_2" xlink:href="#xpointer(string-range(//body,'',4,7))"/><!-- ⲭⲣⲓⲥⲧⲟⲥ -->
<mark id="tok_3" xlink:href="#xpointer(string-range(//body,'',12,2))"/><!-- ϭⲉ -->
<mark id="tok_4" xlink:href="#xpointer(string-range(//body,'',15,1))"/><!-- ⲁ -->
<mark id="tok_5" xlink:href="#xpointer(string-range(//body,'',17,1))"/><!-- ϥ -->
<mark id="tok_6" xlink:href="#xpointer(string-range(//body,'',19,2))"/><!-- ϣⲡ -->
<mark id="tok_7" xlink:href="#xpointer(string-range(//body,'',22,4))"/><!-- ϩⲓⲥⲉ -->
<mark id="tok_8" xlink:href="#xpointer(string-range(//body,'',27,2))"/><!-- ϩⲛ -->
<mark id="tok_9" xlink:href="#xpointer(string-range(//body,'',30,5))"/><!-- ⲧⲥⲁⲡⲝ -->
<mark id="tok_10" xlink:href="#xpointer(string-range(//body,'',36,5))"/><!-- ⲛⲧⲱⲧⲛ -->
<mark id="tok_11" xlink:href="#xpointer(string-range(//body,'',42,2))"/><!-- ϩⲱ -->
<mark id="tok_12" xlink:href="#xpointer(string-range(//body,'',45,5))"/><!-- ⲧⲏⲩⲧⲛ -->
<mark id="tok_13" xlink:href="#xpointer(string-range(//body,'',51,2))"/><!-- ϩⲱ -->
<mark id="tok_14" xlink:href="#xpointer(string-range(//body,'',54,1))"/><!-- ⲕ -->
<mark id="tok_15" xlink:href="#xpointer(string-range(//body,'',56,3))"/><!-- ⲙⲙⲱ -->
<mark id="tok_16" xlink:href="#xpointer(string-range(//body,'',60,2))"/><!-- ⲧⲛ -->
<mark id="tok_17" xlink:href="#xpointer(string-range(//body,'',63,2))"/><!-- ϩⲙ -->
<mark id="tok_18" xlink:href="#xpointer(string-range(//body,'',66,3))"/><!-- ⲡⲉⲓ -->
<mark id="tok_19" xlink:href="#xpointer(string-range(//body,'',70,5))"/><!-- ⲙⲉⲉⲩⲉ -->
<mark id="tok_20" xlink:href="#xpointer(string-range(//body,'',76,2))"/><!-- ϫⲉ -->
<mark id="tok_21" xlink:href="#xpointer(string-range(//body,'',79,1))"/><!-- ⲡ -->
<mark id="tok_22" xlink:href="#xpointer(string-range(//body,'',81,3))"/><!-- ⲉⲛⲧ -->
<mark id="tok_23" xlink:href="#xpointer(string-range(//body,'',85,1))"/><!-- ⲁ -->
<mark id="tok_24" xlink:href="#xpointer(string-range(//body,'',87,1))"/><!-- ϥ -->
<mark id="tok_25" xlink:href="#xpointer(string-range(//body,'',89,3))"/><!-- ⲙⲟⲩ -->
<mark id="tok_26" xlink:href="#xpointer(string-range(//body,'',93,2))"/><!-- ϩⲛ -->
<mark id="tok_27" xlink:href="#xpointer(string-range(//body,'',96,1))"/><!-- ⲧ -->
<mark id="tok_28" xlink:href="#xpointer(string-range(//body,'',98,4))"/><!-- ⲥⲁⲣⲝ -->
<mark id="tok_29" xlink:href="#xpointer(string-range(//body,'',103,1))"/><!-- ⲁ -->
<mark id="tok_30" xlink:href="#xpointer(string-range(//body,'',105,1))"/><!-- ϥ -->
<mark id="tok_31" xlink:href="#xpointer(string-range(//body,'',107,2))"/><!-- ⲗⲟ -->
<mark id="tok_32" xlink:href="#xpointer(string-range(//body,'',110,2))"/><!-- ϩⲙ -->
<mark id="tok_33" xlink:href="#xpointer(string-range(//body,'',113,1))"/><!-- ⲡ -->
<mark id="tok_34" xlink:href="#xpointer(string-range(//body,'',115,4))"/><!-- ⲛⲟⲃⲉ -->
<mark id="tok_35" xlink:href="#xpointer(string-range(//body,'',120,1))"/><!-- . -->
<mark id="tok_36" xlink:href="#xpointer(string-range(//body,'',122,1))"/><!-- ⲉ -->
<mark id="tok_37" xlink:href="#xpointer(string-range(//body,'',124,2))"/><!-- ⲧⲙ -->
<mark id="tok_38" xlink:href="#xpointer(string-range(//body,'',127,3))"/><!-- ⲧⲣⲉ -->
<mark id="tok_39" xlink:href="#xpointer(string-range(//body,'',131,1))"/><!-- ϥ -->
<mark id="tok_40" xlink:href="#xpointer(string-range(//body,'',133,4))"/><!-- ϣⲱⲡⲉ -->
<mark id="tok_41" xlink:href="#xpointer(string-range(//body,'',138,2))"/><!-- ϭⲉ -->
<mark id="tok_42" xlink:href="#xpointer(string-range(//body,'',141,2))"/><!-- ϩⲛ -->
<mark id="tok_43" xlink:href="#xpointer(string-range(//body,'',144,1))"/><!-- ⲛ -->
<mark id="tok_44" xlink:href="#xpointer(string-range(//body,'',146,8))"/><!-- ⲉⲡⲓⲑⲩⲙⲓⲁ -->
<mark id="tok_45" xlink:href="#xpointer(string-range(//body,'',155,1))"/><!-- ⲛ -->
<mark id="tok_46" xlink:href="#xpointer(string-range(//body,'',157,1))"/><!-- ⲛ -->
<mark id="tok_47" xlink:href="#xpointer(string-range(//body,'',159,4))"/><!-- ⲣⲱⲙⲉ -->
<mark id="tok_48" xlink:href="#xpointer(string-range(//body,'',164,4))"/><!-- ⲁⲗⲗⲁ -->
<mark id="tok_49" xlink:href="#xpointer(string-range(//body,'',169,10))"/><!-- ⲉⲣⲡⲕⲉⲥⲉⲉⲡⲉ -->
<mark id="tok_50" xlink:href="#xpointer(string-range(//body,'',180,1))"/><!-- ⲛ -->
<mark id="tok_51" xlink:href="#xpointer(string-range(//body,'',182,2))"/><!-- ⲛⲉ -->
<mark id="tok_52" xlink:href="#xpointer(string-range(//body,'',185,4))"/><!-- ϩⲟⲟⲩ -->
<mark id="tok_53" xlink:href="#xpointer(string-range(//body,'',190,1))"/><!-- ⲙ -->
<mark id="tok_54" xlink:href="#xpointer(string-range(//body,'',192,3))"/><!-- ⲡⲉϥ -->
<mark id="tok_55" xlink:href="#xpointer(string-range(//body,'',196,3))"/><!-- ⲱⲛϩ -->
<mark id="tok_56" xlink:href="#xpointer(string-range(//body,'',200,2))"/><!-- ϩⲙ -->
<mark id="tok_57" xlink:href="#xpointer(string-range(//body,'',203,1))"/><!-- ⲡ -->
<mark id="tok_58" xlink:href="#xpointer(string-range(//body,'',205,4))"/><!-- ⲟⲩⲱϣ -->
<mark id="tok_59" xlink:href="#xpointer(string-range(//body,'',210,1))"/><!-- ⲙ -->
<mark id="tok_60" xlink:href="#xpointer(string-range(//body,'',212,1))"/><!-- ⲡ -->
<mark id="tok_61" xlink:href="#xpointer(string-range(//body,'',214,5))"/><!-- ⲛⲟⲩⲧⲉ -->
<mark id="tok_62" xlink:href="#xpointer(string-range(//body,'',220,1))"/><!-- . -->
<mark id="tok_63" xlink:href="#xpointer(string-range(//body,'',222,2))"/><!-- ϩⲱ -->
<mark id="tok_64" xlink:href="#xpointer(string-range(//body,'',225,3))"/><!-- ⲅⲁⲣ -->
<mark id="tok_65" xlink:href="#xpointer(string-range(//body,'',229,1))"/><!-- ⲉ -->
<mark id="tok_66" xlink:href="#xpointer(string-range(//body,'',231,2))"/><!-- ⲡⲉ -->
<mark id="tok_67" xlink:href="#xpointer(string-range(//body,'',234,5))"/><!-- ⲩⲟⲉⲓϣ -->
<mark id="tok_68" xlink:href="#xpointer(string-range(//body,'',240,2))"/><!-- ⲛⲧ -->
<mark id="tok_69" xlink:href="#xpointer(string-range(//body,'',243,1))"/><!-- ⲁ -->
<mark id="tok_70" xlink:href="#xpointer(string-range(//body,'',245,1))"/><!-- ϥ -->
<mark id="tok_71" xlink:href="#xpointer(string-range(//body,'',247,6))"/><!-- ⲟⲩⲉⲓⲛⲉ -->
<mark id="tok_72" xlink:href="#xpointer(string-range(//body,'',254,1))"/><!-- ⲉ -->
<mark id="tok_73" xlink:href="#xpointer(string-range(//body,'',256,1))"/><!-- ⲁ -->
<mark id="tok_74" xlink:href="#xpointer(string-range(//body,'',258,4))"/><!-- ⲧⲉⲧⲛ -->
<mark id="tok_75" xlink:href="#xpointer(string-range(//body,'',263,4))"/><!-- ⲉⲓⲣⲉ -->
<mark id="tok_76" xlink:href="#xpointer(string-range(//body,'',268,1))"/><!-- ⲙ -->
<mark id="tok_77" xlink:href="#xpointer(string-range(//body,'',270,1))"/><!-- ⲡ -->
<mark id="tok_78" xlink:href="#xpointer(string-range(//body,'',272,4))"/><!-- ⲟⲩⲱϣ -->
<mark id="tok_79" xlink:href="#xpointer(string-range(//body,'',277,1))"/><!-- ⲛ -->
<mark id="tok_80" xlink:href="#xpointer(string-range(//body,'',279,1))"/><!-- ⲛ -->
<mark id="tok_81" xlink:href="#xpointer(string-range(//body,'',281,6))"/><!-- ϩⲉⲑⲛⲟⲥ -->
<mark id="tok_82" xlink:href="#xpointer(string-range(//body,'',288,1))"/><!-- ⲉ -->
<mark id="tok_83" xlink:href="#xpointer(string-range(//body,'',290,4))"/><!-- ⲧⲉⲧⲛ -->
<mark id="tok_84" xlink:href="#xpointer(string-range(//body,'',295,5))"/><!-- ⲙⲟⲟϣⲉ -->
<mark id="tok_85" xlink:href="#xpointer(string-range(//body,'',301,2))"/><!-- ϩⲛ -->
<mark id="tok_86" xlink:href="#xpointer(string-range(//body,'',304,1))"/><!-- ⲛ -->
<mark id="tok_87" xlink:href="#xpointer(string-range(//body,'',306,4))"/><!-- ϫⲱϩⲙ -->
<mark id="tok_88" xlink:href="#xpointer(string-range(//body,'',311,2))"/><!-- ⲙⲛ -->
<mark id="tok_89" xlink:href="#xpointer(string-range(//body,'',314,1))"/><!-- ⲛ -->
<mark id="tok_90" xlink:href="#xpointer(string-range(//body,'',316,8))"/><!-- ⲉⲡⲓⲑⲩⲙⲓⲁ -->
<mark id="tok_91" xlink:href="#xpointer(string-range(//body,'',325,2))"/><!-- ⲙⲛ -->
<mark id="tok_92" xlink:href="#xpointer(string-range(//body,'',328,1))"/><!-- ⲛ -->
<mark id="tok_93" xlink:href="#xpointer(string-range(//body,'',330,1))"/><!-- ϯ -->
<mark id="tok_94" xlink:href="#xpointer(string-range(//body,'',332,2))"/><!-- ϩⲉ -->
<mark id="tok_95" xlink:href="#xpointer(string-range(//body,'',335,2))"/><!-- ⲙⲛ -->
<mark id="tok_96" xlink:href="#xpointer(string-range(//body,'',338,2))"/><!-- ⲛⲉ -->
<mark id="tok_97" xlink:href="#xpointer(string-range(//body,'',341,1))"/><!-- ⲛ -->
<mark id="tok_98" xlink:href="#xpointer(string-range(//body,'',343,3))"/><!-- ϫⲏⲣ -->
<mark id="tok_99" xlink:href="#xpointer(string-range(//body,'',347,2))"/><!-- ⲙⲛ -->
<mark id="tok_100" xlink:href="#xpointer(string-range(//body,'',350,5))"/><!-- ⲛⲥⲱⲱϥ -->
<mark id="tok_101" xlink:href="#xpointer(string-range(//body,'',356,2))"/><!-- ⲙⲛ -->
<mark id="tok_102" xlink:href="#xpointer(string-range(//body,'',359,12))"/><!-- ⲛⲉⲙⲛⲧⲣⲉϥϣⲙϣⲉ -->
<mark id="tok_103" xlink:href="#xpointer(string-range(//body,'',372,7))"/><!-- ⲉⲓⲇⲱⲗⲟⲛ -->
<mark id="tok_104" xlink:href="#xpointer(string-range(//body,'',380,2))"/><!-- ⲉⲧ -->
<mark id="tok_105" xlink:href="#xpointer(string-range(//body,'',383,4))"/><!-- ϫⲁϩⲙ -->
<mark id="tok_106" xlink:href="#xpointer(string-range(//body,'',388,2))"/><!-- ϩⲙ -->
<mark id="tok_107" xlink:href="#xpointer(string-range(//body,'',391,3))"/><!-- ⲡⲁⲓ -->
<mark id="tok_108" xlink:href="#xpointer(string-range(//body,'',395,10))"/><!-- ⲉϣⲁⲩⲣϣⲡⲏⲣⲉ -->
<mark id="tok_109" xlink:href="#xpointer(string-range(//body,'',406,8))"/><!-- ⲛⲧⲉⲧⲛⲡⲏⲧ -->
<mark id="tok_110" xlink:href="#xpointer(string-range(//body,'',415,2))"/><!-- ⲁⲛ -->
<mark id="tok_111" xlink:href="#xpointer(string-range(//body,'',418,4))"/><!-- ⲛⲙⲙⲁ -->
<mark id="tok_112" xlink:href="#xpointer(string-range(//body,'',423,1))"/><!-- ⲩ -->
<mark id="tok_113" xlink:href="#xpointer(string-range(//body,'',425,2))"/><!-- ϩⲛ -->
<mark id="tok_114" xlink:href="#xpointer(string-range(//body,'',428,2))"/><!-- ⲛⲉ -->
<mark id="tok_115" xlink:href="#xpointer(string-range(//body,'',431,5))"/><!-- ϩⲃⲏⲩⲉ -->
<mark id="tok_116" xlink:href="#xpointer(string-range(//body,'',437,7))"/><!-- ⲙⲙⲛⲧϣⲛⲁ -->
<mark id="tok_117" xlink:href="#xpointer(string-range(//body,'',445,1))"/><!-- ⲛ -->
<mark id="tok_118" xlink:href="#xpointer(string-range(//body,'',447,1))"/><!-- ⲥ -->
<mark id="tok_119" xlink:href="#xpointer(string-range(//body,'',449,2))"/><!-- ⲉϫ -->
<mark id="tok_120" xlink:href="#xpointer(string-range(//body,'',452,1))"/><!-- ⲓ -->
<mark id="tok_121" xlink:href="#xpointer(string-range(//body,'',454,3))"/><!-- ⲟⲩⲁ -->
<mark id="tok_122" xlink:href="#xpointer(string-range(//body,'',458,3))"/><!-- ⲛⲁⲓ -->
<mark id="tok_123" xlink:href="#xpointer(string-range(//body,'',462,2))"/><!-- ⲉⲧ -->
<mark id="tok_124" xlink:href="#xpointer(string-range(//body,'',465,2))"/><!-- ⲛⲁ -->
<mark id="tok_125" xlink:href="#xpointer(string-range(//body,'',468,1))"/><!-- ϯ -->
<mark id="tok_126" xlink:href="#xpointer(string-range(//body,'',470,5))"/><!-- ⲗⲟⲅⲟⲥ -->
<mark id="tok_127" xlink:href="#xpointer(string-range(//body,'',476,1))"/><!-- ⲙ -->
<mark id="tok_128" xlink:href="#xpointer(string-range(//body,'',478,1))"/><!-- ⲡ -->
<mark id="tok_129" xlink:href="#xpointer(string-range(//body,'',480,2))"/><!-- ⲉⲧ -->
<mark id="tok_130" xlink:href="#xpointer(string-range(//body,'',483,5))"/><!-- ⲥⲃⲧⲱⲧ -->
<mark id="tok_131" xlink:href="#xpointer(string-range(//body,'',489,1))"/><!-- ⲉ -->
<mark id="tok_132" xlink:href="#xpointer(string-range(//body,'',491,5))"/><!-- ⲕⲣⲓⲛⲉ -->
<mark id="tok_133" xlink:href="#xpointer(string-range(//body,'',497,1))"/><!-- ⲛ -->
<mark id="tok_134" xlink:href="#xpointer(string-range(//body,'',499,1))"/><!-- ⲛ -->
<mark id="tok_135" xlink:href="#xpointer(string-range(//body,'',501,2))"/><!-- ⲉⲧ -->
<mark id="tok_136" xlink:href="#xpointer(string-range(//body,'',504,3))"/><!-- ⲟⲛϩ -->
<mark id="tok_137" xlink:href="#xpointer(string-range(//body,'',508,2))"/><!-- ⲙⲛ -->
<mark id="tok_138" xlink:href="#xpointer(string-range(//body,'',511,2))"/><!-- ⲉⲧ -->
<mark id="tok_139" xlink:href="#xpointer(string-range(//body,'',514,5))"/><!-- ⲙⲟⲟⲩⲧ -->
<mark id="tok_140" xlink:href="#xpointer(string-range(//body,'',520,1))"/><!-- . -->
<mark id="tok_141" xlink:href="#xpointer(string-range(//body,'',522,4))"/><!-- ⲉⲧⲃⲉ -->
<mark id="tok_142" xlink:href="#xpointer(string-range(//body,'',527,3))"/><!-- ⲡⲁⲓ -->
<mark id="tok_143" xlink:href="#xpointer(string-range(//body,'',531,3))"/><!-- ⲅⲁⲣ -->
<mark id="tok_144" xlink:href="#xpointer(string-range(//body,'',535,1))"/><!-- ⲁ -->
<mark id="tok_145" xlink:href="#xpointer(string-range(//body,'',537,1))"/><!-- ⲩ -->
<mark id="tok_146" xlink:href="#xpointer(string-range(//body,'',539,10))"/><!-- ⲉⲩⲁⲅⲅⲉⲗⲓⲍⲉ -->
<mark id="tok_147" xlink:href="#xpointer(string-range(//body,'',550,12))"/><!-- ⲛⲛⲕⲉⲣⲉϥⲙⲟⲟⲩⲧ -->
<mark id="tok_148" xlink:href="#xpointer(string-range(//body,'',563,6))"/><!-- ϫⲉⲕⲁⲁⲥ -->
<mark id="tok_149" xlink:href="#xpointer(string-range(//body,'',570,3))"/><!-- ⲉⲩⲉ -->
<mark id="tok_150" xlink:href="#xpointer(string-range(//body,'',574,5))"/><!-- ⲕⲣⲓⲛⲉ -->
<mark id="tok_151" xlink:href="#xpointer(string-range(//body,'',580,3))"/><!-- ⲙⲙⲟ -->
<mark id="tok_152" xlink:href="#xpointer(string-range(//body,'',584,2))"/><!-- ⲟⲩ -->
<mark id="tok_153" xlink:href="#xpointer(string-range(//body,'',587,4))"/><!-- ⲕⲁⲧⲁ -->
<mark id="tok_154" xlink:href="#xpointer(string-range(//body,'',592,4))"/><!-- ⲣⲱⲙⲉ -->
<mark id="tok_155" xlink:href="#xpointer(string-range(//body,'',597,2))"/><!-- ϩⲛ -->
<mark id="tok_156" xlink:href="#xpointer(string-range(//body,'',600,1))"/><!-- ⲧ -->
<mark id="tok_157" xlink:href="#xpointer(string-range(//body,'',602,4))"/><!-- ⲥⲁⲣⲝ -->
<mark id="tok_158" xlink:href="#xpointer(string-range(//body,'',607,6))"/><!-- ⲛⲥⲉⲱⲛϩ -->
<mark id="tok_159" xlink:href="#xpointer(string-range(//body,'',614,2))"/><!-- ⲇⲉ -->
<mark id="tok_160" xlink:href="#xpointer(string-range(//body,'',617,4))"/><!-- ⲕⲁⲧⲁ -->
<mark id="tok_161" xlink:href="#xpointer(string-range(//body,'',622,1))"/><!-- ⲡ -->
<mark id="tok_162" xlink:href="#xpointer(string-range(//body,'',624,5))"/><!-- ⲛⲟⲩⲧⲉ -->
<mark id="tok_163" xlink:href="#xpointer(string-range(//body,'',630,2))"/><!-- ϩⲙ -->
<mark id="tok_164" xlink:href="#xpointer(string-range(//body,'',633,2))"/><!-- ⲡⲉ -->
<mark id="tok_165" xlink:href="#xpointer(string-range(//body,'',636,6))"/><!-- ⲡⲛⲉⲩⲙⲁ -->
<mark id="tok_166" xlink:href="#xpointer(string-range(//body,'',643,1))"/><!-- ⲧ -->
<mark id="tok_167" xlink:href="#xpointer(string-range(//body,'',645,3))"/><!-- ϩⲁⲏ -->
<mark id="tok_168" xlink:href="#xpointer(string-range(//body,'',649,2))"/><!-- ⲇⲉ -->
<mark id="tok_169" xlink:href="#xpointer(string-range(//body,'',652,1))"/><!-- ⲛ -->
<mark id="tok_170" xlink:href="#xpointer(string-range(//body,'',654,4))"/><!-- ⲟⲩⲟⲛ -->
<mark id="tok_171" xlink:href="#xpointer(string-range(//body,'',659,3))"/><!-- ⲛⲓⲙ -->
<mark id="tok_172" xlink:href="#xpointer(string-range(//body,'',663,1))"/><!-- ⲁ -->
<mark id="tok_173" xlink:href="#xpointer(string-range(//body,'',665,1))"/><!-- ⲥ -->
<mark id="tok_174" xlink:href="#xpointer(string-range(//body,'',667,3))"/><!-- ϩⲱⲛ -->
<mark id="tok_175" xlink:href="#xpointer(string-range(//body,'',671,5))"/><!-- ⲉϩⲟⲩⲛ -->
<mark id="tok_176" xlink:href="#xpointer(string-range(//body,'',677,2))"/><!-- ϭⲙ -->
<mark id="tok_177" xlink:href="#xpointer(string-range(//body,'',680,4))"/><!-- ⲡⲉⲧⲛ -->
<mark id="tok_178" xlink:href="#xpointer(string-range(//body,'',685,3))"/><!-- ϩⲏⲧ -->
<mark id="tok_179" xlink:href="#xpointer(string-range(//body,'',689,2))"/><!-- ϭⲉ -->
<mark id="tok_180" xlink:href="#xpointer(string-range(//body,'',692,1))"/><!-- ⲛ -->
<mark id="tok_181" xlink:href="#xpointer(string-range(//body,'',694,4))"/><!-- ⲧⲉⲧⲛ -->
<mark id="tok_182" xlink:href="#xpointer(string-range(//body,'',699,4))"/><!-- ⲛⲏⲫⲉ -->
<mark id="tok_183" xlink:href="#xpointer(string-range(//body,'',704,3))"/><!-- ⲉⲛⲉ -->
<mark id="tok_184" xlink:href="#xpointer(string-range(//body,'',708,4))"/><!-- ϣⲗⲏⲗ -->
<mark id="tok_185" xlink:href="#xpointer(string-range(//body,'',713,2))"/><!-- ϩⲁ -->
<mark id="tok_186" xlink:href="#xpointer(string-range(//body,'',716,1))"/><!-- ⲧ -->
<mark id="tok_187" xlink:href="#xpointer(string-range(//body,'',718,2))"/><!-- ϩⲏ -->
<mark id="tok_188" xlink:href="#xpointer(string-range(//body,'',721,1))"/><!-- ⲛ -->
<mark id="tok_189" xlink:href="#xpointer(string-range(//body,'',723,3))"/><!-- ϩⲱⲃ -->
<mark id="tok_190" xlink:href="#xpointer(string-range(//body,'',727,3))"/><!-- ⲛⲓⲙ -->
<mark id="tok_191" xlink:href="#xpointer(string-range(//body,'',731,7))"/><!-- ⲉⲩⲛⲧⲏⲧⲛ -->
<mark id="tok_192" xlink:href="#xpointer(string-range(//body,'',739,4))"/><!-- ⲙⲙⲁⲩ -->
<mark id="tok_193" xlink:href="#xpointer(string-range(//body,'',744,1))"/><!-- ⲛ -->
<mark id="tok_194" xlink:href="#xpointer(string-range(//body,'',746,1))"/><!-- ⲧ -->
<mark id="tok_195" xlink:href="#xpointer(string-range(//body,'',748,5))"/><!-- ⲁⲅⲁⲡⲏ -->
<mark id="tok_196" xlink:href="#xpointer(string-range(//body,'',754,5))"/><!-- ⲉϩⲟⲩⲛ -->
<mark id="tok_197" xlink:href="#xpointer(string-range(//body,'',760,1))"/><!-- ⲉ -->
<mark id="tok_198" xlink:href="#xpointer(string-range(//body,'',762,4))"/><!-- ⲛⲉⲧⲛ -->
<mark id="tok_199" xlink:href="#xpointer(string-range(//body,'',767,4))"/><!-- ⲉⲣⲏⲩ -->
<mark id="tok_200" xlink:href="#xpointer(string-range(//body,'',772,3))"/><!-- ⲁϫⲛ -->
<mark id="tok_201" xlink:href="#xpointer(string-range(//body,'',776,3))"/><!-- ⲱϫⲛ -->
<mark id="tok_202" xlink:href="#xpointer(string-range(//body,'',780,2))"/><!-- ϫⲉ -->
<mark id="tok_203" xlink:href="#xpointer(string-range(//body,'',783,10))"/><!-- ϣⲁⲣⲉⲧⲁⲅⲁⲡⲏ -->
<mark id="tok_204" xlink:href="#xpointer(string-range(//body,'',794,4))"/><!-- ϩⲱⲃⲥ -->
<mark id="tok_205" xlink:href="#xpointer(string-range(//body,'',799,4))"/><!-- ⲉⲃⲟⲗ -->
<mark id="tok_206" xlink:href="#xpointer(string-range(//body,'',804,3))"/><!-- ⲉϫⲛ -->
<mark id="tok_207" xlink:href="#xpointer(string-range(//body,'',808,2))"/><!-- ⲟⲩ -->
<mark id="tok_208" xlink:href="#xpointer(string-range(//body,'',811,5))"/><!-- ⲙⲏⲏϣⲉ -->
<mark id="tok_209" xlink:href="#xpointer(string-range(//body,'',817,1))"/><!-- ⲛ -->
<mark id="tok_210" xlink:href="#xpointer(string-range(//body,'',819,4))"/><!-- ⲛⲟⲃⲉ -->
<mark id="tok_211" xlink:href="#xpointer(string-range(//body,'',824,1))"/><!-- ⲉ -->
<mark id="tok_212" xlink:href="#xpointer(string-range(//body,'',826,4))"/><!-- ⲧⲉⲧⲛ -->
<mark id="tok_213" xlink:href="#xpointer(string-range(//body,'',831,1))"/><!-- ⲟ -->
<mark id="tok_214" xlink:href="#xpointer(string-range(//body,'',833,1))"/><!-- ⲙ -->
<mark id="tok_215" xlink:href="#xpointer(string-range(//body,'',835,3))"/><!-- ⲙⲁⲓ -->
<mark id="tok_216" xlink:href="#xpointer(string-range(//body,'',839,4))"/><!-- ϣⲙⲙⲟ -->
<mark id="tok_217" xlink:href="#xpointer(string-range(//body,'',844,5))"/><!-- ⲉϩⲟⲩⲛ -->
<mark id="tok_218" xlink:href="#xpointer(string-range(//body,'',850,1))"/><!-- ⲉ -->
<mark id="tok_219" xlink:href="#xpointer(string-range(//body,'',852,4))"/><!-- ⲛⲉⲧⲛ -->
<mark id="tok_220" xlink:href="#xpointer(string-range(//body,'',857,4))"/><!-- ⲉⲣⲏⲩ -->
<mark id="tok_221" xlink:href="#xpointer(string-range(//body,'',862,3))"/><!-- ⲁϫⲛ -->
<mark id="tok_222" xlink:href="#xpointer(string-range(//body,'',866,5))"/><!-- ⲕⲣⲙⲣⲙ -->
<mark id="tok_223" xlink:href="#xpointer(string-range(//body,'',872,1))"/><!-- . -->
<mark id="tok_224" xlink:href="#xpointer(string-range(//body,'',874,2))"/><!-- ⲡⲉ -->
<mark id="tok_225" xlink:href="#xpointer(string-range(//body,'',877,7))"/><!-- ⲭⲁⲣⲓⲥⲙⲁ -->
<mark id="tok_226" xlink:href="#xpointer(string-range(//body,'',885,2))"/><!-- ⲛⲧ -->
<mark id="tok_227" xlink:href="#xpointer(string-range(//body,'',888,1))"/><!-- ⲁ -->
<mark id="tok_228" xlink:href="#xpointer(string-range(//body,'',890,1))"/><!-- ⲡ -->
<mark id="tok_229" xlink:href="#xpointer(string-range(//body,'',892,3))"/><!-- ⲟⲩⲁ -->
<mark id="tok_230" xlink:href="#xpointer(string-range(//body,'',896,1))"/><!-- ⲡ -->
<mark id="tok_231" xlink:href="#xpointer(string-range(//body,'',898,3))"/><!-- ⲟⲩⲁ -->
<mark id="tok_232" xlink:href="#xpointer(string-range(//body,'',902,3))"/><!-- ϫⲓⲧ -->
<mark id="tok_233" xlink:href="#xpointer(string-range(//body,'',906,1))"/><!-- ϥ -->
<mark id="tok_234" xlink:href="#xpointer(string-range(//body,'',908,1))"/><!-- ⲉ -->
<mark id="tok_235" xlink:href="#xpointer(string-range(//body,'',910,4))"/><!-- ⲧⲉⲧⲛ -->
<mark id="tok_236" xlink:href="#xpointer(string-range(//body,'',915,8))"/><!-- ⲇⲓⲁⲕⲟⲛⲉⲓ -->
<mark id="tok_237" xlink:href="#xpointer(string-range(//body,'',924,3))"/><!-- ⲙⲙⲟ -->
<mark id="tok_238" xlink:href="#xpointer(string-range(//body,'',928,1))"/><!-- ϥ -->
<mark id="tok_239" xlink:href="#xpointer(string-range(//body,'',930,1))"/><!-- ⲛ -->
<mark id="tok_240" xlink:href="#xpointer(string-range(//body,'',932,4))"/><!-- ⲛⲉⲧⲛ -->
<mark id="tok_241" xlink:href="#xpointer(string-range(//body,'',937,4))"/><!-- ⲉⲣⲏⲩ -->
<mark id="tok_242" xlink:href="#xpointer(string-range(//body,'',942,3))"/><!-- ϩⲱⲥ -->
<mark id="tok_243" xlink:href="#xpointer(string-range(//body,'',946,9))"/><!-- ⲟⲓⲕⲟⲛⲟⲙⲟⲥ -->
<mark id="tok_244" xlink:href="#xpointer(string-range(//body,'',956,7))"/><!-- ⲉⲛⲁⲛⲟⲩϥ -->
<mark id="tok_245" xlink:href="#xpointer(string-range(//body,'',964,1))"/><!-- ⲛ -->
<mark id="tok_246" xlink:href="#xpointer(string-range(//body,'',966,2))"/><!-- ⲧⲉ -->
<mark id="tok_247" xlink:href="#xpointer(string-range(//body,'',969,5))"/><!-- ⲭⲁⲣⲓⲥ -->
<mark id="tok_248" xlink:href="#xpointer(string-range(//body,'',975,1))"/><!-- ⲙ -->
<mark id="tok_249" xlink:href="#xpointer(string-range(//body,'',977,1))"/><!-- ⲡ -->
<mark id="tok_250" xlink:href="#xpointer(string-range(//body,'',979,5))"/><!-- ⲛⲟⲩⲧⲉ -->
<mark id="tok_251" xlink:href="#xpointer(string-range(//body,'',985,2))"/><!-- ⲉⲧ -->
<mark id="tok_252" xlink:href="#xpointer(string-range(//body,'',988,4))"/><!-- ϣⲟⲃⲉ -->
<mark id="tok_253" xlink:href="#xpointer(string-range(//body,'',993,1))"/><!-- . -->
<mark id="tok_254" xlink:href="#xpointer(string-range(//body,'',995,1))"/><!-- ⲡ -->
<mark id="tok_255" xlink:href="#xpointer(string-range(//body,'',997,2))"/><!-- ⲉⲧ -->
<mark id="tok_256" xlink:href="#xpointer(string-range(//body,'',1000,4))"/><!-- ϣⲁϫⲉ -->
<mark id="tok_257" xlink:href="#xpointer(string-range(//body,'',1005,3))"/><!-- ϩⲱⲥ -->
<mark id="tok_258" xlink:href="#xpointer(string-range(//body,'',1009,1))"/><!-- ⲉ -->
<mark id="tok_259" xlink:href="#xpointer(string-range(//body,'',1011,3))"/><!-- ϩⲉⲛ -->
<mark id="tok_260" xlink:href="#xpointer(string-range(//body,'',1015,4))"/><!-- ϣⲁϫⲉ -->
<mark id="tok_261" xlink:href="#xpointer(string-range(//body,'',1020,3))"/><!-- ⲛⲧⲉ -->
<mark id="tok_262" xlink:href="#xpointer(string-range(//body,'',1024,1))"/><!-- ⲡ -->
<mark id="tok_263" xlink:href="#xpointer(string-range(//body,'',1026,5))"/><!-- ⲛⲟⲩⲧⲉ -->
<mark id="tok_264" xlink:href="#xpointer(string-range(//body,'',1032,2))"/><!-- ⲛⲉ -->
<mark id="tok_265" xlink:href="#xpointer(string-range(//body,'',1035,1))"/><!-- ⲡ -->
<mark id="tok_266" xlink:href="#xpointer(string-range(//body,'',1037,2))"/><!-- ⲉⲧ -->
<mark id="tok_267" xlink:href="#xpointer(string-range(//body,'',1040,8))"/><!-- ⲇⲓⲁⲕⲟⲛⲉⲓ -->
<mark id="tok_268" xlink:href="#xpointer(string-range(//body,'',1049,3))"/><!-- ϩⲱⲥ -->
<mark id="tok_269" xlink:href="#xpointer(string-range(//body,'',1053,4))"/><!-- ⲉⲃⲟⲗ -->
<mark id="tok_270" xlink:href="#xpointer(string-range(//body,'',1058,4))"/><!-- ϩⲓⲧⲛ -->
<mark id="tok_271" xlink:href="#xpointer(string-range(//body,'',1063,1))"/><!-- ⲧ -->
<mark id="tok_272" xlink:href="#xpointer(string-range(//body,'',1065,3))"/><!-- ϭⲟⲙ -->
<mark id="tok_273" xlink:href="#xpointer(string-range(//body,'',1069,11))"/><!-- ⲉⲧⲉⲣⲉⲡⲛⲟⲩⲧⲉ -->
<mark id="tok_274" xlink:href="#xpointer(string-range(//body,'',1081,1))"/><!-- ϯ -->
<mark id="tok_275" xlink:href="#xpointer(string-range(//body,'',1083,3))"/><!-- ⲙⲙⲟ -->
<mark id="tok_276" xlink:href="#xpointer(string-range(//body,'',1087,1))"/><!-- ⲥ -->
<mark id="tok_277" xlink:href="#xpointer(string-range(//body,'',1089,6))"/><!-- ϫⲉⲕⲁⲁⲥ -->
<mark id="tok_278" xlink:href="#xpointer(string-range(//body,'',1096,9))"/><!-- ⲉⲣⲉⲡⲛⲟⲩⲧⲉ -->
<mark id="tok_279" xlink:href="#xpointer(string-range(//body,'',1106,2))"/><!-- ϫⲓ -->
<mark id="tok_280" xlink:href="#xpointer(string-range(//body,'',1109,4))"/><!-- ⲉⲟⲟⲩ -->
<mark id="tok_281" xlink:href="#xpointer(string-range(//body,'',1114,2))"/><!-- ϩⲛ -->
<mark id="tok_282" xlink:href="#xpointer(string-range(//body,'',1117,3))"/><!-- ϩⲱⲃ -->
<mark id="tok_283" xlink:href="#xpointer(string-range(//body,'',1121,3))"/><!-- ⲛⲓⲙ -->
<mark id="tok_284" xlink:href="#xpointer(string-range(//body,'',1125,4))"/><!-- ϩⲓⲧⲛ -->
<mark id="tok_285" xlink:href="#xpointer(string-range(//body,'',1130,6))"/><!-- ⲓⲏⲥⲟⲩⲥ -->
<mark id="tok_286" xlink:href="#xpointer(string-range(//body,'',1137,2))"/><!-- ⲡⲉ -->
<mark id="tok_287" xlink:href="#xpointer(string-range(//body,'',1140,7))"/><!-- ⲭⲣⲓⲥⲧⲟⲥ -->
<mark id="tok_288" xlink:href="#xpointer(string-range(//body,'',1148,3))"/><!-- ⲡⲁⲓ -->
<mark id="tok_289" xlink:href="#xpointer(string-range(//body,'',1152,3))"/><!-- ⲉⲧⲉ -->
<mark id="tok_290" xlink:href="#xpointer(string-range(//body,'',1156,3))"/><!-- ⲡⲱϥ -->
<mark id="tok_291" xlink:href="#xpointer(string-range(//body,'',1160,2))"/><!-- ⲡⲉ -->
<mark id="tok_292" xlink:href="#xpointer(string-range(//body,'',1163,1))"/><!-- ⲡ -->
<mark id="tok_293" xlink:href="#xpointer(string-range(//body,'',1165,4))"/><!-- ⲉⲟⲟⲩ -->
<mark id="tok_294" xlink:href="#xpointer(string-range(//body,'',1170,2))"/><!-- ⲙⲛ -->
<mark id="tok_295" xlink:href="#xpointer(string-range(//body,'',1173,7))"/><!-- ⲡⲁⲙⲁϩⲧⲉ -->
<mark id="tok_296" xlink:href="#xpointer(string-range(//body,'',1181,2))"/><!-- ϣⲁ -->
<mark id="tok_297" xlink:href="#xpointer(string-range(//body,'',1184,2))"/><!-- ⲛⲓ -->
<mark id="tok_298" xlink:href="#xpointer(string-range(//body,'',1187,4))"/><!-- ⲉⲛⲉϩ -->
<mark id="tok_299" xlink:href="#xpointer(string-range(//body,'',1192,5))"/><!-- ϩⲁⲙⲏⲛ -->
<mark id="tok_300" xlink:href="#xpointer(string-range(//body,'',1198,1))"/><!-- . -->
<mark id="tok_301" xlink:href="#xpointer(string-range(//body,'',1200,2))"/><!-- ⲛⲁ -->
<mark id="tok_302" xlink:href="#xpointer(string-range(//body,'',1203,6))"/><!-- ⲙⲉⲣⲁⲧⲉ -->
<mark id="tok_303" xlink:href="#xpointer(string-range(//body,'',1210,3))"/><!-- ⲙⲡⲣ -->
<mark id="tok_304" xlink:href="#xpointer(string-range(//body,'',1214,1))"/><!-- ⲣ -->
<mark id="tok_305" xlink:href="#xpointer(string-range(//body,'',1216,5))"/><!-- ϣⲡⲏⲣⲉ -->
<mark id="tok_306" xlink:href="#xpointer(string-range(//body,'',1222,6))"/><!-- ⲙⲡⲧⲙϩⲟ -->
<mark id="tok_307" xlink:href="#xpointer(string-range(//body,'',1229,6))"/><!-- ⲉⲧⲛϩⲏⲧ -->
<mark id="tok_308" xlink:href="#xpointer(string-range(//body,'',1236,5))"/><!-- ⲧⲏⲩⲧⲛ -->
<mark id="tok_309" xlink:href="#xpointer(string-range(//body,'',1242,2))"/><!-- ⲉⲧ -->
<mark id="tok_310" xlink:href="#xpointer(string-range(//body,'',1245,4))"/><!-- ϣⲟⲟⲡ -->
<mark id="tok_311" xlink:href="#xpointer(string-range(//body,'',1250,2))"/><!-- ⲛⲏ -->
<mark id="tok_312" xlink:href="#xpointer(string-range(//body,'',1253,2))"/><!-- ⲧⲛ -->
<mark id="tok_313" xlink:href="#xpointer(string-range(//body,'',1256,1))"/><!-- ⲉ -->
<mark id="tok_314" xlink:href="#xpointer(string-range(//body,'',1258,1))"/><!-- ⲩ -->
<mark id="tok_315" xlink:href="#xpointer(string-range(//body,'',1260,4))"/><!-- ϫⲱⲛⲧ -->
<mark id="tok_316" xlink:href="#xpointer(string-range(//body,'',1265,3))"/><!-- ϩⲱⲥ -->
<mark id="tok_317" xlink:href="#xpointer(string-range(//body,'',1269,1))"/><!-- ⲉ -->
<mark id="tok_318" xlink:href="#xpointer(string-range(//body,'',1271,1))"/><!-- ⲩ -->
<mark id="tok_319" xlink:href="#xpointer(string-range(//body,'',1273,3))"/><!-- ϩⲱⲃ -->
<mark id="tok_320" xlink:href="#xpointer(string-range(//body,'',1277,1))"/><!-- ⲛ -->
<mark id="tok_321" xlink:href="#xpointer(string-range(//body,'',1279,4))"/><!-- ⲃⲣⲣⲉ -->
<mark id="tok_322" xlink:href="#xpointer(string-range(//body,'',1284,1))"/><!-- ⲡ -->
<mark id="tok_323" xlink:href="#xpointer(string-range(//body,'',1286,2))"/><!-- ⲉⲧ -->
<mark id="tok_324" xlink:href="#xpointer(string-range(//body,'',1289,4))"/><!-- ⲧⲁϩⲟ -->
<mark id="tok_325" xlink:href="#xpointer(string-range(//body,'',1294,3))"/><!-- ⲙⲙⲱ -->
<mark id="tok_326" xlink:href="#xpointer(string-range(//body,'',1298,2))"/><!-- ⲧⲛ -->
<mark id="tok_327" xlink:href="#xpointer(string-range(//body,'',1301,1))"/><!-- . -->
<mark id="tok_328" xlink:href="#xpointer(string-range(//body,'',1303,4))"/><!-- ⲁⲗⲗⲁ -->
<mark id="tok_329" xlink:href="#xpointer(string-range(//body,'',1308,4))"/><!-- ⲕⲁⲧⲁ -->
<mark id="tok_330" xlink:href="#xpointer(string-range(//body,'',1313,1))"/><!-- ⲧ -->
<mark id="tok_331" xlink:href="#xpointer(string-range(//body,'',1315,2))"/><!-- ϩⲉ -->
<mark id="tok_332" xlink:href="#xpointer(string-range(//body,'',1318,1))"/><!-- ⲉ -->
<mark id="tok_333" xlink:href="#xpointer(string-range(//body,'',1320,4))"/><!-- ⲧⲉⲧⲛ -->
<mark id="tok_334" xlink:href="#xpointer(string-range(//body,'',1325,8))"/><!-- ⲕⲟⲓⲛⲱⲛⲉⲓ -->
<mark id="tok_335" xlink:href="#xpointer(string-range(//body,'',1334,6))"/><!-- ⲙⲙⲟⲕϩⲥ -->
<mark id="tok_336" xlink:href="#xpointer(string-range(//body,'',1341,1))"/><!-- ⲙ -->
<mark id="tok_337" xlink:href="#xpointer(string-range(//body,'',1343,2))"/><!-- ⲡⲉ -->
<mark id="tok_338" xlink:href="#xpointer(string-range(//body,'',1346,7))"/><!-- ⲭⲣⲓⲥⲧⲟⲥ -->
<mark id="tok_339" xlink:href="#xpointer(string-range(//body,'',1354,4))"/><!-- ⲣⲁϣⲉ -->
<mark id="tok_340" xlink:href="#xpointer(string-range(//body,'',1359,2))"/><!-- ⲛⲏ -->
<mark id="tok_341" xlink:href="#xpointer(string-range(//body,'',1362,2))"/><!-- ⲧⲛ -->
<mark id="tok_342" xlink:href="#xpointer(string-range(//body,'',1365,6))"/><!-- ϫⲉⲕⲁⲁⲥ -->
<mark id="tok_343" xlink:href="#xpointer(string-range(//body,'',1372,2))"/><!-- ⲟⲛ -->
<mark id="tok_344" xlink:href="#xpointer(string-range(//body,'',1375,1))"/><!-- ⲉ -->
<mark id="tok_345" xlink:href="#xpointer(string-range(//body,'',1377,4))"/><!-- ⲧⲉⲧⲛ -->
<mark id="tok_346" xlink:href="#xpointer(string-range(//body,'',1382,4))"/><!-- ⲣⲁϣⲉ -->
<mark id="tok_347" xlink:href="#xpointer(string-range(//body,'',1387,2))"/><!-- ϩⲙ -->
<mark id="tok_348" xlink:href="#xpointer(string-range(//body,'',1390,1))"/><!-- ⲡ -->
<mark id="tok_349" xlink:href="#xpointer(string-range(//body,'',1392,4))"/><!-- ϭⲱⲗⲡ -->
<mark id="tok_350" xlink:href="#xpointer(string-range(//body,'',1397,4))"/><!-- ⲉⲃⲟⲗ -->
<mark id="tok_351" xlink:href="#xpointer(string-range(//body,'',1402,1))"/><!-- ⲙ -->
<mark id="tok_352" xlink:href="#xpointer(string-range(//body,'',1404,3))"/><!-- ⲡⲉϥ -->
<mark id="tok_353" xlink:href="#xpointer(string-range(//body,'',1408,4))"/><!-- ⲉⲟⲟⲩ -->
<mark id="tok_354" xlink:href="#xpointer(string-range(//body,'',1413,1))"/><!-- . -->
<mark id="tok_355" xlink:href="#xpointer(string-range(//body,'',1415,1))"/><!-- ⲉ -->
<mark id="tok_356" xlink:href="#xpointer(string-range(//body,'',1417,4))"/><!-- ⲧⲉⲧⲛ -->
<mark id="tok_357" xlink:href="#xpointer(string-range(//body,'',1422,5))"/><!-- ⲧⲉⲗⲏⲗ -->
<mark id="tok_358" xlink:href="#xpointer(string-range(//body,'',1428,1))"/><!-- . -->
<mark id="tok_359" xlink:href="#xpointer(string-range(//body,'',1430,4))"/><!-- ⲉϣϫⲉ -->
<mark id="tok_360" xlink:href="#xpointer(string-range(//body,'',1435,2))"/><!-- ⲥⲉ -->
<mark id="tok_361" xlink:href="#xpointer(string-range(//body,'',1438,6))"/><!-- ⲛⲟϭⲛⲉϭ -->
<mark id="tok_362" xlink:href="#xpointer(string-range(//body,'',1445,3))"/><!-- ⲙⲙⲱ -->
<mark id="tok_363" xlink:href="#xpointer(string-range(//body,'',1449,2))"/><!-- ⲧⲛ -->
<mark id="tok_364" xlink:href="#xpointer(string-range(//body,'',1452,4))"/><!-- ⲉⲧⲃⲉ -->
<mark id="tok_365" xlink:href="#xpointer(string-range(//body,'',1457,1))"/><!-- ⲡ -->
<mark id="tok_366" xlink:href="#xpointer(string-range(//body,'',1459,3))"/><!-- ⲣⲁⲛ -->
<mark id="tok_367" xlink:href="#xpointer(string-range(//body,'',1463,1))"/><!-- ⲙ -->
<mark id="tok_368" xlink:href="#xpointer(string-range(//body,'',1465,2))"/><!-- ⲡⲉ -->
<mark id="tok_369" xlink:href="#xpointer(string-range(//body,'',1468,7))"/><!-- ⲭⲣⲓⲥⲧⲟⲥ -->
<mark id="tok_370" xlink:href="#xpointer(string-range(//body,'',1476,5))"/><!-- ⲛⲁⲓⲁⲧ -->
<mark id="tok_371" xlink:href="#xpointer(string-range(//body,'',1482,5))"/><!-- ⲧⲏⲩⲧⲛ -->
<mark id="tok_372" xlink:href="#xpointer(string-range(//body,'',1488,2))"/><!-- ϫⲉ -->
<mark id="tok_373" xlink:href="#xpointer(string-range(//body,'',1491,2))"/><!-- ⲡⲉ -->
<mark id="tok_374" xlink:href="#xpointer(string-range(//body,'',1494,6))"/><!-- ⲡⲛⲉⲩⲙⲁ -->
<mark id="tok_375" xlink:href="#xpointer(string-range(//body,'',1501,1))"/><!-- ⲙ -->
<mark id="tok_376" xlink:href="#xpointer(string-range(//body,'',1503,1))"/><!-- ⲡ -->
<mark id="tok_377" xlink:href="#xpointer(string-range(//body,'',1505,4))"/><!-- ⲉⲟⲟⲩ -->
<mark id="tok_378" xlink:href="#xpointer(string-range(//body,'',1510,2))"/><!-- ⲙⲛ -->
<mark id="tok_379" xlink:href="#xpointer(string-range(//body,'',1513,1))"/><!-- ⲧ -->
<mark id="tok_380" xlink:href="#xpointer(string-range(//body,'',1515,3))"/><!-- ϭⲟⲙ -->
<mark id="tok_381" xlink:href="#xpointer(string-range(//body,'',1519,1))"/><!-- ⲙ -->
<mark id="tok_382" xlink:href="#xpointer(string-range(//body,'',1521,1))"/><!-- ⲡ -->
<mark id="tok_383" xlink:href="#xpointer(string-range(//body,'',1523,5))"/><!-- ⲛⲟⲩⲧⲉ -->
<mark id="tok_384" xlink:href="#xpointer(string-range(//body,'',1529,1))"/><!-- ⲁ -->
<mark id="tok_385" xlink:href="#xpointer(string-range(//body,'',1531,1))"/><!-- ϥ -->
<mark id="tok_386" xlink:href="#xpointer(string-range(//body,'',1533,4))"/><!-- ⲙⲧⲟⲛ -->
<mark id="tok_387" xlink:href="#xpointer(string-range(//body,'',1538,3))"/><!-- ⲙⲙⲟ -->
<mark id="tok_388" xlink:href="#xpointer(string-range(//body,'',1542,1))"/><!-- ϥ -->
<mark id="tok_389" xlink:href="#xpointer(string-range(//body,'',1544,3))"/><!-- ⲉϫⲛ -->
<mark id="tok_390" xlink:href="#xpointer(string-range(//body,'',1548,5))"/><!-- ⲧⲏⲩⲧⲛ -->
<mark id="tok_391" xlink:href="#xpointer(string-range(//body,'',1554,6))"/><!-- ⲕⲁⲧⲁⲣⲟ -->
<mark id="tok_392" xlink:href="#xpointer(string-range(//body,'',1561,2))"/><!-- ⲟⲩ -->
<mark id="tok_393" xlink:href="#xpointer(string-range(//body,'',1564,3))"/><!-- ⲙⲉⲛ -->
<mark id="tok_394" xlink:href="#xpointer(string-range(//body,'',1568,1))"/><!-- ⲉ -->
<mark id="tok_395" xlink:href="#xpointer(string-range(//body,'',1570,1))"/><!-- ⲩ -->
<mark id="tok_396" xlink:href="#xpointer(string-range(//body,'',1572,2))"/><!-- ϫⲓ -->
<mark id="tok_397" xlink:href="#xpointer(string-range(//body,'',1575,3))"/><!-- ⲟⲩⲁ -->
<mark id="tok_398" xlink:href="#xpointer(string-range(//body,'',1579,3))"/><!-- ⲉⲣⲟ -->
<mark id="tok_399" xlink:href="#xpointer(string-range(//body,'',1583,1))"/><!-- ϥ -->
<mark id="tok_400" xlink:href="#xpointer(string-range(//body,'',1585,6))"/><!-- ⲕⲁⲧⲁⲣⲱ -->
<mark id="tok_401" xlink:href="#xpointer(string-range(//body,'',1592,2))"/><!-- ⲧⲛ -->
<mark id="tok_402" xlink:href="#xpointer(string-range(//body,'',1595,2))"/><!-- ⲇⲉ -->
<mark id="tok_403" xlink:href="#xpointer(string-range(//body,'',1598,1))"/><!-- ⲉ -->
<mark id="tok_404" xlink:href="#xpointer(string-range(//body,'',1600,1))"/><!-- ϥ -->
<mark id="tok_405" xlink:href="#xpointer(string-range(//body,'',1602,2))"/><!-- ϫⲓ -->
<mark id="tok_406" xlink:href="#xpointer(string-range(//body,'',1605,4))"/><!-- ⲉⲟⲟⲩ -->
<mark id="tok_407" xlink:href="#xpointer(string-range(//body,'',1610,1))"/><!-- . -->
<mark id="tok_408" xlink:href="#xpointer(string-range(//body,'',1612,10))"/><!-- ⲙⲡⲣⲧⲣⲉⲗⲁⲁⲩ -->
<mark id="tok_409" xlink:href="#xpointer(string-range(//body,'',1623,3))"/><!-- ⲅⲁⲣ -->
<mark id="tok_410" xlink:href="#xpointer(string-range(//body,'',1627,3))"/><!-- ⲙⲙⲱ -->
<mark id="tok_411" xlink:href="#xpointer(string-range(//body,'',1631,2))"/><!-- ⲧⲛ -->
<mark id="tok_412" xlink:href="#xpointer(string-range(//body,'',1634,2))"/><!-- ϣⲡ -->
<mark id="tok_413" xlink:href="#xpointer(string-range(//body,'',1637,4))"/><!-- ϩⲓⲥⲉ -->
<mark id="tok_414" xlink:href="#xpointer(string-range(//body,'',1642,3))"/><!-- ϩⲱⲥ -->
<mark id="tok_415" xlink:href="#xpointer(string-range(//body,'',1646,6))"/><!-- ⲫⲟⲛⲉⲩⲥ -->
<mark id="tok_416" xlink:href="#xpointer(string-range(//body,'',1653,8))"/><!-- ⲏⲣⲉϥϩⲱϥⲧ -->
<mark id="tok_417" xlink:href="#xpointer(string-range(//body,'',1662,6))"/><!-- ⲏⲛⲣⲉϥⲣ -->
<mark id="tok_418" xlink:href="#xpointer(string-range(//body,'',1669,1))"/><!-- ⲡ -->
<mark id="tok_419" xlink:href="#xpointer(string-range(//body,'',1671,2))"/><!-- ⲉⲧ -->
<mark id="tok_420" xlink:href="#xpointer(string-range(//body,'',1674,4))"/><!-- ϩⲟⲟⲩ -->
<mark id="tok_421" xlink:href="#xpointer(string-range(//body,'',1679,4))"/><!-- ⲏⲙⲁⲓ -->
<mark id="tok_422" xlink:href="#xpointer(string-range(//body,'',1684,4))"/><!-- ⲡⲉⲧⲉ -->
<mark id="tok_423" xlink:href="#xpointer(string-range(//body,'',1689,4))"/><!-- ⲛⲡⲱϥ -->
<mark id="tok_424" xlink:href="#xpointer(string-range(//body,'',1694,2))"/><!-- ⲁⲛ -->
<mark id="tok_425" xlink:href="#xpointer(string-range(//body,'',1697,2))"/><!-- ⲡⲉ -->
<mark id="tok_426" xlink:href="#xpointer(string-range(//body,'',1700,5))"/><!-- ⲉϣⲱⲡⲉ -->
<mark id="tok_427" xlink:href="#xpointer(string-range(//body,'',1706,2))"/><!-- ⲇⲉ -->
<mark id="tok_428" xlink:href="#xpointer(string-range(//body,'',1709,3))"/><!-- ϩⲱⲥ -->
<mark id="tok_429" xlink:href="#xpointer(string-range(//body,'',1713,10))"/><!-- ⲭⲣⲓⲥⲧⲓⲁⲛⲟⲥ -->
<mark id="tok_430" xlink:href="#xpointer(string-range(//body,'',1724,11))"/><!-- ⲙⲡⲣⲧⲣⲉϥϣⲓⲡⲉ -->
<mark id="tok_431" xlink:href="#xpointer(string-range(//body,'',1736,4))"/><!-- ⲁⲗⲗⲁ -->
<mark id="tok_432" xlink:href="#xpointer(string-range(//body,'',1741,4))"/><!-- ⲙⲁⲣⲉ -->
<mark id="tok_433" xlink:href="#xpointer(string-range(//body,'',1746,1))"/><!-- ϥ -->
<mark id="tok_434" xlink:href="#xpointer(string-range(//body,'',1748,1))"/><!-- ϯ -->
<mark id="tok_435" xlink:href="#xpointer(string-range(//body,'',1750,4))"/><!-- ⲉⲟⲟⲩ -->
<mark id="tok_436" xlink:href="#xpointer(string-range(//body,'',1755,2))"/><!-- ⲇⲉ -->
<mark id="tok_437" xlink:href="#xpointer(string-range(//body,'',1758,1))"/><!-- ⲙ -->
<mark id="tok_438" xlink:href="#xpointer(string-range(//body,'',1760,1))"/><!-- ⲡ -->
<mark id="tok_439" xlink:href="#xpointer(string-range(//body,'',1762,5))"/><!-- ⲛⲟⲩⲧⲉ -->
<mark id="tok_440" xlink:href="#xpointer(string-range(//body,'',1768,5))"/><!-- ⲉϩⲣⲁⲓ -->
<mark id="tok_441" xlink:href="#xpointer(string-range(//body,'',1774,3))"/><!-- ⲉϫⲙ -->
<mark id="tok_442" xlink:href="#xpointer(string-range(//body,'',1778,3))"/><!-- ⲡⲉⲓ -->
<mark id="tok_443" xlink:href="#xpointer(string-range(//body,'',1782,3))"/><!-- ⲣⲁⲛ -->
<mark id="tok_444" xlink:href="#xpointer(string-range(//body,'',1786,2))"/><!-- ϫⲉ -->
<mark id="tok_445" xlink:href="#xpointer(string-range(//body,'',1789,1))"/><!-- ⲁ -->
<mark id="tok_446" xlink:href="#xpointer(string-range(//body,'',1791,2))"/><!-- ⲡⲉ -->
<mark id="tok_447" xlink:href="#xpointer(string-range(//body,'',1794,5))"/><!-- ⲟⲩⲟⲉⲓ -->
<mark id="tok_448" xlink:href="#xpointer(string-range(//body,'',1800,1))"/><!-- ϣ -->
<mark id="tok_449" xlink:href="#xpointer(string-range(//body,'',1802,4))"/><!-- ϣⲱⲡⲉ -->
<mark id="tok_450" xlink:href="#xpointer(string-range(//body,'',1807,3))"/><!-- ⲛⲧⲉ -->
<mark id="tok_451" xlink:href="#xpointer(string-range(//body,'',1811,1))"/><!-- ⲡ -->
<mark id="tok_452" xlink:href="#xpointer(string-range(//body,'',1813,3))"/><!-- ϩⲁⲡ -->
<mark id="tok_453" xlink:href="#xpointer(string-range(//body,'',1817,5))"/><!-- ⲁⲣⲭⲉⲓ -->
<mark id="tok_454" xlink:href="#xpointer(string-range(//body,'',1823,4))"/><!-- ⲉⲃⲟⲗ -->
<mark id="tok_455" xlink:href="#xpointer(string-range(//body,'',1828,2))"/><!-- ϩⲙ -->
<mark id="tok_456" xlink:href="#xpointer(string-range(//body,'',1831,1))"/><!-- ⲡ -->
<mark id="tok_457" xlink:href="#xpointer(string-range(//body,'',1833,2))"/><!-- ⲏⲓ -->
<mark id="tok_458" xlink:href="#xpointer(string-range(//body,'',1836,1))"/><!-- ⲙ -->
<mark id="tok_459" xlink:href="#xpointer(string-range(//body,'',1838,1))"/><!-- ⲡ -->
<mark id="tok_460" xlink:href="#xpointer(string-range(//body,'',1840,5))"/><!-- ⲛⲟⲩⲧⲉ -->
<mark id="tok_461" xlink:href="#xpointer(string-range(//body,'',1846,4))"/><!-- ⲉϣϫⲉ -->
<mark id="tok_462" xlink:href="#xpointer(string-range(//body,'',1851,1))"/><!-- ϥ -->
<mark id="tok_463" xlink:href="#xpointer(string-range(//body,'',1853,2))"/><!-- ⲛⲁ -->
<mark id="tok_464" xlink:href="#xpointer(string-range(//body,'',1856,1))"/><!-- ⲣ -->
<mark id="tok_465" xlink:href="#xpointer(string-range(//body,'',1858,4))"/><!-- ϣⲟⲣⲡ -->
<mark id="tok_466" xlink:href="#xpointer(string-range(//body,'',1863,2))"/><!-- ⲇⲉ -->
<mark id="tok_467" xlink:href="#xpointer(string-range(//body,'',1866,4))"/><!-- ⲙⲙⲟⲛ -->
<mark id="tok_468" xlink:href="#xpointer(string-range(//body,'',1871,1))"/><!-- ⲉ -->
<mark id="tok_469" xlink:href="#xpointer(string-range(//body,'',1873,1))"/><!-- ⲓ -->
<mark id="tok_470" xlink:href="#xpointer(string-range(//body,'',1875,2))"/><!-- ⲟⲩ -->
<mark id="tok_471" xlink:href="#xpointer(string-range(//body,'',1878,2))"/><!-- ⲧⲉ -->
<mark id="tok_472" xlink:href="#xpointer(string-range(//body,'',1881,1))"/><!-- ⲧ -->
<mark id="tok_473" xlink:href="#xpointer(string-range(//body,'',1883,3))"/><!-- ⲑⲁⲏ -->
<mark id="tok_474" xlink:href="#xpointer(string-range(//body,'',1887,1))"/><!-- ⲛ -->
<mark id="tok_475" xlink:href="#xpointer(string-range(//body,'',1889,1))"/><!-- ⲛ -->
<mark id="tok_476" xlink:href="#xpointer(string-range(//body,'',1891,2))"/><!-- ⲉⲧ -->
<mark id="tok_477" xlink:href="#xpointer(string-range(//body,'',1894,1))"/><!-- ⲟ -->
<mark id="tok_478" xlink:href="#xpointer(string-range(//body,'',1896,1))"/><!-- ⲛ -->
<mark id="tok_479" xlink:href="#xpointer(string-range(//body,'',1898,6))"/><!-- ⲁⲧⲥⲱⲧⲙ -->
<mark id="tok_480" xlink:href="#xpointer(string-range(//body,'',1905,3))"/><!-- ⲛⲥⲁ -->
<mark id="tok_481" xlink:href="#xpointer(string-range(//body,'',1909,1))"/><!-- ⲡ -->
<mark id="tok_482" xlink:href="#xpointer(string-range(//body,'',1911,10))"/><!-- ⲉⲩⲁⲅⲅⲉⲗⲓⲟⲛ -->
<mark id="tok_483" xlink:href="#xpointer(string-range(//body,'',1922,1))"/><!-- ⲙ -->
<mark id="tok_484" xlink:href="#xpointer(string-range(//body,'',1924,1))"/><!-- ⲡ -->
<mark id="tok_485" xlink:href="#xpointer(string-range(//body,'',1926,5))"/><!-- ⲛⲟⲩⲧⲉ -->
<mark id="tok_486" xlink:href="#xpointer(string-range(//body,'',1932,3))"/><!-- ⲁⲩⲱ -->
<mark id="tok_487" xlink:href="#xpointer(string-range(//body,'',1936,4))"/><!-- ⲉϣϫⲉ -->
<mark id="tok_488" xlink:href="#xpointer(string-range(//body,'',1941,5))"/><!-- ⲙⲟⲅⲓⲥ -->
<mark id="tok_489" xlink:href="#xpointer(string-range(//body,'',1947,11))"/><!-- ⲉⲣⲉⲡⲇⲓⲕⲁⲓⲟⲥ -->
<mark id="tok_490" xlink:href="#xpointer(string-range(//body,'',1959,2))"/><!-- ⲛⲁ -->
<mark id="tok_491" xlink:href="#xpointer(string-range(//body,'',1962,5))"/><!-- ⲟⲩϫⲁⲓ -->
<mark id="tok_492" xlink:href="#xpointer(string-range(//body,'',1968,1))"/><!-- ⲉ -->
<mark id="tok_493" xlink:href="#xpointer(string-range(//body,'',1970,1))"/><!-- ⲓ -->
<mark id="tok_494" xlink:href="#xpointer(string-range(//body,'',1972,10))"/><!-- ⲉⲣⲉⲡⲁⲥⲉⲃⲏⲥ -->
<mark id="tok_495" xlink:href="#xpointer(string-range(//body,'',1983,2))"/><!-- ⲙⲛ -->
<mark id="tok_496" xlink:href="#xpointer(string-range(//body,'',1986,1))"/><!-- ⲡ -->
<mark id="tok_497" xlink:href="#xpointer(string-range(//body,'',1988,8))"/><!-- ⲣⲉϥⲣⲛⲟⲃⲉ -->
<mark id="tok_498" xlink:href="#xpointer(string-range(//body,'',1997,2))"/><!-- ⲛⲁ -->
<mark id="tok_499" xlink:href="#xpointer(string-range(//body,'',2000,2))"/><!-- ⲟⲩ -->
<mark id="tok_500" xlink:href="#xpointer(string-range(//body,'',2003,3))"/><!-- ⲱⲛϩ -->
<mark id="tok_501" xlink:href="#xpointer(string-range(//body,'',2007,4))"/><!-- ⲉⲃⲟⲗ -->
<mark id="tok_502" xlink:href="#xpointer(string-range(//body,'',2012,3))"/><!-- ⲧⲱⲛ -->
<mark id="tok_503" xlink:href="#xpointer(string-range(//body,'',2016,1))"/><!-- . -->
<mark id="tok_504" xlink:href="#xpointer(string-range(//body,'',2018,5))"/><!-- ϩⲱⲥⲇⲉ -->
<mark id="tok_505" xlink:href="#xpointer(string-range(//body,'',2024,2))"/><!-- ϭⲉ -->
<mark id="tok_506" xlink:href="#xpointer(string-range(//body,'',2027,1))"/><!-- ⲛ -->
<mark id="tok_507" xlink:href="#xpointer(string-range(//body,'',2029,1))"/><!-- ⲛ -->
<mark id="tok_508" xlink:href="#xpointer(string-range(//body,'',2031,5))"/><!-- ⲕⲟⲟⲩⲉ -->
<mark id="tok_509" xlink:href="#xpointer(string-range(//body,'',2037,2))"/><!-- ⲉⲧ -->
<mark id="tok_510" xlink:href="#xpointer(string-range(//body,'',2040,2))"/><!-- ϣⲡ -->
<mark id="tok_511" xlink:href="#xpointer(string-range(//body,'',2043,4))"/><!-- ϩⲓⲥⲉ -->
<mark id="tok_512" xlink:href="#xpointer(string-range(//body,'',2048,4))"/><!-- ⲕⲁⲧⲁ -->
<mark id="tok_513" xlink:href="#xpointer(string-range(//body,'',2053,1))"/><!-- ⲡ -->
<mark id="tok_514" xlink:href="#xpointer(string-range(//body,'',2055,4))"/><!-- ⲟⲩⲱϣ -->
<mark id="tok_515" xlink:href="#xpointer(string-range(//body,'',2060,1))"/><!-- ⲙ -->
<mark id="tok_516" xlink:href="#xpointer(string-range(//body,'',2062,1))"/><!-- ⲡ -->
<mark id="tok_517" xlink:href="#xpointer(string-range(//body,'',2064,5))"/><!-- ⲛⲟⲩⲧⲉ -->
<mark id="tok_518" xlink:href="#xpointer(string-range(//body,'',2070,10))"/><!-- ⲙⲁⲣⲟⲩϭⲟⲓⲗⲉ -->
<mark id="tok_519" xlink:href="#xpointer(string-range(//body,'',2081,1))"/><!-- ⲛ -->
<mark id="tok_520" xlink:href="#xpointer(string-range(//body,'',2083,3))"/><!-- ⲛⲉⲩ -->
<mark id="tok_521" xlink:href="#xpointer(string-range(//body,'',2087,4))"/><!-- ⲯⲩⲭⲏ -->
<mark id="tok_522" xlink:href="#xpointer(string-range(//body,'',2092,1))"/><!-- ⲉ -->
<mark id="tok_523" xlink:href="#xpointer(string-range(//body,'',2094,1))"/><!-- ⲡ -->
<mark id="tok_524" xlink:href="#xpointer(string-range(//body,'',2096,7))"/><!-- ⲣⲉϥⲥⲱⲛⲧ -->
<mark id="tok_525" xlink:href="#xpointer(string-range(//body,'',2104,2))"/><!-- ⲙⲡ -->
<mark id="tok_526" xlink:href="#xpointer(string-range(//body,'',2107,1))"/><!-- ⲓ -->
<mark id="tok_527" xlink:href="#xpointer(string-range(//body,'',2109,3))"/><!-- ⲥⲧⲟ -->
<mark id="tok_528" xlink:href="#xpointer(string-range(//body,'',2113,1))"/><!-- ⲥ -->
<mark id="tok_529" xlink:href="#xpointer(string-range(//body,'',2115,2))"/><!-- ϩⲛ -->
<mark id="tok_530" xlink:href="#xpointer(string-range(//body,'',2118,9))"/><!-- ⲟⲩⲙⲛⲧⲣⲉϥⲣ -->
<mark id="tok_531" xlink:href="#xpointer(string-range(//body,'',2128,9))"/><!-- ⲡⲉⲧⲛⲁⲛⲟⲩϥ -->
<mark id="tok_532" xlink:href="#xpointer(string-range(//body,'',2138,1))"/><!-- . -->
</markList>
</paula>
