<?xml version="1.0" encoding="UTF-8" standalone="no"?>

<!DOCTYPE paula SYSTEM "paula_feat.dtd">
<paula version="1.0">

<header paula_id="sahidica.nt.1_Peter_4_verse"/>

<featList xmlns:xlink="http://www.w3.org/1999/xlink" type="verse" xml:base="sahidica.nt.1_Peter_4.verseSeg.xml">
<feat xlink:href="#verse_1" value="1 Peter 4:1"/><!-- ⲡⲉ.... -->
<feat xlink:href="#verse_36" value="1 Peter 4:2"/><!-- ⲉ.... -->
<feat xlink:href="#verse_63" value="1 Peter 4:3"/><!-- ϩⲱ...ϫⲁϩⲙ -->
<feat xlink:href="#verse_106" value="1 Peter 4:4"/><!-- ϩⲙ...ⲟⲩⲁ -->
<feat xlink:href="#verse_122" value="1 Peter 4:5"/><!-- ⲛⲁⲓ.... -->
<feat xlink:href="#verse_141" value="1 Peter 4:6"/><!-- ⲉⲧⲃⲉ...ⲡⲛⲉⲩⲙⲁ -->
<feat xlink:href="#verse_166" value="1 Peter 4:7"/><!-- ⲧ...ϣⲗⲏⲗ -->
<feat xlink:href="#verse_185" value="1 Peter 4:8"/><!-- ϩⲁ...ⲛⲟⲃⲉ -->
<feat xlink:href="#verse_211" value="1 Peter 4:9"/><!-- ⲉ.... -->
<feat xlink:href="#verse_224" value="1 Peter 4:10"/><!-- ⲡⲉ.... -->
<feat xlink:href="#verse_254" value="1 Peter 4:11"/><!-- ⲡ.... -->
<feat xlink:href="#verse_301" value="1 Peter 4:12"/><!-- ⲛⲁ.... -->
<feat xlink:href="#verse_328" value="1 Peter 4:13"/><!-- ⲁⲗⲗⲁ.... -->
<feat xlink:href="#verse_359" value="1 Peter 4:14"/><!-- ⲉϣϫⲉ.... -->
<feat xlink:href="#verse_408" value="1 Peter 4:15"/><!-- ⲙⲡⲣⲧⲣⲉⲗⲁⲁⲩ...ⲡⲉ -->
<feat xlink:href="#verse_426" value="1 Peter 4:16"/><!-- ⲉϣⲱⲡⲉ...ⲣⲁⲛ -->
<feat xlink:href="#verse_444" value="1 Peter 4:17"/><!-- ϫⲉ...ⲛⲟⲩⲧⲉ -->
<feat xlink:href="#verse_486" value="1 Peter 4:18"/><!-- ⲁⲩⲱ.... -->
<feat xlink:href="#verse_504" value="1 Peter 4:19"/><!-- ϩⲱⲥⲇⲉ.... -->
</featList>
</paula>
