<?xml version="1.0" encoding="UTF-8" standalone="no"?>

<!DOCTYPE paula SYSTEM "paula_feat.dtd">
<paula version="1.0">

<header paula_id="sahidica.nt.1_Peter_4_translation"/>

<featList xmlns:xlink="http://www.w3.org/1999/xlink" type="translation" xml:base="sahidica.nt.1_Peter_4.translationSeg.xml">
<feat xlink:href="#translation_1" value="Forasmuch then as Christ suffered for us in the flesh, arm yourselves also with the same mind; for he who has suffered in the flesh has ceased from sin;"/><!-- ⲡⲉ.... -->
<feat xlink:href="#translation_36" value="that you no longer should live the rest of your time in the flesh for the lusts of men, but for the will of God."/><!-- ⲉ.... -->
<feat xlink:href="#translation_63" value="For we have spent enough of our past time doing the desire of the Gentiles, and having walked in lewdness, lusts, drunken binges, orgies, carousings, and abominable idolatries."/><!-- ϩⲱ...ϫⲁϩⲙ -->
<feat xlink:href="#translation_106" value="They think it is strange that you don&apos;t run with them into the same excess of riot, blaspheming:"/><!-- ϩⲙ...ⲟⲩⲁ -->
<feat xlink:href="#translation_122" value="who will give account to him who is ready to judge the living and the dead."/><!-- ⲛⲁⲓ.... -->
<feat xlink:href="#translation_141" value="For to this end the Good News was preached even to the dead, that they might be judged indeed as men in the flesh, but live as to God in the spirit."/><!-- ⲉⲧⲃⲉ...ⲡⲛⲉⲩⲙⲁ -->
<feat xlink:href="#translation_166" value="But the end of all things is near. Therefore be of sound mind, self-controlled, and sober in prayer."/><!-- ⲧ...ϣⲗⲏⲗ -->
<feat xlink:href="#translation_185" value="And above all things be earnest in your love among yourselves, for love covers a multitude of sins."/><!-- ϩⲁ...ⲛⲟⲃⲉ -->
<feat xlink:href="#translation_211" value="Be hospitable to one another without grumbling."/><!-- ⲉ.... -->
<feat xlink:href="#translation_224" value="As each has received a gift, employ it in serving one another, as good managers of the grace of God in its various forms."/><!-- ⲡⲉ.... -->
<feat xlink:href="#translation_254" value="If anyone speaks, let it be as it were the very words of God. If anyone serves, let it be as of the strength which God supplies, that in all things God may be glorified through Jesus Christ, to whom belong the glory and the dominion forever and ever. Amen."/><!-- ⲡ.... -->
<feat xlink:href="#translation_301" value="Beloved, don&apos;t be astonished at the fiery trial which has come upon you, to test you, as though a strange thing happened to you."/><!-- ⲛⲁ.... -->
<feat xlink:href="#translation_328" value="But because you are partakers of Christ&apos;s sufferings, rejoice; that at the revelation of his glory you also may rejoice with exceeding joy."/><!-- ⲁⲗⲗⲁ.... -->
<feat xlink:href="#translation_359" value="If you are insulted for the name of Christ, you are blessed; because the Spirit of glory and of God rests on you. On their part he is blasphemed, but on your part he is glorified."/><!-- ⲉϣϫⲉ.... -->
<feat xlink:href="#translation_408" value="For let none of you suffer as a murderer, or a thief, or an evil doer, or a meddler in other men&apos;s matters."/><!-- ⲙⲡⲣⲧⲣⲉⲗⲁⲁⲩ...ⲡⲉ -->
<feat xlink:href="#translation_426" value="But if one of you suffers for being a Christian, let him not be ashamed; but let him glorify God in this matter."/><!-- ⲉϣⲱⲡⲉ...ⲣⲁⲛ -->
<feat xlink:href="#translation_444" value="For the time has come for judgment to begin with the household of God. If it begins first with us, what will happen to those who don&apos;t obey the Good News of God?"/><!-- ϫⲉ...ⲛⲟⲩⲧⲉ -->
<feat xlink:href="#translation_486" value="&apos;If it is hard for the righteous to be saved, what will happen to the ungodly and the sinner?&apos;"/><!-- ⲁⲩⲱ.... -->
<feat xlink:href="#translation_504" value="Therefore let them also who suffer according to the will of God in doing good entrust their souls to him, as to a faithful Creator."/><!-- ϩⲱⲥⲇⲉ.... -->
</featList>
</paula>
