<?xml version="1.0" encoding="UTF-8" standalone="no"?>

<!DOCTYPE paula SYSTEM "paula_mark.dtd">
<paula version="1.0">

<header paula_id="sahidica.nt.1_John_5_normSeg"/>

<markList xmlns:xlink="http://www.w3.org/1999/xlink" type="normSeg" xml:base="sahidica.nt.1_John_5.tok.xml">
<mark id="norm_1" xlink:href="#tok_1"/><!-- ⲟⲩⲟⲛ -->
<mark id="norm_2" xlink:href="#tok_2"/><!-- ⲛⲓⲙ -->
<mark id="norm_3" xlink:href="#tok_3"/><!-- ⲉⲧ -->
<mark id="norm_4" xlink:href="#tok_4"/><!-- ⲡⲓⲥⲧⲉⲩⲉ -->
<mark id="norm_5" xlink:href="#tok_5"/><!-- ϫⲉ -->
<mark id="norm_6" xlink:href="#tok_6"/><!-- ⲓⲏⲥⲟⲩⲥ -->
<mark id="norm_7" xlink:href="#tok_7"/><!-- ⲡⲉ -->
<mark id="norm_8" xlink:href="#tok_8"/><!-- ⲡⲉ -->
<mark id="norm_9" xlink:href="#tok_9"/><!-- ⲭⲣⲓⲥⲧⲟⲥ -->
<mark id="norm_10" xlink:href="#tok_10"/><!-- ⲛⲧ -->
<mark id="norm_11" xlink:href="#tok_11"/><!-- ⲁ -->
<mark id="norm_12" xlink:href="#tok_12"/><!-- ⲩ -->
<mark id="norm_13" xlink:href="#tok_13"/><!-- ϫⲡⲟ -->
<mark id="norm_14" xlink:href="#tok_14"/><!-- ϥ -->
<mark id="norm_15" xlink:href="#tok_15"/><!-- ⲉⲃⲟⲗ -->
<mark id="norm_16" xlink:href="#tok_16"/><!-- ϩⲙ -->
<mark id="norm_17" xlink:href="#tok_17"/><!-- ⲡ -->
<mark id="norm_18" xlink:href="#tok_18"/><!-- ⲛⲟⲩⲧⲉ -->
<mark id="norm_19" xlink:href="#tok_19"/><!-- ⲁⲩⲱ -->
<mark id="norm_20" xlink:href="#tok_20"/><!-- ⲟⲩⲟⲛ -->
<mark id="norm_21" xlink:href="#tok_21"/><!-- ⲛⲓⲙ -->
<mark id="norm_22" xlink:href="#tok_22"/><!-- ⲉ -->
<mark id="norm_23" xlink:href="#tok_23"/><!-- ⲧ -->
<mark id="norm_24" xlink:href="#tok_24"/><!-- ⲙⲉ -->
<mark id="norm_25" xlink:href="#tok_25"/><!-- ⲙⲡⲉⲛⲧⲁⲩϫⲡⲟϥ -->
<mark id="norm_26" xlink:href="#tok_26"/><!-- ϣⲁ -->
<mark id="norm_27" xlink:href="#tok_27"/><!-- ϥ -->
<mark id="norm_28" xlink:href="#tok_28"/><!-- ⲙⲉⲣ -->
<mark id="norm_29" xlink:href="#tok_29"/><!-- ⲓ -->
<mark id="norm_30" xlink:href="#tok_30"/><!-- ⲡ -->
<mark id="norm_31" xlink:href="#tok_31"/><!-- ⲉⲛⲧ -->
<mark id="norm_32" xlink:href="#tok_32"/><!-- ⲁ -->
<mark id="norm_33" xlink:href="#tok_33"/><!-- ⲩ -->
<mark id="norm_34" xlink:href="#tok_34"/><!-- ϫⲡⲟ -->
<mark id="norm_35" xlink:href="#tok_35"/><!-- ϥ -->
<mark id="norm_36" xlink:href="#tok_36"/><!-- ⲉⲃⲟⲗ -->
<mark id="norm_37" xlink:href="#tok_37"/><!-- ⲛϩⲏⲧ -->
<mark id="norm_38" xlink:href="#tok_38"/><!-- ϥ -->
<mark id="norm_39" xlink:href="#tok_39"/><!-- ⲁⲩⲱ -->
<mark id="norm_40" xlink:href="#tok_40"/><!-- ϩⲙ -->
<mark id="norm_41" xlink:href="#tok_41"/><!-- ⲡⲁⲓ -->
<mark id="norm_42" xlink:href="#tok_42"/><!-- ⲧⲉⲛⲉⲓⲙⲉ -->
<mark id="norm_43" xlink:href="#tok_43"/><!-- ϫⲉ -->
<mark id="norm_44" xlink:href="#tok_44"/><!-- ⲧⲉⲛ -->
<mark id="norm_45" xlink:href="#tok_45"/><!-- ⲙⲉ -->
<mark id="norm_46" xlink:href="#tok_46"/><!-- ⲛ -->
<mark id="norm_47" xlink:href="#tok_47"/><!-- ⲛ -->
<mark id="norm_48" xlink:href="#tok_48"/><!-- ϣⲏⲣⲉ -->
<mark id="norm_49" xlink:href="#tok_49"/><!-- ⲙ -->
<mark id="norm_50" xlink:href="#tok_50"/><!-- ⲡ -->
<mark id="norm_51" xlink:href="#tok_51"/><!-- ⲛⲟⲩⲧⲉ -->
<mark id="norm_52" xlink:href="#tok_52"/><!-- ϩⲟⲧⲁⲛ -->
<mark id="norm_53" xlink:href="#tok_53"/><!-- ⲉⲛϣⲁⲛ -->
<mark id="norm_54" xlink:href="#tok_54"/><!-- ⲙⲉ -->
<mark id="norm_55" xlink:href="#tok_55"/><!-- ⲣⲓ -->
<mark id="norm_56" xlink:href="#tok_56"/><!-- ⲡ -->
<mark id="norm_57" xlink:href="#tok_57"/><!-- ⲛⲟⲩⲧⲉ -->
<mark id="norm_58" xlink:href="#tok_58"/><!-- ⲁⲩⲱ -->
<mark id="norm_59" xlink:href="#tok_59"/><!-- ⲛⲧⲛⲉⲓⲣⲉ -->
<mark id="norm_60" xlink:href="#tok_60"/><!-- ⲛ -->
<mark id="norm_61" xlink:href="#tok_61"/><!-- ⲛⲉϥ -->
<mark id="norm_62" xlink:href="#tok_62"/><!-- ⲉⲛⲧⲟⲗⲏ -->
<mark id="norm_63" xlink:href="#tok_63"/><!-- ⲧⲁⲓ -->
<mark id="norm_64" xlink:href="#tok_64"/><!-- ⲅⲁⲣ -->
<mark id="norm_65" xlink:href="#tok_65"/><!-- ⲧⲉ -->
<mark id="norm_66" xlink:href="#tok_66"/><!-- ⲧ -->
<mark id="norm_67" xlink:href="#tok_67"/><!-- ⲁⲅⲁⲡⲏ -->
<mark id="norm_68" xlink:href="#tok_68"/><!-- ⲙ -->
<mark id="norm_69" xlink:href="#tok_69"/><!-- ⲡ -->
<mark id="norm_70" xlink:href="#tok_70"/><!-- ⲛⲟⲩⲧⲉ -->
<mark id="norm_71" xlink:href="#tok_71"/><!-- ϫⲉⲕⲁⲁⲥ -->
<mark id="norm_72" xlink:href="#tok_72"/><!-- ⲉⲛⲉ -->
<mark id="norm_73" xlink:href="#tok_73"/><!-- ϩⲁⲣⲉϩ -->
<mark id="norm_74" xlink:href="#tok_74"/><!-- ⲛ -->
<mark id="norm_75" xlink:href="#tok_75"/><!-- ⲛⲉϥ -->
<mark id="norm_76" xlink:href="#tok_76"/><!-- ⲉⲛⲧⲟⲗⲏ -->
<mark id="norm_77" xlink:href="#tok_77"/><!-- ⲁⲩⲱ -->
<mark id="norm_78" xlink:href="#tok_78"/><!-- ⲛⲉϥ -->
<mark id="norm_79" xlink:href="#tok_79"/><!-- ⲉⲛⲧⲟⲗⲏ -->
<mark id="norm_80" xlink:href="#tok_80"/><!-- ⲥⲉ -->
<mark id="norm_81" xlink:href="#tok_81"/><!-- ϩⲟⲣϣ -->
<mark id="norm_82" xlink:href="#tok_82"/><!-- ⲁⲛ -->
<mark id="norm_83" xlink:href="#tok_83"/><!-- ϫⲉ -->
<mark id="norm_84" xlink:href="#tok_84"/><!-- ⲟⲩⲟⲛ -->
<mark id="norm_85" xlink:href="#tok_85"/><!-- ⲛⲓⲙ -->
<mark id="norm_86" xlink:href="#tok_86"/><!-- ⲛⲧ -->
<mark id="norm_87" xlink:href="#tok_87"/><!-- ⲁ -->
<mark id="norm_88" xlink:href="#tok_88"/><!-- ⲩ -->
<mark id="norm_89" xlink:href="#tok_89"/><!-- ϫⲡⲟ -->
<mark id="norm_90" xlink:href="#tok_90"/><!-- ϥ -->
<mark id="norm_91" xlink:href="#tok_91"/><!-- ⲉⲃⲟⲗ -->
<mark id="norm_92" xlink:href="#tok_92"/><!-- ϩⲙ -->
<mark id="norm_93" xlink:href="#tok_93"/><!-- ⲡ -->
<mark id="norm_94" xlink:href="#tok_94"/><!-- ⲛⲟⲩⲧⲉ -->
<mark id="norm_95" xlink:href="#tok_95"/><!-- ϣⲁ -->
<mark id="norm_96" xlink:href="#tok_96"/><!-- ϥ -->
<mark id="norm_97" xlink:href="#tok_97"/><!-- ϫⲣⲟ -->
<mark id="norm_98" xlink:href="#tok_98"/><!-- ⲉ -->
<mark id="norm_99" xlink:href="#tok_99"/><!-- ⲡ -->
<mark id="norm_100" xlink:href="#tok_100"/><!-- ⲕⲟⲥⲙⲟⲥ -->
<mark id="norm_101" xlink:href="#tok_101"/><!-- ⲁⲩⲱ -->
<mark id="norm_102" xlink:href="#tok_102"/><!-- ⲡⲉϫⲣⲟ -->
<mark id="norm_103" xlink:href="#tok_103"/><!-- ⲛⲧ -->
<mark id="norm_104" xlink:href="#tok_104"/><!-- ⲁ -->
<mark id="norm_105" xlink:href="#tok_105"/><!-- ϥ -->
<mark id="norm_106" xlink:href="#tok_106"/><!-- ϫⲣⲟ -->
<mark id="norm_107" xlink:href="#tok_107"/><!-- ⲉ -->
<mark id="norm_108" xlink:href="#tok_108"/><!-- ⲡ -->
<mark id="norm_109" xlink:href="#tok_109"/><!-- ⲕⲟⲥⲙⲟⲥ -->
<mark id="norm_110" xlink:href="#tok_110"/><!-- ⲡⲉ -->
<mark id="norm_111" xlink:href="#tok_111"/><!-- ⲧ -->
<mark id="norm_112" xlink:href="#tok_112"/><!-- ⲡⲓⲥⲧⲓⲥ -->
<mark id="norm_113" xlink:href="#tok_113"/><!-- ⲛⲓⲙ -->
<mark id="norm_114" xlink:href="#tok_114"/><!-- ⲡ -->
<mark id="norm_115" xlink:href="#tok_115"/><!-- ⲉⲧ -->
<mark id="norm_116" xlink:href="#tok_116"/><!-- ϫⲣⲟⲉⲓⲧ -->
<mark id="norm_117" xlink:href="#tok_117"/><!-- ⲉ -->
<mark id="norm_118" xlink:href="#tok_118"/><!-- ⲡ -->
<mark id="norm_119" xlink:href="#tok_119"/><!-- ⲕⲟⲥⲙⲟⲥ -->
<mark id="norm_120" xlink:href="#tok_120"/><!-- ⲉ -->
<mark id="norm_121" xlink:href="#tok_121"/><!-- ⲓ -->
<mark id="norm_122" xlink:href="#tok_122"/><!-- ⲙⲏⲧⲉⲓ -->
<mark id="norm_123" xlink:href="#tok_123"/><!-- ⲡ -->
<mark id="norm_124" xlink:href="#tok_124"/><!-- ⲉⲧ -->
<mark id="norm_125" xlink:href="#tok_125"/><!-- ⲡⲓⲥⲧⲉⲩⲉ -->
<mark id="norm_126" xlink:href="#tok_126"/><!-- ϫⲉ -->
<mark id="norm_127" xlink:href="#tok_127"/><!-- ⲓⲏⲥⲟⲩⲥ -->
<mark id="norm_128" xlink:href="#tok_128"/><!-- ⲡⲉ -->
<mark id="norm_129" xlink:href="#tok_129"/><!-- ⲡ -->
<mark id="norm_130" xlink:href="#tok_130"/><!-- ϣⲏⲣⲉ -->
<mark id="norm_131" xlink:href="#tok_131"/><!-- ⲙ -->
<mark id="norm_132" xlink:href="#tok_132"/><!-- ⲡ -->
<mark id="norm_133" xlink:href="#tok_133"/><!-- ⲛⲟⲩⲧⲉ -->
<mark id="norm_134" xlink:href="#tok_134"/><!-- ⲡⲁⲓ -->
<mark id="norm_135" xlink:href="#tok_135"/><!-- ⲡ -->
<mark id="norm_136" xlink:href="#tok_136"/><!-- ⲉⲛⲧ -->
<mark id="norm_137" xlink:href="#tok_137"/><!-- ⲁ -->
<mark id="norm_138" xlink:href="#tok_138"/><!-- ϥ -->
<mark id="norm_139" xlink:href="#tok_139"/><!-- ⲉⲓ -->
<mark id="norm_140" xlink:href="#tok_140"/><!-- ϩⲓⲧⲛ -->
<mark id="norm_141" xlink:href="#tok_141"/><!-- ⲟⲩ -->
<mark id="norm_142" xlink:href="#tok_142"/><!-- ⲙⲟⲟⲩ -->
<mark id="norm_143" xlink:href="#tok_143"/><!-- ⲙⲛ -->
<mark id="norm_144" xlink:href="#tok_144"/><!-- ⲟⲩ -->
<mark id="norm_145" xlink:href="#tok_145"/><!-- ⲥⲛⲟϥ -->
<mark id="norm_146" xlink:href="#tok_146"/><!-- ⲙⲛ -->
<mark id="norm_147" xlink:href="#tok_147"/><!-- ⲟⲩ -->
<mark id="norm_148" xlink:href="#tok_148"/><!-- ⲡⲛⲉⲩⲙⲁ -->
<mark id="norm_149" xlink:href="#tok_149"/><!-- ⲡⲉ -->
<mark id="norm_150" xlink:href="#tok_150"/><!-- ⲭⲣⲓⲥⲧⲟⲥ -->
<mark id="norm_151" xlink:href="#tok_151"/><!-- ⲓⲏⲥⲟⲩⲥ -->
<mark id="norm_152" xlink:href="#tok_152"/><!-- ϩⲙ -->
<mark id="norm_153" xlink:href="#tok_153"/><!-- ⲡ -->
<mark id="norm_154" xlink:href="#tok_154"/><!-- ⲙⲟⲟⲩ -->
<mark id="norm_155" xlink:href="#tok_155"/><!-- ⲙⲙⲁⲧⲉ -->
<mark id="norm_156" xlink:href="#tok_156"/><!-- ⲁⲛ -->
<mark id="norm_157" xlink:href="#tok_157"/><!-- ⲁⲗⲗⲁ -->
<mark id="norm_158" xlink:href="#tok_158"/><!-- ϩⲙ -->
<mark id="norm_159" xlink:href="#tok_159"/><!-- ⲡ -->
<mark id="norm_160" xlink:href="#tok_160"/><!-- ⲙⲟⲟⲩ -->
<mark id="norm_161" xlink:href="#tok_161"/><!-- ⲙⲛ -->
<mark id="norm_162" xlink:href="#tok_162"/><!-- ⲡⲉ -->
<mark id="norm_163" xlink:href="#tok_163"/><!-- ⲥⲛⲟϥ -->
<mark id="norm_164" xlink:href="#tok_164"/><!-- ⲁⲩⲱ -->
<mark id="norm_165" xlink:href="#tok_165"/><!-- ⲡⲉ -->
<mark id="norm_166" xlink:href="#tok_166"/><!-- ⲡⲛⲉⲩⲙⲁ -->
<mark id="norm_167" xlink:href="#tok_167"/><!-- ⲡ -->
<mark id="norm_168" xlink:href="#tok_168"/><!-- ⲉⲧ -->
<mark id="norm_169" xlink:href="#tok_169"/><!-- ⲣ -->
<mark id="norm_170" xlink:href="#tok_170"/><!-- ⲙⲛⲧⲣⲉ -->
<mark id="norm_171" xlink:href="#tok_171"/><!-- ϫⲉ -->
<mark id="norm_172" xlink:href="#tok_172"/><!-- ⲡⲉ -->
<mark id="norm_173" xlink:href="#tok_173"/><!-- ⲡⲛⲉⲩⲙⲁ -->
<mark id="norm_174" xlink:href="#tok_174"/><!-- ⲡⲉ -->
<mark id="norm_175" xlink:href="#tok_175"/><!-- ⲧ -->
<mark id="norm_176" xlink:href="#tok_176"/><!-- ⲙⲉ -->
<mark id="norm_177" xlink:href="#tok_177"/><!-- ϫⲉ -->
<mark id="norm_178" xlink:href="#tok_178"/><!-- ⲡ -->
<mark id="norm_179" xlink:href="#tok_179"/><!-- ϣⲟⲙⲧ -->
<mark id="norm_180" xlink:href="#tok_180"/><!-- ⲉⲣ -->
<mark id="norm_181" xlink:href="#tok_181"/><!-- ⲙⲛⲧⲣⲉ -->
<mark id="norm_182" xlink:href="#tok_182"/><!-- ⲡⲉ -->
<mark id="norm_183" xlink:href="#tok_183"/><!-- ⲡⲛⲉⲩⲙⲁ -->
<mark id="norm_184" xlink:href="#tok_184"/><!-- ⲙⲛ -->
<mark id="norm_185" xlink:href="#tok_185"/><!-- ⲡ -->
<mark id="norm_186" xlink:href="#tok_186"/><!-- ⲙⲟⲟⲩ -->
<mark id="norm_187" xlink:href="#tok_187"/><!-- ⲙⲛ -->
<mark id="norm_188" xlink:href="#tok_188"/><!-- ⲡⲉ -->
<mark id="norm_189" xlink:href="#tok_189"/><!-- ⲥⲛⲟϥ -->
<mark id="norm_190" xlink:href="#tok_190"/><!-- ⲁⲩⲱ -->
<mark id="norm_191" xlink:href="#tok_191"/><!-- ⲡⲉⲓ -->
<mark id="norm_192" xlink:href="#tok_192"/><!-- ϣⲟⲙⲧ -->
<mark id="norm_193" xlink:href="#tok_193"/><!-- ⲟⲩⲁ -->
<mark id="norm_194" xlink:href="#tok_194"/><!-- ⲛⲉ -->
<mark id="norm_195" xlink:href="#tok_195"/><!-- ⲉϣϫⲉ -->
<mark id="norm_196" xlink:href="#tok_196"/><!-- ⲧⲉⲛϫⲓ -->
<mark id="norm_197" xlink:href="#tok_197"/><!-- ⲛ -->
<mark id="norm_198" xlink:href="#tok_198"/><!-- ⲧ -->
<mark id="norm_199" xlink:href="#tok_199"/><!-- ⲙⲛⲧⲙⲛⲧⲣⲉ -->
<mark id="norm_200" xlink:href="#tok_200"/><!-- ⲛ -->
<mark id="norm_201" xlink:href="#tok_201"/><!-- ⲛ -->
<mark id="norm_202" xlink:href="#tok_202"/><!-- ⲣⲱⲙⲉ -->
<mark id="norm_203" xlink:href="#tok_203"/><!-- ⲧ -->
<mark id="norm_204" xlink:href="#tok_204"/><!-- ⲙⲛⲧⲙⲛⲧⲣⲉ -->
<mark id="norm_205" xlink:href="#tok_205"/><!-- ⲙ -->
<mark id="norm_206" xlink:href="#tok_206"/><!-- ⲡ -->
<mark id="norm_207" xlink:href="#tok_207"/><!-- ⲛⲟⲩⲧⲉ -->
<mark id="norm_208" xlink:href="#tok_208"/><!-- ⲛⲁ -->
<mark id="norm_209" xlink:href="#tok_209"/><!-- ⲁⲁ -->
<mark id="norm_210" xlink:href="#tok_210"/><!-- ⲥ -->
<mark id="norm_211" xlink:href="#tok_211"/><!-- ϫⲉ -->
<mark id="norm_212" xlink:href="#tok_212"/><!-- ⲧⲁⲓ -->
<mark id="norm_213" xlink:href="#tok_213"/><!-- ⲧⲉ -->
<mark id="norm_214" xlink:href="#tok_214"/><!-- ⲧ -->
<mark id="norm_215" xlink:href="#tok_215"/><!-- ⲙⲛⲧⲙⲛⲧⲣⲉ -->
<mark id="norm_216" xlink:href="#tok_216"/><!-- ⲙ -->
<mark id="norm_217" xlink:href="#tok_217"/><!-- ⲡ -->
<mark id="norm_218" xlink:href="#tok_218"/><!-- ⲛⲟⲩⲧⲉ -->
<mark id="norm_219" xlink:href="#tok_219"/><!-- ϫⲉ -->
<mark id="norm_220" xlink:href="#tok_220"/><!-- ⲁ -->
<mark id="norm_221" xlink:href="#tok_221"/><!-- ϥ -->
<mark id="norm_222" xlink:href="#tok_222"/><!-- ⲣ -->
<mark id="norm_223" xlink:href="#tok_223"/><!-- ⲙⲛⲧⲣⲉ -->
<mark id="norm_224" xlink:href="#tok_224"/><!-- ϩⲁ -->
<mark id="norm_225" xlink:href="#tok_225"/><!-- ⲡⲉϥ -->
<mark id="norm_226" xlink:href="#tok_226"/><!-- ϣⲏⲣⲉ -->
<mark id="norm_227" xlink:href="#tok_227"/><!-- ⲡ -->
<mark id="norm_228" xlink:href="#tok_228"/><!-- ⲉⲧ -->
<mark id="norm_229" xlink:href="#tok_229"/><!-- ⲡⲓⲥⲧⲉⲩⲉ -->
<mark id="norm_230" xlink:href="#tok_230"/><!-- ⲉ -->
<mark id="norm_231" xlink:href="#tok_231"/><!-- ⲡ -->
<mark id="norm_232" xlink:href="#tok_232"/><!-- ϣⲏⲣⲉ -->
<mark id="norm_233" xlink:href="#tok_233"/><!-- ⲙ -->
<mark id="norm_234" xlink:href="#tok_234"/><!-- ⲡ -->
<mark id="norm_235" xlink:href="#tok_235"/><!-- ⲛⲟⲩⲧⲉ -->
<mark id="norm_236" xlink:href="#tok_236"/><!-- ⲟⲩⲛⲧⲁ -->
<mark id="norm_237" xlink:href="#tok_237"/><!-- ϥ -->
<mark id="norm_238" xlink:href="#tok_238"/><!-- ⲙⲙⲟ -->
<mark id="norm_239" xlink:href="#tok_239"/><!-- ⲟⲩ -->
<mark id="norm_240" xlink:href="#tok_240"/><!-- ⲛ -->
<mark id="norm_241" xlink:href="#tok_241"/><!-- ⲧ -->
<mark id="norm_242" xlink:href="#tok_242"/><!-- ⲙⲛⲧⲙⲛⲧⲣⲉ -->
<mark id="norm_243" xlink:href="#tok_243"/><!-- ϩⲣⲁⲓ -->
<mark id="norm_244" xlink:href="#tok_244"/><!-- ⲛϩⲏⲧ -->
<mark id="norm_245" xlink:href="#tok_245"/><!-- ϥ -->
<mark id="norm_246" xlink:href="#tok_246"/><!-- ⲡⲉⲧⲉ -->
<mark id="norm_247" xlink:href="#tok_247"/><!-- ⲛ -->
<mark id="norm_248" xlink:href="#tok_248"/><!-- ϥ -->
<mark id="norm_249" xlink:href="#tok_249"/><!-- ⲡⲓⲥⲧⲉⲩⲉ -->
<mark id="norm_250" xlink:href="#tok_250"/><!-- ⲁⲛ -->
<mark id="norm_251" xlink:href="#tok_251"/><!-- ⲉ -->
<mark id="norm_252" xlink:href="#tok_252"/><!-- ⲡ -->
<mark id="norm_253" xlink:href="#tok_253"/><!-- ϣⲏⲣⲉ -->
<mark id="norm_254" xlink:href="#tok_254"/><!-- ⲙ -->
<mark id="norm_255" xlink:href="#tok_255"/><!-- ⲡ -->
<mark id="norm_256" xlink:href="#tok_256"/><!-- ⲛⲟⲩⲧⲉ -->
<mark id="norm_257" xlink:href="#tok_257"/><!-- ⲉϥⲉ -->
<mark id="norm_258" xlink:href="#tok_258"/><!-- ⲓⲣⲉ -->
<mark id="norm_259" xlink:href="#tok_259"/><!-- ⲙ -->
<mark id="norm_260" xlink:href="#tok_260"/><!-- ⲡ -->
<mark id="norm_261" xlink:href="#tok_261"/><!-- ⲛⲟⲩⲧⲉ -->
<mark id="norm_262" xlink:href="#tok_262"/><!-- ⲛⲣⲉϥϫⲓ -->
<mark id="norm_263" xlink:href="#tok_263"/><!-- ϭⲟⲗ -->
<mark id="norm_264" xlink:href="#tok_264"/><!-- ϫⲉ -->
<mark id="norm_265" xlink:href="#tok_265"/><!-- ⲙⲡⲉ -->
<mark id="norm_266" xlink:href="#tok_266"/><!-- ϥ -->
<mark id="norm_267" xlink:href="#tok_267"/><!-- ⲡⲓⲥⲧⲉⲩⲉ -->
<mark id="norm_268" xlink:href="#tok_268"/><!-- ⲉ -->
<mark id="norm_269" xlink:href="#tok_269"/><!-- ⲧ -->
<mark id="norm_270" xlink:href="#tok_270"/><!-- ⲙⲛⲧⲙⲛⲧⲣⲉ -->
<mark id="norm_271" xlink:href="#tok_271"/><!-- ⲛⲧ -->
<mark id="norm_272" xlink:href="#tok_272"/><!-- ⲁ -->
<mark id="norm_273" xlink:href="#tok_273"/><!-- ⲡ -->
<mark id="norm_274" xlink:href="#tok_274"/><!-- ⲛⲟⲩⲧⲉ -->
<mark id="norm_275" xlink:href="#tok_275"/><!-- ⲉⲣ -->
<mark id="norm_276" xlink:href="#tok_276"/><!-- ⲙⲛⲧⲣⲉ -->
<mark id="norm_277" xlink:href="#tok_277"/><!-- ⲙⲙⲟ -->
<mark id="norm_278" xlink:href="#tok_278"/><!-- ⲥ -->
<mark id="norm_279" xlink:href="#tok_279"/><!-- ϩⲁ -->
<mark id="norm_280" xlink:href="#tok_280"/><!-- ⲡⲉϥ -->
<mark id="norm_281" xlink:href="#tok_281"/><!-- ϣⲏⲣⲉ -->
<mark id="norm_282" xlink:href="#tok_282"/><!-- ⲁⲩⲱ -->
<mark id="norm_283" xlink:href="#tok_283"/><!-- ⲧⲁⲓ -->
<mark id="norm_284" xlink:href="#tok_284"/><!-- ⲧⲉ -->
<mark id="norm_285" xlink:href="#tok_285"/><!-- ⲧ -->
<mark id="norm_286" xlink:href="#tok_286"/><!-- ⲙⲛⲧⲙⲛⲧⲣⲉ -->
<mark id="norm_287" xlink:href="#tok_287"/><!-- ϫⲉ -->
<mark id="norm_288" xlink:href="#tok_288"/><!-- ⲁⲡⲛⲟⲩⲧⲉ -->
<mark id="norm_289" xlink:href="#tok_289"/><!-- ϯ -->
<mark id="norm_290" xlink:href="#tok_290"/><!-- ⲛⲁ -->
<mark id="norm_291" xlink:href="#tok_291"/><!-- ⲛ -->
<mark id="norm_292" xlink:href="#tok_292"/><!-- ⲛ -->
<mark id="norm_293" xlink:href="#tok_293"/><!-- ⲟⲩ -->
<mark id="norm_294" xlink:href="#tok_294"/><!-- ⲱⲛϩ -->
<mark id="norm_295" xlink:href="#tok_295"/><!-- ⲛϣⲁ -->
<mark id="norm_296" xlink:href="#tok_296"/><!-- ⲉⲛⲉϩ -->
<mark id="norm_297" xlink:href="#tok_297"/><!-- ⲁⲩⲱ -->
<mark id="norm_298" xlink:href="#tok_298"/><!-- ⲡⲉⲓ -->
<mark id="norm_299" xlink:href="#tok_299"/><!-- ⲱⲛϩ -->
<mark id="norm_300" xlink:href="#tok_300"/><!-- ⲉ -->
<mark id="norm_301" xlink:href="#tok_301"/><!-- ϥ -->
<mark id="norm_302" xlink:href="#tok_302"/><!-- ϣⲟⲟⲡ -->
<mark id="norm_303" xlink:href="#tok_303"/><!-- ϩⲙ -->
<mark id="norm_304" xlink:href="#tok_304"/><!-- ⲡⲉϥ -->
<mark id="norm_305" xlink:href="#tok_305"/><!-- ϣⲏⲣⲉ -->
<mark id="norm_306" xlink:href="#tok_306"/><!-- ⲡⲉⲧⲉ -->
<mark id="norm_307" xlink:href="#tok_307"/><!-- ⲟⲩⲛⲧⲁ -->
<mark id="norm_308" xlink:href="#tok_308"/><!-- ϥ -->
<mark id="norm_309" xlink:href="#tok_309"/><!-- ⲙⲙⲟ -->
<mark id="norm_310" xlink:href="#tok_310"/><!-- ⲟⲩ -->
<mark id="norm_311" xlink:href="#tok_311"/><!-- ⲙ -->
<mark id="norm_312" xlink:href="#tok_312"/><!-- ⲡ -->
<mark id="norm_313" xlink:href="#tok_313"/><!-- ϣⲏⲣⲉ -->
<mark id="norm_314" xlink:href="#tok_314"/><!-- ⲟⲩⲛⲧⲁ -->
<mark id="norm_315" xlink:href="#tok_315"/><!-- ϥ -->
<mark id="norm_316" xlink:href="#tok_316"/><!-- ⲙⲙⲁⲩ -->
<mark id="norm_317" xlink:href="#tok_317"/><!-- ⲙ -->
<mark id="norm_318" xlink:href="#tok_318"/><!-- ⲡ -->
<mark id="norm_319" xlink:href="#tok_319"/><!-- ⲱⲛϩ -->
<mark id="norm_320" xlink:href="#tok_320"/><!-- ⲡⲉⲧⲉ -->
<mark id="norm_321" xlink:href="#tok_321"/><!-- ⲙⲛ -->
<mark id="norm_322" xlink:href="#tok_322"/><!-- ⲧ -->
<mark id="norm_323" xlink:href="#tok_323"/><!-- ⲁϥ -->
<mark id="norm_324" xlink:href="#tok_324"/><!-- ⲙⲙⲟ -->
<mark id="norm_325" xlink:href="#tok_325"/><!-- ⲟⲩ -->
<mark id="norm_326" xlink:href="#tok_326"/><!-- ⲙ -->
<mark id="norm_327" xlink:href="#tok_327"/><!-- ⲡ -->
<mark id="norm_328" xlink:href="#tok_328"/><!-- ϣⲏⲣⲉ -->
<mark id="norm_329" xlink:href="#tok_329"/><!-- ⲙ -->
<mark id="norm_330" xlink:href="#tok_330"/><!-- ⲡ -->
<mark id="norm_331" xlink:href="#tok_331"/><!-- ⲛⲟⲩⲧⲉ -->
<mark id="norm_332" xlink:href="#tok_332"/><!-- ⲙⲛ -->
<mark id="norm_333" xlink:href="#tok_333"/><!-- ⲧ -->
<mark id="norm_334" xlink:href="#tok_334"/><!-- ⲁϥ -->
<mark id="norm_335" xlink:href="#tok_335"/><!-- ⲙⲙⲟ -->
<mark id="norm_336" xlink:href="#tok_336"/><!-- ⲟⲩ -->
<mark id="norm_337" xlink:href="#tok_337"/><!-- ⲙ -->
<mark id="norm_338" xlink:href="#tok_338"/><!-- ⲡ -->
<mark id="norm_339" xlink:href="#tok_339"/><!-- ⲱⲛϩ -->
<mark id="norm_340" xlink:href="#tok_340"/><!-- ⲛⲁⲓ -->
<mark id="norm_341" xlink:href="#tok_341"/><!-- ⲛⲧ -->
<mark id="norm_342" xlink:href="#tok_342"/><!-- ⲁ -->
<mark id="norm_343" xlink:href="#tok_343"/><!-- ⲓ -->
<mark id="norm_344" xlink:href="#tok_344"/><!-- ⲥϩⲁⲓ -->
<mark id="norm_345" xlink:href="#tok_345"/><!-- ⲥⲟⲩ -->
<mark id="norm_346" xlink:href="#tok_346"/><!-- ⲛⲏ -->
<mark id="norm_347" xlink:href="#tok_347"/><!-- ⲧⲛ -->
<mark id="norm_348" xlink:href="#tok_348"/><!-- ϫⲉⲕⲁⲁⲥ -->
<mark id="norm_349" xlink:href="#tok_349"/><!-- ⲉ -->
<mark id="norm_350" xlink:href="#tok_350"/><!-- ⲧ -->
<mark id="norm_351" xlink:href="#tok_351"/><!-- ⲉⲧ -->
<mark id="norm_352" xlink:href="#tok_352"/><!-- ⲛⲁ -->
<mark id="norm_353" xlink:href="#tok_353"/><!-- ⲉⲓⲙⲉ -->
<mark id="norm_354" xlink:href="#tok_354"/><!-- ϫⲉ -->
<mark id="norm_355" xlink:href="#tok_355"/><!-- ⲟⲩⲛⲧⲏⲧⲛ -->
<mark id="norm_356" xlink:href="#tok_356"/><!-- ⲙⲙⲁⲩ -->
<mark id="norm_357" xlink:href="#tok_357"/><!-- ⲙ -->
<mark id="norm_358" xlink:href="#tok_358"/><!-- ⲡ -->
<mark id="norm_359" xlink:href="#tok_359"/><!-- ⲱⲛϩ -->
<mark id="norm_360" xlink:href="#tok_360"/><!-- ϣⲁ -->
<mark id="norm_361" xlink:href="#tok_361"/><!-- ⲉⲛⲉϩ -->
<mark id="norm_362" xlink:href="#tok_362"/><!-- ⲛ -->
<mark id="norm_363" xlink:href="#tok_363"/><!-- ⲉⲧ -->
<mark id="norm_364" xlink:href="#tok_364"/><!-- ⲡⲓⲥⲧⲉⲩⲉ -->
<mark id="norm_365" xlink:href="#tok_365"/><!-- ⲉ -->
<mark id="norm_366" xlink:href="#tok_366"/><!-- ⲡ -->
<mark id="norm_367" xlink:href="#tok_367"/><!-- ⲣⲁⲛ -->
<mark id="norm_368" xlink:href="#tok_368"/><!-- ⲙ -->
<mark id="norm_369" xlink:href="#tok_369"/><!-- ⲡ -->
<mark id="norm_370" xlink:href="#tok_370"/><!-- ϣⲏⲣⲉ -->
<mark id="norm_371" xlink:href="#tok_371"/><!-- ⲙ -->
<mark id="norm_372" xlink:href="#tok_372"/><!-- ⲡ -->
<mark id="norm_373" xlink:href="#tok_373"/><!-- ⲛⲟⲩⲧⲉ -->
<mark id="norm_374" xlink:href="#tok_374"/><!-- ⲁⲩⲱ -->
<mark id="norm_375" xlink:href="#tok_375"/><!-- ⲧⲁⲓ -->
<mark id="norm_376" xlink:href="#tok_376"/><!-- ⲧⲉ -->
<mark id="norm_377" xlink:href="#tok_377"/><!-- ⲧⲡⲡⲁⲣϩⲟⲩⲥⲓⲁ -->
<mark id="norm_378" xlink:href="#tok_378"/><!-- ⲉⲧⲉ -->
<mark id="norm_379" xlink:href="#tok_379"/><!-- ⲟⲩⲛⲧⲁⲛⲥ -->
<mark id="norm_380" xlink:href="#tok_380"/><!-- ⲉϩⲟⲩⲛ -->
<mark id="norm_381" xlink:href="#tok_381"/><!-- ⲉⲣⲟ -->
<mark id="norm_382" xlink:href="#tok_382"/><!-- ϥ -->
<mark id="norm_383" xlink:href="#tok_383"/><!-- ϫⲉ -->
<mark id="norm_384" xlink:href="#tok_384"/><!-- ⲡⲉⲧⲉⲛⲛⲁⲓⲧⲉⲓ -->
<mark id="norm_385" xlink:href="#tok_385"/><!-- ⲙⲙⲟ -->
<mark id="norm_386" xlink:href="#tok_386"/><!-- ϥ -->
<mark id="norm_387" xlink:href="#tok_387"/><!-- ⲕⲁⲧⲁ -->
<mark id="norm_388" xlink:href="#tok_388"/><!-- ⲡⲉϥ -->
<mark id="norm_389" xlink:href="#tok_389"/><!-- ⲟⲩⲱϣ -->
<mark id="norm_390" xlink:href="#tok_390"/><!-- ϥ -->
<mark id="norm_391" xlink:href="#tok_391"/><!-- ⲛⲁ -->
<mark id="norm_392" xlink:href="#tok_392"/><!-- ⲥⲱⲧⲙ -->
<mark id="norm_393" xlink:href="#tok_393"/><!-- ⲉⲣⲟ -->
<mark id="norm_394" xlink:href="#tok_394"/><!-- ⲛ -->
<mark id="norm_395" xlink:href="#tok_395"/><!-- ⲁⲩⲱ -->
<mark id="norm_396" xlink:href="#tok_396"/><!-- ⲉϣϫⲉ -->
<mark id="norm_397" xlink:href="#tok_397"/><!-- ⲧⲉⲛ -->
<mark id="norm_398" xlink:href="#tok_398"/><!-- ⲥⲟⲟⲩⲛ -->
<mark id="norm_399" xlink:href="#tok_399"/><!-- ϫⲉ -->
<mark id="norm_400" xlink:href="#tok_400"/><!-- ϥ -->
<mark id="norm_401" xlink:href="#tok_401"/><!-- ⲥⲱⲧⲙ -->
<mark id="norm_402" xlink:href="#tok_402"/><!-- ⲉⲣⲟ -->
<mark id="norm_403" xlink:href="#tok_403"/><!-- ⲛ -->
<mark id="norm_404" xlink:href="#tok_404"/><!-- ϩⲙ -->
<mark id="norm_405" xlink:href="#tok_405"/><!-- ⲡⲉⲧⲉⲛⲛⲁⲓⲧⲉⲓ -->
<mark id="norm_406" xlink:href="#tok_406"/><!-- ⲙⲙⲟ -->
<mark id="norm_407" xlink:href="#tok_407"/><!-- ϥ -->
<mark id="norm_408" xlink:href="#tok_408"/><!-- ⲧⲛ -->
<mark id="norm_409" xlink:href="#tok_409"/><!-- ⲥⲟⲟⲩⲛ -->
<mark id="norm_410" xlink:href="#tok_410"/><!-- ϫⲉ -->
<mark id="norm_411" xlink:href="#tok_411"/><!-- ⲟⲩⲛⲧⲁ -->
<mark id="norm_412" xlink:href="#tok_412"/><!-- ⲛ -->
<mark id="norm_413" xlink:href="#tok_413"/><!-- ⲙⲙⲟ -->
<mark id="norm_414" xlink:href="#tok_414"/><!-- ⲟⲩ -->
<mark id="norm_415" xlink:href="#tok_415"/><!-- ⲛⲛⲉⲛⲏⲇⲏⲙⲁ -->
<mark id="norm_416" xlink:href="#tok_416"/><!-- ⲛⲧ -->
<mark id="norm_417" xlink:href="#tok_417"/><!-- ⲁ -->
<mark id="norm_418" xlink:href="#tok_418"/><!-- ⲛ -->
<mark id="norm_419" xlink:href="#tok_419"/><!-- ⲁⲓⲧⲉⲓ -->
<mark id="norm_420" xlink:href="#tok_420"/><!-- ⲙⲙⲟ -->
<mark id="norm_421" xlink:href="#tok_421"/><!-- ⲟⲩ -->
<mark id="norm_422" xlink:href="#tok_422"/><!-- ⲉⲃⲟⲗ -->
<mark id="norm_423" xlink:href="#tok_423"/><!-- ϩⲓⲧⲟⲟⲧ -->
<mark id="norm_424" xlink:href="#tok_424"/><!-- ϥ -->
<mark id="norm_425" xlink:href="#tok_425"/><!-- ⲉϣⲱⲡⲉ -->
<mark id="norm_426" xlink:href="#tok_426"/><!-- ⲉⲣⲉϣⲁⲛⲛⲟⲩⲁ -->
<mark id="norm_427" xlink:href="#tok_427"/><!-- ⲛⲁ -->
<mark id="norm_428" xlink:href="#tok_428"/><!-- ⲩ -->
<mark id="norm_429" xlink:href="#tok_429"/><!-- ⲉ -->
<mark id="norm_430" xlink:href="#tok_430"/><!-- ⲡⲉϥ -->
<mark id="norm_431" xlink:href="#tok_431"/><!-- ⲥⲟⲛ -->
<mark id="norm_432" xlink:href="#tok_432"/><!-- ⲉ -->
<mark id="norm_433" xlink:href="#tok_433"/><!-- ϥ -->
<mark id="norm_434" xlink:href="#tok_434"/><!-- ⲣ -->
<mark id="norm_435" xlink:href="#tok_435"/><!-- ⲛⲟⲃⲉ -->
<mark id="norm_436" xlink:href="#tok_436"/><!-- ⲛ -->
<mark id="norm_437" xlink:href="#tok_437"/><!-- ⲟⲩ -->
<mark id="norm_438" xlink:href="#tok_438"/><!-- ⲛⲟⲃⲉ -->
<mark id="norm_439" xlink:href="#tok_439"/><!-- ⲁⲛ -->
<mark id="norm_440" xlink:href="#tok_440"/><!-- ⲉ -->
<mark id="norm_441" xlink:href="#tok_441"/><!-- ϥ -->
<mark id="norm_442" xlink:href="#tok_442"/><!-- ϫⲓ -->
<mark id="norm_443" xlink:href="#tok_443"/><!-- ⲉϩⲟⲩⲛ -->
<mark id="norm_444" xlink:href="#tok_444"/><!-- ⲉ -->
<mark id="norm_445" xlink:href="#tok_445"/><!-- ⲡ -->
<mark id="norm_446" xlink:href="#tok_446"/><!-- ⲙⲟⲩ -->
<mark id="norm_447" xlink:href="#tok_447"/><!-- ⲙⲁⲣⲉ -->
<mark id="norm_448" xlink:href="#tok_448"/><!-- ϥ -->
<mark id="norm_449" xlink:href="#tok_449"/><!-- ⲁⲓⲧⲉⲓ -->
<mark id="norm_450" xlink:href="#tok_450"/><!-- ⲛⲥⲉϯ -->
<mark id="norm_451" xlink:href="#tok_451"/><!-- ⲛⲁ -->
<mark id="norm_452" xlink:href="#tok_452"/><!-- ϥ -->
<mark id="norm_453" xlink:href="#tok_453"/><!-- ⲛ -->
<mark id="norm_454" xlink:href="#tok_454"/><!-- ⲛ -->
<mark id="norm_455" xlink:href="#tok_455"/><!-- ⲟⲩⲱⲛϩ -->
<mark id="norm_456" xlink:href="#tok_456"/><!-- ⲛⲛⲉⲧⲉ -->
<mark id="norm_457" xlink:href="#tok_457"/><!-- ⲛⲥⲉⲉⲣ -->
<mark id="norm_458" xlink:href="#tok_458"/><!-- ⲛⲟⲃⲉ -->
<mark id="norm_459" xlink:href="#tok_459"/><!-- ⲁⲛ -->
<mark id="norm_460" xlink:href="#tok_460"/><!-- ⲉ -->
<mark id="norm_461" xlink:href="#tok_461"/><!-- ϥ -->
<mark id="norm_462" xlink:href="#tok_462"/><!-- ϫⲓ -->
<mark id="norm_463" xlink:href="#tok_463"/><!-- ⲉϩⲟⲩⲛ -->
<mark id="norm_464" xlink:href="#tok_464"/><!-- ⲉ -->
<mark id="norm_465" xlink:href="#tok_465"/><!-- ⲡ -->
<mark id="norm_466" xlink:href="#tok_466"/><!-- ⲙⲟⲩ -->
<mark id="norm_467" xlink:href="#tok_467"/><!-- ⲟⲩⲛ -->
<mark id="norm_468" xlink:href="#tok_468"/><!-- ⲛⲟⲃⲉ -->
<mark id="norm_469" xlink:href="#tok_469"/><!-- ⲉ -->
<mark id="norm_470" xlink:href="#tok_470"/><!-- ϥ -->
<mark id="norm_471" xlink:href="#tok_471"/><!-- ϫⲓ -->
<mark id="norm_472" xlink:href="#tok_472"/><!-- ⲉϩⲟⲩⲛ -->
<mark id="norm_473" xlink:href="#tok_473"/><!-- ⲉ -->
<mark id="norm_474" xlink:href="#tok_474"/><!-- ⲡ -->
<mark id="norm_475" xlink:href="#tok_475"/><!-- ⲙⲟⲩ -->
<mark id="norm_476" xlink:href="#tok_476"/><!-- ⲛ -->
<mark id="norm_477" xlink:href="#tok_477"/><!-- ⲛⲉⲓ -->
<mark id="norm_478" xlink:href="#tok_478"/><!-- ϫⲱ -->
<mark id="norm_479" xlink:href="#tok_479"/><!-- ⲙⲙⲟ -->
<mark id="norm_480" xlink:href="#tok_480"/><!-- ⲥ -->
<mark id="norm_481" xlink:href="#tok_481"/><!-- ⲁⲛ -->
<mark id="norm_482" xlink:href="#tok_482"/><!-- ϫⲉ -->
<mark id="norm_483" xlink:href="#tok_483"/><!-- ⲉϥⲉ -->
<mark id="norm_484" xlink:href="#tok_484"/><!-- ⲥⲟⲡⲥ -->
<mark id="norm_485" xlink:href="#tok_485"/><!-- ⲉⲧⲃⲉ -->
<mark id="norm_486" xlink:href="#tok_486"/><!-- ⲡ -->
<mark id="norm_487" xlink:href="#tok_487"/><!-- ⲉⲧ -->
<mark id="norm_488" xlink:href="#tok_488"/><!-- ⲙⲙⲁⲩ -->
<mark id="norm_489" xlink:href="#tok_489"/><!-- ϫⲓ -->
<mark id="norm_490" xlink:href="#tok_490"/><!-- ⲛ -->
<mark id="norm_491" xlink:href="#tok_491"/><!-- ϭⲟⲛⲥ -->
<mark id="norm_492" xlink:href="#tok_492"/><!-- ⲛⲓⲙ -->
<mark id="norm_493" xlink:href="#tok_493"/><!-- ⲟⲩ -->
<mark id="norm_494" xlink:href="#tok_494"/><!-- ⲛⲟⲃⲉ -->
<mark id="norm_495" xlink:href="#tok_495"/><!-- ⲡⲉ -->
<mark id="norm_496" xlink:href="#tok_496"/><!-- ⲁⲩⲱ -->
<mark id="norm_497" xlink:href="#tok_497"/><!-- ⲟⲩ -->
<mark id="norm_498" xlink:href="#tok_498"/><!-- ⲛⲟⲃⲉ -->
<mark id="norm_499" xlink:href="#tok_499"/><!-- ⲡⲉ -->
<mark id="norm_500" xlink:href="#tok_500"/><!-- ⲉ -->
<mark id="norm_501" xlink:href="#tok_501"/><!-- ϥ -->
<mark id="norm_502" xlink:href="#tok_502"/><!-- ϫⲓ -->
<mark id="norm_503" xlink:href="#tok_503"/><!-- ⲉϩⲟⲩⲛ -->
<mark id="norm_504" xlink:href="#tok_504"/><!-- ⲉ -->
<mark id="norm_505" xlink:href="#tok_505"/><!-- ⲡ -->
<mark id="norm_506" xlink:href="#tok_506"/><!-- ⲙⲟⲩ -->
<mark id="norm_507" xlink:href="#tok_507"/><!-- ⲧⲛ -->
<mark id="norm_508" xlink:href="#tok_508"/><!-- ⲥⲟⲟⲩⲛ -->
<mark id="norm_509" xlink:href="#tok_509"/><!-- ϫⲉ -->
<mark id="norm_510" xlink:href="#tok_510"/><!-- ⲟⲩⲟⲛ -->
<mark id="norm_511" xlink:href="#tok_511"/><!-- ⲛⲓⲙ -->
<mark id="norm_512" xlink:href="#tok_512"/><!-- ⲛⲧ -->
<mark id="norm_513" xlink:href="#tok_513"/><!-- ⲁ -->
<mark id="norm_514" xlink:href="#tok_514"/><!-- ⲩ -->
<mark id="norm_515" xlink:href="#tok_515"/><!-- ϫⲡⲟ -->
<mark id="norm_516" xlink:href="#tok_516"/><!-- ϥ -->
<mark id="norm_517" xlink:href="#tok_517"/><!-- ⲉⲃⲟⲗ -->
<mark id="norm_518" xlink:href="#tok_518"/><!-- ϩⲙ -->
<mark id="norm_519" xlink:href="#tok_519"/><!-- ⲡ -->
<mark id="norm_520" xlink:href="#tok_520"/><!-- ⲛⲟⲩⲧⲉ -->
<mark id="norm_521" xlink:href="#tok_521"/><!-- ⲙⲉ -->
<mark id="norm_522" xlink:href="#tok_522"/><!-- ϥ -->
<mark id="norm_523" xlink:href="#tok_523"/><!-- ⲣ -->
<mark id="norm_524" xlink:href="#tok_524"/><!-- ⲛⲟⲃⲉ -->
<mark id="norm_525" xlink:href="#tok_525"/><!-- ⲁⲗⲗⲁ -->
<mark id="norm_526" xlink:href="#tok_526"/><!-- ⲡ -->
<mark id="norm_527" xlink:href="#tok_527"/><!-- ⲉⲛⲧ -->
<mark id="norm_528" xlink:href="#tok_528"/><!-- ⲁ -->
<mark id="norm_529" xlink:href="#tok_529"/><!-- ⲩ -->
<mark id="norm_530" xlink:href="#tok_530"/><!-- ϫⲡⲟ -->
<mark id="norm_531" xlink:href="#tok_531"/><!-- ϥ -->
<mark id="norm_532" xlink:href="#tok_532"/><!-- ⲉⲃⲟⲗ -->
<mark id="norm_533" xlink:href="#tok_533"/><!-- ϩⲙ -->
<mark id="norm_534" xlink:href="#tok_534"/><!-- ⲡ -->
<mark id="norm_535" xlink:href="#tok_535"/><!-- ⲛⲟⲩⲧⲉ -->
<mark id="norm_536" xlink:href="#tok_536"/><!-- ϣⲁ -->
<mark id="norm_537" xlink:href="#tok_537"/><!-- ϥ -->
<mark id="norm_538" xlink:href="#tok_538"/><!-- ϩⲁⲣⲉϩ -->
<mark id="norm_539" xlink:href="#tok_539"/><!-- ⲉⲣⲟ -->
<mark id="norm_540" xlink:href="#tok_540"/><!-- ϥ -->
<mark id="norm_541" xlink:href="#tok_541"/><!-- ⲁⲩⲱ -->
<mark id="norm_542" xlink:href="#tok_542"/><!-- ⲙⲉⲣⲉⲡⲡⲟⲛⲏⲣⲟⲥ -->
<mark id="norm_543" xlink:href="#tok_543"/><!-- ϫⲱϩ -->
<mark id="norm_544" xlink:href="#tok_544"/><!-- ⲉⲣⲟ -->
<mark id="norm_545" xlink:href="#tok_545"/><!-- ϥ -->
<mark id="norm_546" xlink:href="#tok_546"/><!-- ⲧⲉⲛ -->
<mark id="norm_547" xlink:href="#tok_547"/><!-- ⲥⲟⲟⲩⲛ -->
<mark id="norm_548" xlink:href="#tok_548"/><!-- ϫⲉ -->
<mark id="norm_549" xlink:href="#tok_549"/><!-- ⲁⲛⲟⲛ -->
<mark id="norm_550" xlink:href="#tok_550"/><!-- ϩⲉⲛ -->
<mark id="norm_551" xlink:href="#tok_551"/><!-- ⲃⲟⲗ -->
<mark id="norm_552" xlink:href="#tok_552"/><!-- ϩⲙ -->
<mark id="norm_553" xlink:href="#tok_553"/><!-- ⲡ -->
<mark id="norm_554" xlink:href="#tok_554"/><!-- ⲛⲟⲩⲧⲉ -->
<mark id="norm_555" xlink:href="#tok_555"/><!-- ⲁⲩⲱ -->
<mark id="norm_556" xlink:href="#tok_556"/><!-- ⲡ -->
<mark id="norm_557" xlink:href="#tok_557"/><!-- ⲕⲟⲥⲙⲟⲥ -->
<mark id="norm_558" xlink:href="#tok_558"/><!-- ⲧⲏⲣϥ -->
<mark id="norm_559" xlink:href="#tok_559"/><!-- ⲉ -->
<mark id="norm_560" xlink:href="#tok_560"/><!-- ϥ -->
<mark id="norm_561" xlink:href="#tok_561"/><!-- ⲕⲏ -->
<mark id="norm_562" xlink:href="#tok_562"/><!-- ϩⲙ -->
<mark id="norm_563" xlink:href="#tok_563"/><!-- ⲡⲟⲛⲏⲣⲟⲥ -->
<mark id="norm_564" xlink:href="#tok_564"/><!-- ⲁⲩⲱ -->
<mark id="norm_565" xlink:href="#tok_565"/><!-- ⲧⲉⲛ -->
<mark id="norm_566" xlink:href="#tok_566"/><!-- ⲥⲟⲟⲩⲛ -->
<mark id="norm_567" xlink:href="#tok_567"/><!-- ϫⲉ -->
<mark id="norm_568" xlink:href="#tok_568"/><!-- ⲁⲡϣⲏⲣⲉ -->
<mark id="norm_569" xlink:href="#tok_569"/><!-- ⲙ -->
<mark id="norm_570" xlink:href="#tok_570"/><!-- ⲡ -->
<mark id="norm_571" xlink:href="#tok_571"/><!-- ⲛⲟⲩⲧⲉ -->
<mark id="norm_572" xlink:href="#tok_572"/><!-- ⲉ -->
<mark id="norm_573" xlink:href="#tok_573"/><!-- ⲓ -->
<mark id="norm_574" xlink:href="#tok_574"/><!-- ⲁ -->
<mark id="norm_575" xlink:href="#tok_575"/><!-- ϥ -->
<mark id="norm_576" xlink:href="#tok_576"/><!-- ϯ -->
<mark id="norm_577" xlink:href="#tok_577"/><!-- ⲛⲁ -->
<mark id="norm_578" xlink:href="#tok_578"/><!-- ⲛ -->
<mark id="norm_579" xlink:href="#tok_579"/><!-- ⲛ -->
<mark id="norm_580" xlink:href="#tok_580"/><!-- ⲟⲩ -->
<mark id="norm_581" xlink:href="#tok_581"/><!-- ⲙⲛⲧⲣⲙⲛϩⲏⲧ -->
<mark id="norm_582" xlink:href="#tok_582"/><!-- ϫⲉ -->
<mark id="norm_583" xlink:href="#tok_583"/><!-- ⲉ -->
<mark id="norm_584" xlink:href="#tok_584"/><!-- ⲛⲛⲉ -->
<mark id="norm_585" xlink:href="#tok_585"/><!-- ⲥ -->
<mark id="norm_586" xlink:href="#tok_586"/><!-- ⲟⲩⲉⲛ -->
<mark id="norm_587" xlink:href="#tok_587"/><!-- ⲧ -->
<mark id="norm_588" xlink:href="#tok_588"/><!-- ⲙⲉ -->
<mark id="norm_589" xlink:href="#tok_589"/><!-- ⲁⲩⲱ -->
<mark id="norm_590" xlink:href="#tok_590"/><!-- ⲧⲉⲛϣⲟⲟⲡ -->
<mark id="norm_591" xlink:href="#tok_591"/><!-- ϩⲙ -->
<mark id="norm_592" xlink:href="#tok_592"/><!-- ⲡ -->
<mark id="norm_593" xlink:href="#tok_593"/><!-- ⲙⲉ -->
<mark id="norm_594" xlink:href="#tok_594"/><!-- ϩⲣⲁⲓ -->
<mark id="norm_595" xlink:href="#tok_595"/><!-- ϩⲙ -->
<mark id="norm_596" xlink:href="#tok_596"/><!-- ⲡⲉϥ -->
<mark id="norm_597" xlink:href="#tok_597"/><!-- ϣⲏⲣⲉ -->
<mark id="norm_598" xlink:href="#tok_598"/><!-- ⲓⲏⲥⲟⲩⲥ -->
<mark id="norm_599" xlink:href="#tok_599"/><!-- ⲡⲉ -->
<mark id="norm_600" xlink:href="#tok_600"/><!-- ⲭⲣⲓⲥⲧⲟⲥ -->
<mark id="norm_601" xlink:href="#tok_601"/><!-- ⲡⲁⲓ -->
<mark id="norm_602" xlink:href="#tok_602"/><!-- ⲡⲉ -->
<mark id="norm_603" xlink:href="#tok_603"/><!-- ⲡ -->
<mark id="norm_604" xlink:href="#tok_604"/><!-- ⲛⲟⲩⲧⲉ -->
<mark id="norm_605" xlink:href="#tok_605"/><!-- ⲙ -->
<mark id="norm_606" xlink:href="#tok_606"/><!-- ⲙⲉ -->
<mark id="norm_607" xlink:href="#tok_607"/><!-- ⲁⲩⲱ -->
<mark id="norm_608" xlink:href="#tok_608"/><!-- ⲡ -->
<mark id="norm_609" xlink:href="#tok_609"/><!-- ⲱⲛϩ -->
<mark id="norm_610" xlink:href="#tok_610"/><!-- ϣⲁ -->
<mark id="norm_611" xlink:href="#tok_611"/><!-- ⲉⲛⲉϩ -->
<mark id="norm_612" xlink:href="#tok_612"/><!-- ⲛⲁ -->
<mark id="norm_613" xlink:href="#tok_613"/><!-- ϣⲏⲣⲉ -->
<mark id="norm_614" xlink:href="#tok_614"/><!-- ϩⲁⲣⲉϩ -->
<mark id="norm_615" xlink:href="#tok_615"/><!-- ⲉⲣⲱ -->
<mark id="norm_616" xlink:href="#tok_616"/><!-- ⲧⲛ -->
<mark id="norm_617" xlink:href="#tok_617"/><!-- ⲉⲃⲟⲗ -->
<mark id="norm_618" xlink:href="#tok_618"/><!-- ⲏⲛ -->
<mark id="norm_619" xlink:href="#tok_619"/><!-- ⲛ -->
<mark id="norm_620" xlink:href="#tok_620"/><!-- ⲉⲓⲇⲱⲗⲟⲛ -->
<mark id="norm_621" xlink:href="#tok_621"/><!-- . -->
</markList>
</paula>
