<?xml version="1.0" encoding="UTF-8" standalone="no"?>

<!DOCTYPE paula SYSTEM "paula_mark.dtd">
<paula version="1.0">

<header paula_id="sahidica.nt.1_John_5_origSeg"/>

<markList xmlns:xlink="http://www.w3.org/1999/xlink" type="origSeg" xml:base="sahidica.nt.1_John_5.tok.xml">
<mark id="orig_1" xlink:href="#tok_1"/><!-- ⲟⲩⲟⲛ -->
<mark id="orig_2" xlink:href="#tok_2"/><!-- ⲛⲓⲙ -->
<mark id="orig_3" xlink:href="#tok_3"/><!-- ⲉⲧ -->
<mark id="orig_4" xlink:href="#tok_4"/><!-- ⲡⲓⲥⲧⲉⲩⲉ -->
<mark id="orig_5" xlink:href="#tok_5"/><!-- ϫⲉ -->
<mark id="orig_6" xlink:href="#tok_6"/><!-- ⲓⲏⲥⲟⲩⲥ -->
<mark id="orig_7" xlink:href="#tok_7"/><!-- ⲡⲉ -->
<mark id="orig_8" xlink:href="#tok_8"/><!-- ⲡⲉ -->
<mark id="orig_9" xlink:href="#tok_9"/><!-- ⲭⲣⲓⲥⲧⲟⲥ -->
<mark id="orig_10" xlink:href="#tok_10"/><!-- ⲛⲧ -->
<mark id="orig_11" xlink:href="#tok_11"/><!-- ⲁ -->
<mark id="orig_12" xlink:href="#tok_12"/><!-- ⲩ -->
<mark id="orig_13" xlink:href="#tok_13"/><!-- ϫⲡⲟ -->
<mark id="orig_14" xlink:href="#tok_14"/><!-- ϥ -->
<mark id="orig_15" xlink:href="#tok_15"/><!-- ⲉⲃⲟⲗ -->
<mark id="orig_16" xlink:href="#tok_16"/><!-- ϩⲙ -->
<mark id="orig_17" xlink:href="#tok_17"/><!-- ⲡ -->
<mark id="orig_18" xlink:href="#tok_18"/><!-- ⲛⲟⲩⲧⲉ -->
<mark id="orig_19" xlink:href="#tok_19"/><!-- ⲁⲩⲱ -->
<mark id="orig_20" xlink:href="#tok_20"/><!-- ⲟⲩⲟⲛ -->
<mark id="orig_21" xlink:href="#tok_21"/><!-- ⲛⲓⲙ -->
<mark id="orig_22" xlink:href="#tok_22"/><!-- ⲉ -->
<mark id="orig_23" xlink:href="#tok_23"/><!-- ⲧ -->
<mark id="orig_24" xlink:href="#tok_24"/><!-- ⲙⲉ -->
<mark id="orig_25" xlink:href="#tok_25"/><!-- ⲙⲡⲉⲛⲧⲁⲩϫⲡⲟϥ -->
<mark id="orig_26" xlink:href="#tok_26"/><!-- ϣⲁ -->
<mark id="orig_27" xlink:href="#tok_27"/><!-- ϥ -->
<mark id="orig_28" xlink:href="#tok_28"/><!-- ⲙⲉⲣ -->
<mark id="orig_29" xlink:href="#tok_29"/><!-- ⲓ -->
<mark id="orig_30" xlink:href="#tok_30"/><!-- ⲡ -->
<mark id="orig_31" xlink:href="#tok_31"/><!-- ⲉⲛⲧ -->
<mark id="orig_32" xlink:href="#tok_32"/><!-- ⲁ -->
<mark id="orig_33" xlink:href="#tok_33"/><!-- ⲩ -->
<mark id="orig_34" xlink:href="#tok_34"/><!-- ϫⲡⲟ -->
<mark id="orig_35" xlink:href="#tok_35"/><!-- ϥ -->
<mark id="orig_36" xlink:href="#tok_36"/><!-- ⲉⲃⲟⲗ -->
<mark id="orig_37" xlink:href="#tok_37"/><!-- ⲛϩⲏⲧ -->
<mark id="orig_38" xlink:href="#tok_38"/><!-- ϥ -->
<mark id="orig_39" xlink:href="#tok_39"/><!-- ⲁⲩⲱ -->
<mark id="orig_40" xlink:href="#tok_40"/><!-- ϩⲙ -->
<mark id="orig_41" xlink:href="#tok_41"/><!-- ⲡⲁⲓ -->
<mark id="orig_42" xlink:href="#tok_42"/><!-- ⲧⲉⲛⲉⲓⲙⲉ -->
<mark id="orig_43" xlink:href="#tok_43"/><!-- ϫⲉ -->
<mark id="orig_44" xlink:href="#tok_44"/><!-- ⲧⲉⲛ -->
<mark id="orig_45" xlink:href="#tok_45"/><!-- ⲙⲉ -->
<mark id="orig_46" xlink:href="#tok_46"/><!-- ⲛ -->
<mark id="orig_47" xlink:href="#tok_47"/><!-- ⲛ -->
<mark id="orig_48" xlink:href="#tok_48"/><!-- ϣⲏⲣⲉ -->
<mark id="orig_49" xlink:href="#tok_49"/><!-- ⲙ -->
<mark id="orig_50" xlink:href="#tok_50"/><!-- ⲡ -->
<mark id="orig_51" xlink:href="#tok_51"/><!-- ⲛⲟⲩⲧⲉ -->
<mark id="orig_52" xlink:href="#tok_52"/><!-- ϩⲟⲧⲁⲛ -->
<mark id="orig_53" xlink:href="#tok_53"/><!-- ⲉⲛϣⲁⲛ -->
<mark id="orig_54" xlink:href="#tok_54"/><!-- ⲙⲉ -->
<mark id="orig_55" xlink:href="#tok_55"/><!-- ⲣⲓ -->
<mark id="orig_56" xlink:href="#tok_56"/><!-- ⲡ -->
<mark id="orig_57" xlink:href="#tok_57"/><!-- ⲛⲟⲩⲧⲉ -->
<mark id="orig_58" xlink:href="#tok_58"/><!-- ⲁⲩⲱ -->
<mark id="orig_59" xlink:href="#tok_59"/><!-- ⲛⲧⲛⲉⲓⲣⲉ -->
<mark id="orig_60" xlink:href="#tok_60"/><!-- ⲛ -->
<mark id="orig_61" xlink:href="#tok_61"/><!-- ⲛⲉϥ -->
<mark id="orig_62" xlink:href="#tok_62"/><!-- ⲉⲛⲧⲟⲗⲏ -->
<mark id="orig_63" xlink:href="#tok_63"/><!-- ⲧⲁⲓ -->
<mark id="orig_64" xlink:href="#tok_64"/><!-- ⲅⲁⲣ -->
<mark id="orig_65" xlink:href="#tok_65"/><!-- ⲧⲉ -->
<mark id="orig_66" xlink:href="#tok_66"/><!-- ⲧ -->
<mark id="orig_67" xlink:href="#tok_67"/><!-- ⲁⲅⲁⲡⲏ -->
<mark id="orig_68" xlink:href="#tok_68"/><!-- ⲙ -->
<mark id="orig_69" xlink:href="#tok_69"/><!-- ⲡ -->
<mark id="orig_70" xlink:href="#tok_70"/><!-- ⲛⲟⲩⲧⲉ -->
<mark id="orig_71" xlink:href="#tok_71"/><!-- ϫⲉⲕⲁⲁⲥ -->
<mark id="orig_72" xlink:href="#tok_72"/><!-- ⲉⲛⲉ -->
<mark id="orig_73" xlink:href="#tok_73"/><!-- ϩⲁⲣⲉϩ -->
<mark id="orig_74" xlink:href="#tok_74"/><!-- ⲛ -->
<mark id="orig_75" xlink:href="#tok_75"/><!-- ⲛⲉϥ -->
<mark id="orig_76" xlink:href="#tok_76"/><!-- ⲉⲛⲧⲟⲗⲏ -->
<mark id="orig_77" xlink:href="#tok_77"/><!-- ⲁⲩⲱ -->
<mark id="orig_78" xlink:href="#tok_78"/><!-- ⲛⲉϥ -->
<mark id="orig_79" xlink:href="#tok_79"/><!-- ⲉⲛⲧⲟⲗⲏ -->
<mark id="orig_80" xlink:href="#tok_80"/><!-- ⲥⲉ -->
<mark id="orig_81" xlink:href="#tok_81"/><!-- ϩⲟⲣϣ -->
<mark id="orig_82" xlink:href="#tok_82"/><!-- ⲁⲛ -->
<mark id="orig_83" xlink:href="#tok_83"/><!-- ϫⲉ -->
<mark id="orig_84" xlink:href="#tok_84"/><!-- ⲟⲩⲟⲛ -->
<mark id="orig_85" xlink:href="#tok_85"/><!-- ⲛⲓⲙ -->
<mark id="orig_86" xlink:href="#tok_86"/><!-- ⲛⲧ -->
<mark id="orig_87" xlink:href="#tok_87"/><!-- ⲁ -->
<mark id="orig_88" xlink:href="#tok_88"/><!-- ⲩ -->
<mark id="orig_89" xlink:href="#tok_89"/><!-- ϫⲡⲟ -->
<mark id="orig_90" xlink:href="#tok_90"/><!-- ϥ -->
<mark id="orig_91" xlink:href="#tok_91"/><!-- ⲉⲃⲟⲗ -->
<mark id="orig_92" xlink:href="#tok_92"/><!-- ϩⲙ -->
<mark id="orig_93" xlink:href="#tok_93"/><!-- ⲡ -->
<mark id="orig_94" xlink:href="#tok_94"/><!-- ⲛⲟⲩⲧⲉ -->
<mark id="orig_95" xlink:href="#tok_95"/><!-- ϣⲁ -->
<mark id="orig_96" xlink:href="#tok_96"/><!-- ϥ -->
<mark id="orig_97" xlink:href="#tok_97"/><!-- ϫⲣⲟ -->
<mark id="orig_98" xlink:href="#tok_98"/><!-- ⲉ -->
<mark id="orig_99" xlink:href="#tok_99"/><!-- ⲡ -->
<mark id="orig_100" xlink:href="#tok_100"/><!-- ⲕⲟⲥⲙⲟⲥ -->
<mark id="orig_101" xlink:href="#tok_101"/><!-- ⲁⲩⲱ -->
<mark id="orig_102" xlink:href="#tok_102"/><!-- ⲡⲉϫⲣⲟ -->
<mark id="orig_103" xlink:href="#tok_103"/><!-- ⲛⲧ -->
<mark id="orig_104" xlink:href="#tok_104"/><!-- ⲁ -->
<mark id="orig_105" xlink:href="#tok_105"/><!-- ϥ -->
<mark id="orig_106" xlink:href="#tok_106"/><!-- ϫⲣⲟ -->
<mark id="orig_107" xlink:href="#tok_107"/><!-- ⲉ -->
<mark id="orig_108" xlink:href="#tok_108"/><!-- ⲡ -->
<mark id="orig_109" xlink:href="#tok_109"/><!-- ⲕⲟⲥⲙⲟⲥ -->
<mark id="orig_110" xlink:href="#tok_110"/><!-- ⲡⲉ -->
<mark id="orig_111" xlink:href="#tok_111"/><!-- ⲧ -->
<mark id="orig_112" xlink:href="#tok_112"/><!-- ⲡⲓⲥⲧⲓⲥ -->
<mark id="orig_113" xlink:href="#tok_113"/><!-- ⲛⲓⲙ -->
<mark id="orig_114" xlink:href="#tok_114"/><!-- ⲡ -->
<mark id="orig_115" xlink:href="#tok_115"/><!-- ⲉⲧ -->
<mark id="orig_116" xlink:href="#tok_116"/><!-- ϫⲣⲟⲉⲓⲧ -->
<mark id="orig_117" xlink:href="#tok_117"/><!-- ⲉ -->
<mark id="orig_118" xlink:href="#tok_118"/><!-- ⲡ -->
<mark id="orig_119" xlink:href="#tok_119"/><!-- ⲕⲟⲥⲙⲟⲥ -->
<mark id="orig_120" xlink:href="#tok_120"/><!-- ⲉ -->
<mark id="orig_121" xlink:href="#tok_121"/><!-- ⲓ -->
<mark id="orig_122" xlink:href="#tok_122"/><!-- ⲙⲏⲧⲉⲓ -->
<mark id="orig_123" xlink:href="#tok_123"/><!-- ⲡ -->
<mark id="orig_124" xlink:href="#tok_124"/><!-- ⲉⲧ -->
<mark id="orig_125" xlink:href="#tok_125"/><!-- ⲡⲓⲥⲧⲉⲩⲉ -->
<mark id="orig_126" xlink:href="#tok_126"/><!-- ϫⲉ -->
<mark id="orig_127" xlink:href="#tok_127"/><!-- ⲓⲏⲥⲟⲩⲥ -->
<mark id="orig_128" xlink:href="#tok_128"/><!-- ⲡⲉ -->
<mark id="orig_129" xlink:href="#tok_129"/><!-- ⲡ -->
<mark id="orig_130" xlink:href="#tok_130"/><!-- ϣⲏⲣⲉ -->
<mark id="orig_131" xlink:href="#tok_131"/><!-- ⲙ -->
<mark id="orig_132" xlink:href="#tok_132"/><!-- ⲡ -->
<mark id="orig_133" xlink:href="#tok_133"/><!-- ⲛⲟⲩⲧⲉ -->
<mark id="orig_134" xlink:href="#tok_134"/><!-- ⲡⲁⲓ -->
<mark id="orig_135" xlink:href="#tok_135"/><!-- ⲡ -->
<mark id="orig_136" xlink:href="#tok_136"/><!-- ⲉⲛⲧ -->
<mark id="orig_137" xlink:href="#tok_137"/><!-- ⲁ -->
<mark id="orig_138" xlink:href="#tok_138"/><!-- ϥ -->
<mark id="orig_139" xlink:href="#tok_139"/><!-- ⲉⲓ -->
<mark id="orig_140" xlink:href="#tok_140"/><!-- ϩⲓⲧⲛ -->
<mark id="orig_141" xlink:href="#tok_141"/><!-- ⲟⲩ -->
<mark id="orig_142" xlink:href="#tok_142"/><!-- ⲙⲟⲟⲩ -->
<mark id="orig_143" xlink:href="#tok_143"/><!-- ⲙⲛ -->
<mark id="orig_144" xlink:href="#tok_144"/><!-- ⲟⲩ -->
<mark id="orig_145" xlink:href="#tok_145"/><!-- ⲥⲛⲟϥ -->
<mark id="orig_146" xlink:href="#tok_146"/><!-- ⲙⲛ -->
<mark id="orig_147" xlink:href="#tok_147"/><!-- ⲟⲩ -->
<mark id="orig_148" xlink:href="#tok_148"/><!-- ⲡⲛⲉⲩⲙⲁ -->
<mark id="orig_149" xlink:href="#tok_149"/><!-- ⲡⲉ -->
<mark id="orig_150" xlink:href="#tok_150"/><!-- ⲭⲣⲓⲥⲧⲟⲥ -->
<mark id="orig_151" xlink:href="#tok_151"/><!-- ⲓⲏⲥⲟⲩⲥ -->
<mark id="orig_152" xlink:href="#tok_152"/><!-- ϩⲙ -->
<mark id="orig_153" xlink:href="#tok_153"/><!-- ⲡ -->
<mark id="orig_154" xlink:href="#tok_154"/><!-- ⲙⲟⲟⲩ -->
<mark id="orig_155" xlink:href="#tok_155"/><!-- ⲙⲙⲁⲧⲉ -->
<mark id="orig_156" xlink:href="#tok_156"/><!-- ⲁⲛ -->
<mark id="orig_157" xlink:href="#tok_157"/><!-- ⲁⲗⲗⲁ -->
<mark id="orig_158" xlink:href="#tok_158"/><!-- ϩⲙ -->
<mark id="orig_159" xlink:href="#tok_159"/><!-- ⲡ -->
<mark id="orig_160" xlink:href="#tok_160"/><!-- ⲙⲟⲟⲩ -->
<mark id="orig_161" xlink:href="#tok_161"/><!-- ⲙⲛ -->
<mark id="orig_162" xlink:href="#tok_162"/><!-- ⲡⲉ -->
<mark id="orig_163" xlink:href="#tok_163"/><!-- ⲥⲛⲟϥ -->
<mark id="orig_164" xlink:href="#tok_164"/><!-- ⲁⲩⲱ -->
<mark id="orig_165" xlink:href="#tok_165"/><!-- ⲡⲉ -->
<mark id="orig_166" xlink:href="#tok_166"/><!-- ⲡⲛⲉⲩⲙⲁ -->
<mark id="orig_167" xlink:href="#tok_167"/><!-- ⲡ -->
<mark id="orig_168" xlink:href="#tok_168"/><!-- ⲉⲧ -->
<mark id="orig_169" xlink:href="#tok_169"/><!-- ⲣ -->
<mark id="orig_170" xlink:href="#tok_170"/><!-- ⲙⲛⲧⲣⲉ -->
<mark id="orig_171" xlink:href="#tok_171"/><!-- ϫⲉ -->
<mark id="orig_172" xlink:href="#tok_172"/><!-- ⲡⲉ -->
<mark id="orig_173" xlink:href="#tok_173"/><!-- ⲡⲛⲉⲩⲙⲁ -->
<mark id="orig_174" xlink:href="#tok_174"/><!-- ⲡⲉ -->
<mark id="orig_175" xlink:href="#tok_175"/><!-- ⲧ -->
<mark id="orig_176" xlink:href="#tok_176"/><!-- ⲙⲉ -->
<mark id="orig_177" xlink:href="#tok_177"/><!-- ϫⲉ -->
<mark id="orig_178" xlink:href="#tok_178"/><!-- ⲡ -->
<mark id="orig_179" xlink:href="#tok_179"/><!-- ϣⲟⲙⲧ -->
<mark id="orig_180" xlink:href="#tok_180"/><!-- ⲉⲣ -->
<mark id="orig_181" xlink:href="#tok_181"/><!-- ⲙⲛⲧⲣⲉ -->
<mark id="orig_182" xlink:href="#tok_182"/><!-- ⲡⲉ -->
<mark id="orig_183" xlink:href="#tok_183"/><!-- ⲡⲛⲉⲩⲙⲁ -->
<mark id="orig_184" xlink:href="#tok_184"/><!-- ⲙⲛ -->
<mark id="orig_185" xlink:href="#tok_185"/><!-- ⲡ -->
<mark id="orig_186" xlink:href="#tok_186"/><!-- ⲙⲟⲟⲩ -->
<mark id="orig_187" xlink:href="#tok_187"/><!-- ⲙⲛ -->
<mark id="orig_188" xlink:href="#tok_188"/><!-- ⲡⲉ -->
<mark id="orig_189" xlink:href="#tok_189"/><!-- ⲥⲛⲟϥ -->
<mark id="orig_190" xlink:href="#tok_190"/><!-- ⲁⲩⲱ -->
<mark id="orig_191" xlink:href="#tok_191"/><!-- ⲡⲉⲓ -->
<mark id="orig_192" xlink:href="#tok_192"/><!-- ϣⲟⲙⲧ -->
<mark id="orig_193" xlink:href="#tok_193"/><!-- ⲟⲩⲁ -->
<mark id="orig_194" xlink:href="#tok_194"/><!-- ⲛⲉ -->
<mark id="orig_195" xlink:href="#tok_195"/><!-- ⲉϣϫⲉ -->
<mark id="orig_196" xlink:href="#tok_196"/><!-- ⲧⲉⲛϫⲓ -->
<mark id="orig_197" xlink:href="#tok_197"/><!-- ⲛ -->
<mark id="orig_198" xlink:href="#tok_198"/><!-- ⲧ -->
<mark id="orig_199" xlink:href="#tok_199"/><!-- ⲙⲛⲧⲙⲛⲧⲣⲉ -->
<mark id="orig_200" xlink:href="#tok_200"/><!-- ⲛ -->
<mark id="orig_201" xlink:href="#tok_201"/><!-- ⲛ -->
<mark id="orig_202" xlink:href="#tok_202"/><!-- ⲣⲱⲙⲉ -->
<mark id="orig_203" xlink:href="#tok_203"/><!-- ⲧ -->
<mark id="orig_204" xlink:href="#tok_204"/><!-- ⲙⲛⲧⲙⲛⲧⲣⲉ -->
<mark id="orig_205" xlink:href="#tok_205"/><!-- ⲙ -->
<mark id="orig_206" xlink:href="#tok_206"/><!-- ⲡ -->
<mark id="orig_207" xlink:href="#tok_207"/><!-- ⲛⲟⲩⲧⲉ -->
<mark id="orig_208" xlink:href="#tok_208"/><!-- ⲛⲁ -->
<mark id="orig_209" xlink:href="#tok_209"/><!-- ⲁⲁ -->
<mark id="orig_210" xlink:href="#tok_210"/><!-- ⲥ -->
<mark id="orig_211" xlink:href="#tok_211"/><!-- ϫⲉ -->
<mark id="orig_212" xlink:href="#tok_212"/><!-- ⲧⲁⲓ -->
<mark id="orig_213" xlink:href="#tok_213"/><!-- ⲧⲉ -->
<mark id="orig_214" xlink:href="#tok_214"/><!-- ⲧ -->
<mark id="orig_215" xlink:href="#tok_215"/><!-- ⲙⲛⲧⲙⲛⲧⲣⲉ -->
<mark id="orig_216" xlink:href="#tok_216"/><!-- ⲙ -->
<mark id="orig_217" xlink:href="#tok_217"/><!-- ⲡ -->
<mark id="orig_218" xlink:href="#tok_218"/><!-- ⲛⲟⲩⲧⲉ -->
<mark id="orig_219" xlink:href="#tok_219"/><!-- ϫⲉ -->
<mark id="orig_220" xlink:href="#tok_220"/><!-- ⲁ -->
<mark id="orig_221" xlink:href="#tok_221"/><!-- ϥ -->
<mark id="orig_222" xlink:href="#tok_222"/><!-- ⲣ -->
<mark id="orig_223" xlink:href="#tok_223"/><!-- ⲙⲛⲧⲣⲉ -->
<mark id="orig_224" xlink:href="#tok_224"/><!-- ϩⲁ -->
<mark id="orig_225" xlink:href="#tok_225"/><!-- ⲡⲉϥ -->
<mark id="orig_226" xlink:href="#tok_226"/><!-- ϣⲏⲣⲉ -->
<mark id="orig_227" xlink:href="#tok_227"/><!-- ⲡ -->
<mark id="orig_228" xlink:href="#tok_228"/><!-- ⲉⲧ -->
<mark id="orig_229" xlink:href="#tok_229"/><!-- ⲡⲓⲥⲧⲉⲩⲉ -->
<mark id="orig_230" xlink:href="#tok_230"/><!-- ⲉ -->
<mark id="orig_231" xlink:href="#tok_231"/><!-- ⲡ -->
<mark id="orig_232" xlink:href="#tok_232"/><!-- ϣⲏⲣⲉ -->
<mark id="orig_233" xlink:href="#tok_233"/><!-- ⲙ -->
<mark id="orig_234" xlink:href="#tok_234"/><!-- ⲡ -->
<mark id="orig_235" xlink:href="#tok_235"/><!-- ⲛⲟⲩⲧⲉ -->
<mark id="orig_236" xlink:href="#tok_236"/><!-- ⲟⲩⲛⲧⲁ -->
<mark id="orig_237" xlink:href="#tok_237"/><!-- ϥ -->
<mark id="orig_238" xlink:href="#tok_238"/><!-- ⲙⲙⲟ -->
<mark id="orig_239" xlink:href="#tok_239"/><!-- ⲟⲩ -->
<mark id="orig_240" xlink:href="#tok_240"/><!-- ⲛ -->
<mark id="orig_241" xlink:href="#tok_241"/><!-- ⲧ -->
<mark id="orig_242" xlink:href="#tok_242"/><!-- ⲙⲛⲧⲙⲛⲧⲣⲉ -->
<mark id="orig_243" xlink:href="#tok_243"/><!-- ϩⲣⲁⲓ -->
<mark id="orig_244" xlink:href="#tok_244"/><!-- ⲛϩⲏⲧ -->
<mark id="orig_245" xlink:href="#tok_245"/><!-- ϥ -->
<mark id="orig_246" xlink:href="#tok_246"/><!-- ⲡⲉⲧⲉ -->
<mark id="orig_247" xlink:href="#tok_247"/><!-- ⲛ -->
<mark id="orig_248" xlink:href="#tok_248"/><!-- ϥ -->
<mark id="orig_249" xlink:href="#tok_249"/><!-- ⲡⲓⲥⲧⲉⲩⲉ -->
<mark id="orig_250" xlink:href="#tok_250"/><!-- ⲁⲛ -->
<mark id="orig_251" xlink:href="#tok_251"/><!-- ⲉ -->
<mark id="orig_252" xlink:href="#tok_252"/><!-- ⲡ -->
<mark id="orig_253" xlink:href="#tok_253"/><!-- ϣⲏⲣⲉ -->
<mark id="orig_254" xlink:href="#tok_254"/><!-- ⲙ -->
<mark id="orig_255" xlink:href="#tok_255"/><!-- ⲡ -->
<mark id="orig_256" xlink:href="#tok_256"/><!-- ⲛⲟⲩⲧⲉ -->
<mark id="orig_257" xlink:href="#tok_257"/><!-- ⲉϥⲉ -->
<mark id="orig_258" xlink:href="#tok_258"/><!-- ⲓⲣⲉ -->
<mark id="orig_259" xlink:href="#tok_259"/><!-- ⲙ -->
<mark id="orig_260" xlink:href="#tok_260"/><!-- ⲡ -->
<mark id="orig_261" xlink:href="#tok_261"/><!-- ⲛⲟⲩⲧⲉ -->
<mark id="orig_262" xlink:href="#tok_262"/><!-- ⲛⲣⲉϥϫⲓ -->
<mark id="orig_263" xlink:href="#tok_263"/><!-- ϭⲟⲗ -->
<mark id="orig_264" xlink:href="#tok_264"/><!-- ϫⲉ -->
<mark id="orig_265" xlink:href="#tok_265"/><!-- ⲙⲡⲉ -->
<mark id="orig_266" xlink:href="#tok_266"/><!-- ϥ -->
<mark id="orig_267" xlink:href="#tok_267"/><!-- ⲡⲓⲥⲧⲉⲩⲉ -->
<mark id="orig_268" xlink:href="#tok_268"/><!-- ⲉ -->
<mark id="orig_269" xlink:href="#tok_269"/><!-- ⲧ -->
<mark id="orig_270" xlink:href="#tok_270"/><!-- ⲙⲛⲧⲙⲛⲧⲣⲉ -->
<mark id="orig_271" xlink:href="#tok_271"/><!-- ⲛⲧ -->
<mark id="orig_272" xlink:href="#tok_272"/><!-- ⲁ -->
<mark id="orig_273" xlink:href="#tok_273"/><!-- ⲡ -->
<mark id="orig_274" xlink:href="#tok_274"/><!-- ⲛⲟⲩⲧⲉ -->
<mark id="orig_275" xlink:href="#tok_275"/><!-- ⲉⲣ -->
<mark id="orig_276" xlink:href="#tok_276"/><!-- ⲙⲛⲧⲣⲉ -->
<mark id="orig_277" xlink:href="#tok_277"/><!-- ⲙⲙⲟ -->
<mark id="orig_278" xlink:href="#tok_278"/><!-- ⲥ -->
<mark id="orig_279" xlink:href="#tok_279"/><!-- ϩⲁ -->
<mark id="orig_280" xlink:href="#tok_280"/><!-- ⲡⲉϥ -->
<mark id="orig_281" xlink:href="#tok_281"/><!-- ϣⲏⲣⲉ -->
<mark id="orig_282" xlink:href="#tok_282"/><!-- ⲁⲩⲱ -->
<mark id="orig_283" xlink:href="#tok_283"/><!-- ⲧⲁⲓ -->
<mark id="orig_284" xlink:href="#tok_284"/><!-- ⲧⲉ -->
<mark id="orig_285" xlink:href="#tok_285"/><!-- ⲧ -->
<mark id="orig_286" xlink:href="#tok_286"/><!-- ⲙⲛⲧⲙⲛⲧⲣⲉ -->
<mark id="orig_287" xlink:href="#tok_287"/><!-- ϫⲉ -->
<mark id="orig_288" xlink:href="#tok_288"/><!-- ⲁⲡⲛⲟⲩⲧⲉ -->
<mark id="orig_289" xlink:href="#tok_289"/><!-- ϯ -->
<mark id="orig_290" xlink:href="#tok_290"/><!-- ⲛⲁ -->
<mark id="orig_291" xlink:href="#tok_291"/><!-- ⲛ -->
<mark id="orig_292" xlink:href="#tok_292"/><!-- ⲛ -->
<mark id="orig_293" xlink:href="#tok_293"/><!-- ⲟⲩ -->
<mark id="orig_294" xlink:href="#tok_294"/><!-- ⲱⲛϩ -->
<mark id="orig_295" xlink:href="#tok_295"/><!-- ⲛϣⲁ -->
<mark id="orig_296" xlink:href="#tok_296"/><!-- ⲉⲛⲉϩ -->
<mark id="orig_297" xlink:href="#tok_297"/><!-- ⲁⲩⲱ -->
<mark id="orig_298" xlink:href="#tok_298"/><!-- ⲡⲉⲓ -->
<mark id="orig_299" xlink:href="#tok_299"/><!-- ⲱⲛϩ -->
<mark id="orig_300" xlink:href="#tok_300"/><!-- ⲉ -->
<mark id="orig_301" xlink:href="#tok_301"/><!-- ϥ -->
<mark id="orig_302" xlink:href="#tok_302"/><!-- ϣⲟⲟⲡ -->
<mark id="orig_303" xlink:href="#tok_303"/><!-- ϩⲙ -->
<mark id="orig_304" xlink:href="#tok_304"/><!-- ⲡⲉϥ -->
<mark id="orig_305" xlink:href="#tok_305"/><!-- ϣⲏⲣⲉ -->
<mark id="orig_306" xlink:href="#tok_306"/><!-- ⲡⲉⲧⲉ -->
<mark id="orig_307" xlink:href="#tok_307"/><!-- ⲟⲩⲛⲧⲁ -->
<mark id="orig_308" xlink:href="#tok_308"/><!-- ϥ -->
<mark id="orig_309" xlink:href="#tok_309"/><!-- ⲙⲙⲟ -->
<mark id="orig_310" xlink:href="#tok_310"/><!-- ⲟⲩ -->
<mark id="orig_311" xlink:href="#tok_311"/><!-- ⲙ -->
<mark id="orig_312" xlink:href="#tok_312"/><!-- ⲡ -->
<mark id="orig_313" xlink:href="#tok_313"/><!-- ϣⲏⲣⲉ -->
<mark id="orig_314" xlink:href="#tok_314"/><!-- ⲟⲩⲛⲧⲁ -->
<mark id="orig_315" xlink:href="#tok_315"/><!-- ϥ -->
<mark id="orig_316" xlink:href="#tok_316"/><!-- ⲙⲙⲁⲩ -->
<mark id="orig_317" xlink:href="#tok_317"/><!-- ⲙ -->
<mark id="orig_318" xlink:href="#tok_318"/><!-- ⲡ -->
<mark id="orig_319" xlink:href="#tok_319"/><!-- ⲱⲛϩ -->
<mark id="orig_320" xlink:href="#tok_320"/><!-- ⲡⲉⲧⲉ -->
<mark id="orig_321" xlink:href="#tok_321"/><!-- ⲙⲛ -->
<mark id="orig_322" xlink:href="#tok_322"/><!-- ⲧ -->
<mark id="orig_323" xlink:href="#tok_323"/><!-- ⲁϥ -->
<mark id="orig_324" xlink:href="#tok_324"/><!-- ⲙⲙⲟ -->
<mark id="orig_325" xlink:href="#tok_325"/><!-- ⲟⲩ -->
<mark id="orig_326" xlink:href="#tok_326"/><!-- ⲙ -->
<mark id="orig_327" xlink:href="#tok_327"/><!-- ⲡ -->
<mark id="orig_328" xlink:href="#tok_328"/><!-- ϣⲏⲣⲉ -->
<mark id="orig_329" xlink:href="#tok_329"/><!-- ⲙ -->
<mark id="orig_330" xlink:href="#tok_330"/><!-- ⲡ -->
<mark id="orig_331" xlink:href="#tok_331"/><!-- ⲛⲟⲩⲧⲉ -->
<mark id="orig_332" xlink:href="#tok_332"/><!-- ⲙⲛ -->
<mark id="orig_333" xlink:href="#tok_333"/><!-- ⲧ -->
<mark id="orig_334" xlink:href="#tok_334"/><!-- ⲁϥ -->
<mark id="orig_335" xlink:href="#tok_335"/><!-- ⲙⲙⲟ -->
<mark id="orig_336" xlink:href="#tok_336"/><!-- ⲟⲩ -->
<mark id="orig_337" xlink:href="#tok_337"/><!-- ⲙ -->
<mark id="orig_338" xlink:href="#tok_338"/><!-- ⲡ -->
<mark id="orig_339" xlink:href="#tok_339"/><!-- ⲱⲛϩ -->
<mark id="orig_340" xlink:href="#tok_340"/><!-- ⲛⲁⲓ -->
<mark id="orig_341" xlink:href="#tok_341"/><!-- ⲛⲧ -->
<mark id="orig_342" xlink:href="#tok_342"/><!-- ⲁ -->
<mark id="orig_343" xlink:href="#tok_343"/><!-- ⲓ -->
<mark id="orig_344" xlink:href="#tok_344"/><!-- ⲥϩⲁⲓ -->
<mark id="orig_345" xlink:href="#tok_345"/><!-- ⲥⲟⲩ -->
<mark id="orig_346" xlink:href="#tok_346"/><!-- ⲛⲏ -->
<mark id="orig_347" xlink:href="#tok_347"/><!-- ⲧⲛ -->
<mark id="orig_348" xlink:href="#tok_348"/><!-- ϫⲉⲕⲁⲁⲥ -->
<mark id="orig_349" xlink:href="#tok_349"/><!-- ⲉ -->
<mark id="orig_350" xlink:href="#tok_350"/><!-- ⲧ -->
<mark id="orig_351" xlink:href="#tok_351"/><!-- ⲉⲧ -->
<mark id="orig_352" xlink:href="#tok_352"/><!-- ⲛⲁ -->
<mark id="orig_353" xlink:href="#tok_353"/><!-- ⲉⲓⲙⲉ -->
<mark id="orig_354" xlink:href="#tok_354"/><!-- ϫⲉ -->
<mark id="orig_355" xlink:href="#tok_355"/><!-- ⲟⲩⲛⲧⲏⲧⲛ -->
<mark id="orig_356" xlink:href="#tok_356"/><!-- ⲙⲙⲁⲩ -->
<mark id="orig_357" xlink:href="#tok_357"/><!-- ⲙ -->
<mark id="orig_358" xlink:href="#tok_358"/><!-- ⲡ -->
<mark id="orig_359" xlink:href="#tok_359"/><!-- ⲱⲛϩ -->
<mark id="orig_360" xlink:href="#tok_360"/><!-- ϣⲁ -->
<mark id="orig_361" xlink:href="#tok_361"/><!-- ⲉⲛⲉϩ -->
<mark id="orig_362" xlink:href="#tok_362"/><!-- ⲛ -->
<mark id="orig_363" xlink:href="#tok_363"/><!-- ⲉⲧ -->
<mark id="orig_364" xlink:href="#tok_364"/><!-- ⲡⲓⲥⲧⲉⲩⲉ -->
<mark id="orig_365" xlink:href="#tok_365"/><!-- ⲉ -->
<mark id="orig_366" xlink:href="#tok_366"/><!-- ⲡ -->
<mark id="orig_367" xlink:href="#tok_367"/><!-- ⲣⲁⲛ -->
<mark id="orig_368" xlink:href="#tok_368"/><!-- ⲙ -->
<mark id="orig_369" xlink:href="#tok_369"/><!-- ⲡ -->
<mark id="orig_370" xlink:href="#tok_370"/><!-- ϣⲏⲣⲉ -->
<mark id="orig_371" xlink:href="#tok_371"/><!-- ⲙ -->
<mark id="orig_372" xlink:href="#tok_372"/><!-- ⲡ -->
<mark id="orig_373" xlink:href="#tok_373"/><!-- ⲛⲟⲩⲧⲉ -->
<mark id="orig_374" xlink:href="#tok_374"/><!-- ⲁⲩⲱ -->
<mark id="orig_375" xlink:href="#tok_375"/><!-- ⲧⲁⲓ -->
<mark id="orig_376" xlink:href="#tok_376"/><!-- ⲧⲉ -->
<mark id="orig_377" xlink:href="#tok_377"/><!-- ⲧⲡⲡⲁⲣϩⲟⲩⲥⲓⲁ -->
<mark id="orig_378" xlink:href="#tok_378"/><!-- ⲉⲧⲉ -->
<mark id="orig_379" xlink:href="#tok_379"/><!-- ⲟⲩⲛⲧⲁⲛⲥ -->
<mark id="orig_380" xlink:href="#tok_380"/><!-- ⲉϩⲟⲩⲛ -->
<mark id="orig_381" xlink:href="#tok_381"/><!-- ⲉⲣⲟ -->
<mark id="orig_382" xlink:href="#tok_382"/><!-- ϥ -->
<mark id="orig_383" xlink:href="#tok_383"/><!-- ϫⲉ -->
<mark id="orig_384" xlink:href="#tok_384"/><!-- ⲡⲉⲧⲉⲛⲛⲁⲓⲧⲉⲓ -->
<mark id="orig_385" xlink:href="#tok_385"/><!-- ⲙⲙⲟ -->
<mark id="orig_386" xlink:href="#tok_386"/><!-- ϥ -->
<mark id="orig_387" xlink:href="#tok_387"/><!-- ⲕⲁⲧⲁ -->
<mark id="orig_388" xlink:href="#tok_388"/><!-- ⲡⲉϥ -->
<mark id="orig_389" xlink:href="#tok_389"/><!-- ⲟⲩⲱϣ -->
<mark id="orig_390" xlink:href="#tok_390"/><!-- ϥ -->
<mark id="orig_391" xlink:href="#tok_391"/><!-- ⲛⲁ -->
<mark id="orig_392" xlink:href="#tok_392"/><!-- ⲥⲱⲧⲙ -->
<mark id="orig_393" xlink:href="#tok_393"/><!-- ⲉⲣⲟ -->
<mark id="orig_394" xlink:href="#tok_394"/><!-- ⲛ -->
<mark id="orig_395" xlink:href="#tok_395"/><!-- ⲁⲩⲱ -->
<mark id="orig_396" xlink:href="#tok_396"/><!-- ⲉϣϫⲉ -->
<mark id="orig_397" xlink:href="#tok_397"/><!-- ⲧⲉⲛ -->
<mark id="orig_398" xlink:href="#tok_398"/><!-- ⲥⲟⲟⲩⲛ -->
<mark id="orig_399" xlink:href="#tok_399"/><!-- ϫⲉ -->
<mark id="orig_400" xlink:href="#tok_400"/><!-- ϥ -->
<mark id="orig_401" xlink:href="#tok_401"/><!-- ⲥⲱⲧⲙ -->
<mark id="orig_402" xlink:href="#tok_402"/><!-- ⲉⲣⲟ -->
<mark id="orig_403" xlink:href="#tok_403"/><!-- ⲛ -->
<mark id="orig_404" xlink:href="#tok_404"/><!-- ϩⲙ -->
<mark id="orig_405" xlink:href="#tok_405"/><!-- ⲡⲉⲧⲉⲛⲛⲁⲓⲧⲉⲓ -->
<mark id="orig_406" xlink:href="#tok_406"/><!-- ⲙⲙⲟ -->
<mark id="orig_407" xlink:href="#tok_407"/><!-- ϥ -->
<mark id="orig_408" xlink:href="#tok_408"/><!-- ⲧⲛ -->
<mark id="orig_409" xlink:href="#tok_409"/><!-- ⲥⲟⲟⲩⲛ -->
<mark id="orig_410" xlink:href="#tok_410"/><!-- ϫⲉ -->
<mark id="orig_411" xlink:href="#tok_411"/><!-- ⲟⲩⲛⲧⲁ -->
<mark id="orig_412" xlink:href="#tok_412"/><!-- ⲛ -->
<mark id="orig_413" xlink:href="#tok_413"/><!-- ⲙⲙⲟ -->
<mark id="orig_414" xlink:href="#tok_414"/><!-- ⲟⲩ -->
<mark id="orig_415" xlink:href="#tok_415"/><!-- ⲛⲛⲉⲛⲏⲇⲏⲙⲁ -->
<mark id="orig_416" xlink:href="#tok_416"/><!-- ⲛⲧ -->
<mark id="orig_417" xlink:href="#tok_417"/><!-- ⲁ -->
<mark id="orig_418" xlink:href="#tok_418"/><!-- ⲛ -->
<mark id="orig_419" xlink:href="#tok_419"/><!-- ⲁⲓⲧⲉⲓ -->
<mark id="orig_420" xlink:href="#tok_420"/><!-- ⲙⲙⲟ -->
<mark id="orig_421" xlink:href="#tok_421"/><!-- ⲟⲩ -->
<mark id="orig_422" xlink:href="#tok_422"/><!-- ⲉⲃⲟⲗ -->
<mark id="orig_423" xlink:href="#tok_423"/><!-- ϩⲓⲧⲟⲟⲧ -->
<mark id="orig_424" xlink:href="#tok_424"/><!-- ϥ -->
<mark id="orig_425" xlink:href="#tok_425"/><!-- ⲉϣⲱⲡⲉ -->
<mark id="orig_426" xlink:href="#tok_426"/><!-- ⲉⲣⲉϣⲁⲛⲛⲟⲩⲁ -->
<mark id="orig_427" xlink:href="#tok_427"/><!-- ⲛⲁ -->
<mark id="orig_428" xlink:href="#tok_428"/><!-- ⲩ -->
<mark id="orig_429" xlink:href="#tok_429"/><!-- ⲉ -->
<mark id="orig_430" xlink:href="#tok_430"/><!-- ⲡⲉϥ -->
<mark id="orig_431" xlink:href="#tok_431"/><!-- ⲥⲟⲛ -->
<mark id="orig_432" xlink:href="#tok_432"/><!-- ⲉ -->
<mark id="orig_433" xlink:href="#tok_433"/><!-- ϥ -->
<mark id="orig_434" xlink:href="#tok_434"/><!-- ⲣ -->
<mark id="orig_435" xlink:href="#tok_435"/><!-- ⲛⲟⲃⲉ -->
<mark id="orig_436" xlink:href="#tok_436"/><!-- ⲛ -->
<mark id="orig_437" xlink:href="#tok_437"/><!-- ⲟⲩ -->
<mark id="orig_438" xlink:href="#tok_438"/><!-- ⲛⲟⲃⲉ -->
<mark id="orig_439" xlink:href="#tok_439"/><!-- ⲁⲛ -->
<mark id="orig_440" xlink:href="#tok_440"/><!-- ⲉ -->
<mark id="orig_441" xlink:href="#tok_441"/><!-- ϥ -->
<mark id="orig_442" xlink:href="#tok_442"/><!-- ϫⲓ -->
<mark id="orig_443" xlink:href="#tok_443"/><!-- ⲉϩⲟⲩⲛ -->
<mark id="orig_444" xlink:href="#tok_444"/><!-- ⲉ -->
<mark id="orig_445" xlink:href="#tok_445"/><!-- ⲡ -->
<mark id="orig_446" xlink:href="#tok_446"/><!-- ⲙⲟⲩ -->
<mark id="orig_447" xlink:href="#tok_447"/><!-- ⲙⲁⲣⲉ -->
<mark id="orig_448" xlink:href="#tok_448"/><!-- ϥ -->
<mark id="orig_449" xlink:href="#tok_449"/><!-- ⲁⲓⲧⲉⲓ -->
<mark id="orig_450" xlink:href="#tok_450"/><!-- ⲛⲥⲉϯ -->
<mark id="orig_451" xlink:href="#tok_451"/><!-- ⲛⲁ -->
<mark id="orig_452" xlink:href="#tok_452"/><!-- ϥ -->
<mark id="orig_453" xlink:href="#tok_453"/><!-- ⲛ -->
<mark id="orig_454" xlink:href="#tok_454"/><!-- ⲛ -->
<mark id="orig_455" xlink:href="#tok_455"/><!-- ⲟⲩⲱⲛϩ -->
<mark id="orig_456" xlink:href="#tok_456"/><!-- ⲛⲛⲉⲧⲉ -->
<mark id="orig_457" xlink:href="#tok_457"/><!-- ⲛⲥⲉⲉⲣ -->
<mark id="orig_458" xlink:href="#tok_458"/><!-- ⲛⲟⲃⲉ -->
<mark id="orig_459" xlink:href="#tok_459"/><!-- ⲁⲛ -->
<mark id="orig_460" xlink:href="#tok_460"/><!-- ⲉ -->
<mark id="orig_461" xlink:href="#tok_461"/><!-- ϥ -->
<mark id="orig_462" xlink:href="#tok_462"/><!-- ϫⲓ -->
<mark id="orig_463" xlink:href="#tok_463"/><!-- ⲉϩⲟⲩⲛ -->
<mark id="orig_464" xlink:href="#tok_464"/><!-- ⲉ -->
<mark id="orig_465" xlink:href="#tok_465"/><!-- ⲡ -->
<mark id="orig_466" xlink:href="#tok_466"/><!-- ⲙⲟⲩ -->
<mark id="orig_467" xlink:href="#tok_467"/><!-- ⲟⲩⲛ -->
<mark id="orig_468" xlink:href="#tok_468"/><!-- ⲛⲟⲃⲉ -->
<mark id="orig_469" xlink:href="#tok_469"/><!-- ⲉ -->
<mark id="orig_470" xlink:href="#tok_470"/><!-- ϥ -->
<mark id="orig_471" xlink:href="#tok_471"/><!-- ϫⲓ -->
<mark id="orig_472" xlink:href="#tok_472"/><!-- ⲉϩⲟⲩⲛ -->
<mark id="orig_473" xlink:href="#tok_473"/><!-- ⲉ -->
<mark id="orig_474" xlink:href="#tok_474"/><!-- ⲡ -->
<mark id="orig_475" xlink:href="#tok_475"/><!-- ⲙⲟⲩ -->
<mark id="orig_476" xlink:href="#tok_476"/><!-- ⲛ -->
<mark id="orig_477" xlink:href="#tok_477"/><!-- ⲛⲉⲓ -->
<mark id="orig_478" xlink:href="#tok_478"/><!-- ϫⲱ -->
<mark id="orig_479" xlink:href="#tok_479"/><!-- ⲙⲙⲟ -->
<mark id="orig_480" xlink:href="#tok_480"/><!-- ⲥ -->
<mark id="orig_481" xlink:href="#tok_481"/><!-- ⲁⲛ -->
<mark id="orig_482" xlink:href="#tok_482"/><!-- ϫⲉ -->
<mark id="orig_483" xlink:href="#tok_483"/><!-- ⲉϥⲉ -->
<mark id="orig_484" xlink:href="#tok_484"/><!-- ⲥⲟⲡⲥ -->
<mark id="orig_485" xlink:href="#tok_485"/><!-- ⲉⲧⲃⲉ -->
<mark id="orig_486" xlink:href="#tok_486"/><!-- ⲡ -->
<mark id="orig_487" xlink:href="#tok_487"/><!-- ⲉⲧ -->
<mark id="orig_488" xlink:href="#tok_488"/><!-- ⲙⲙⲁⲩ -->
<mark id="orig_489" xlink:href="#tok_489"/><!-- ϫⲓ -->
<mark id="orig_490" xlink:href="#tok_490"/><!-- ⲛ -->
<mark id="orig_491" xlink:href="#tok_491"/><!-- ϭⲟⲛⲥ -->
<mark id="orig_492" xlink:href="#tok_492"/><!-- ⲛⲓⲙ -->
<mark id="orig_493" xlink:href="#tok_493"/><!-- ⲟⲩ -->
<mark id="orig_494" xlink:href="#tok_494"/><!-- ⲛⲟⲃⲉ -->
<mark id="orig_495" xlink:href="#tok_495"/><!-- ⲡⲉ -->
<mark id="orig_496" xlink:href="#tok_496"/><!-- ⲁⲩⲱ -->
<mark id="orig_497" xlink:href="#tok_497"/><!-- ⲟⲩ -->
<mark id="orig_498" xlink:href="#tok_498"/><!-- ⲛⲟⲃⲉ -->
<mark id="orig_499" xlink:href="#tok_499"/><!-- ⲡⲉ -->
<mark id="orig_500" xlink:href="#tok_500"/><!-- ⲉ -->
<mark id="orig_501" xlink:href="#tok_501"/><!-- ϥ -->
<mark id="orig_502" xlink:href="#tok_502"/><!-- ϫⲓ -->
<mark id="orig_503" xlink:href="#tok_503"/><!-- ⲉϩⲟⲩⲛ -->
<mark id="orig_504" xlink:href="#tok_504"/><!-- ⲉ -->
<mark id="orig_505" xlink:href="#tok_505"/><!-- ⲡ -->
<mark id="orig_506" xlink:href="#tok_506"/><!-- ⲙⲟⲩ -->
<mark id="orig_507" xlink:href="#tok_507"/><!-- ⲧⲛ -->
<mark id="orig_508" xlink:href="#tok_508"/><!-- ⲥⲟⲟⲩⲛ -->
<mark id="orig_509" xlink:href="#tok_509"/><!-- ϫⲉ -->
<mark id="orig_510" xlink:href="#tok_510"/><!-- ⲟⲩⲟⲛ -->
<mark id="orig_511" xlink:href="#tok_511"/><!-- ⲛⲓⲙ -->
<mark id="orig_512" xlink:href="#tok_512"/><!-- ⲛⲧ -->
<mark id="orig_513" xlink:href="#tok_513"/><!-- ⲁ -->
<mark id="orig_514" xlink:href="#tok_514"/><!-- ⲩ -->
<mark id="orig_515" xlink:href="#tok_515"/><!-- ϫⲡⲟ -->
<mark id="orig_516" xlink:href="#tok_516"/><!-- ϥ -->
<mark id="orig_517" xlink:href="#tok_517"/><!-- ⲉⲃⲟⲗ -->
<mark id="orig_518" xlink:href="#tok_518"/><!-- ϩⲙ -->
<mark id="orig_519" xlink:href="#tok_519"/><!-- ⲡ -->
<mark id="orig_520" xlink:href="#tok_520"/><!-- ⲛⲟⲩⲧⲉ -->
<mark id="orig_521" xlink:href="#tok_521"/><!-- ⲙⲉ -->
<mark id="orig_522" xlink:href="#tok_522"/><!-- ϥ -->
<mark id="orig_523" xlink:href="#tok_523"/><!-- ⲣ -->
<mark id="orig_524" xlink:href="#tok_524"/><!-- ⲛⲟⲃⲉ -->
<mark id="orig_525" xlink:href="#tok_525"/><!-- ⲁⲗⲗⲁ -->
<mark id="orig_526" xlink:href="#tok_526"/><!-- ⲡ -->
<mark id="orig_527" xlink:href="#tok_527"/><!-- ⲉⲛⲧ -->
<mark id="orig_528" xlink:href="#tok_528"/><!-- ⲁ -->
<mark id="orig_529" xlink:href="#tok_529"/><!-- ⲩ -->
<mark id="orig_530" xlink:href="#tok_530"/><!-- ϫⲡⲟ -->
<mark id="orig_531" xlink:href="#tok_531"/><!-- ϥ -->
<mark id="orig_532" xlink:href="#tok_532"/><!-- ⲉⲃⲟⲗ -->
<mark id="orig_533" xlink:href="#tok_533"/><!-- ϩⲙ -->
<mark id="orig_534" xlink:href="#tok_534"/><!-- ⲡ -->
<mark id="orig_535" xlink:href="#tok_535"/><!-- ⲛⲟⲩⲧⲉ -->
<mark id="orig_536" xlink:href="#tok_536"/><!-- ϣⲁ -->
<mark id="orig_537" xlink:href="#tok_537"/><!-- ϥ -->
<mark id="orig_538" xlink:href="#tok_538"/><!-- ϩⲁⲣⲉϩ -->
<mark id="orig_539" xlink:href="#tok_539"/><!-- ⲉⲣⲟ -->
<mark id="orig_540" xlink:href="#tok_540"/><!-- ϥ -->
<mark id="orig_541" xlink:href="#tok_541"/><!-- ⲁⲩⲱ -->
<mark id="orig_542" xlink:href="#tok_542"/><!-- ⲙⲉⲣⲉⲡⲡⲟⲛⲏⲣⲟⲥ -->
<mark id="orig_543" xlink:href="#tok_543"/><!-- ϫⲱϩ -->
<mark id="orig_544" xlink:href="#tok_544"/><!-- ⲉⲣⲟ -->
<mark id="orig_545" xlink:href="#tok_545"/><!-- ϥ -->
<mark id="orig_546" xlink:href="#tok_546"/><!-- ⲧⲉⲛ -->
<mark id="orig_547" xlink:href="#tok_547"/><!-- ⲥⲟⲟⲩⲛ -->
<mark id="orig_548" xlink:href="#tok_548"/><!-- ϫⲉ -->
<mark id="orig_549" xlink:href="#tok_549"/><!-- ⲁⲛⲟⲛ -->
<mark id="orig_550" xlink:href="#tok_550"/><!-- ϩⲉⲛ -->
<mark id="orig_551" xlink:href="#tok_551"/><!-- ⲃⲟⲗ -->
<mark id="orig_552" xlink:href="#tok_552"/><!-- ϩⲙ -->
<mark id="orig_553" xlink:href="#tok_553"/><!-- ⲡ -->
<mark id="orig_554" xlink:href="#tok_554"/><!-- ⲛⲟⲩⲧⲉ -->
<mark id="orig_555" xlink:href="#tok_555"/><!-- ⲁⲩⲱ -->
<mark id="orig_556" xlink:href="#tok_556"/><!-- ⲡ -->
<mark id="orig_557" xlink:href="#tok_557"/><!-- ⲕⲟⲥⲙⲟⲥ -->
<mark id="orig_558" xlink:href="#tok_558"/><!-- ⲧⲏⲣϥ -->
<mark id="orig_559" xlink:href="#tok_559"/><!-- ⲉ -->
<mark id="orig_560" xlink:href="#tok_560"/><!-- ϥ -->
<mark id="orig_561" xlink:href="#tok_561"/><!-- ⲕⲏ -->
<mark id="orig_562" xlink:href="#tok_562"/><!-- ϩⲙ -->
<mark id="orig_563" xlink:href="#tok_563"/><!-- ⲡⲟⲛⲏⲣⲟⲥ -->
<mark id="orig_564" xlink:href="#tok_564"/><!-- ⲁⲩⲱ -->
<mark id="orig_565" xlink:href="#tok_565"/><!-- ⲧⲉⲛ -->
<mark id="orig_566" xlink:href="#tok_566"/><!-- ⲥⲟⲟⲩⲛ -->
<mark id="orig_567" xlink:href="#tok_567"/><!-- ϫⲉ -->
<mark id="orig_568" xlink:href="#tok_568"/><!-- ⲁⲡϣⲏⲣⲉ -->
<mark id="orig_569" xlink:href="#tok_569"/><!-- ⲙ -->
<mark id="orig_570" xlink:href="#tok_570"/><!-- ⲡ -->
<mark id="orig_571" xlink:href="#tok_571"/><!-- ⲛⲟⲩⲧⲉ -->
<mark id="orig_572" xlink:href="#tok_572"/><!-- ⲉ -->
<mark id="orig_573" xlink:href="#tok_573"/><!-- ⲓ -->
<mark id="orig_574" xlink:href="#tok_574"/><!-- ⲁ -->
<mark id="orig_575" xlink:href="#tok_575"/><!-- ϥ -->
<mark id="orig_576" xlink:href="#tok_576"/><!-- ϯ -->
<mark id="orig_577" xlink:href="#tok_577"/><!-- ⲛⲁ -->
<mark id="orig_578" xlink:href="#tok_578"/><!-- ⲛ -->
<mark id="orig_579" xlink:href="#tok_579"/><!-- ⲛ -->
<mark id="orig_580" xlink:href="#tok_580"/><!-- ⲟⲩ -->
<mark id="orig_581" xlink:href="#tok_581"/><!-- ⲙⲛⲧⲣⲙⲛϩⲏⲧ -->
<mark id="orig_582" xlink:href="#tok_582"/><!-- ϫⲉ -->
<mark id="orig_583" xlink:href="#tok_583"/><!-- ⲉ -->
<mark id="orig_584" xlink:href="#tok_584"/><!-- ⲛⲛⲉ -->
<mark id="orig_585" xlink:href="#tok_585"/><!-- ⲥ -->
<mark id="orig_586" xlink:href="#tok_586"/><!-- ⲟⲩⲉⲛ -->
<mark id="orig_587" xlink:href="#tok_587"/><!-- ⲧ -->
<mark id="orig_588" xlink:href="#tok_588"/><!-- ⲙⲉ -->
<mark id="orig_589" xlink:href="#tok_589"/><!-- ⲁⲩⲱ -->
<mark id="orig_590" xlink:href="#tok_590"/><!-- ⲧⲉⲛϣⲟⲟⲡ -->
<mark id="orig_591" xlink:href="#tok_591"/><!-- ϩⲙ -->
<mark id="orig_592" xlink:href="#tok_592"/><!-- ⲡ -->
<mark id="orig_593" xlink:href="#tok_593"/><!-- ⲙⲉ -->
<mark id="orig_594" xlink:href="#tok_594"/><!-- ϩⲣⲁⲓ -->
<mark id="orig_595" xlink:href="#tok_595"/><!-- ϩⲙ -->
<mark id="orig_596" xlink:href="#tok_596"/><!-- ⲡⲉϥ -->
<mark id="orig_597" xlink:href="#tok_597"/><!-- ϣⲏⲣⲉ -->
<mark id="orig_598" xlink:href="#tok_598"/><!-- ⲓⲏⲥⲟⲩⲥ -->
<mark id="orig_599" xlink:href="#tok_599"/><!-- ⲡⲉ -->
<mark id="orig_600" xlink:href="#tok_600"/><!-- ⲭⲣⲓⲥⲧⲟⲥ -->
<mark id="orig_601" xlink:href="#tok_601"/><!-- ⲡⲁⲓ -->
<mark id="orig_602" xlink:href="#tok_602"/><!-- ⲡⲉ -->
<mark id="orig_603" xlink:href="#tok_603"/><!-- ⲡ -->
<mark id="orig_604" xlink:href="#tok_604"/><!-- ⲛⲟⲩⲧⲉ -->
<mark id="orig_605" xlink:href="#tok_605"/><!-- ⲙ -->
<mark id="orig_606" xlink:href="#tok_606"/><!-- ⲙⲉ -->
<mark id="orig_607" xlink:href="#tok_607"/><!-- ⲁⲩⲱ -->
<mark id="orig_608" xlink:href="#tok_608"/><!-- ⲡ -->
<mark id="orig_609" xlink:href="#tok_609"/><!-- ⲱⲛϩ -->
<mark id="orig_610" xlink:href="#tok_610"/><!-- ϣⲁ -->
<mark id="orig_611" xlink:href="#tok_611"/><!-- ⲉⲛⲉϩ -->
<mark id="orig_612" xlink:href="#tok_612"/><!-- ⲛⲁ -->
<mark id="orig_613" xlink:href="#tok_613"/><!-- ϣⲏⲣⲉ -->
<mark id="orig_614" xlink:href="#tok_614"/><!-- ϩⲁⲣⲉϩ -->
<mark id="orig_615" xlink:href="#tok_615"/><!-- ⲉⲣⲱ -->
<mark id="orig_616" xlink:href="#tok_616"/><!-- ⲧⲛ -->
<mark id="orig_617" xlink:href="#tok_617"/><!-- ⲉⲃⲟⲗ -->
<mark id="orig_618" xlink:href="#tok_618"/><!-- ⲏⲛ -->
<mark id="orig_619" xlink:href="#tok_619"/><!-- ⲛ -->
<mark id="orig_620" xlink:href="#tok_620"/><!-- ⲉⲓⲇⲱⲗⲟⲛ -->
<mark id="orig_621" xlink:href="#tok_621"/><!-- . -->
</markList>
</paula>
