<?xml version="1.0" encoding="UTF-8" standalone="no"?>

<!DOCTYPE paula SYSTEM "paula_mark.dtd">
<paula version="1.0">

<header paula_id="sahidica.nt.1_John_5_translationSeg"/>

<markList xmlns:xlink="http://www.w3.org/1999/xlink" type="translationSeg" xml:base="sahidica.nt.1_John_5.tok.xml">
<mark id="translation_1" xlink:href="#xpointer(id('tok_1')/range-to(id('tok_38')))"/><!-- ⲟⲩⲟⲛ...ϥ -->
<mark id="translation_39" xlink:href="#xpointer(id('tok_39')/range-to(id('tok_62')))"/><!-- ⲁⲩⲱ...ⲉⲛⲧⲟⲗⲏ -->
<mark id="translation_63" xlink:href="#xpointer(id('tok_63')/range-to(id('tok_82')))"/><!-- ⲧⲁⲓ...ⲁⲛ -->
<mark id="translation_83" xlink:href="#xpointer(id('tok_83')/range-to(id('tok_112')))"/><!-- ϫⲉ...ⲡⲓⲥⲧⲓⲥ -->
<mark id="translation_113" xlink:href="#xpointer(id('tok_113')/range-to(id('tok_133')))"/><!-- ⲛⲓⲙ...ⲛⲟⲩⲧⲉ -->
<mark id="translation_134" xlink:href="#xpointer(id('tok_134')/range-to(id('tok_176')))"/><!-- ⲡⲁⲓ...ⲙⲉ -->
<mark id="translation_177" xlink:href="#xpointer(id('tok_177')/range-to(id('tok_181')))"/><!-- ϫⲉ...ⲙⲛⲧⲣⲉ -->
<mark id="translation_182" xlink:href="#xpointer(id('tok_182')/range-to(id('tok_194')))"/><!-- ⲡⲉ...ⲛⲉ -->
<mark id="translation_195" xlink:href="#xpointer(id('tok_195')/range-to(id('tok_226')))"/><!-- ⲉϣϫⲉ...ϣⲏⲣⲉ -->
<mark id="translation_227" xlink:href="#xpointer(id('tok_227')/range-to(id('tok_281')))"/><!-- ⲡ...ϣⲏⲣⲉ -->
<mark id="translation_282" xlink:href="#xpointer(id('tok_282')/range-to(id('tok_305')))"/><!-- ⲁⲩⲱ...ϣⲏⲣⲉ -->
<mark id="translation_306" xlink:href="#xpointer(id('tok_306')/range-to(id('tok_339')))"/><!-- ⲡⲉⲧⲉ...ⲱⲛϩ -->
<mark id="translation_340" xlink:href="#xpointer(id('tok_340')/range-to(id('tok_373')))"/><!-- ⲛⲁⲓ...ⲛⲟⲩⲧⲉ -->
<mark id="translation_374" xlink:href="#xpointer(id('tok_374')/range-to(id('tok_394')))"/><!-- ⲁⲩⲱ...ⲛ -->
<mark id="translation_395" xlink:href="#xpointer(id('tok_395')/range-to(id('tok_424')))"/><!-- ⲁⲩⲱ...ϥ -->
<mark id="translation_425" xlink:href="#xpointer(id('tok_425')/range-to(id('tok_488')))"/><!-- ⲉϣⲱⲡⲉ...ⲙⲙⲁⲩ -->
<mark id="translation_489" xlink:href="#xpointer(id('tok_489')/range-to(id('tok_506')))"/><!-- ϫⲓ...ⲙⲟⲩ -->
<mark id="translation_507" xlink:href="#xpointer(id('tok_507')/range-to(id('tok_545')))"/><!-- ⲧⲛ...ϥ -->
<mark id="translation_546" xlink:href="#xpointer(id('tok_546')/range-to(id('tok_563')))"/><!-- ⲧⲉⲛ...ⲡⲟⲛⲏⲣⲟⲥ -->
<mark id="translation_564" xlink:href="#xpointer(id('tok_564')/range-to(id('tok_611')))"/><!-- ⲁⲩⲱ...ⲉⲛⲉϩ -->
<mark id="translation_612" xlink:href="#xpointer(id('tok_612')/range-to(id('tok_621')))"/><!-- ⲛⲁ.... -->
</markList>
</paula>
