<?xml version="1.0" encoding="UTF-8" standalone="no"?>

<!DOCTYPE paula SYSTEM "paula_feat.dtd">
<paula version="1.0">

<header paula_id="sahidica.nt.1_John_5_pos"/>

<featList xmlns:xlink="http://www.w3.org/1999/xlink" type="pos" xml:base="sahidica.nt.1_John_5.posSeg.xml">
<feat xlink:href="#pos_1" value="N"/><!-- ⲟⲩⲟⲛ -->
<feat xlink:href="#pos_2" value="PINT"/><!-- ⲛⲓⲙ -->
<feat xlink:href="#pos_3" value="CREL"/><!-- ⲉⲧ -->
<feat xlink:href="#pos_4" value="V"/><!-- ⲡⲓⲥⲧⲉⲩⲉ -->
<feat xlink:href="#pos_5" value="CONJ"/><!-- ϫⲉ -->
<feat xlink:href="#pos_6" value="NPROP"/><!-- ⲓⲏⲥⲟⲩⲥ -->
<feat xlink:href="#pos_7" value="COP"/><!-- ⲡⲉ -->
<feat xlink:href="#pos_8" value="ART"/><!-- ⲡⲉ -->
<feat xlink:href="#pos_9" value="N"/><!-- ⲭⲣⲓⲥⲧⲟⲥ -->
<feat xlink:href="#pos_10" value="CREL"/><!-- ⲛⲧ -->
<feat xlink:href="#pos_11" value="APST"/><!-- ⲁ -->
<feat xlink:href="#pos_12" value="PPERS"/><!-- ⲩ -->
<feat xlink:href="#pos_13" value="V"/><!-- ϫⲡⲟ -->
<feat xlink:href="#pos_14" value="PPERO"/><!-- ϥ -->
<feat xlink:href="#pos_15" value="ADV"/><!-- ⲉⲃⲟⲗ -->
<feat xlink:href="#pos_16" value="PREP"/><!-- ϩⲙ -->
<feat xlink:href="#pos_17" value="ART"/><!-- ⲡ -->
<feat xlink:href="#pos_18" value="N"/><!-- ⲛⲟⲩⲧⲉ -->
<feat xlink:href="#pos_19" value="CONJ"/><!-- ⲁⲩⲱ -->
<feat xlink:href="#pos_20" value="N"/><!-- ⲟⲩⲟⲛ -->
<feat xlink:href="#pos_21" value="PINT"/><!-- ⲛⲓⲙ -->
<feat xlink:href="#pos_22" value="PREP"/><!-- ⲉ -->
<feat xlink:href="#pos_23" value="ART"/><!-- ⲧ -->
<feat xlink:href="#pos_24" value="N"/><!-- ⲙⲉ -->
<feat xlink:href="#pos_25" value="N"/><!-- ⲙⲡⲉⲛⲧⲁⲩϫⲡⲟϥ -->
<feat xlink:href="#pos_26" value="AAOR"/><!-- ϣⲁ -->
<feat xlink:href="#pos_27" value="PPERS"/><!-- ϥ -->
<feat xlink:href="#pos_28" value="V"/><!-- ⲙⲉⲣ -->
<feat xlink:href="#pos_29" value="PPERO"/><!-- ⲓ -->
<feat xlink:href="#pos_30" value="ART"/><!-- ⲡ -->
<feat xlink:href="#pos_31" value="CREL"/><!-- ⲉⲛⲧ -->
<feat xlink:href="#pos_32" value="APST"/><!-- ⲁ -->
<feat xlink:href="#pos_33" value="PPERS"/><!-- ⲩ -->
<feat xlink:href="#pos_34" value="V"/><!-- ϫⲡⲟ -->
<feat xlink:href="#pos_35" value="PPERO"/><!-- ϥ -->
<feat xlink:href="#pos_36" value="ADV"/><!-- ⲉⲃⲟⲗ -->
<feat xlink:href="#pos_37" value="PREP"/><!-- ⲛϩⲏⲧ -->
<feat xlink:href="#pos_38" value="PPERO"/><!-- ϥ -->
<feat xlink:href="#pos_39" value="CONJ"/><!-- ⲁⲩⲱ -->
<feat xlink:href="#pos_40" value="PREP"/><!-- ϩⲙ -->
<feat xlink:href="#pos_41" value="PDEM"/><!-- ⲡⲁⲓ -->
<feat xlink:href="#pos_42" value="N"/><!-- ⲧⲉⲛⲉⲓⲙⲉ -->
<feat xlink:href="#pos_43" value="CONJ"/><!-- ϫⲉ -->
<feat xlink:href="#pos_44" value="PPOS"/><!-- ⲧⲉⲛ -->
<feat xlink:href="#pos_45" value="N"/><!-- ⲙⲉ -->
<feat xlink:href="#pos_46" value="PREP"/><!-- ⲛ -->
<feat xlink:href="#pos_47" value="ART"/><!-- ⲛ -->
<feat xlink:href="#pos_48" value="N"/><!-- ϣⲏⲣⲉ -->
<feat xlink:href="#pos_49" value="PREP"/><!-- ⲙ -->
<feat xlink:href="#pos_50" value="ART"/><!-- ⲡ -->
<feat xlink:href="#pos_51" value="N"/><!-- ⲛⲟⲩⲧⲉ -->
<feat xlink:href="#pos_52" value="CONJ"/><!-- ϩⲟⲧⲁⲛ -->
<feat xlink:href="#pos_53" value="ACOND_PPERS"/><!-- ⲉⲛϣⲁⲛ -->
<feat xlink:href="#pos_54" value="V"/><!-- ⲙⲉ -->
<feat xlink:href="#pos_55" value="N"/><!-- ⲣⲓ -->
<feat xlink:href="#pos_56" value="ART"/><!-- ⲡ -->
<feat xlink:href="#pos_57" value="N"/><!-- ⲛⲟⲩⲧⲉ -->
<feat xlink:href="#pos_58" value="CONJ"/><!-- ⲁⲩⲱ -->
<feat xlink:href="#pos_59" value="V"/><!-- ⲛⲧⲛⲉⲓⲣⲉ -->
<feat xlink:href="#pos_60" value="PREP"/><!-- ⲛ -->
<feat xlink:href="#pos_61" value="PPOS"/><!-- ⲛⲉϥ -->
<feat xlink:href="#pos_62" value="N"/><!-- ⲉⲛⲧⲟⲗⲏ -->
<feat xlink:href="#pos_63" value="PDEM"/><!-- ⲧⲁⲓ -->
<feat xlink:href="#pos_64" value="PTC"/><!-- ⲅⲁⲣ -->
<feat xlink:href="#pos_65" value="COP"/><!-- ⲧⲉ -->
<feat xlink:href="#pos_66" value="ART"/><!-- ⲧ -->
<feat xlink:href="#pos_67" value="N"/><!-- ⲁⲅⲁⲡⲏ -->
<feat xlink:href="#pos_68" value="PREP"/><!-- ⲙ -->
<feat xlink:href="#pos_69" value="ART"/><!-- ⲡ -->
<feat xlink:href="#pos_70" value="N"/><!-- ⲛⲟⲩⲧⲉ -->
<feat xlink:href="#pos_71" value="CONJ"/><!-- ϫⲉⲕⲁⲁⲥ -->
<feat xlink:href="#pos_72" value="CONJ"/><!-- ⲉⲛⲉ -->
<feat xlink:href="#pos_73" value="V"/><!-- ϩⲁⲣⲉϩ -->
<feat xlink:href="#pos_74" value="PREP"/><!-- ⲛ -->
<feat xlink:href="#pos_75" value="PPOS"/><!-- ⲛⲉϥ -->
<feat xlink:href="#pos_76" value="N"/><!-- ⲉⲛⲧⲟⲗⲏ -->
<feat xlink:href="#pos_77" value="CONJ"/><!-- ⲁⲩⲱ -->
<feat xlink:href="#pos_78" value="PPOS"/><!-- ⲛⲉϥ -->
<feat xlink:href="#pos_79" value="N"/><!-- ⲉⲛⲧⲟⲗⲏ -->
<feat xlink:href="#pos_80" value="PPERS"/><!-- ⲥⲉ -->
<feat xlink:href="#pos_81" value="VSTAT"/><!-- ϩⲟⲣϣ -->
<feat xlink:href="#pos_82" value="NEG"/><!-- ⲁⲛ -->
<feat xlink:href="#pos_83" value="CONJ"/><!-- ϫⲉ -->
<feat xlink:href="#pos_84" value="N"/><!-- ⲟⲩⲟⲛ -->
<feat xlink:href="#pos_85" value="PINT"/><!-- ⲛⲓⲙ -->
<feat xlink:href="#pos_86" value="CREL"/><!-- ⲛⲧ -->
<feat xlink:href="#pos_87" value="APST"/><!-- ⲁ -->
<feat xlink:href="#pos_88" value="PPERS"/><!-- ⲩ -->
<feat xlink:href="#pos_89" value="V"/><!-- ϫⲡⲟ -->
<feat xlink:href="#pos_90" value="PPERO"/><!-- ϥ -->
<feat xlink:href="#pos_91" value="ADV"/><!-- ⲉⲃⲟⲗ -->
<feat xlink:href="#pos_92" value="PREP"/><!-- ϩⲙ -->
<feat xlink:href="#pos_93" value="ART"/><!-- ⲡ -->
<feat xlink:href="#pos_94" value="N"/><!-- ⲛⲟⲩⲧⲉ -->
<feat xlink:href="#pos_95" value="AAOR"/><!-- ϣⲁ -->
<feat xlink:href="#pos_96" value="PPERS"/><!-- ϥ -->
<feat xlink:href="#pos_97" value="V"/><!-- ϫⲣⲟ -->
<feat xlink:href="#pos_98" value="PREP"/><!-- ⲉ -->
<feat xlink:href="#pos_99" value="ART"/><!-- ⲡ -->
<feat xlink:href="#pos_100" value="N"/><!-- ⲕⲟⲥⲙⲟⲥ -->
<feat xlink:href="#pos_101" value="CONJ"/><!-- ⲁⲩⲱ -->
<feat xlink:href="#pos_102" value="N"/><!-- ⲡⲉϫⲣⲟ -->
<feat xlink:href="#pos_103" value="CREL"/><!-- ⲛⲧ -->
<feat xlink:href="#pos_104" value="APST"/><!-- ⲁ -->
<feat xlink:href="#pos_105" value="PPERS"/><!-- ϥ -->
<feat xlink:href="#pos_106" value="V"/><!-- ϫⲣⲟ -->
<feat xlink:href="#pos_107" value="PREP"/><!-- ⲉ -->
<feat xlink:href="#pos_108" value="ART"/><!-- ⲡ -->
<feat xlink:href="#pos_109" value="N"/><!-- ⲕⲟⲥⲙⲟⲥ -->
<feat xlink:href="#pos_110" value="COP"/><!-- ⲡⲉ -->
<feat xlink:href="#pos_111" value="ART"/><!-- ⲧ -->
<feat xlink:href="#pos_112" value="N"/><!-- ⲡⲓⲥⲧⲓⲥ -->
<feat xlink:href="#pos_113" value="PINT"/><!-- ⲛⲓⲙ -->
<feat xlink:href="#pos_114" value="ART"/><!-- ⲡ -->
<feat xlink:href="#pos_115" value="CREL"/><!-- ⲉⲧ -->
<feat xlink:href="#pos_116" value="VSTAT"/><!-- ϫⲣⲟⲉⲓⲧ -->
<feat xlink:href="#pos_117" value="PREP"/><!-- ⲉ -->
<feat xlink:href="#pos_118" value="ART"/><!-- ⲡ -->
<feat xlink:href="#pos_119" value="N"/><!-- ⲕⲟⲥⲙⲟⲥ -->
<feat xlink:href="#pos_120" value="PREP"/><!-- ⲉ -->
<feat xlink:href="#pos_121" value="PPERO"/><!-- ⲓ -->
<feat xlink:href="#pos_122" value="CONJ"/><!-- ⲙⲏⲧⲉⲓ -->
<feat xlink:href="#pos_123" value="ART"/><!-- ⲡ -->
<feat xlink:href="#pos_124" value="CREL"/><!-- ⲉⲧ -->
<feat xlink:href="#pos_125" value="V"/><!-- ⲡⲓⲥⲧⲉⲩⲉ -->
<feat xlink:href="#pos_126" value="CONJ"/><!-- ϫⲉ -->
<feat xlink:href="#pos_127" value="NPROP"/><!-- ⲓⲏⲥⲟⲩⲥ -->
<feat xlink:href="#pos_128" value="COP"/><!-- ⲡⲉ -->
<feat xlink:href="#pos_129" value="ART"/><!-- ⲡ -->
<feat xlink:href="#pos_130" value="N"/><!-- ϣⲏⲣⲉ -->
<feat xlink:href="#pos_131" value="PREP"/><!-- ⲙ -->
<feat xlink:href="#pos_132" value="ART"/><!-- ⲡ -->
<feat xlink:href="#pos_133" value="N"/><!-- ⲛⲟⲩⲧⲉ -->
<feat xlink:href="#pos_134" value="PDEM"/><!-- ⲡⲁⲓ -->
<feat xlink:href="#pos_135" value="ART"/><!-- ⲡ -->
<feat xlink:href="#pos_136" value="CREL"/><!-- ⲉⲛⲧ -->
<feat xlink:href="#pos_137" value="APST"/><!-- ⲁ -->
<feat xlink:href="#pos_138" value="PPERS"/><!-- ϥ -->
<feat xlink:href="#pos_139" value="V"/><!-- ⲉⲓ -->
<feat xlink:href="#pos_140" value="PREP"/><!-- ϩⲓⲧⲛ -->
<feat xlink:href="#pos_141" value="ART"/><!-- ⲟⲩ -->
<feat xlink:href="#pos_142" value="N"/><!-- ⲙⲟⲟⲩ -->
<feat xlink:href="#pos_143" value="PREP"/><!-- ⲙⲛ -->
<feat xlink:href="#pos_144" value="ART"/><!-- ⲟⲩ -->
<feat xlink:href="#pos_145" value="N"/><!-- ⲥⲛⲟϥ -->
<feat xlink:href="#pos_146" value="PREP"/><!-- ⲙⲛ -->
<feat xlink:href="#pos_147" value="ART"/><!-- ⲟⲩ -->
<feat xlink:href="#pos_148" value="N"/><!-- ⲡⲛⲉⲩⲙⲁ -->
<feat xlink:href="#pos_149" value="ART"/><!-- ⲡⲉ -->
<feat xlink:href="#pos_150" value="N"/><!-- ⲭⲣⲓⲥⲧⲟⲥ -->
<feat xlink:href="#pos_151" value="NPROP"/><!-- ⲓⲏⲥⲟⲩⲥ -->
<feat xlink:href="#pos_152" value="PREP"/><!-- ϩⲙ -->
<feat xlink:href="#pos_153" value="ART"/><!-- ⲡ -->
<feat xlink:href="#pos_154" value="N"/><!-- ⲙⲟⲟⲩ -->
<feat xlink:href="#pos_155" value="ADV"/><!-- ⲙⲙⲁⲧⲉ -->
<feat xlink:href="#pos_156" value="NEG"/><!-- ⲁⲛ -->
<feat xlink:href="#pos_157" value="CONJ"/><!-- ⲁⲗⲗⲁ -->
<feat xlink:href="#pos_158" value="PREP"/><!-- ϩⲙ -->
<feat xlink:href="#pos_159" value="ART"/><!-- ⲡ -->
<feat xlink:href="#pos_160" value="N"/><!-- ⲙⲟⲟⲩ -->
<feat xlink:href="#pos_161" value="PREP"/><!-- ⲙⲛ -->
<feat xlink:href="#pos_162" value="ART"/><!-- ⲡⲉ -->
<feat xlink:href="#pos_163" value="N"/><!-- ⲥⲛⲟϥ -->
<feat xlink:href="#pos_164" value="CONJ"/><!-- ⲁⲩⲱ -->
<feat xlink:href="#pos_165" value="ART"/><!-- ⲡⲉ -->
<feat xlink:href="#pos_166" value="N"/><!-- ⲡⲛⲉⲩⲙⲁ -->
<feat xlink:href="#pos_167" value="ART"/><!-- ⲡ -->
<feat xlink:href="#pos_168" value="CREL"/><!-- ⲉⲧ -->
<feat xlink:href="#pos_169" value="V"/><!-- ⲣ -->
<feat xlink:href="#pos_170" value="N"/><!-- ⲙⲛⲧⲣⲉ -->
<feat xlink:href="#pos_171" value="CONJ"/><!-- ϫⲉ -->
<feat xlink:href="#pos_172" value="ART"/><!-- ⲡⲉ -->
<feat xlink:href="#pos_173" value="N"/><!-- ⲡⲛⲉⲩⲙⲁ -->
<feat xlink:href="#pos_174" value="COP"/><!-- ⲡⲉ -->
<feat xlink:href="#pos_175" value="ART"/><!-- ⲧ -->
<feat xlink:href="#pos_176" value="N"/><!-- ⲙⲉ -->
<feat xlink:href="#pos_177" value="CONJ"/><!-- ϫⲉ -->
<feat xlink:href="#pos_178" value="ART"/><!-- ⲡ -->
<feat xlink:href="#pos_179" value="N"/><!-- ϣⲟⲙⲧ -->
<feat xlink:href="#pos_180" value="V"/><!-- ⲉⲣ -->
<feat xlink:href="#pos_181" value="N"/><!-- ⲙⲛⲧⲣⲉ -->
<feat xlink:href="#pos_182" value="ART"/><!-- ⲡⲉ -->
<feat xlink:href="#pos_183" value="N"/><!-- ⲡⲛⲉⲩⲙⲁ -->
<feat xlink:href="#pos_184" value="PREP"/><!-- ⲙⲛ -->
<feat xlink:href="#pos_185" value="ART"/><!-- ⲡ -->
<feat xlink:href="#pos_186" value="N"/><!-- ⲙⲟⲟⲩ -->
<feat xlink:href="#pos_187" value="PREP"/><!-- ⲙⲛ -->
<feat xlink:href="#pos_188" value="ART"/><!-- ⲡⲉ -->
<feat xlink:href="#pos_189" value="N"/><!-- ⲥⲛⲟϥ -->
<feat xlink:href="#pos_190" value="CONJ"/><!-- ⲁⲩⲱ -->
<feat xlink:href="#pos_191" value="PDEM"/><!-- ⲡⲉⲓ -->
<feat xlink:href="#pos_192" value="N"/><!-- ϣⲟⲙⲧ -->
<feat xlink:href="#pos_193" value="NUM"/><!-- ⲟⲩⲁ -->
<feat xlink:href="#pos_194" value="COP"/><!-- ⲛⲉ -->
<feat xlink:href="#pos_195" value="CONJ"/><!-- ⲉϣϫⲉ -->
<feat xlink:href="#pos_196" value="N"/><!-- ⲧⲉⲛϫⲓ -->
<feat xlink:href="#pos_197" value="PREP"/><!-- ⲛ -->
<feat xlink:href="#pos_198" value="ART"/><!-- ⲧ -->
<feat xlink:href="#pos_199" value="N"/><!-- ⲙⲛⲧⲙⲛⲧⲣⲉ -->
<feat xlink:href="#pos_200" value="PREP"/><!-- ⲛ -->
<feat xlink:href="#pos_201" value="ART"/><!-- ⲛ -->
<feat xlink:href="#pos_202" value="N"/><!-- ⲣⲱⲙⲉ -->
<feat xlink:href="#pos_203" value="ART"/><!-- ⲧ -->
<feat xlink:href="#pos_204" value="N"/><!-- ⲙⲛⲧⲙⲛⲧⲣⲉ -->
<feat xlink:href="#pos_205" value="PREP"/><!-- ⲙ -->
<feat xlink:href="#pos_206" value="ART"/><!-- ⲡ -->
<feat xlink:href="#pos_207" value="N"/><!-- ⲛⲟⲩⲧⲉ -->
<feat xlink:href="#pos_208" value="FUT"/><!-- ⲛⲁ -->
<feat xlink:href="#pos_209" value="V"/><!-- ⲁⲁ -->
<feat xlink:href="#pos_210" value="PPERO"/><!-- ⲥ -->
<feat xlink:href="#pos_211" value="CONJ"/><!-- ϫⲉ -->
<feat xlink:href="#pos_212" value="PDEM"/><!-- ⲧⲁⲓ -->
<feat xlink:href="#pos_213" value="COP"/><!-- ⲧⲉ -->
<feat xlink:href="#pos_214" value="ART"/><!-- ⲧ -->
<feat xlink:href="#pos_215" value="N"/><!-- ⲙⲛⲧⲙⲛⲧⲣⲉ -->
<feat xlink:href="#pos_216" value="PREP"/><!-- ⲙ -->
<feat xlink:href="#pos_217" value="ART"/><!-- ⲡ -->
<feat xlink:href="#pos_218" value="N"/><!-- ⲛⲟⲩⲧⲉ -->
<feat xlink:href="#pos_219" value="CONJ"/><!-- ϫⲉ -->
<feat xlink:href="#pos_220" value="APST"/><!-- ⲁ -->
<feat xlink:href="#pos_221" value="PPERS"/><!-- ϥ -->
<feat xlink:href="#pos_222" value="V"/><!-- ⲣ -->
<feat xlink:href="#pos_223" value="N"/><!-- ⲙⲛⲧⲣⲉ -->
<feat xlink:href="#pos_224" value="PREP"/><!-- ϩⲁ -->
<feat xlink:href="#pos_225" value="PPOS"/><!-- ⲡⲉϥ -->
<feat xlink:href="#pos_226" value="N"/><!-- ϣⲏⲣⲉ -->
<feat xlink:href="#pos_227" value="ART"/><!-- ⲡ -->
<feat xlink:href="#pos_228" value="CREL"/><!-- ⲉⲧ -->
<feat xlink:href="#pos_229" value="V"/><!-- ⲡⲓⲥⲧⲉⲩⲉ -->
<feat xlink:href="#pos_230" value="PREP"/><!-- ⲉ -->
<feat xlink:href="#pos_231" value="ART"/><!-- ⲡ -->
<feat xlink:href="#pos_232" value="N"/><!-- ϣⲏⲣⲉ -->
<feat xlink:href="#pos_233" value="PREP"/><!-- ⲙ -->
<feat xlink:href="#pos_234" value="ART"/><!-- ⲡ -->
<feat xlink:href="#pos_235" value="N"/><!-- ⲛⲟⲩⲧⲉ -->
<feat xlink:href="#pos_236" value="EXIST"/><!-- ⲟⲩⲛⲧⲁ -->
<feat xlink:href="#pos_237" value="PPERO"/><!-- ϥ -->
<feat xlink:href="#pos_238" value="PREP"/><!-- ⲙⲙⲟ -->
<feat xlink:href="#pos_239" value="PPERO"/><!-- ⲟⲩ -->
<feat xlink:href="#pos_240" value="PREP"/><!-- ⲛ -->
<feat xlink:href="#pos_241" value="ART"/><!-- ⲧ -->
<feat xlink:href="#pos_242" value="N"/><!-- ⲙⲛⲧⲙⲛⲧⲣⲉ -->
<feat xlink:href="#pos_243" value="ADV"/><!-- ϩⲣⲁⲓ -->
<feat xlink:href="#pos_244" value="PREP"/><!-- ⲛϩⲏⲧ -->
<feat xlink:href="#pos_245" value="PPERO"/><!-- ϥ -->
<feat xlink:href="#pos_246" value="N"/><!-- ⲡⲉⲧⲉ -->
<feat xlink:href="#pos_247" value="ACONJ"/><!-- ⲛ -->
<feat xlink:href="#pos_248" value="PPERS"/><!-- ϥ -->
<feat xlink:href="#pos_249" value="V"/><!-- ⲡⲓⲥⲧⲉⲩⲉ -->
<feat xlink:href="#pos_250" value="NEG"/><!-- ⲁⲛ -->
<feat xlink:href="#pos_251" value="PREP"/><!-- ⲉ -->
<feat xlink:href="#pos_252" value="ART"/><!-- ⲡ -->
<feat xlink:href="#pos_253" value="N"/><!-- ϣⲏⲣⲉ -->
<feat xlink:href="#pos_254" value="PREP"/><!-- ⲙ -->
<feat xlink:href="#pos_255" value="ART"/><!-- ⲡ -->
<feat xlink:href="#pos_256" value="N"/><!-- ⲛⲟⲩⲧⲉ -->
<feat xlink:href="#pos_257" value="AOPT_PPERS"/><!-- ⲉϥⲉ -->
<feat xlink:href="#pos_258" value="V"/><!-- ⲓⲣⲉ -->
<feat xlink:href="#pos_259" value="PREP"/><!-- ⲙ -->
<feat xlink:href="#pos_260" value="ART"/><!-- ⲡ -->
<feat xlink:href="#pos_261" value="N"/><!-- ⲛⲟⲩⲧⲉ -->
<feat xlink:href="#pos_262" value="V"/><!-- ⲛⲣⲉϥϫⲓ -->
<feat xlink:href="#pos_263" value="N"/><!-- ϭⲟⲗ -->
<feat xlink:href="#pos_264" value="CONJ"/><!-- ϫⲉ -->
<feat xlink:href="#pos_265" value="ANEGPST"/><!-- ⲙⲡⲉ -->
<feat xlink:href="#pos_266" value="PPERS"/><!-- ϥ -->
<feat xlink:href="#pos_267" value="V"/><!-- ⲡⲓⲥⲧⲉⲩⲉ -->
<feat xlink:href="#pos_268" value="PREP"/><!-- ⲉ -->
<feat xlink:href="#pos_269" value="ART"/><!-- ⲧ -->
<feat xlink:href="#pos_270" value="N"/><!-- ⲙⲛⲧⲙⲛⲧⲣⲉ -->
<feat xlink:href="#pos_271" value="CREL"/><!-- ⲛⲧ -->
<feat xlink:href="#pos_272" value="APST"/><!-- ⲁ -->
<feat xlink:href="#pos_273" value="ART"/><!-- ⲡ -->
<feat xlink:href="#pos_274" value="N"/><!-- ⲛⲟⲩⲧⲉ -->
<feat xlink:href="#pos_275" value="V"/><!-- ⲉⲣ -->
<feat xlink:href="#pos_276" value="N"/><!-- ⲙⲛⲧⲣⲉ -->
<feat xlink:href="#pos_277" value="PREP"/><!-- ⲙⲙⲟ -->
<feat xlink:href="#pos_278" value="PPERO"/><!-- ⲥ -->
<feat xlink:href="#pos_279" value="PREP"/><!-- ϩⲁ -->
<feat xlink:href="#pos_280" value="PPOS"/><!-- ⲡⲉϥ -->
<feat xlink:href="#pos_281" value="N"/><!-- ϣⲏⲣⲉ -->
<feat xlink:href="#pos_282" value="CONJ"/><!-- ⲁⲩⲱ -->
<feat xlink:href="#pos_283" value="PDEM"/><!-- ⲧⲁⲓ -->
<feat xlink:href="#pos_284" value="COP"/><!-- ⲧⲉ -->
<feat xlink:href="#pos_285" value="ART"/><!-- ⲧ -->
<feat xlink:href="#pos_286" value="N"/><!-- ⲙⲛⲧⲙⲛⲧⲣⲉ -->
<feat xlink:href="#pos_287" value="CONJ"/><!-- ϫⲉ -->
<feat xlink:href="#pos_288" value="N"/><!-- ⲁⲡⲛⲟⲩⲧⲉ -->
<feat xlink:href="#pos_289" value="V"/><!-- ϯ -->
<feat xlink:href="#pos_290" value="PREP"/><!-- ⲛⲁ -->
<feat xlink:href="#pos_291" value="PPERO"/><!-- ⲛ -->
<feat xlink:href="#pos_292" value="PREP"/><!-- ⲛ -->
<feat xlink:href="#pos_293" value="ART"/><!-- ⲟⲩ -->
<feat xlink:href="#pos_294" value="N"/><!-- ⲱⲛϩ -->
<feat xlink:href="#pos_295" value="ADV"/><!-- ⲛϣⲁ -->
<feat xlink:href="#pos_296" value="ADV"/><!-- ⲉⲛⲉϩ -->
<feat xlink:href="#pos_297" value="CONJ"/><!-- ⲁⲩⲱ -->
<feat xlink:href="#pos_298" value="PDEM"/><!-- ⲡⲉⲓ -->
<feat xlink:href="#pos_299" value="N"/><!-- ⲱⲛϩ -->
<feat xlink:href="#pos_300" value="CCIRC"/><!-- ⲉ -->
<feat xlink:href="#pos_301" value="PPERS"/><!-- ϥ -->
<feat xlink:href="#pos_302" value="VSTAT"/><!-- ϣⲟⲟⲡ -->
<feat xlink:href="#pos_303" value="PREP"/><!-- ϩⲙ -->
<feat xlink:href="#pos_304" value="PPOS"/><!-- ⲡⲉϥ -->
<feat xlink:href="#pos_305" value="N"/><!-- ϣⲏⲣⲉ -->
<feat xlink:href="#pos_306" value="N"/><!-- ⲡⲉⲧⲉ -->
<feat xlink:href="#pos_307" value="EXIST"/><!-- ⲟⲩⲛⲧⲁ -->
<feat xlink:href="#pos_308" value="PPERO"/><!-- ϥ -->
<feat xlink:href="#pos_309" value="PREP"/><!-- ⲙⲙⲟ -->
<feat xlink:href="#pos_310" value="PPERO"/><!-- ⲟⲩ -->
<feat xlink:href="#pos_311" value="PREP"/><!-- ⲙ -->
<feat xlink:href="#pos_312" value="ART"/><!-- ⲡ -->
<feat xlink:href="#pos_313" value="N"/><!-- ϣⲏⲣⲉ -->
<feat xlink:href="#pos_314" value="EXIST"/><!-- ⲟⲩⲛⲧⲁ -->
<feat xlink:href="#pos_315" value="PPERO"/><!-- ϥ -->
<feat xlink:href="#pos_316" value="ADV"/><!-- ⲙⲙⲁⲩ -->
<feat xlink:href="#pos_317" value="PREP"/><!-- ⲙ -->
<feat xlink:href="#pos_318" value="ART"/><!-- ⲡ -->
<feat xlink:href="#pos_319" value="N"/><!-- ⲱⲛϩ -->
<feat xlink:href="#pos_320" value="V"/><!-- ⲡⲉⲧⲉ -->
<feat xlink:href="#pos_321" value="PREP"/><!-- ⲙⲛ -->
<feat xlink:href="#pos_322" value="ART"/><!-- ⲧ -->
<feat xlink:href="#pos_323" value="N"/><!-- ⲁϥ -->
<feat xlink:href="#pos_324" value="PREP"/><!-- ⲙⲙⲟ -->
<feat xlink:href="#pos_325" value="PPERO"/><!-- ⲟⲩ -->
<feat xlink:href="#pos_326" value="PREP"/><!-- ⲙ -->
<feat xlink:href="#pos_327" value="ART"/><!-- ⲡ -->
<feat xlink:href="#pos_328" value="N"/><!-- ϣⲏⲣⲉ -->
<feat xlink:href="#pos_329" value="PREP"/><!-- ⲙ -->
<feat xlink:href="#pos_330" value="ART"/><!-- ⲡ -->
<feat xlink:href="#pos_331" value="N"/><!-- ⲛⲟⲩⲧⲉ -->
<feat xlink:href="#pos_332" value="PREP"/><!-- ⲙⲛ -->
<feat xlink:href="#pos_333" value="ART"/><!-- ⲧ -->
<feat xlink:href="#pos_334" value="N"/><!-- ⲁϥ -->
<feat xlink:href="#pos_335" value="PREP"/><!-- ⲙⲙⲟ -->
<feat xlink:href="#pos_336" value="PPERO"/><!-- ⲟⲩ -->
<feat xlink:href="#pos_337" value="PREP"/><!-- ⲙ -->
<feat xlink:href="#pos_338" value="ART"/><!-- ⲡ -->
<feat xlink:href="#pos_339" value="N"/><!-- ⲱⲛϩ -->
<feat xlink:href="#pos_340" value="PDEM"/><!-- ⲛⲁⲓ -->
<feat xlink:href="#pos_341" value="CREL"/><!-- ⲛⲧ -->
<feat xlink:href="#pos_342" value="APST"/><!-- ⲁ -->
<feat xlink:href="#pos_343" value="PPERS"/><!-- ⲓ -->
<feat xlink:href="#pos_344" value="V"/><!-- ⲥϩⲁⲓ -->
<feat xlink:href="#pos_345" value="PPERO"/><!-- ⲥⲟⲩ -->
<feat xlink:href="#pos_346" value="PREP"/><!-- ⲛⲏ -->
<feat xlink:href="#pos_347" value="PPERO"/><!-- ⲧⲛ -->
<feat xlink:href="#pos_348" value="CONJ"/><!-- ϫⲉⲕⲁⲁⲥ -->
<feat xlink:href="#pos_349" value="PREP"/><!-- ⲉ -->
<feat xlink:href="#pos_350" value="ART"/><!-- ⲧ -->
<feat xlink:href="#pos_351" value="CREL"/><!-- ⲉⲧ -->
<feat xlink:href="#pos_352" value="FUT"/><!-- ⲛⲁ -->
<feat xlink:href="#pos_353" value="V"/><!-- ⲉⲓⲙⲉ -->
<feat xlink:href="#pos_354" value="CONJ"/><!-- ϫⲉ -->
<feat xlink:href="#pos_355" value="V"/><!-- ⲟⲩⲛⲧⲏⲧⲛ -->
<feat xlink:href="#pos_356" value="ADV"/><!-- ⲙⲙⲁⲩ -->
<feat xlink:href="#pos_357" value="PREP"/><!-- ⲙ -->
<feat xlink:href="#pos_358" value="ART"/><!-- ⲡ -->
<feat xlink:href="#pos_359" value="N"/><!-- ⲱⲛϩ -->
<feat xlink:href="#pos_360" value="PREP"/><!-- ϣⲁ -->
<feat xlink:href="#pos_361" value="N"/><!-- ⲉⲛⲉϩ -->
<feat xlink:href="#pos_362" value="ART"/><!-- ⲛ -->
<feat xlink:href="#pos_363" value="CREL"/><!-- ⲉⲧ -->
<feat xlink:href="#pos_364" value="V"/><!-- ⲡⲓⲥⲧⲉⲩⲉ -->
<feat xlink:href="#pos_365" value="PREP"/><!-- ⲉ -->
<feat xlink:href="#pos_366" value="ART"/><!-- ⲡ -->
<feat xlink:href="#pos_367" value="N"/><!-- ⲣⲁⲛ -->
<feat xlink:href="#pos_368" value="PREP"/><!-- ⲙ -->
<feat xlink:href="#pos_369" value="ART"/><!-- ⲡ -->
<feat xlink:href="#pos_370" value="N"/><!-- ϣⲏⲣⲉ -->
<feat xlink:href="#pos_371" value="PREP"/><!-- ⲙ -->
<feat xlink:href="#pos_372" value="ART"/><!-- ⲡ -->
<feat xlink:href="#pos_373" value="N"/><!-- ⲛⲟⲩⲧⲉ -->
<feat xlink:href="#pos_374" value="CONJ"/><!-- ⲁⲩⲱ -->
<feat xlink:href="#pos_375" value="PDEM"/><!-- ⲧⲁⲓ -->
<feat xlink:href="#pos_376" value="ART"/><!-- ⲧⲉ -->
<feat xlink:href="#pos_377" value="N"/><!-- ⲧⲡⲡⲁⲣϩⲟⲩⲥⲓⲁ -->
<feat xlink:href="#pos_378" value="CREL"/><!-- ⲉⲧⲉ -->
<feat xlink:href="#pos_379" value="V"/><!-- ⲟⲩⲛⲧⲁⲛⲥ -->
<feat xlink:href="#pos_380" value="ADV"/><!-- ⲉϩⲟⲩⲛ -->
<feat xlink:href="#pos_381" value="PREP"/><!-- ⲉⲣⲟ -->
<feat xlink:href="#pos_382" value="PPERO"/><!-- ϥ -->
<feat xlink:href="#pos_383" value="CONJ"/><!-- ϫⲉ -->
<feat xlink:href="#pos_384" value="V"/><!-- ⲡⲉⲧⲉⲛⲛⲁⲓⲧⲉⲓ -->
<feat xlink:href="#pos_385" value="PREP"/><!-- ⲙⲙⲟ -->
<feat xlink:href="#pos_386" value="PPERO"/><!-- ϥ -->
<feat xlink:href="#pos_387" value="PREP"/><!-- ⲕⲁⲧⲁ -->
<feat xlink:href="#pos_388" value="PPOS"/><!-- ⲡⲉϥ -->
<feat xlink:href="#pos_389" value="N"/><!-- ⲟⲩⲱϣ -->
<feat xlink:href="#pos_390" value="PPERS"/><!-- ϥ -->
<feat xlink:href="#pos_391" value="FUT"/><!-- ⲛⲁ -->
<feat xlink:href="#pos_392" value="V"/><!-- ⲥⲱⲧⲙ -->
<feat xlink:href="#pos_393" value="PREP"/><!-- ⲉⲣⲟ -->
<feat xlink:href="#pos_394" value="PPERO"/><!-- ⲛ -->
<feat xlink:href="#pos_395" value="CONJ"/><!-- ⲁⲩⲱ -->
<feat xlink:href="#pos_396" value="CONJ"/><!-- ⲉϣϫⲉ -->
<feat xlink:href="#pos_397" value="PPOS"/><!-- ⲧⲉⲛ -->
<feat xlink:href="#pos_398" value="N"/><!-- ⲥⲟⲟⲩⲛ -->
<feat xlink:href="#pos_399" value="CONJ"/><!-- ϫⲉ -->
<feat xlink:href="#pos_400" value="PPERS"/><!-- ϥ -->
<feat xlink:href="#pos_401" value="V"/><!-- ⲥⲱⲧⲙ -->
<feat xlink:href="#pos_402" value="PREP"/><!-- ⲉⲣⲟ -->
<feat xlink:href="#pos_403" value="PPERO"/><!-- ⲛ -->
<feat xlink:href="#pos_404" value="PREP"/><!-- ϩⲙ -->
<feat xlink:href="#pos_405" value="V"/><!-- ⲡⲉⲧⲉⲛⲛⲁⲓⲧⲉⲓ -->
<feat xlink:href="#pos_406" value="PREP"/><!-- ⲙⲙⲟ -->
<feat xlink:href="#pos_407" value="PPERO"/><!-- ϥ -->
<feat xlink:href="#pos_408" value="PPERS"/><!-- ⲧⲛ -->
<feat xlink:href="#pos_409" value="V"/><!-- ⲥⲟⲟⲩⲛ -->
<feat xlink:href="#pos_410" value="CONJ"/><!-- ϫⲉ -->
<feat xlink:href="#pos_411" value="EXIST"/><!-- ⲟⲩⲛⲧⲁ -->
<feat xlink:href="#pos_412" value="PPERO"/><!-- ⲛ -->
<feat xlink:href="#pos_413" value="PREP"/><!-- ⲙⲙⲟ -->
<feat xlink:href="#pos_414" value="ART"/><!-- ⲟⲩ -->
<feat xlink:href="#pos_415" value="N"/><!-- ⲛⲛⲉⲛⲏⲇⲏⲙⲁ -->
<feat xlink:href="#pos_416" value="CREL"/><!-- ⲛⲧ -->
<feat xlink:href="#pos_417" value="APST"/><!-- ⲁ -->
<feat xlink:href="#pos_418" value="PPERS"/><!-- ⲛ -->
<feat xlink:href="#pos_419" value="V"/><!-- ⲁⲓⲧⲉⲓ -->
<feat xlink:href="#pos_420" value="PREP"/><!-- ⲙⲙⲟ -->
<feat xlink:href="#pos_421" value="PPERO"/><!-- ⲟⲩ -->
<feat xlink:href="#pos_422" value="ADV"/><!-- ⲉⲃⲟⲗ -->
<feat xlink:href="#pos_423" value="PREP"/><!-- ϩⲓⲧⲟⲟⲧ -->
<feat xlink:href="#pos_424" value="PPERO"/><!-- ϥ -->
<feat xlink:href="#pos_425" value="CONJ"/><!-- ⲉϣⲱⲡⲉ -->
<feat xlink:href="#pos_426" value="V"/><!-- ⲉⲣⲉϣⲁⲛⲛⲟⲩⲁ -->
<feat xlink:href="#pos_427" value="PREP"/><!-- ⲛⲁ -->
<feat xlink:href="#pos_428" value="PPERO"/><!-- ⲩ -->
<feat xlink:href="#pos_429" value="PREP"/><!-- ⲉ -->
<feat xlink:href="#pos_430" value="PPOS"/><!-- ⲡⲉϥ -->
<feat xlink:href="#pos_431" value="N"/><!-- ⲥⲟⲛ -->
<feat xlink:href="#pos_432" value="CCIRC"/><!-- ⲉ -->
<feat xlink:href="#pos_433" value="PPERS"/><!-- ϥ -->
<feat xlink:href="#pos_434" value="V"/><!-- ⲣ -->
<feat xlink:href="#pos_435" value="N"/><!-- ⲛⲟⲃⲉ -->
<feat xlink:href="#pos_436" value="PREP"/><!-- ⲛ -->
<feat xlink:href="#pos_437" value="ART"/><!-- ⲟⲩ -->
<feat xlink:href="#pos_438" value="N"/><!-- ⲛⲟⲃⲉ -->
<feat xlink:href="#pos_439" value="NEG"/><!-- ⲁⲛ -->
<feat xlink:href="#pos_440" value="CFOC"/><!-- ⲉ -->
<feat xlink:href="#pos_441" value="PPERS"/><!-- ϥ -->
<feat xlink:href="#pos_442" value="V"/><!-- ϫⲓ -->
<feat xlink:href="#pos_443" value="ADV"/><!-- ⲉϩⲟⲩⲛ -->
<feat xlink:href="#pos_444" value="PREP"/><!-- ⲉ -->
<feat xlink:href="#pos_445" value="ART"/><!-- ⲡ -->
<feat xlink:href="#pos_446" value="N"/><!-- ⲙⲟⲩ -->
<feat xlink:href="#pos_447" value="AJUS"/><!-- ⲙⲁⲣⲉ -->
<feat xlink:href="#pos_448" value="PPERS"/><!-- ϥ -->
<feat xlink:href="#pos_449" value="V"/><!-- ⲁⲓⲧⲉⲓ -->
<feat xlink:href="#pos_450" value="N"/><!-- ⲛⲥⲉϯ -->
<feat xlink:href="#pos_451" value="PREP"/><!-- ⲛⲁ -->
<feat xlink:href="#pos_452" value="PPERO"/><!-- ϥ -->
<feat xlink:href="#pos_453" value="PREP"/><!-- ⲛ -->
<feat xlink:href="#pos_454" value="ART"/><!-- ⲛ -->
<feat xlink:href="#pos_455" value="V"/><!-- ⲟⲩⲱⲛϩ -->
<feat xlink:href="#pos_456" value="N"/><!-- ⲛⲛⲉⲧⲉ -->
<feat xlink:href="#pos_457" value="V"/><!-- ⲛⲥⲉⲉⲣ -->
<feat xlink:href="#pos_458" value="N"/><!-- ⲛⲟⲃⲉ -->
<feat xlink:href="#pos_459" value="NEG"/><!-- ⲁⲛ -->
<feat xlink:href="#pos_460" value="CFOC"/><!-- ⲉ -->
<feat xlink:href="#pos_461" value="PPERS"/><!-- ϥ -->
<feat xlink:href="#pos_462" value="V"/><!-- ϫⲓ -->
<feat xlink:href="#pos_463" value="ADV"/><!-- ⲉϩⲟⲩⲛ -->
<feat xlink:href="#pos_464" value="PREP"/><!-- ⲉ -->
<feat xlink:href="#pos_465" value="ART"/><!-- ⲡ -->
<feat xlink:href="#pos_466" value="N"/><!-- ⲙⲟⲩ -->
<feat xlink:href="#pos_467" value="EXIST"/><!-- ⲟⲩⲛ -->
<feat xlink:href="#pos_468" value="N"/><!-- ⲛⲟⲃⲉ -->
<feat xlink:href="#pos_469" value="CCIRC"/><!-- ⲉ -->
<feat xlink:href="#pos_470" value="PPERS"/><!-- ϥ -->
<feat xlink:href="#pos_471" value="V"/><!-- ϫⲓ -->
<feat xlink:href="#pos_472" value="ADV"/><!-- ⲉϩⲟⲩⲛ -->
<feat xlink:href="#pos_473" value="PREP"/><!-- ⲉ -->
<feat xlink:href="#pos_474" value="ART"/><!-- ⲡ -->
<feat xlink:href="#pos_475" value="N"/><!-- ⲙⲟⲩ -->
<feat xlink:href="#pos_476" value="PREP"/><!-- ⲛ -->
<feat xlink:href="#pos_477" value="PDEM"/><!-- ⲛⲉⲓ -->
<feat xlink:href="#pos_478" value="V"/><!-- ϫⲱ -->
<feat xlink:href="#pos_479" value="PREP"/><!-- ⲙⲙⲟ -->
<feat xlink:href="#pos_480" value="PPERO"/><!-- ⲥ -->
<feat xlink:href="#pos_481" value="NEG"/><!-- ⲁⲛ -->
<feat xlink:href="#pos_482" value="CONJ"/><!-- ϫⲉ -->
<feat xlink:href="#pos_483" value="AOPT_PPERS"/><!-- ⲉϥⲉ -->
<feat xlink:href="#pos_484" value="V"/><!-- ⲥⲟⲡⲥ -->
<feat xlink:href="#pos_485" value="PREP"/><!-- ⲉⲧⲃⲉ -->
<feat xlink:href="#pos_486" value="ART"/><!-- ⲡ -->
<feat xlink:href="#pos_487" value="CREL"/><!-- ⲉⲧ -->
<feat xlink:href="#pos_488" value="ADV"/><!-- ⲙⲙⲁⲩ -->
<feat xlink:href="#pos_489" value="V"/><!-- ϫⲓ -->
<feat xlink:href="#pos_490" value="PREP"/><!-- ⲛ -->
<feat xlink:href="#pos_491" value="N"/><!-- ϭⲟⲛⲥ -->
<feat xlink:href="#pos_492" value="PINT"/><!-- ⲛⲓⲙ -->
<feat xlink:href="#pos_493" value="ART"/><!-- ⲟⲩ -->
<feat xlink:href="#pos_494" value="N"/><!-- ⲛⲟⲃⲉ -->
<feat xlink:href="#pos_495" value="COP"/><!-- ⲡⲉ -->
<feat xlink:href="#pos_496" value="CONJ"/><!-- ⲁⲩⲱ -->
<feat xlink:href="#pos_497" value="ART"/><!-- ⲟⲩ -->
<feat xlink:href="#pos_498" value="N"/><!-- ⲛⲟⲃⲉ -->
<feat xlink:href="#pos_499" value="COP"/><!-- ⲡⲉ -->
<feat xlink:href="#pos_500" value="CCIRC"/><!-- ⲉ -->
<feat xlink:href="#pos_501" value="PPERS"/><!-- ϥ -->
<feat xlink:href="#pos_502" value="V"/><!-- ϫⲓ -->
<feat xlink:href="#pos_503" value="ADV"/><!-- ⲉϩⲟⲩⲛ -->
<feat xlink:href="#pos_504" value="PREP"/><!-- ⲉ -->
<feat xlink:href="#pos_505" value="ART"/><!-- ⲡ -->
<feat xlink:href="#pos_506" value="N"/><!-- ⲙⲟⲩ -->
<feat xlink:href="#pos_507" value="PPERS"/><!-- ⲧⲛ -->
<feat xlink:href="#pos_508" value="V"/><!-- ⲥⲟⲟⲩⲛ -->
<feat xlink:href="#pos_509" value="CONJ"/><!-- ϫⲉ -->
<feat xlink:href="#pos_510" value="N"/><!-- ⲟⲩⲟⲛ -->
<feat xlink:href="#pos_511" value="PINT"/><!-- ⲛⲓⲙ -->
<feat xlink:href="#pos_512" value="CREL"/><!-- ⲛⲧ -->
<feat xlink:href="#pos_513" value="APST"/><!-- ⲁ -->
<feat xlink:href="#pos_514" value="PPERS"/><!-- ⲩ -->
<feat xlink:href="#pos_515" value="V"/><!-- ϫⲡⲟ -->
<feat xlink:href="#pos_516" value="PPERO"/><!-- ϥ -->
<feat xlink:href="#pos_517" value="ADV"/><!-- ⲉⲃⲟⲗ -->
<feat xlink:href="#pos_518" value="PREP"/><!-- ϩⲙ -->
<feat xlink:href="#pos_519" value="ART"/><!-- ⲡ -->
<feat xlink:href="#pos_520" value="N"/><!-- ⲛⲟⲩⲧⲉ -->
<feat xlink:href="#pos_521" value="ANEGAOR"/><!-- ⲙⲉ -->
<feat xlink:href="#pos_522" value="PPERS"/><!-- ϥ -->
<feat xlink:href="#pos_523" value="V"/><!-- ⲣ -->
<feat xlink:href="#pos_524" value="N"/><!-- ⲛⲟⲃⲉ -->
<feat xlink:href="#pos_525" value="CONJ"/><!-- ⲁⲗⲗⲁ -->
<feat xlink:href="#pos_526" value="ART"/><!-- ⲡ -->
<feat xlink:href="#pos_527" value="CREL"/><!-- ⲉⲛⲧ -->
<feat xlink:href="#pos_528" value="APST"/><!-- ⲁ -->
<feat xlink:href="#pos_529" value="PPERS"/><!-- ⲩ -->
<feat xlink:href="#pos_530" value="V"/><!-- ϫⲡⲟ -->
<feat xlink:href="#pos_531" value="PPERO"/><!-- ϥ -->
<feat xlink:href="#pos_532" value="ADV"/><!-- ⲉⲃⲟⲗ -->
<feat xlink:href="#pos_533" value="PREP"/><!-- ϩⲙ -->
<feat xlink:href="#pos_534" value="ART"/><!-- ⲡ -->
<feat xlink:href="#pos_535" value="N"/><!-- ⲛⲟⲩⲧⲉ -->
<feat xlink:href="#pos_536" value="AAOR"/><!-- ϣⲁ -->
<feat xlink:href="#pos_537" value="PPERS"/><!-- ϥ -->
<feat xlink:href="#pos_538" value="V"/><!-- ϩⲁⲣⲉϩ -->
<feat xlink:href="#pos_539" value="PREP"/><!-- ⲉⲣⲟ -->
<feat xlink:href="#pos_540" value="PPERO"/><!-- ϥ -->
<feat xlink:href="#pos_541" value="CONJ"/><!-- ⲁⲩⲱ -->
<feat xlink:href="#pos_542" value="N"/><!-- ⲙⲉⲣⲉⲡⲡⲟⲛⲏⲣⲟⲥ -->
<feat xlink:href="#pos_543" value="V"/><!-- ϫⲱϩ -->
<feat xlink:href="#pos_544" value="PREP"/><!-- ⲉⲣⲟ -->
<feat xlink:href="#pos_545" value="PPERO"/><!-- ϥ -->
<feat xlink:href="#pos_546" value="PPOS"/><!-- ⲧⲉⲛ -->
<feat xlink:href="#pos_547" value="N"/><!-- ⲥⲟⲟⲩⲛ -->
<feat xlink:href="#pos_548" value="CONJ"/><!-- ϫⲉ -->
<feat xlink:href="#pos_549" value="PPERI"/><!-- ⲁⲛⲟⲛ -->
<feat xlink:href="#pos_550" value="ART"/><!-- ϩⲉⲛ -->
<feat xlink:href="#pos_551" value="N"/><!-- ⲃⲟⲗ -->
<feat xlink:href="#pos_552" value="PREP"/><!-- ϩⲙ -->
<feat xlink:href="#pos_553" value="ART"/><!-- ⲡ -->
<feat xlink:href="#pos_554" value="N"/><!-- ⲛⲟⲩⲧⲉ -->
<feat xlink:href="#pos_555" value="CONJ"/><!-- ⲁⲩⲱ -->
<feat xlink:href="#pos_556" value="ART"/><!-- ⲡ -->
<feat xlink:href="#pos_557" value="N"/><!-- ⲕⲟⲥⲙⲟⲥ -->
<feat xlink:href="#pos_558" value="N"/><!-- ⲧⲏⲣϥ -->
<feat xlink:href="#pos_559" value="CCIRC"/><!-- ⲉ -->
<feat xlink:href="#pos_560" value="PPERS"/><!-- ϥ -->
<feat xlink:href="#pos_561" value="VSTAT"/><!-- ⲕⲏ -->
<feat xlink:href="#pos_562" value="PREP"/><!-- ϩⲙ -->
<feat xlink:href="#pos_563" value="N"/><!-- ⲡⲟⲛⲏⲣⲟⲥ -->
<feat xlink:href="#pos_564" value="CONJ"/><!-- ⲁⲩⲱ -->
<feat xlink:href="#pos_565" value="PPOS"/><!-- ⲧⲉⲛ -->
<feat xlink:href="#pos_566" value="N"/><!-- ⲥⲟⲟⲩⲛ -->
<feat xlink:href="#pos_567" value="CONJ"/><!-- ϫⲉ -->
<feat xlink:href="#pos_568" value="N"/><!-- ⲁⲡϣⲏⲣⲉ -->
<feat xlink:href="#pos_569" value="PREP"/><!-- ⲙ -->
<feat xlink:href="#pos_570" value="ART"/><!-- ⲡ -->
<feat xlink:href="#pos_571" value="N"/><!-- ⲛⲟⲩⲧⲉ -->
<feat xlink:href="#pos_572" value="PREP"/><!-- ⲉ -->
<feat xlink:href="#pos_573" value="PPERO"/><!-- ⲓ -->
<feat xlink:href="#pos_574" value="APST"/><!-- ⲁ -->
<feat xlink:href="#pos_575" value="PPERS"/><!-- ϥ -->
<feat xlink:href="#pos_576" value="V"/><!-- ϯ -->
<feat xlink:href="#pos_577" value="PREP"/><!-- ⲛⲁ -->
<feat xlink:href="#pos_578" value="PPERO"/><!-- ⲛ -->
<feat xlink:href="#pos_579" value="PREP"/><!-- ⲛ -->
<feat xlink:href="#pos_580" value="ART"/><!-- ⲟⲩ -->
<feat xlink:href="#pos_581" value="N"/><!-- ⲙⲛⲧⲣⲙⲛϩⲏⲧ -->
<feat xlink:href="#pos_582" value="CONJ"/><!-- ϫⲉ -->
<feat xlink:href="#pos_583" value="CFOC"/><!-- ⲉ -->
<feat xlink:href="#pos_584" value="ANEGOPT"/><!-- ⲛⲛⲉ -->
<feat xlink:href="#pos_585" value="PPERS"/><!-- ⲥ -->
<feat xlink:href="#pos_586" value="V"/><!-- ⲟⲩⲉⲛ -->
<feat xlink:href="#pos_587" value="ART"/><!-- ⲧ -->
<feat xlink:href="#pos_588" value="N"/><!-- ⲙⲉ -->
<feat xlink:href="#pos_589" value="CONJ"/><!-- ⲁⲩⲱ -->
<feat xlink:href="#pos_590" value="N"/><!-- ⲧⲉⲛϣⲟⲟⲡ -->
<feat xlink:href="#pos_591" value="PREP"/><!-- ϩⲙ -->
<feat xlink:href="#pos_592" value="ART"/><!-- ⲡ -->
<feat xlink:href="#pos_593" value="N"/><!-- ⲙⲉ -->
<feat xlink:href="#pos_594" value="ADV"/><!-- ϩⲣⲁⲓ -->
<feat xlink:href="#pos_595" value="PREP"/><!-- ϩⲙ -->
<feat xlink:href="#pos_596" value="PPOS"/><!-- ⲡⲉϥ -->
<feat xlink:href="#pos_597" value="N"/><!-- ϣⲏⲣⲉ -->
<feat xlink:href="#pos_598" value="NPROP"/><!-- ⲓⲏⲥⲟⲩⲥ -->
<feat xlink:href="#pos_599" value="ART"/><!-- ⲡⲉ -->
<feat xlink:href="#pos_600" value="N"/><!-- ⲭⲣⲓⲥⲧⲟⲥ -->
<feat xlink:href="#pos_601" value="PDEM"/><!-- ⲡⲁⲓ -->
<feat xlink:href="#pos_602" value="COP"/><!-- ⲡⲉ -->
<feat xlink:href="#pos_603" value="ART"/><!-- ⲡ -->
<feat xlink:href="#pos_604" value="N"/><!-- ⲛⲟⲩⲧⲉ -->
<feat xlink:href="#pos_605" value="PREP"/><!-- ⲙ -->
<feat xlink:href="#pos_606" value="N"/><!-- ⲙⲉ -->
<feat xlink:href="#pos_607" value="CONJ"/><!-- ⲁⲩⲱ -->
<feat xlink:href="#pos_608" value="ART"/><!-- ⲡ -->
<feat xlink:href="#pos_609" value="N"/><!-- ⲱⲛϩ -->
<feat xlink:href="#pos_610" value="PREP"/><!-- ϣⲁ -->
<feat xlink:href="#pos_611" value="N"/><!-- ⲉⲛⲉϩ -->
<feat xlink:href="#pos_612" value="PREP"/><!-- ⲛⲁ -->
<feat xlink:href="#pos_613" value="N"/><!-- ϣⲏⲣⲉ -->
<feat xlink:href="#pos_614" value="V"/><!-- ϩⲁⲣⲉϩ -->
<feat xlink:href="#pos_615" value="PREP"/><!-- ⲉⲣⲱ -->
<feat xlink:href="#pos_616" value="PPERO"/><!-- ⲧⲛ -->
<feat xlink:href="#pos_617" value="ADV"/><!-- ⲉⲃⲟⲗ -->
<feat xlink:href="#pos_618" value="N"/><!-- ⲏⲛ -->
<feat xlink:href="#pos_619" value="PREP"/><!-- ⲛ -->
<feat xlink:href="#pos_620" value="N"/><!-- ⲉⲓⲇⲱⲗⲟⲛ -->
<feat xlink:href="#pos_621" value="PUNCT"/><!-- . -->
</featList>
</paula>
