<?xml version="1.0" encoding="UTF-8" standalone="no"?>

<!DOCTYPE paula SYSTEM "paula_feat.dtd">
<paula version="1.0">

<header paula_id="sahidica.nt.1_John_5_verse"/>

<featList xmlns:xlink="http://www.w3.org/1999/xlink" type="verse" xml:base="sahidica.nt.1_John_5.verseSeg.xml">
<feat xlink:href="#verse_1" value="1 John 5:1"/><!-- ⲟⲩⲟⲛ...ϥ -->
<feat xlink:href="#verse_39" value="1 John 5:2"/><!-- ⲁⲩⲱ...ⲉⲛⲧⲟⲗⲏ -->
<feat xlink:href="#verse_63" value="1 John 5:3"/><!-- ⲧⲁⲓ...ⲁⲛ -->
<feat xlink:href="#verse_83" value="1 John 5:4"/><!-- ϫⲉ...ⲡⲓⲥⲧⲓⲥ -->
<feat xlink:href="#verse_113" value="1 John 5:5"/><!-- ⲛⲓⲙ...ⲛⲟⲩⲧⲉ -->
<feat xlink:href="#verse_134" value="1 John 5:6"/><!-- ⲡⲁⲓ...ⲙⲉ -->
<feat xlink:href="#verse_177" value="1 John 5:7"/><!-- ϫⲉ...ⲙⲛⲧⲣⲉ -->
<feat xlink:href="#verse_182" value="1 John 5:8"/><!-- ⲡⲉ...ⲛⲉ -->
<feat xlink:href="#verse_195" value="1 John 5:9"/><!-- ⲉϣϫⲉ...ϣⲏⲣⲉ -->
<feat xlink:href="#verse_227" value="1 John 5:10"/><!-- ⲡ...ϣⲏⲣⲉ -->
<feat xlink:href="#verse_282" value="1 John 5:11"/><!-- ⲁⲩⲱ...ϣⲏⲣⲉ -->
<feat xlink:href="#verse_306" value="1 John 5:12"/><!-- ⲡⲉⲧⲉ...ⲱⲛϩ -->
<feat xlink:href="#verse_340" value="1 John 5:13"/><!-- ⲛⲁⲓ...ⲛⲟⲩⲧⲉ -->
<feat xlink:href="#verse_374" value="1 John 5:14"/><!-- ⲁⲩⲱ...ⲛ -->
<feat xlink:href="#verse_395" value="1 John 5:15"/><!-- ⲁⲩⲱ...ϥ -->
<feat xlink:href="#verse_425" value="1 John 5:16"/><!-- ⲉϣⲱⲡⲉ...ⲙⲙⲁⲩ -->
<feat xlink:href="#verse_489" value="1 John 5:17"/><!-- ϫⲓ...ⲙⲟⲩ -->
<feat xlink:href="#verse_507" value="1 John 5:18"/><!-- ⲧⲛ...ϥ -->
<feat xlink:href="#verse_546" value="1 John 5:19"/><!-- ⲧⲉⲛ...ⲡⲟⲛⲏⲣⲟⲥ -->
<feat xlink:href="#verse_564" value="1 John 5:20"/><!-- ⲁⲩⲱ...ⲉⲛⲉϩ -->
<feat xlink:href="#verse_612" value="1 John 5:21"/><!-- ⲛⲁ.... -->
</featList>
</paula>
