<?xml version="1.0" encoding="UTF-8" standalone="no"?>

<!DOCTYPE paula SYSTEM "paula_feat.dtd">
<paula version="1.0">

<header paula_id="sahidica.nt.1_Corinthians_1_orig"/>

<featList xmlns:xlink="http://www.w3.org/1999/xlink" type="orig" xml:base="sahidica.nt.1_Corinthians_1.origSeg.xml">
<feat xlink:href="#orig_1" value="ⲡⲁⲩⲗⲟⲥ"/><!-- ⲡⲁⲩⲗⲟⲥ -->
<feat xlink:href="#orig_2" value="ⲡ"/><!-- ⲡ -->
<feat xlink:href="#orig_3" value="ⲁⲡⲟⲥⲧⲟⲗⲟⲥ"/><!-- ⲁⲡⲟⲥⲧⲟⲗⲟⲥ -->
<feat xlink:href="#orig_4" value="ⲉⲧ"/><!-- ⲉⲧ -->
<feat xlink:href="#orig_5" value="ⲧⲁϩⲙ"/><!-- ⲧⲁϩⲙ -->
<feat xlink:href="#orig_6" value="ⲙ"/><!-- ⲙ -->
<feat xlink:href="#orig_7" value="ⲡⲉ"/><!-- ⲡⲉ -->
<feat xlink:href="#orig_8" value="ⲭⲣⲓⲥⲧⲟⲥ"/><!-- ⲭⲣⲓⲥⲧⲟⲥ -->
<feat xlink:href="#orig_9" value="ⲓⲏⲥⲟⲩⲥ"/><!-- ⲓⲏⲥⲟⲩⲥ -->
<feat xlink:href="#orig_10" value="ϩⲓⲧⲙ"/><!-- ϩⲓⲧⲙ -->
<feat xlink:href="#orig_11" value="ⲡ"/><!-- ⲡ -->
<feat xlink:href="#orig_12" value="ⲟⲩⲱϣ"/><!-- ⲟⲩⲱϣ -->
<feat xlink:href="#orig_13" value="ⲙ"/><!-- ⲙ -->
<feat xlink:href="#orig_14" value="ⲡ"/><!-- ⲡ -->
<feat xlink:href="#orig_15" value="ⲛⲟⲩⲧⲉ"/><!-- ⲛⲟⲩⲧⲉ -->
<feat xlink:href="#orig_16" value="ⲙⲛ"/><!-- ⲙⲛ -->
<feat xlink:href="#orig_17" value="ⲥⲱⲥⲑⲉⲛⲏⲥ"/><!-- ⲥⲱⲥⲑⲉⲛⲏⲥ -->
<feat xlink:href="#orig_18" value="ⲡ"/><!-- ⲡ -->
<feat xlink:href="#orig_19" value="ⲥⲟⲛ"/><!-- ⲥⲟⲛ -->
<feat xlink:href="#orig_20" value="ⲉ"/><!-- ⲉ -->
<feat xlink:href="#orig_21" value="ⲩ"/><!-- ⲩ -->
<feat xlink:href="#orig_22" value="ⲥϩⲁⲓ"/><!-- ⲥϩⲁⲓ -->
<feat xlink:href="#orig_23" value="ⲛ"/><!-- ⲛ -->
<feat xlink:href="#orig_24" value="ⲧ"/><!-- ⲧ -->
<feat xlink:href="#orig_25" value="ⲉⲕⲕⲗⲏⲥⲓⲁ"/><!-- ⲉⲕⲕⲗⲏⲥⲓⲁ -->
<feat xlink:href="#orig_26" value="ⲙ"/><!-- ⲙ -->
<feat xlink:href="#orig_27" value="ⲡ"/><!-- ⲡ -->
<feat xlink:href="#orig_28" value="ⲛⲟⲩⲧⲉ"/><!-- ⲛⲟⲩⲧⲉ -->
<feat xlink:href="#orig_29" value="ⲧⲁⲓ"/><!-- ⲧⲁⲓ -->
<feat xlink:href="#orig_30" value="ⲉⲧ"/><!-- ⲉⲧ -->
<feat xlink:href="#orig_31" value="ϣⲟⲟⲡ"/><!-- ϣⲟⲟⲡ -->
<feat xlink:href="#orig_32" value="ϩⲛ"/><!-- ϩⲛ -->
<feat xlink:href="#orig_33" value="ⲕⲟⲣⲓⲛⲑⲟⲥ"/><!-- ⲕⲟⲣⲓⲛⲑⲟⲥ -->
<feat xlink:href="#orig_34" value="."/><!-- . -->
<feat xlink:href="#orig_35" value="ⲛ"/><!-- ⲛ -->
<feat xlink:href="#orig_36" value="ⲉⲧ"/><!-- ⲉⲧ -->
<feat xlink:href="#orig_37" value="ⲧⲃⲃⲏⲩ"/><!-- ⲧⲃⲃⲏⲩ -->
<feat xlink:href="#orig_38" value="ϩⲙ"/><!-- ϩⲙ -->
<feat xlink:href="#orig_39" value="ⲡⲉ"/><!-- ⲡⲉ -->
<feat xlink:href="#orig_40" value="ⲭⲣⲓⲥⲧⲟⲥ"/><!-- ⲭⲣⲓⲥⲧⲟⲥ -->
<feat xlink:href="#orig_41" value="ⲓⲏⲥⲟⲩⲥ"/><!-- ⲓⲏⲥⲟⲩⲥ -->
<feat xlink:href="#orig_42" value="ⲛ"/><!-- ⲛ -->
<feat xlink:href="#orig_43" value="ⲉⲧ"/><!-- ⲉⲧ -->
<feat xlink:href="#orig_44" value="ⲧⲁϩⲙ"/><!-- ⲧⲁϩⲙ -->
<feat xlink:href="#orig_45" value="ⲉⲧ"/><!-- ⲉⲧ -->
<feat xlink:href="#orig_46" value="ⲟⲩⲁⲁⲃ"/><!-- ⲟⲩⲁⲁⲃ -->
<feat xlink:href="#orig_47" value="."/><!-- . -->
<feat xlink:href="#orig_48" value="ⲙⲛ"/><!-- ⲙⲛ -->
<feat xlink:href="#orig_49" value="ⲟⲩⲟⲛ"/><!-- ⲟⲩⲟⲛ -->
<feat xlink:href="#orig_50" value="ⲛⲓⲙ"/><!-- ⲛⲓⲙ -->
<feat xlink:href="#orig_51" value="ⲉⲧ"/><!-- ⲉⲧ -->
<feat xlink:href="#orig_52" value="ⲉⲡⲓⲕⲁⲗⲉⲓ"/><!-- ⲉⲡⲓⲕⲁⲗⲉⲓ -->
<feat xlink:href="#orig_53" value="ⲙ"/><!-- ⲙ -->
<feat xlink:href="#orig_54" value="ⲡ"/><!-- ⲡ -->
<feat xlink:href="#orig_55" value="ⲣⲁⲛ"/><!-- ⲣⲁⲛ -->
<feat xlink:href="#orig_56" value="ⲙ"/><!-- ⲙ -->
<feat xlink:href="#orig_57" value="ⲡⲉⲛ"/><!-- ⲡⲉⲛ -->
<feat xlink:href="#orig_58" value="ϫⲟⲉⲓⲥ"/><!-- ϫⲟⲉⲓⲥ -->
<feat xlink:href="#orig_59" value="ⲓⲏⲥⲟⲩⲥ"/><!-- ⲓⲏⲥⲟⲩⲥ -->
<feat xlink:href="#orig_60" value="ⲡⲉ"/><!-- ⲡⲉ -->
<feat xlink:href="#orig_61" value="ⲭⲣⲓⲥⲧⲟⲥ"/><!-- ⲭⲣⲓⲥⲧⲟⲥ -->
<feat xlink:href="#orig_62" value="ϩⲙ"/><!-- ϩⲙ -->
<feat xlink:href="#orig_63" value="ⲙⲁ"/><!-- ⲙⲁ -->
<feat xlink:href="#orig_64" value="ⲛⲓⲙ"/><!-- ⲛⲓⲙ -->
<feat xlink:href="#orig_65" value="ⲛⲧⲁⲩ"/><!-- ⲛⲧⲁⲩ -->
<feat xlink:href="#orig_66" value="ⲛⲙⲙⲁ"/><!-- ⲛⲙⲙⲁ -->
<feat xlink:href="#orig_67" value="ⲛ"/><!-- ⲛ -->
<feat xlink:href="#orig_68" value="."/><!-- . -->
<feat xlink:href="#orig_69" value="ⲧⲉ"/><!-- ⲧⲉ -->
<feat xlink:href="#orig_70" value="ⲭⲁⲣⲓⲥ"/><!-- ⲭⲁⲣⲓⲥ -->
<feat xlink:href="#orig_71" value="ⲛⲏ"/><!-- ⲛⲏ -->
<feat xlink:href="#orig_72" value="ⲧⲛ"/><!-- ⲧⲛ -->
<feat xlink:href="#orig_73" value="ⲙⲛ"/><!-- ⲙⲛ -->
<feat xlink:href="#orig_74" value="ⲧ"/><!-- ⲧ -->
<feat xlink:href="#orig_75" value="ⲓⲣⲏⲛⲏ"/><!-- ⲓⲣⲏⲛⲏ -->
<feat xlink:href="#orig_76" value="ⲉⲃⲟⲗ"/><!-- ⲉⲃⲟⲗ -->
<feat xlink:href="#orig_77" value="ϩⲓⲧⲙ"/><!-- ϩⲓⲧⲙ -->
<feat xlink:href="#orig_78" value="ⲡ"/><!-- ⲡ -->
<feat xlink:href="#orig_79" value="ⲛⲟⲩⲧⲉ"/><!-- ⲛⲟⲩⲧⲉ -->
<feat xlink:href="#orig_80" value="ⲡⲉⲛ"/><!-- ⲡⲉⲛ -->
<feat xlink:href="#orig_81" value="ⲉⲓⲱⲧ"/><!-- ⲉⲓⲱⲧ -->
<feat xlink:href="#orig_82" value="ⲙⲛ"/><!-- ⲙⲛ -->
<feat xlink:href="#orig_83" value="ⲡⲉⲛ"/><!-- ⲡⲉⲛ -->
<feat xlink:href="#orig_84" value="ϫⲟⲉⲓⲥ"/><!-- ϫⲟⲉⲓⲥ -->
<feat xlink:href="#orig_85" value="ⲓⲏⲥⲟⲩⲥ"/><!-- ⲓⲏⲥⲟⲩⲥ -->
<feat xlink:href="#orig_86" value="ⲡⲉ"/><!-- ⲡⲉ -->
<feat xlink:href="#orig_87" value="ⲭⲣⲓⲥⲧⲟⲥ"/><!-- ⲭⲣⲓⲥⲧⲟⲥ -->
<feat xlink:href="#orig_88" value="."/><!-- . -->
<feat xlink:href="#orig_89" value="ϯ"/><!-- ϯ -->
<feat xlink:href="#orig_90" value="ϣⲡϩⲙⲟⲧ"/><!-- ϣⲡϩⲙⲟⲧ -->
<feat xlink:href="#orig_91" value="ⲛⲧⲙ"/><!-- ⲛⲧⲙ -->
<feat xlink:href="#orig_92" value="ⲡⲁ"/><!-- ⲡⲁ -->
<feat xlink:href="#orig_93" value="ⲛⲟⲩⲧⲉ"/><!-- ⲛⲟⲩⲧⲉ -->
<feat xlink:href="#orig_94" value="ⲛ"/><!-- ⲛ -->
<feat xlink:href="#orig_95" value="ⲟⲩⲟⲉⲓϣ"/><!-- ⲟⲩⲟⲉⲓϣ -->
<feat xlink:href="#orig_96" value="ⲛⲓⲙ"/><!-- ⲛⲓⲙ -->
<feat xlink:href="#orig_97" value="ϩⲁⲣⲱ"/><!-- ϩⲁⲣⲱ -->
<feat xlink:href="#orig_98" value="ⲧⲛ"/><!-- ⲧⲛ -->
<feat xlink:href="#orig_99" value="ⲉϩⲣⲁⲓ"/><!-- ⲉϩⲣⲁⲓ -->
<feat xlink:href="#orig_100" value="ⲉϫⲛ"/><!-- ⲉϫⲛ -->
<feat xlink:href="#orig_101" value="ⲧⲉ"/><!-- ⲧⲉ -->
<feat xlink:href="#orig_102" value="ⲭⲁⲣⲓⲥ"/><!-- ⲭⲁⲣⲓⲥ -->
<feat xlink:href="#orig_103" value="ⲙ"/><!-- ⲙ -->
<feat xlink:href="#orig_104" value="ⲡ"/><!-- ⲡ -->
<feat xlink:href="#orig_105" value="ⲛⲟⲩⲧⲉ"/><!-- ⲛⲟⲩⲧⲉ -->
<feat xlink:href="#orig_106" value="ⲧⲁⲓ"/><!-- ⲧⲁⲓ -->
<feat xlink:href="#orig_107" value="ⲉⲛⲧ"/><!-- ⲉⲛⲧ -->
<feat xlink:href="#orig_108" value="ⲁ"/><!-- ⲁ -->
<feat xlink:href="#orig_109" value="ⲩ"/><!-- ⲩ -->
<feat xlink:href="#orig_110" value="ⲧⲁⲁ"/><!-- ⲧⲁⲁ -->
<feat xlink:href="#orig_111" value="ⲥ"/><!-- ⲥ -->
<feat xlink:href="#orig_112" value="ⲛⲏ"/><!-- ⲛⲏ -->
<feat xlink:href="#orig_113" value="ⲧⲛ"/><!-- ⲧⲛ -->
<feat xlink:href="#orig_114" value="ϩⲙ"/><!-- ϩⲙ -->
<feat xlink:href="#orig_115" value="ⲡⲉ"/><!-- ⲡⲉ -->
<feat xlink:href="#orig_116" value="ⲭⲣⲓⲥⲧⲟⲥ"/><!-- ⲭⲣⲓⲥⲧⲟⲥ -->
<feat xlink:href="#orig_117" value="ⲓⲏⲥⲟⲩⲥ"/><!-- ⲓⲏⲥⲟⲩⲥ -->
<feat xlink:href="#orig_118" value="."/><!-- . -->
<feat xlink:href="#orig_119" value="ϫⲉ"/><!-- ϫⲉ -->
<feat xlink:href="#orig_120" value="ϩⲛ"/><!-- ϩⲛ -->
<feat xlink:href="#orig_121" value="ϩⲱⲃ"/><!-- ϩⲱⲃ -->
<feat xlink:href="#orig_122" value="ⲛⲓⲙ"/><!-- ⲛⲓⲙ -->
<feat xlink:href="#orig_123" value="ⲁ"/><!-- ⲁ -->
<feat xlink:href="#orig_124" value="ⲧⲉⲧⲛ"/><!-- ⲧⲉⲧⲛ -->
<feat xlink:href="#orig_125" value="ⲣⲣⲙⲙⲁⲟ"/><!-- ⲣⲣⲙⲙⲁⲟ -->
<feat xlink:href="#orig_126" value="ⲛϩⲏⲧ"/><!-- ⲛϩⲏⲧ -->
<feat xlink:href="#orig_127" value="ϥ"/><!-- ϥ -->
<feat xlink:href="#orig_128" value="."/><!-- . -->
<feat xlink:href="#orig_129" value="ϩⲛ"/><!-- ϩⲛ -->
<feat xlink:href="#orig_130" value="ϣⲁϫⲉ"/><!-- ϣⲁϫⲉ -->
<feat xlink:href="#orig_131" value="ⲛⲓⲙ"/><!-- ⲛⲓⲙ -->
<feat xlink:href="#orig_132" value="ⲙⲛ"/><!-- ⲙⲛ -->
<feat xlink:href="#orig_133" value="ⲥⲟⲟⲩⲛ"/><!-- ⲥⲟⲟⲩⲛ -->
<feat xlink:href="#orig_134" value="ⲛⲓⲙ"/><!-- ⲛⲓⲙ -->
<feat xlink:href="#orig_135" value="ⲕⲁⲧⲁ"/><!-- ⲕⲁⲧⲁ -->
<feat xlink:href="#orig_136" value="ⲧ"/><!-- ⲧ -->
<feat xlink:href="#orig_137" value="ϩⲉ"/><!-- ϩⲉ -->
<feat xlink:href="#orig_138" value="ⲉⲛⲧⲁ"/><!-- ⲉⲛⲧⲁ -->
<feat xlink:href="#orig_139" value="ⲧ"/><!-- ⲧ -->
<feat xlink:href="#orig_140" value="ⲙⲛⲧⲙⲛⲧⲣⲉ"/><!-- ⲙⲛⲧⲙⲛⲧⲣⲉ -->
<feat xlink:href="#orig_141" value="ⲙ"/><!-- ⲙ -->
<feat xlink:href="#orig_142" value="ⲡ"/><!-- ⲡ -->
<feat xlink:href="#orig_143" value="ⲛⲟⲩⲧⲉ"/><!-- ⲛⲟⲩⲧⲉ -->
<feat xlink:href="#orig_144" value="ⲧⲁϫⲣⲟ"/><!-- ⲧⲁϫⲣⲟ -->
<feat xlink:href="#orig_145" value="ⲛϩⲏⲧ"/><!-- ⲛϩⲏⲧ -->
<feat xlink:href="#orig_146" value="ⲧⲏⲩⲧⲛ"/><!-- ⲧⲏⲩⲧⲛ -->
<feat xlink:href="#orig_147" value="."/><!-- . -->
<feat xlink:href="#orig_148" value="ϩⲱⲥⲧⲉ"/><!-- ϩⲱⲥⲧⲉ -->
<feat xlink:href="#orig_149" value="ⲉ"/><!-- ⲉ -->
<feat xlink:href="#orig_150" value="ⲧⲙ"/><!-- ⲧⲙ -->
<feat xlink:href="#orig_151" value="ⲧⲣⲉ"/><!-- ⲧⲣⲉ -->
<feat xlink:href="#orig_152" value="ⲧⲛ"/><!-- ⲧⲛ -->
<feat xlink:href="#orig_153" value="ϣⲱⲱⲧ"/><!-- ϣⲱⲱⲧ -->
<feat xlink:href="#orig_154" value="ⲛ"/><!-- ⲛ -->
<feat xlink:href="#orig_155" value="ⲗⲁⲁⲩ"/><!-- ⲗⲁⲁⲩ -->
<feat xlink:href="#orig_156" value="ⲛ"/><!-- ⲛ -->
<feat xlink:href="#orig_157" value="ϩⲙⲟⲧ"/><!-- ϩⲙⲟⲧ -->
<feat xlink:href="#orig_158" value="ⲉ"/><!-- ⲉ -->
<feat xlink:href="#orig_159" value="ⲧⲉⲧⲛ"/><!-- ⲧⲉⲧⲛ -->
<feat xlink:href="#orig_160" value="ϭⲱϣⲧ"/><!-- ϭⲱϣⲧ -->
<feat xlink:href="#orig_161" value="ϩⲏⲧϥ"/><!-- ϩⲏⲧϥ -->
<feat xlink:href="#orig_162" value="ⲙ"/><!-- ⲙ -->
<feat xlink:href="#orig_163" value="ⲡ"/><!-- ⲡ -->
<feat xlink:href="#orig_164" value="ϭⲱⲗⲡ"/><!-- ϭⲱⲗⲡ -->
<feat xlink:href="#orig_165" value="ⲉⲃⲟⲗ"/><!-- ⲉⲃⲟⲗ -->
<feat xlink:href="#orig_166" value="ⲙ"/><!-- ⲙ -->
<feat xlink:href="#orig_167" value="ⲡⲉⲛ"/><!-- ⲡⲉⲛ -->
<feat xlink:href="#orig_168" value="ϫⲟⲉⲓⲥ"/><!-- ϫⲟⲉⲓⲥ -->
<feat xlink:href="#orig_169" value="ⲓⲏⲥⲟⲩⲥ"/><!-- ⲓⲏⲥⲟⲩⲥ -->
<feat xlink:href="#orig_170" value="ⲡⲉ"/><!-- ⲡⲉ -->
<feat xlink:href="#orig_171" value="ⲭⲣⲓⲥⲧⲟⲥ"/><!-- ⲭⲣⲓⲥⲧⲟⲥ -->
<feat xlink:href="#orig_172" value="ⲡⲁⲓ"/><!-- ⲡⲁⲓ -->
<feat xlink:href="#orig_173" value="ⲉⲧ"/><!-- ⲉⲧ -->
<feat xlink:href="#orig_174" value="ⲛⲁ"/><!-- ⲛⲁ -->
<feat xlink:href="#orig_175" value="ⲧⲁϫⲣⲉ"/><!-- ⲧⲁϫⲣⲉ -->
<feat xlink:href="#orig_176" value="ⲧⲏⲩⲧⲛ"/><!-- ⲧⲏⲩⲧⲛ -->
<feat xlink:href="#orig_177" value="ⲉ"/><!-- ⲉ -->
<feat xlink:href="#orig_178" value="ⲧⲉⲧⲛ"/><!-- ⲧⲉⲧⲛ -->
<feat xlink:href="#orig_179" value="ϫⲏⲕ"/><!-- ϫⲏⲕ -->
<feat xlink:href="#orig_180" value="ⲉⲃⲟⲗ"/><!-- ⲉⲃⲟⲗ -->
<feat xlink:href="#orig_181" value="ⲉⲙ"/><!-- ⲉⲙ -->
<feat xlink:href="#orig_182" value="ⲛ"/><!-- ⲛ -->
<feat xlink:href="#orig_183" value="ⲛⲟⲃⲉ"/><!-- ⲛⲟⲃⲉ -->
<feat xlink:href="#orig_184" value="ϫⲓ"/><!-- ϫⲓ -->
<feat xlink:href="#orig_185" value="ⲉϩⲟⲩⲛ"/><!-- ⲉϩⲟⲩⲛ -->
<feat xlink:href="#orig_186" value="ⲉⲣⲱ"/><!-- ⲉⲣⲱ -->
<feat xlink:href="#orig_187" value="ⲧⲛ"/><!-- ⲧⲛ -->
<feat xlink:href="#orig_188" value="ϣⲁ"/><!-- ϣⲁ -->
<feat xlink:href="#orig_189" value="ⲡⲉ"/><!-- ⲡⲉ -->
<feat xlink:href="#orig_190" value="ϩⲟⲟⲩ"/><!-- ϩⲟⲟⲩ -->
<feat xlink:href="#orig_191" value="ⲙ"/><!-- ⲙ -->
<feat xlink:href="#orig_192" value="ⲡⲉⲛ"/><!-- ⲡⲉⲛ -->
<feat xlink:href="#orig_193" value="ϫⲟⲉⲓⲥ"/><!-- ϫⲟⲉⲓⲥ -->
<feat xlink:href="#orig_194" value="ⲓⲏⲥⲟⲩⲥ"/><!-- ⲓⲏⲥⲟⲩⲥ -->
<feat xlink:href="#orig_195" value="ⲡⲉ"/><!-- ⲡⲉ -->
<feat xlink:href="#orig_196" value="ⲭⲣⲓⲥⲧⲟⲥ"/><!-- ⲭⲣⲓⲥⲧⲟⲥ -->
<feat xlink:href="#orig_197" value="."/><!-- . -->
<feat xlink:href="#orig_198" value="ⲟⲩ"/><!-- ⲟⲩ -->
<feat xlink:href="#orig_199" value="ⲡⲓⲥⲧⲟⲥ"/><!-- ⲡⲓⲥⲧⲟⲥ -->
<feat xlink:href="#orig_200" value="ⲡⲉ"/><!-- ⲡⲉ -->
<feat xlink:href="#orig_201" value="ⲡ"/><!-- ⲡ -->
<feat xlink:href="#orig_202" value="ⲛⲟⲩⲧⲉ"/><!-- ⲛⲟⲩⲧⲉ -->
<feat xlink:href="#orig_203" value="ⲡⲁⲓ"/><!-- ⲡⲁⲓ -->
<feat xlink:href="#orig_204" value="ⲉⲛⲧⲁϥⲧⲉϩⲙ"/><!-- ⲉⲛⲧⲁϥⲧⲉϩⲙ -->
<feat xlink:href="#orig_205" value="ⲧⲏⲩⲧⲛ"/><!-- ⲧⲏⲩⲧⲛ -->
<feat xlink:href="#orig_206" value="ⲉⲃⲟⲗ"/><!-- ⲉⲃⲟⲗ -->
<feat xlink:href="#orig_207" value="ϩⲓⲧⲟⲟⲧ"/><!-- ϩⲓⲧⲟⲟⲧ -->
<feat xlink:href="#orig_208" value="ϥ"/><!-- ϥ -->
<feat xlink:href="#orig_209" value="ⲉ"/><!-- ⲉ -->
<feat xlink:href="#orig_210" value="ⲧ"/><!-- ⲧ -->
<feat xlink:href="#orig_211" value="ⲕⲟⲓⲛⲱⲛⲓⲁ"/><!-- ⲕⲟⲓⲛⲱⲛⲓⲁ -->
<feat xlink:href="#orig_212" value="ⲙ"/><!-- ⲙ -->
<feat xlink:href="#orig_213" value="ⲡⲉϥ"/><!-- ⲡⲉϥ -->
<feat xlink:href="#orig_214" value="ϣⲏⲣⲉ"/><!-- ϣⲏⲣⲉ -->
<feat xlink:href="#orig_215" value="ⲓⲏⲥⲟⲩⲥ"/><!-- ⲓⲏⲥⲟⲩⲥ -->
<feat xlink:href="#orig_216" value="ⲡⲉ"/><!-- ⲡⲉ -->
<feat xlink:href="#orig_217" value="ⲭⲣⲓⲥⲧⲟⲥ"/><!-- ⲭⲣⲓⲥⲧⲟⲥ -->
<feat xlink:href="#orig_218" value="ⲡⲉⲛ"/><!-- ⲡⲉⲛ -->
<feat xlink:href="#orig_219" value="ϫⲟⲉⲓⲥ"/><!-- ϫⲟⲉⲓⲥ -->
<feat xlink:href="#orig_220" value="."/><!-- . -->
<feat xlink:href="#orig_221" value="ⲧⲛ"/><!-- ⲧⲛ -->
<feat xlink:href="#orig_222" value="ⲡⲁⲣⲁⲕⲁⲗⲉⲓ"/><!-- ⲡⲁⲣⲁⲕⲁⲗⲉⲓ -->
<feat xlink:href="#orig_223" value="ⲇⲉ"/><!-- ⲇⲉ -->
<feat xlink:href="#orig_224" value="ⲙⲙⲱ"/><!-- ⲙⲙⲱ -->
<feat xlink:href="#orig_225" value="ⲧⲛ"/><!-- ⲧⲛ -->
<feat xlink:href="#orig_226" value="ⲛⲉ"/><!-- ⲛⲉ -->
<feat xlink:href="#orig_227" value="ⲥ"/><!-- ⲥ -->
<feat xlink:href="#orig_228" value="ⲛⲏⲩ"/><!-- ⲛⲏⲩ -->
<feat xlink:href="#orig_229" value="ϩⲓⲧⲙ"/><!-- ϩⲓⲧⲙ -->
<feat xlink:href="#orig_230" value="ⲡ"/><!-- ⲡ -->
<feat xlink:href="#orig_231" value="ⲣⲁⲛ"/><!-- ⲣⲁⲛ -->
<feat xlink:href="#orig_232" value="ⲙ"/><!-- ⲙ -->
<feat xlink:href="#orig_233" value="ⲡⲉⲛ"/><!-- ⲡⲉⲛ -->
<feat xlink:href="#orig_234" value="ϫⲟⲉⲓⲥ"/><!-- ϫⲟⲉⲓⲥ -->
<feat xlink:href="#orig_235" value="ⲓⲏⲥⲟⲩⲥ"/><!-- ⲓⲏⲥⲟⲩⲥ -->
<feat xlink:href="#orig_236" value="ⲡⲉ"/><!-- ⲡⲉ -->
<feat xlink:href="#orig_237" value="ⲭⲣⲓⲥⲧⲟⲥ"/><!-- ⲭⲣⲓⲥⲧⲟⲥ -->
<feat xlink:href="#orig_238" value="ϫⲉⲕⲁⲁⲥ"/><!-- ϫⲉⲕⲁⲁⲥ -->
<feat xlink:href="#orig_239" value="ⲉⲧⲉⲧⲛⲉ"/><!-- ⲉⲧⲉⲧⲛⲉ -->
<feat xlink:href="#orig_240" value="ϫⲱ"/><!-- ϫⲱ -->
<feat xlink:href="#orig_241" value="ⲙ"/><!-- ⲙ -->
<feat xlink:href="#orig_242" value="ⲡⲓ"/><!-- ⲡⲓ -->
<feat xlink:href="#orig_243" value="ϣⲁϫⲉ"/><!-- ϣⲁϫⲉ -->
<feat xlink:href="#orig_244" value="ⲛ"/><!-- ⲛ -->
<feat xlink:href="#orig_245" value="ⲟⲩⲱⲧ"/><!-- ⲟⲩⲱⲧ -->
<feat xlink:href="#orig_246" value="ⲧⲏⲣ"/><!-- ⲧⲏⲣ -->
<feat xlink:href="#orig_247" value="ⲧⲛ"/><!-- ⲧⲛ -->
<feat xlink:href="#orig_248" value="."/><!-- . -->
<feat xlink:href="#orig_249" value="ⲛⲧⲉⲧⲙⲡⲱⲣϫ"/><!-- ⲛⲧⲉⲧⲙⲡⲱⲣϫ -->
<feat xlink:href="#orig_250" value="ϣⲱⲡⲉ"/><!-- ϣⲱⲡⲉ -->
<feat xlink:href="#orig_251" value="ⲛϩⲏⲧ"/><!-- ⲛϩⲏⲧ -->
<feat xlink:href="#orig_252" value="ⲧⲏⲩⲧⲛ"/><!-- ⲧⲏⲩⲧⲛ -->
<feat xlink:href="#orig_253" value="."/><!-- . -->
<feat xlink:href="#orig_254" value="ⲛⲧⲉⲧⲛ"/><!-- ⲛⲧⲉⲧⲛ -->
<feat xlink:href="#orig_255" value="ϣⲱⲡⲉ"/><!-- ϣⲱⲡⲉ -->
<feat xlink:href="#orig_256" value="ⲇⲉ"/><!-- ⲇⲉ -->
<feat xlink:href="#orig_257" value="ⲉ"/><!-- ⲉ -->
<feat xlink:href="#orig_258" value="ⲧⲉⲧⲛ"/><!-- ⲧⲉⲧⲛ -->
<feat xlink:href="#orig_259" value="ⲥⲃⲧⲱⲧ"/><!-- ⲥⲃⲧⲱⲧ -->
<feat xlink:href="#orig_260" value="ϩⲙ"/><!-- ϩⲙ -->
<feat xlink:href="#orig_261" value="ⲡⲓ"/><!-- ⲡⲓ -->
<feat xlink:href="#orig_262" value="ϩⲏⲧ"/><!-- ϩⲏⲧ -->
<feat xlink:href="#orig_263" value="ⲛ"/><!-- ⲛ -->
<feat xlink:href="#orig_264" value="ⲟⲩⲱⲧ"/><!-- ⲟⲩⲱⲧ -->
<feat xlink:href="#orig_265" value="ⲙⲛ"/><!-- ⲙⲛ -->
<feat xlink:href="#orig_266" value="ϯ"/><!-- ϯ -->
<feat xlink:href="#orig_267" value="ⲅⲛⲱⲙⲏ"/><!-- ⲅⲛⲱⲙⲏ -->
<feat xlink:href="#orig_268" value="ⲛ"/><!-- ⲛ -->
<feat xlink:href="#orig_269" value="ⲟⲩⲱⲧ"/><!-- ⲟⲩⲱⲧ -->
<feat xlink:href="#orig_270" value="."/><!-- . -->
<feat xlink:href="#orig_271" value="ⲁ"/><!-- ⲁ -->
<feat xlink:href="#orig_272" value="ⲩ"/><!-- ⲩ -->
<feat xlink:href="#orig_273" value="ⲧⲁⲙⲟ"/><!-- ⲧⲁⲙⲟ -->
<feat xlink:href="#orig_274" value="ⲓ"/><!-- ⲓ -->
<feat xlink:href="#orig_275" value="ⲅⲁⲣ"/><!-- ⲅⲁⲣ -->
<feat xlink:href="#orig_276" value="ⲉⲧⲃⲉ"/><!-- ⲉⲧⲃⲉ -->
<feat xlink:href="#orig_277" value="ⲧⲏⲩⲧⲛ"/><!-- ⲧⲏⲩⲧⲛ -->
<feat xlink:href="#orig_278" value="ⲛⲁ"/><!-- ⲛⲁ -->
<feat xlink:href="#orig_279" value="ⲥⲛⲏⲩ"/><!-- ⲥⲛⲏⲩ -->
<feat xlink:href="#orig_280" value="ⲉⲃⲟⲗ"/><!-- ⲉⲃⲟⲗ -->
<feat xlink:href="#orig_281" value="ϩⲓ"/><!-- ϩⲓ -->
<feat xlink:href="#orig_282" value="ⲧⲟⲟⲩⲧⲟⲩ"/><!-- ⲧⲟⲟⲩⲧⲟⲩ -->
<feat xlink:href="#orig_283" value="ⲛⲛⲁⲭⲗⲟⲏ"/><!-- ⲛⲛⲁⲭⲗⲟⲏ -->
<feat xlink:href="#orig_284" value="ϫⲉ"/><!-- ϫⲉ -->
<feat xlink:href="#orig_285" value="ⲟⲩⲛ"/><!-- ⲟⲩⲛ -->
<feat xlink:href="#orig_286" value="ϩⲉⲛ"/><!-- ϩⲉⲛ -->
<feat xlink:href="#orig_287" value="ϯⲧⲱⲛ"/><!-- ϯⲧⲱⲛ -->
<feat xlink:href="#orig_288" value="ⲛϩⲏⲧ"/><!-- ⲛϩⲏⲧ -->
<feat xlink:href="#orig_289" value="ⲧⲏⲩⲧⲛ"/><!-- ⲧⲏⲩⲧⲛ -->
<feat xlink:href="#orig_290" value="."/><!-- . -->
<feat xlink:href="#orig_291" value="ϯ"/><!-- ϯ -->
<feat xlink:href="#orig_292" value="ϫⲱ"/><!-- ϫⲱ -->
<feat xlink:href="#orig_293" value="ⲇⲉ"/><!-- ⲇⲉ -->
<feat xlink:href="#orig_294" value="ⲙ"/><!-- ⲙ -->
<feat xlink:href="#orig_295" value="ⲡⲁⲓ"/><!-- ⲡⲁⲓ -->
<feat xlink:href="#orig_296" value="ϫⲉ"/><!-- ϫⲉ -->
<feat xlink:href="#orig_297" value="ⲡ"/><!-- ⲡ -->
<feat xlink:href="#orig_298" value="ⲟⲩⲁ"/><!-- ⲟⲩⲁ -->
<feat xlink:href="#orig_299" value="ⲡ"/><!-- ⲡ -->
<feat xlink:href="#orig_300" value="ⲟⲩⲁ"/><!-- ⲟⲩⲁ -->
<feat xlink:href="#orig_301" value="ⲙⲙⲱ"/><!-- ⲙⲙⲱ -->
<feat xlink:href="#orig_302" value="ⲧⲛ"/><!-- ⲧⲛ -->
<feat xlink:href="#orig_303" value="ϫⲱ"/><!-- ϫⲱ -->
<feat xlink:href="#orig_304" value="ⲙⲙⲟ"/><!-- ⲙⲙⲟ -->
<feat xlink:href="#orig_305" value="ⲥ"/><!-- ⲥ -->
<feat xlink:href="#orig_306" value="ϫⲉ"/><!-- ϫⲉ -->
<feat xlink:href="#orig_307" value="ⲁⲛⲟⲕ"/><!-- ⲁⲛⲟⲕ -->
<feat xlink:href="#orig_308" value="ⲙⲉⲛ"/><!-- ⲙⲉⲛ -->
<feat xlink:href="#orig_309" value="ⲁⲛⲅ"/><!-- ⲁⲛⲅ -->
<feat xlink:href="#orig_310" value="ⲡⲁ"/><!-- ⲡⲁ -->
<feat xlink:href="#orig_311" value="ⲡⲁⲩⲗⲟⲥ"/><!-- ⲡⲁⲩⲗⲟⲥ -->
<feat xlink:href="#orig_312" value="ⲁⲛⲟⲕ"/><!-- ⲁⲛⲟⲕ -->
<feat xlink:href="#orig_313" value="ⲇⲉ"/><!-- ⲇⲉ -->
<feat xlink:href="#orig_314" value="ⲁⲛⲅ"/><!-- ⲁⲛⲅ -->
<feat xlink:href="#orig_315" value="ⲡⲁ"/><!-- ⲡⲁ -->
<feat xlink:href="#orig_316" value="ⲁⲡⲟⲗⲗⲱ"/><!-- ⲁⲡⲟⲗⲗⲱ -->
<feat xlink:href="#orig_317" value="ⲁⲛⲟⲕ"/><!-- ⲁⲛⲟⲕ -->
<feat xlink:href="#orig_318" value="ⲇⲉ"/><!-- ⲇⲉ -->
<feat xlink:href="#orig_319" value="ⲁⲛⲅ"/><!-- ⲁⲛⲅ -->
<feat xlink:href="#orig_320" value="ⲡⲁ"/><!-- ⲡⲁ -->
<feat xlink:href="#orig_321" value="ⲕⲏⲫⲁ"/><!-- ⲕⲏⲫⲁ -->
<feat xlink:href="#orig_322" value="ⲁⲛⲟⲕ"/><!-- ⲁⲛⲟⲕ -->
<feat xlink:href="#orig_323" value="ⲇⲉ"/><!-- ⲇⲉ -->
<feat xlink:href="#orig_324" value="ⲁⲛⲅ"/><!-- ⲁⲛⲅ -->
<feat xlink:href="#orig_325" value="ⲡⲁ"/><!-- ⲡⲁ -->
<feat xlink:href="#orig_326" value="ⲡⲉ"/><!-- ⲡⲉ -->
<feat xlink:href="#orig_327" value="ⲭⲣⲓⲥⲧⲟⲥ"/><!-- ⲭⲣⲓⲥⲧⲟⲥ -->
<feat xlink:href="#orig_328" value="."/><!-- . -->
<feat xlink:href="#orig_329" value="ⲙⲏ"/><!-- ⲙⲏ -->
<feat xlink:href="#orig_330" value="ⲛⲧ"/><!-- ⲛⲧ -->
<feat xlink:href="#orig_331" value="ⲁ"/><!-- ⲁ -->
<feat xlink:href="#orig_332" value="ⲩ"/><!-- ⲩ -->
<feat xlink:href="#orig_333" value="ⲡⲱϣ"/><!-- ⲡⲱϣ -->
<feat xlink:href="#orig_334" value="ⲙ"/><!-- ⲙ -->
<feat xlink:href="#orig_335" value="ⲡⲉ"/><!-- ⲡⲉ -->
<feat xlink:href="#orig_336" value="ⲭⲣⲓⲥⲧⲟⲥ"/><!-- ⲭⲣⲓⲥⲧⲟⲥ -->
<feat xlink:href="#orig_337" value="."/><!-- . -->
<feat xlink:href="#orig_338" value="ⲙⲏ"/><!-- ⲙⲏ -->
<feat xlink:href="#orig_339" value="ⲛⲧ"/><!-- ⲛⲧ -->
<feat xlink:href="#orig_340" value="ⲁ"/><!-- ⲁ -->
<feat xlink:href="#orig_341" value="ⲩ"/><!-- ⲩ -->
<feat xlink:href="#orig_342" value="ⲥⲧⲁⲩⲣⲟⲩ"/><!-- ⲥⲧⲁⲩⲣⲟⲩ -->
<feat xlink:href="#orig_343" value="ⲙ"/><!-- ⲙ -->
<feat xlink:href="#orig_344" value="ⲡⲁⲩⲗⲟⲥ"/><!-- ⲡⲁⲩⲗⲟⲥ -->
<feat xlink:href="#orig_345" value="ϩⲁⲣⲱ"/><!-- ϩⲁⲣⲱ -->
<feat xlink:href="#orig_346" value="ⲧⲛ"/><!-- ⲧⲛ -->
<feat xlink:href="#orig_347" value="."/><!-- . -->
<feat xlink:href="#orig_348" value="ⲏⲛⲧⲁⲧⲉⲧⲛϫⲓ"/><!-- ⲏⲛⲧⲁⲧⲉⲧⲛϫⲓ -->
<feat xlink:href="#orig_349" value="ⲃⲁⲡⲧⲓⲥⲙⲁ"/><!-- ⲃⲁⲡⲧⲓⲥⲙⲁ -->
<feat xlink:href="#orig_350" value="ⲉ"/><!-- ⲉ -->
<feat xlink:href="#orig_351" value="ⲡ"/><!-- ⲡ -->
<feat xlink:href="#orig_352" value="ⲣⲁⲛ"/><!-- ⲣⲁⲛ -->
<feat xlink:href="#orig_353" value="ⲙ"/><!-- ⲙ -->
<feat xlink:href="#orig_354" value="ⲡⲁⲩⲗⲟⲥ"/><!-- ⲡⲁⲩⲗⲟⲥ -->
<feat xlink:href="#orig_355" value="."/><!-- . -->
<feat xlink:href="#orig_356" value="ϯ"/><!-- ϯ -->
<feat xlink:href="#orig_357" value="ϣⲡϩⲙⲟⲧ"/><!-- ϣⲡϩⲙⲟⲧ -->
<feat xlink:href="#orig_358" value="ϫⲉ"/><!-- ϫⲉ -->
<feat xlink:href="#orig_359" value="ⲙⲡ"/><!-- ⲙⲡ -->
<feat xlink:href="#orig_360" value="ⲓ"/><!-- ⲓ -->
<feat xlink:href="#orig_361" value="ⲃⲁⲡⲧⲓⲍⲉ"/><!-- ⲃⲁⲡⲧⲓⲍⲉ -->
<feat xlink:href="#orig_362" value="ⲛ"/><!-- ⲛ -->
<feat xlink:href="#orig_363" value="ⲗⲁⲁⲩ"/><!-- ⲗⲁⲁⲩ -->
<feat xlink:href="#orig_364" value="ⲙⲙⲱ"/><!-- ⲙⲙⲱ -->
<feat xlink:href="#orig_365" value="ⲧⲛ"/><!-- ⲧⲛ -->
<feat xlink:href="#orig_366" value="ⲛⲥⲁ"/><!-- ⲛⲥⲁ -->
<feat xlink:href="#orig_367" value="ⲕⲣⲓⲥⲡⲟⲥ"/><!-- ⲕⲣⲓⲥⲡⲟⲥ -->
<feat xlink:href="#orig_368" value="ⲙⲛ"/><!-- ⲙⲛ -->
<feat xlink:href="#orig_369" value="ⲅⲁⲓⲟⲥ"/><!-- ⲅⲁⲓⲟⲥ -->
<feat xlink:href="#orig_370" value="."/><!-- . -->
<feat xlink:href="#orig_371" value="ϫⲉⲕⲁⲁⲥ"/><!-- ϫⲉⲕⲁⲁⲥ -->
<feat xlink:href="#orig_372" value="ⲉⲛⲛⲉ"/><!-- ⲉⲛⲛⲉ -->
<feat xlink:href="#orig_373" value="ⲟⲩⲁ"/><!-- ⲟⲩⲁ -->
<feat xlink:href="#orig_374" value="ϫⲟⲟ"/><!-- ϫⲟⲟ -->
<feat xlink:href="#orig_375" value="ⲥ"/><!-- ⲥ -->
<feat xlink:href="#orig_376" value="ϫⲉ"/><!-- ϫⲉ -->
<feat xlink:href="#orig_377" value="ⲛⲧ"/><!-- ⲛⲧ -->
<feat xlink:href="#orig_378" value="ⲁ"/><!-- ⲁ -->
<feat xlink:href="#orig_379" value="ⲧⲉⲧⲛ"/><!-- ⲧⲉⲧⲛ -->
<feat xlink:href="#orig_380" value="ⲃⲁⲡⲧⲓⲍⲉ"/><!-- ⲃⲁⲡⲧⲓⲍⲉ -->
<feat xlink:href="#orig_381" value="ⲉ"/><!-- ⲉ -->
<feat xlink:href="#orig_382" value="ⲡⲁ"/><!-- ⲡⲁ -->
<feat xlink:href="#orig_383" value="ⲣⲁⲛ"/><!-- ⲣⲁⲛ -->
<feat xlink:href="#orig_384" value="."/><!-- . -->
<feat xlink:href="#orig_385" value="ⲁ"/><!-- ⲁ -->
<feat xlink:href="#orig_386" value="ⲓ"/><!-- ⲓ -->
<feat xlink:href="#orig_387" value="ⲃⲁⲡⲧⲓⲍⲉ"/><!-- ⲃⲁⲡⲧⲓⲍⲉ -->
<feat xlink:href="#orig_388" value="ⲇⲉ"/><!-- ⲇⲉ -->
<feat xlink:href="#orig_389" value="ⲙⲡⲕⲉⲏⲉⲓ"/><!-- ⲙⲡⲕⲉⲏⲉⲓ -->
<feat xlink:href="#orig_390" value="ⲛⲥⲧⲉⲫⲁⲛⲁ"/><!-- ⲛⲥⲧⲉⲫⲁⲛⲁ -->
<feat xlink:href="#orig_391" value="ⲙⲛⲛⲥⲱ"/><!-- ⲙⲛⲛⲥⲱ -->
<feat xlink:href="#orig_392" value="ⲥ"/><!-- ⲥ -->
<feat xlink:href="#orig_393" value="ϭⲉ"/><!-- ϭⲉ -->
<feat xlink:href="#orig_394" value="ⲛ"/><!-- ⲛ -->
<feat xlink:href="#orig_395" value="ϯ"/><!-- ϯ -->
<feat xlink:href="#orig_396" value="ⲥⲟⲟⲩⲛ"/><!-- ⲥⲟⲟⲩⲛ -->
<feat xlink:href="#orig_397" value="ⲁⲛ"/><!-- ⲁⲛ -->
<feat xlink:href="#orig_398" value="ϫⲉ"/><!-- ϫⲉ -->
<feat xlink:href="#orig_399" value="ⲁ"/><!-- ⲁ -->
<feat xlink:href="#orig_400" value="ⲓ"/><!-- ⲓ -->
<feat xlink:href="#orig_401" value="ⲃⲁⲡⲧⲓⲍⲉ"/><!-- ⲃⲁⲡⲧⲓⲍⲉ -->
<feat xlink:href="#orig_402" value="ⲛ"/><!-- ⲛ -->
<feat xlink:href="#orig_403" value="ϭⲉ"/><!-- ϭⲉ -->
<feat xlink:href="#orig_404" value="."/><!-- . -->
<feat xlink:href="#orig_405" value="ⲛⲧⲁ"/><!-- ⲛⲧⲁ -->
<feat xlink:href="#orig_406" value="ⲡⲉ"/><!-- ⲡⲉ -->
<feat xlink:href="#orig_407" value="ⲭⲣⲓⲥⲧⲟⲥ"/><!-- ⲭⲣⲓⲥⲧⲟⲥ -->
<feat xlink:href="#orig_408" value="ⲅⲁⲣ"/><!-- ⲅⲁⲣ -->
<feat xlink:href="#orig_409" value="ⲧⲛⲛⲟⲟⲩ"/><!-- ⲧⲛⲛⲟⲟⲩ -->
<feat xlink:href="#orig_410" value="ⲧ"/><!-- ⲧ -->
<feat xlink:href="#orig_411" value="ⲁⲛ"/><!-- ⲁⲛ -->
<feat xlink:href="#orig_412" value="ⲉ"/><!-- ⲉ -->
<feat xlink:href="#orig_413" value="ⲃⲁⲡⲧⲓⲍⲉ"/><!-- ⲃⲁⲡⲧⲓⲍⲉ -->
<feat xlink:href="#orig_414" value="ⲁⲗⲗⲁ"/><!-- ⲁⲗⲗⲁ -->
<feat xlink:href="#orig_415" value="ⲉ"/><!-- ⲉ -->
<feat xlink:href="#orig_416" value="ⲉⲩⲁⲅⲅⲉⲗⲓⲍⲉ"/><!-- ⲉⲩⲁⲅⲅⲉⲗⲓⲍⲉ -->
<feat xlink:href="#orig_417" value="ϩⲛ"/><!-- ϩⲛ -->
<feat xlink:href="#orig_418" value="ⲟⲩ"/><!-- ⲟⲩ -->
<feat xlink:href="#orig_419" value="ⲥⲟⲫⲓⲁ"/><!-- ⲥⲟⲫⲓⲁ -->
<feat xlink:href="#orig_420" value="ⲁⲛ"/><!-- ⲁⲛ -->
<feat xlink:href="#orig_421" value="ⲛ"/><!-- ⲛ -->
<feat xlink:href="#orig_422" value="ϣⲁϫⲉ"/><!-- ϣⲁϫⲉ -->
<feat xlink:href="#orig_423" value="ϫⲉⲕⲁⲁⲥ"/><!-- ϫⲉⲕⲁⲁⲥ -->
<feat xlink:href="#orig_424" value="ⲉ"/><!-- ⲉ -->
<feat xlink:href="#orig_425" value="ⲛⲛⲉ"/><!-- ⲛⲛⲉ -->
<feat xlink:href="#orig_426" value="ϥ"/><!-- ϥ -->
<feat xlink:href="#orig_427" value="ϣⲱⲡⲉ"/><!-- ϣⲱⲡⲉ -->
<feat xlink:href="#orig_428" value="ⲉ"/><!-- ⲉ -->
<feat xlink:href="#orig_429" value="ϥ"/><!-- ϥ -->
<feat xlink:href="#orig_430" value="ϣⲟⲩⲉⲓⲧ"/><!-- ϣⲟⲩⲉⲓⲧ -->
<feat xlink:href="#orig_431" value="ⲛϭⲓ"/><!-- ⲛϭⲓ -->
<feat xlink:href="#orig_432" value="ⲡⲉ"/><!-- ⲡⲉ -->
<feat xlink:href="#orig_433" value="ⲥⲧⲁⲩⲣⲟⲥ"/><!-- ⲥⲧⲁⲩⲣⲟⲥ -->
<feat xlink:href="#orig_434" value="ⲙ"/><!-- ⲙ -->
<feat xlink:href="#orig_435" value="ⲡⲉ"/><!-- ⲡⲉ -->
<feat xlink:href="#orig_436" value="ⲭⲣⲓⲥⲧⲟⲥ"/><!-- ⲭⲣⲓⲥⲧⲟⲥ -->
<feat xlink:href="#orig_437" value="."/><!-- . -->
<feat xlink:href="#orig_438" value="ⲡ"/><!-- ⲡ -->
<feat xlink:href="#orig_439" value="ϣⲁϫⲉ"/><!-- ϣⲁϫⲉ -->
<feat xlink:href="#orig_440" value="ⲅⲁⲣ"/><!-- ⲅⲁⲣ -->
<feat xlink:href="#orig_441" value="ⲙ"/><!-- ⲙ -->
<feat xlink:href="#orig_442" value="ⲡⲉ"/><!-- ⲡⲉ -->
<feat xlink:href="#orig_443" value="ⲥⲧⲁⲩⲣⲟⲥ"/><!-- ⲥⲧⲁⲩⲣⲟⲥ -->
<feat xlink:href="#orig_444" value="ⲟⲩ"/><!-- ⲟⲩ -->
<feat xlink:href="#orig_445" value="ⲙⲛⲧⲥⲟϭ"/><!-- ⲙⲛⲧⲥⲟϭ -->
<feat xlink:href="#orig_446" value="ⲙⲉⲛ"/><!-- ⲙⲉⲛ -->
<feat xlink:href="#orig_447" value="ⲡⲉ"/><!-- ⲡⲉ -->
<feat xlink:href="#orig_448" value="ⲛ"/><!-- ⲛ -->
<feat xlink:href="#orig_449" value="ⲛ"/><!-- ⲛ -->
<feat xlink:href="#orig_450" value="ⲉⲧ"/><!-- ⲉⲧ -->
<feat xlink:href="#orig_451" value="ⲛⲁ"/><!-- ⲛⲁ -->
<feat xlink:href="#orig_452" value="ϩⲉ"/><!-- ϩⲉ -->
<feat xlink:href="#orig_453" value="ⲉⲃⲟⲗ"/><!-- ⲉⲃⲟⲗ -->
<feat xlink:href="#orig_454" value="."/><!-- . -->
<feat xlink:href="#orig_455" value="ⲛⲁ"/><!-- ⲛⲁ -->
<feat xlink:href="#orig_456" value="ⲛ"/><!-- ⲛ -->
<feat xlink:href="#orig_457" value="ⲇⲉ"/><!-- ⲇⲉ -->
<feat xlink:href="#orig_458" value="ⲛ"/><!-- ⲛ -->
<feat xlink:href="#orig_459" value="ⲉⲧ"/><!-- ⲉⲧ -->
<feat xlink:href="#orig_460" value="ⲛⲁ"/><!-- ⲛⲁ -->
<feat xlink:href="#orig_461" value="ⲟⲩϫⲁⲓ"/><!-- ⲟⲩϫⲁⲓ -->
<feat xlink:href="#orig_462" value="."/><!-- . -->
<feat xlink:href="#orig_463" value="ⲟⲩ"/><!-- ⲟⲩ -->
<feat xlink:href="#orig_464" value="ϭⲟⲙ"/><!-- ϭⲟⲙ -->
<feat xlink:href="#orig_465" value="ⲛⲧⲉ"/><!-- ⲛⲧⲉ -->
<feat xlink:href="#orig_466" value="ⲡ"/><!-- ⲡ -->
<feat xlink:href="#orig_467" value="ⲛⲟⲩⲧⲉ"/><!-- ⲛⲟⲩⲧⲉ -->
<feat xlink:href="#orig_468" value="ⲡⲉ"/><!-- ⲡⲉ -->
<feat xlink:href="#orig_469" value="."/><!-- . -->
<feat xlink:href="#orig_470" value="ϥ"/><!-- ϥ -->
<feat xlink:href="#orig_471" value="ⲥⲏϩ"/><!-- ⲥⲏϩ -->
<feat xlink:href="#orig_472" value="ⲅⲁⲣ"/><!-- ⲅⲁⲣ -->
<feat xlink:href="#orig_473" value="ϫⲉ"/><!-- ϫⲉ -->
<feat xlink:href="#orig_474" value="ϯ"/><!-- ϯ -->
<feat xlink:href="#orig_475" value="ⲛⲁ"/><!-- ⲛⲁ -->
<feat xlink:href="#orig_476" value="ⲧⲁⲕⲟ"/><!-- ⲧⲁⲕⲟ -->
<feat xlink:href="#orig_477" value="ⲛ"/><!-- ⲛ -->
<feat xlink:href="#orig_478" value="ⲧ"/><!-- ⲧ -->
<feat xlink:href="#orig_479" value="ⲥⲟⲫⲓⲁ"/><!-- ⲥⲟⲫⲓⲁ -->
<feat xlink:href="#orig_480" value="ⲛ"/><!-- ⲛ -->
<feat xlink:href="#orig_481" value="ⲛ"/><!-- ⲛ -->
<feat xlink:href="#orig_482" value="ⲥⲟⲫⲟⲥ"/><!-- ⲥⲟⲫⲟⲥ -->
<feat xlink:href="#orig_483" value="."/><!-- . -->
<feat xlink:href="#orig_484" value="ⲧⲁⲁⲑⲉⲧⲉⲓ"/><!-- ⲧⲁⲁⲑⲉⲧⲉⲓ -->
<feat xlink:href="#orig_485" value="ⲛ"/><!-- ⲛ -->
<feat xlink:href="#orig_486" value="ⲧ"/><!-- ⲧ -->
<feat xlink:href="#orig_487" value="ⲙⲛⲧⲥⲁⲃⲉ"/><!-- ⲙⲛⲧⲥⲁⲃⲉ -->
<feat xlink:href="#orig_488" value="ⲛ"/><!-- ⲛ -->
<feat xlink:href="#orig_489" value="ⲛ"/><!-- ⲛ -->
<feat xlink:href="#orig_490" value="ⲥⲁⲃⲉⲉⲩ"/><!-- ⲥⲁⲃⲉⲉⲩ -->
<feat xlink:href="#orig_491" value="."/><!-- . -->
<feat xlink:href="#orig_492" value="ⲉ"/><!-- ⲉ -->
<feat xlink:href="#orig_493" value="ϥ"/><!-- ϥ -->
<feat xlink:href="#orig_494" value="ⲧⲱⲛ"/><!-- ⲧⲱⲛ -->
<feat xlink:href="#orig_495" value="ⲥⲟⲫⲟⲥ"/><!-- ⲥⲟⲫⲟⲥ -->
<feat xlink:href="#orig_496" value="ⲉ"/><!-- ⲉ -->
<feat xlink:href="#orig_497" value="ϥ"/><!-- ϥ -->
<feat xlink:href="#orig_498" value="ⲧⲱⲛ"/><!-- ⲧⲱⲛ -->
<feat xlink:href="#orig_499" value="ⲅⲣⲁⲙⲙⲁⲧⲉⲩⲥ"/><!-- ⲅⲣⲁⲙⲙⲁⲧⲉⲩⲥ -->
<feat xlink:href="#orig_500" value="ⲉ"/><!-- ⲉ -->
<feat xlink:href="#orig_501" value="ϥ"/><!-- ϥ -->
<feat xlink:href="#orig_502" value="ⲧⲱⲛ"/><!-- ⲧⲱⲛ -->
<feat xlink:href="#orig_503" value="ⲥⲩⲛⲍⲏⲧⲏⲧⲏⲥ"/><!-- ⲥⲩⲛⲍⲏⲧⲏⲧⲏⲥ -->
<feat xlink:href="#orig_504" value="ⲛⲧⲉ"/><!-- ⲛⲧⲉ -->
<feat xlink:href="#orig_505" value="ⲡⲉⲓ"/><!-- ⲡⲉⲓ -->
<feat xlink:href="#orig_506" value="ⲁⲓⲱⲛ"/><!-- ⲁⲓⲱⲛ -->
<feat xlink:href="#orig_507" value="ⲙⲏ"/><!-- ⲙⲏ -->
<feat xlink:href="#orig_508" value="ⲙⲡⲉ"/><!-- ⲙⲡⲉ -->
<feat xlink:href="#orig_509" value="ⲡ"/><!-- ⲡ -->
<feat xlink:href="#orig_510" value="ⲛⲟⲩⲧⲉ"/><!-- ⲛⲟⲩⲧⲉ -->
<feat xlink:href="#orig_511" value="ⲉⲓⲣⲉ"/><!-- ⲉⲓⲣⲉ -->
<feat xlink:href="#orig_512" value="ⲛ"/><!-- ⲛ -->
<feat xlink:href="#orig_513" value="ⲧ"/><!-- ⲧ -->
<feat xlink:href="#orig_514" value="ⲥⲟⲫⲓⲁ"/><!-- ⲥⲟⲫⲓⲁ -->
<feat xlink:href="#orig_515" value="ⲙ"/><!-- ⲙ -->
<feat xlink:href="#orig_516" value="ⲡ"/><!-- ⲡ -->
<feat xlink:href="#orig_517" value="ⲕⲟⲥⲙⲟⲥ"/><!-- ⲕⲟⲥⲙⲟⲥ -->
<feat xlink:href="#orig_518" value="ⲛ"/><!-- ⲛ -->
<feat xlink:href="#orig_519" value="ⲥⲟϭ"/><!-- ⲥⲟϭ -->
<feat xlink:href="#orig_520" value="."/><!-- . -->
<feat xlink:href="#orig_521" value="ⲉⲡⲉⲓⲇⲏ"/><!-- ⲉⲡⲉⲓⲇⲏ -->
<feat xlink:href="#orig_522" value="ⲅⲁⲣ"/><!-- ⲅⲁⲣ -->
<feat xlink:href="#orig_523" value="ϩⲛ"/><!-- ϩⲛ -->
<feat xlink:href="#orig_524" value="ⲧ"/><!-- ⲧ -->
<feat xlink:href="#orig_525" value="ⲥⲟⲫⲓⲁ"/><!-- ⲥⲟⲫⲓⲁ -->
<feat xlink:href="#orig_526" value="ⲙ"/><!-- ⲙ -->
<feat xlink:href="#orig_527" value="ⲡ"/><!-- ⲡ -->
<feat xlink:href="#orig_528" value="ⲛⲟⲩⲧⲉ"/><!-- ⲛⲟⲩⲧⲉ -->
<feat xlink:href="#orig_529" value="ⲙⲡⲉ"/><!-- ⲙⲡⲉ -->
<feat xlink:href="#orig_530" value="ⲡ"/><!-- ⲡ -->
<feat xlink:href="#orig_531" value="ⲕⲟⲥⲙⲟⲥ"/><!-- ⲕⲟⲥⲙⲟⲥ -->
<feat xlink:href="#orig_532" value="ⲥⲟⲩⲛ"/><!-- ⲥⲟⲩⲛ -->
<feat xlink:href="#orig_533" value="ⲡ"/><!-- ⲡ -->
<feat xlink:href="#orig_534" value="ⲛⲟⲩⲧⲉ"/><!-- ⲛⲟⲩⲧⲉ -->
<feat xlink:href="#orig_535" value="ϩⲓⲧⲛ"/><!-- ϩⲓⲧⲛ -->
<feat xlink:href="#orig_536" value="ⲧ"/><!-- ⲧ -->
<feat xlink:href="#orig_537" value="ⲥⲟⲫⲓⲁ"/><!-- ⲥⲟⲫⲓⲁ -->
<feat xlink:href="#orig_538" value="."/><!-- . -->
<feat xlink:href="#orig_539" value="ⲁ"/><!-- ⲁ -->
<feat xlink:href="#orig_540" value="ϥ"/><!-- ϥ -->
<feat xlink:href="#orig_541" value="ⲣϩⲛⲁ"/><!-- ⲣϩⲛⲁ -->
<feat xlink:href="#orig_542" value="ϥ"/><!-- ϥ -->
<feat xlink:href="#orig_543" value="ⲇⲉ"/><!-- ⲇⲉ -->
<feat xlink:href="#orig_544" value="ⲛϭⲓ"/><!-- ⲛϭⲓ -->
<feat xlink:href="#orig_545" value="ⲡ"/><!-- ⲡ -->
<feat xlink:href="#orig_546" value="ⲛⲟⲩⲧⲉ"/><!-- ⲛⲟⲩⲧⲉ -->
<feat xlink:href="#orig_547" value="ⲉⲧ"/><!-- ⲉⲧ -->
<feat xlink:href="#orig_548" value="ⲟⲩ"/><!-- ⲟⲩ -->
<feat xlink:href="#orig_549" value="ϫⲉ"/><!-- ϫⲉ -->
<feat xlink:href="#orig_550" value="ⲛ"/><!-- ⲛ -->
<feat xlink:href="#orig_551" value="ⲉⲧ"/><!-- ⲉⲧ -->
<feat xlink:href="#orig_552" value="ⲡⲓⲥⲧⲉⲩⲉ"/><!-- ⲡⲓⲥⲧⲉⲩⲉ -->
<feat xlink:href="#orig_553" value="ϩⲓⲧⲛ"/><!-- ϩⲓⲧⲛ -->
<feat xlink:href="#orig_554" value="ⲧ"/><!-- ⲧ -->
<feat xlink:href="#orig_555" value="ⲙⲛⲧⲥⲟϭ"/><!-- ⲙⲛⲧⲥⲟϭ -->
<feat xlink:href="#orig_556" value="ⲙ"/><!-- ⲙ -->
<feat xlink:href="#orig_557" value="ⲡ"/><!-- ⲡ -->
<feat xlink:href="#orig_558" value="ⲧⲁϣⲉⲟⲉⲓϣ"/><!-- ⲧⲁϣⲉⲟⲉⲓϣ -->
<feat xlink:href="#orig_559" value="."/><!-- . -->
<feat xlink:href="#orig_560" value="ⲉⲡⲉⲓⲇⲏ"/><!-- ⲉⲡⲉⲓⲇⲏ -->
<feat xlink:href="#orig_561" value="ⲛ"/><!-- ⲛ -->
<feat xlink:href="#orig_562" value="ⲓⲟⲩⲇⲁⲓ"/><!-- ⲓⲟⲩⲇⲁⲓ -->
<feat xlink:href="#orig_563" value="ϩⲉⲛ"/><!-- ϩⲉⲛ -->
<feat xlink:href="#orig_564" value="ⲙⲁⲉⲓⲛ"/><!-- ⲙⲁⲉⲓⲛ -->
<feat xlink:href="#orig_565" value="ⲛⲉⲧⲟⲩⲁⲓⲧⲓ"/><!-- ⲛⲉⲧⲟⲩⲁⲓⲧⲓ -->
<feat xlink:href="#orig_566" value="ⲙⲙⲟ"/><!-- ⲙⲙⲟ -->
<feat xlink:href="#orig_567" value="ⲟⲩ"/><!-- ⲟⲩ -->
<feat xlink:href="#orig_568" value="."/><!-- . -->
<feat xlink:href="#orig_569" value="ⲛ"/><!-- ⲛ -->
<feat xlink:href="#orig_570" value="ϩⲉⲗⲗⲏⲛ"/><!-- ϩⲉⲗⲗⲏⲛ -->
<feat xlink:href="#orig_571" value="ⲇⲉ"/><!-- ⲇⲉ -->
<feat xlink:href="#orig_572" value="ⲉ"/><!-- ⲉ -->
<feat xlink:href="#orig_573" value="ⲩ"/><!-- ⲩ -->
<feat xlink:href="#orig_574" value="ϣⲓⲛⲉ"/><!-- ϣⲓⲛⲉ -->
<feat xlink:href="#orig_575" value="ⲛⲥⲁ"/><!-- ⲛⲥⲁ -->
<feat xlink:href="#orig_576" value="ⲟⲩ"/><!-- ⲟⲩ -->
<feat xlink:href="#orig_577" value="ⲥⲟⲫⲓⲁ"/><!-- ⲥⲟⲫⲓⲁ -->
<feat xlink:href="#orig_578" value="."/><!-- . -->
<feat xlink:href="#orig_579" value="ⲁⲛⲟⲛ"/><!-- ⲁⲛⲟⲛ -->
<feat xlink:href="#orig_580" value="ⲇⲉ"/><!-- ⲇⲉ -->
<feat xlink:href="#orig_581" value="ⲉⲛⲧⲁϣⲉⲟⲓϣ"/><!-- ⲉⲛⲧⲁϣⲉⲟⲓϣ -->
<feat xlink:href="#orig_582" value="ⲙ"/><!-- ⲙ -->
<feat xlink:href="#orig_583" value="ⲡⲉ"/><!-- ⲡⲉ -->
<feat xlink:href="#orig_584" value="ⲭⲣⲓⲥⲧⲟⲥ"/><!-- ⲭⲣⲓⲥⲧⲟⲥ -->
<feat xlink:href="#orig_585" value="ⲉ"/><!-- ⲉ -->
<feat xlink:href="#orig_586" value="ⲁ"/><!-- ⲁ -->
<feat xlink:href="#orig_587" value="ⲩ"/><!-- ⲩ -->
<feat xlink:href="#orig_588" value="ⲥⲧⲁⲩⲣⲟⲩ"/><!-- ⲥⲧⲁⲩⲣⲟⲩ -->
<feat xlink:href="#orig_589" value="ⲙⲙⲟ"/><!-- ⲙⲙⲟ -->
<feat xlink:href="#orig_590" value="ϥ"/><!-- ϥ -->
<feat xlink:href="#orig_591" value="."/><!-- . -->
<feat xlink:href="#orig_592" value="ⲛ"/><!-- ⲛ -->
<feat xlink:href="#orig_593" value="ⲓⲟⲩⲇⲁⲓ"/><!-- ⲓⲟⲩⲇⲁⲓ -->
<feat xlink:href="#orig_594" value="ⲙⲉⲛ"/><!-- ⲙⲉⲛ -->
<feat xlink:href="#orig_595" value="ⲟⲩ"/><!-- ⲟⲩ -->
<feat xlink:href="#orig_596" value="ⲥⲕⲁⲛⲇⲁⲗⲟⲛ"/><!-- ⲥⲕⲁⲛⲇⲁⲗⲟⲛ -->
<feat xlink:href="#orig_597" value="ⲛⲁ"/><!-- ⲛⲁ -->
<feat xlink:href="#orig_598" value="ⲩ"/><!-- ⲩ -->
<feat xlink:href="#orig_599" value="ⲡⲉ"/><!-- ⲡⲉ -->
<feat xlink:href="#orig_600" value="."/><!-- . -->
<feat xlink:href="#orig_601" value="ⲟⲩ"/><!-- ⲟⲩ -->
<feat xlink:href="#orig_602" value="ⲙⲛⲧⲥⲟϭ"/><!-- ⲙⲛⲧⲥⲟϭ -->
<feat xlink:href="#orig_603" value="ⲇⲉ"/><!-- ⲇⲉ -->
<feat xlink:href="#orig_604" value="ⲡⲉ"/><!-- ⲡⲉ -->
<feat xlink:href="#orig_605" value="ⲛ"/><!-- ⲛ -->
<feat xlink:href="#orig_606" value="ⲛ"/><!-- ⲛ -->
<feat xlink:href="#orig_607" value="ϩⲉⲑⲛⲟⲥ"/><!-- ϩⲉⲑⲛⲟⲥ -->
<feat xlink:href="#orig_608" value="."/><!-- . -->
<feat xlink:href="#orig_609" value="ⲛ"/><!-- ⲛ -->
<feat xlink:href="#orig_610" value="ⲓⲟⲩⲇⲁⲓ"/><!-- ⲓⲟⲩⲇⲁⲓ -->
<feat xlink:href="#orig_611" value="ⲇⲉ"/><!-- ⲇⲉ -->
<feat xlink:href="#orig_612" value="ⲉⲧ"/><!-- ⲉⲧ -->
<feat xlink:href="#orig_613" value="ⲧⲁϩⲙ"/><!-- ⲧⲁϩⲙ -->
<feat xlink:href="#orig_614" value="ⲙⲛ"/><!-- ⲙⲛ -->
<feat xlink:href="#orig_615" value="ⲛ"/><!-- ⲛ -->
<feat xlink:href="#orig_616" value="ϩⲉⲗⲗⲏⲛ"/><!-- ϩⲉⲗⲗⲏⲛ -->
<feat xlink:href="#orig_617" value="ⲡⲉ"/><!-- ⲡⲉ -->
<feat xlink:href="#orig_618" value="ⲭⲣⲓⲥⲧⲟⲥ"/><!-- ⲭⲣⲓⲥⲧⲟⲥ -->
<feat xlink:href="#orig_619" value="ⲟⲩ"/><!-- ⲟⲩ -->
<feat xlink:href="#orig_620" value="ϭⲟⲙ"/><!-- ϭⲟⲙ -->
<feat xlink:href="#orig_621" value="ⲛⲁ"/><!-- ⲛⲁ -->
<feat xlink:href="#orig_622" value="ⲩ"/><!-- ⲩ -->
<feat xlink:href="#orig_623" value="ⲛⲧⲉ"/><!-- ⲛⲧⲉ -->
<feat xlink:href="#orig_624" value="ⲡ"/><!-- ⲡ -->
<feat xlink:href="#orig_625" value="ⲛⲟⲩⲧⲉ"/><!-- ⲛⲟⲩⲧⲉ -->
<feat xlink:href="#orig_626" value="ⲡⲉ"/><!-- ⲡⲉ -->
<feat xlink:href="#orig_627" value="."/><!-- . -->
<feat xlink:href="#orig_628" value="ⲁⲩⲱ"/><!-- ⲁⲩⲱ -->
<feat xlink:href="#orig_629" value="ⲥⲟⲫⲓⲁ"/><!-- ⲥⲟⲫⲓⲁ -->
<feat xlink:href="#orig_630" value="ⲛⲧⲉ"/><!-- ⲛⲧⲉ -->
<feat xlink:href="#orig_631" value="ⲡ"/><!-- ⲡ -->
<feat xlink:href="#orig_632" value="ⲛⲟⲩⲧⲉ"/><!-- ⲛⲟⲩⲧⲉ -->
<feat xlink:href="#orig_633" value="ⲡⲉ"/><!-- ⲡⲉ -->
<feat xlink:href="#orig_634" value="."/><!-- . -->
<feat xlink:href="#orig_635" value="ϫⲉ"/><!-- ϫⲉ -->
<feat xlink:href="#orig_636" value="ⲧ"/><!-- ⲧ -->
<feat xlink:href="#orig_637" value="ⲙⲛⲧⲥⲟϭ"/><!-- ⲙⲛⲧⲥⲟϭ -->
<feat xlink:href="#orig_638" value="ⲛⲧⲉ"/><!-- ⲛⲧⲉ -->
<feat xlink:href="#orig_639" value="ⲡ"/><!-- ⲡ -->
<feat xlink:href="#orig_640" value="ⲛⲟⲩⲧⲉ"/><!-- ⲛⲟⲩⲧⲉ -->
<feat xlink:href="#orig_641" value="ⲟⲩ"/><!-- ⲟⲩ -->
<feat xlink:href="#orig_642" value="ⲙⲛⲧⲥⲁⲃⲉ"/><!-- ⲙⲛⲧⲥⲁⲃⲉ -->
<feat xlink:href="#orig_643" value="ⲧⲉ"/><!-- ⲧⲉ -->
<feat xlink:href="#orig_644" value="ⲛϩⲟⲩⲟ"/><!-- ⲛϩⲟⲩⲟ -->
<feat xlink:href="#orig_645" value="ⲉ"/><!-- ⲉ -->
<feat xlink:href="#orig_646" value="ⲛ"/><!-- ⲛ -->
<feat xlink:href="#orig_647" value="ⲣⲱⲙⲉ"/><!-- ⲣⲱⲙⲉ -->
<feat xlink:href="#orig_648" value="."/><!-- . -->
<feat xlink:href="#orig_649" value="ⲁⲩⲱ"/><!-- ⲁⲩⲱ -->
<feat xlink:href="#orig_650" value="ⲧ"/><!-- ⲧ -->
<feat xlink:href="#orig_651" value="ⲙⲛⲧϭⲱⲃ"/><!-- ⲙⲛⲧϭⲱⲃ -->
<feat xlink:href="#orig_652" value="ⲛⲧⲉ"/><!-- ⲛⲧⲉ -->
<feat xlink:href="#orig_653" value="ⲡ"/><!-- ⲡ -->
<feat xlink:href="#orig_654" value="ⲛⲟⲩⲧⲉ"/><!-- ⲛⲟⲩⲧⲉ -->
<feat xlink:href="#orig_655" value="ⲥ"/><!-- ⲥ -->
<feat xlink:href="#orig_656" value="ϫⲟⲟⲣ"/><!-- ϫⲟⲟⲣ -->
<feat xlink:href="#orig_657" value="ⲛϩⲟⲩⲟ"/><!-- ⲛϩⲟⲩⲟ -->
<feat xlink:href="#orig_658" value="ⲉ"/><!-- ⲉ -->
<feat xlink:href="#orig_659" value="ⲛ"/><!-- ⲛ -->
<feat xlink:href="#orig_660" value="ⲣⲱⲙⲉ"/><!-- ⲣⲱⲙⲉ -->
<feat xlink:href="#orig_661" value="."/><!-- . -->
<feat xlink:href="#orig_662" value="ⲧⲉⲧⲛ"/><!-- ⲧⲉⲧⲛ -->
<feat xlink:href="#orig_663" value="ϭⲱϣⲧ"/><!-- ϭⲱϣⲧ -->
<feat xlink:href="#orig_664" value="ⲅⲁⲣ"/><!-- ⲅⲁⲣ -->
<feat xlink:href="#orig_665" value="ⲉ"/><!-- ⲉ -->
<feat xlink:href="#orig_666" value="ⲡⲉⲧⲛ"/><!-- ⲡⲉⲧⲛ -->
<feat xlink:href="#orig_667" value="ⲧⲱϩⲙ"/><!-- ⲧⲱϩⲙ -->
<feat xlink:href="#orig_668" value="ⲛⲁ"/><!-- ⲛⲁ -->
<feat xlink:href="#orig_669" value="ⲥⲛⲏⲩ"/><!-- ⲥⲛⲏⲩ -->
<feat xlink:href="#orig_670" value="ϫⲉ"/><!-- ϫⲉ -->
<feat xlink:href="#orig_671" value="ⲙⲛ"/><!-- ⲙⲛ -->
<feat xlink:href="#orig_672" value="ϩⲁϩ"/><!-- ϩⲁϩ -->
<feat xlink:href="#orig_673" value="ⲛ"/><!-- ⲛ -->
<feat xlink:href="#orig_674" value="ⲥⲟⲫⲟⲥ"/><!-- ⲥⲟⲫⲟⲥ -->
<feat xlink:href="#orig_675" value="ⲛϩⲏⲧ"/><!-- ⲛϩⲏⲧ -->
<feat xlink:href="#orig_676" value="ϥ"/><!-- ϥ -->
<feat xlink:href="#orig_677" value="ⲕⲁⲧⲁ"/><!-- ⲕⲁⲧⲁ -->
<feat xlink:href="#orig_678" value="ⲥⲁⲣⲝ"/><!-- ⲥⲁⲣⲝ -->
<feat xlink:href="#orig_679" value="."/><!-- . -->
<feat xlink:href="#orig_680" value="ⲙⲛ"/><!-- ⲙⲛ -->
<feat xlink:href="#orig_681" value="ϩⲁϩ"/><!-- ϩⲁϩ -->
<feat xlink:href="#orig_682" value="ⲛ"/><!-- ⲛ -->
<feat xlink:href="#orig_683" value="ⲇⲩⲛⲁⲧⲟⲥ"/><!-- ⲇⲩⲛⲁⲧⲟⲥ -->
<feat xlink:href="#orig_684" value="."/><!-- . -->
<feat xlink:href="#orig_685" value="ⲙⲛ"/><!-- ⲙⲛ -->
<feat xlink:href="#orig_686" value="ϩⲁϩ"/><!-- ϩⲁϩ -->
<feat xlink:href="#orig_687" value="ⲛ"/><!-- ⲛ -->
<feat xlink:href="#orig_688" value="ⲉⲩⲅⲉⲛⲏⲥ"/><!-- ⲉⲩⲅⲉⲛⲏⲥ -->
<feat xlink:href="#orig_689" value="."/><!-- . -->
<feat xlink:href="#orig_690" value="ⲁⲗⲗⲁ"/><!-- ⲁⲗⲗⲁ -->
<feat xlink:href="#orig_691" value="ⲛ"/><!-- ⲛ -->
<feat xlink:href="#orig_692" value="ⲥⲟϭ"/><!-- ⲥⲟϭ -->
<feat xlink:href="#orig_693" value="ⲛⲧⲉ"/><!-- ⲛⲧⲉ -->
<feat xlink:href="#orig_694" value="ⲡ"/><!-- ⲡ -->
<feat xlink:href="#orig_695" value="ⲕⲟⲥⲙⲟⲥ"/><!-- ⲕⲟⲥⲙⲟⲥ -->
<feat xlink:href="#orig_696" value="ⲛⲉⲛⲧⲁ"/><!-- ⲛⲉⲛⲧⲁ -->
<feat xlink:href="#orig_697" value="ⲡ"/><!-- ⲡ -->
<feat xlink:href="#orig_698" value="ⲛⲟⲩⲧⲉ"/><!-- ⲛⲟⲩⲧⲉ -->
<feat xlink:href="#orig_699" value="ⲥⲟⲧⲡ"/><!-- ⲥⲟⲧⲡ -->
<feat xlink:href="#orig_700" value="ⲟⲩ"/><!-- ⲟⲩ -->
<feat xlink:href="#orig_701" value="ϫⲉⲕⲁⲁⲥ"/><!-- ϫⲉⲕⲁⲁⲥ -->
<feat xlink:href="#orig_702" value="ⲉϥⲉ"/><!-- ⲉϥⲉ -->
<feat xlink:href="#orig_703" value="ϯϣⲓⲡⲉ"/><!-- ϯϣⲓⲡⲉ -->
<feat xlink:href="#orig_704" value="ⲛ"/><!-- ⲛ -->
<feat xlink:href="#orig_705" value="ⲛ"/><!-- ⲛ -->
<feat xlink:href="#orig_706" value="ⲥⲁⲃⲉⲉⲩ"/><!-- ⲥⲁⲃⲉⲉⲩ -->
<feat xlink:href="#orig_707" value="."/><!-- . -->
<feat xlink:href="#orig_708" value="ⲁⲩⲱ"/><!-- ⲁⲩⲱ -->
<feat xlink:href="#orig_709" value="ⲛ"/><!-- ⲛ -->
<feat xlink:href="#orig_710" value="ϭⲱⲃ"/><!-- ϭⲱⲃ -->
<feat xlink:href="#orig_711" value="ⲛⲧⲉ"/><!-- ⲛⲧⲉ -->
<feat xlink:href="#orig_712" value="ⲡ"/><!-- ⲡ -->
<feat xlink:href="#orig_713" value="ⲕⲟⲥⲙⲟⲥ"/><!-- ⲕⲟⲥⲙⲟⲥ -->
<feat xlink:href="#orig_714" value="ⲛⲉⲛⲧⲁ"/><!-- ⲛⲉⲛⲧⲁ -->
<feat xlink:href="#orig_715" value="ⲡ"/><!-- ⲡ -->
<feat xlink:href="#orig_716" value="ⲛⲟⲩⲧⲉ"/><!-- ⲛⲟⲩⲧⲉ -->
<feat xlink:href="#orig_717" value="ⲥⲟⲧⲡ"/><!-- ⲥⲟⲧⲡ -->
<feat xlink:href="#orig_718" value="ⲟⲩ"/><!-- ⲟⲩ -->
<feat xlink:href="#orig_719" value="."/><!-- . -->
<feat xlink:href="#orig_720" value="ϫⲉⲕⲁⲁⲥ"/><!-- ϫⲉⲕⲁⲁⲥ -->
<feat xlink:href="#orig_721" value="ⲉϥⲉ"/><!-- ⲉϥⲉ -->
<feat xlink:href="#orig_722" value="ϯϣⲓⲡⲉ"/><!-- ϯϣⲓⲡⲉ -->
<feat xlink:href="#orig_723" value="ⲛ"/><!-- ⲛ -->
<feat xlink:href="#orig_724" value="ⲛ"/><!-- ⲛ -->
<feat xlink:href="#orig_725" value="ϫⲱⲱⲣⲉ"/><!-- ϫⲱⲱⲣⲉ -->
<feat xlink:href="#orig_726" value="."/><!-- . -->
<feat xlink:href="#orig_727" value="ⲁⲩⲱ"/><!-- ⲁⲩⲱ -->
<feat xlink:href="#orig_728" value="ⲛ"/><!-- ⲛ -->
<feat xlink:href="#orig_729" value="ϩⲏⲕⲉ"/><!-- ϩⲏⲕⲉ -->
<feat xlink:href="#orig_730" value="ⲛⲧⲉ"/><!-- ⲛⲧⲉ -->
<feat xlink:href="#orig_731" value="ⲡ"/><!-- ⲡ -->
<feat xlink:href="#orig_732" value="ⲕⲟⲥⲙⲟⲥ"/><!-- ⲕⲟⲥⲙⲟⲥ -->
<feat xlink:href="#orig_733" value="ⲙⲛ"/><!-- ⲙⲛ -->
<feat xlink:href="#orig_734" value="ⲛ"/><!-- ⲛ -->
<feat xlink:href="#orig_735" value="ⲉⲧ"/><!-- ⲉⲧ -->
<feat xlink:href="#orig_736" value="ⲥⲟϣϥ"/><!-- ⲥⲟϣϥ -->
<feat xlink:href="#orig_737" value="ⲛⲉⲛⲧⲁ"/><!-- ⲛⲉⲛⲧⲁ -->
<feat xlink:href="#orig_738" value="ⲡ"/><!-- ⲡ -->
<feat xlink:href="#orig_739" value="ⲛⲟⲩⲧⲉ"/><!-- ⲛⲟⲩⲧⲉ -->
<feat xlink:href="#orig_740" value="ⲥⲟⲧⲡ"/><!-- ⲥⲟⲧⲡ -->
<feat xlink:href="#orig_741" value="ⲟⲩ"/><!-- ⲟⲩ -->
<feat xlink:href="#orig_742" value="."/><!-- . -->
<feat xlink:href="#orig_743" value="ⲛⲉⲧⲉⲛⲥⲉϣⲟⲟⲡ"/><!-- ⲛⲉⲧⲉⲛⲥⲉϣⲟⲟⲡ -->
<feat xlink:href="#orig_744" value="ⲁⲛ"/><!-- ⲁⲛ -->
<feat xlink:href="#orig_745" value="."/><!-- . -->
<feat xlink:href="#orig_746" value="ϫⲉⲕⲁⲁⲥ"/><!-- ϫⲉⲕⲁⲁⲥ -->
<feat xlink:href="#orig_747" value="ⲉϥⲉ"/><!-- ⲉϥⲉ -->
<feat xlink:href="#orig_748" value="ⲕⲁⲧⲁⲣⲅⲉⲓ"/><!-- ⲕⲁⲧⲁⲣⲅⲉⲓ -->
<feat xlink:href="#orig_749" value="ⲛ"/><!-- ⲛ -->
<feat xlink:href="#orig_750" value="ⲛ"/><!-- ⲛ -->
<feat xlink:href="#orig_751" value="ⲉⲧ"/><!-- ⲉⲧ -->
<feat xlink:href="#orig_752" value="ϣⲟⲟⲡ"/><!-- ϣⲟⲟⲡ -->
<feat xlink:href="#orig_753" value="."/><!-- . -->
<feat xlink:href="#orig_754" value="ϫⲉ"/><!-- ϫⲉ -->
<feat xlink:href="#orig_755" value="ⲛⲛⲉ"/><!-- ⲛⲛⲉ -->
<feat xlink:href="#orig_756" value="ⲗⲁⲁⲩ"/><!-- ⲗⲁⲁⲩ -->
<feat xlink:href="#orig_757" value="ⲛ"/><!-- ⲛ -->
<feat xlink:href="#orig_758" value="ⲥⲁⲣⲝ"/><!-- ⲥⲁⲣⲝ -->
<feat xlink:href="#orig_759" value="ϣⲟⲩϣⲟⲩ"/><!-- ϣⲟⲩϣⲟⲩ -->
<feat xlink:href="#orig_760" value="ⲙⲙⲟ"/><!-- ⲙⲙⲟ -->
<feat xlink:href="#orig_761" value="ϥ"/><!-- ϥ -->
<feat xlink:href="#orig_762" value="ⲙ"/><!-- ⲙ -->
<feat xlink:href="#orig_763" value="ⲡⲉ"/><!-- ⲡⲉ -->
<feat xlink:href="#orig_764" value="ⲙⲧⲟ"/><!-- ⲙⲧⲟ -->
<feat xlink:href="#orig_765" value="ⲉⲃⲟⲗ"/><!-- ⲉⲃⲟⲗ -->
<feat xlink:href="#orig_766" value="ⲙ"/><!-- ⲙ -->
<feat xlink:href="#orig_767" value="ⲡ"/><!-- ⲡ -->
<feat xlink:href="#orig_768" value="ⲛⲟⲩⲧⲉ"/><!-- ⲛⲟⲩⲧⲉ -->
<feat xlink:href="#orig_769" value="."/><!-- . -->
<feat xlink:href="#orig_770" value="ⲛⲧⲱⲧⲛ"/><!-- ⲛⲧⲱⲧⲛ -->
<feat xlink:href="#orig_771" value="ⲇⲉ"/><!-- ⲇⲉ -->
<feat xlink:href="#orig_772" value="ⲛⲧⲉⲧⲛ"/><!-- ⲛⲧⲉⲧⲛ -->
<feat xlink:href="#orig_773" value="ϩⲉⲛⲉⲃⲟⲗ"/><!-- ϩⲉⲛⲉⲃⲟⲗ -->
<feat xlink:href="#orig_774" value="ⲛϩⲏⲧ"/><!-- ⲛϩⲏⲧ -->
<feat xlink:href="#orig_775" value="ϥ"/><!-- ϥ -->
<feat xlink:href="#orig_776" value="ϩⲙ"/><!-- ϩⲙ -->
<feat xlink:href="#orig_777" value="ⲡⲉ"/><!-- ⲡⲉ -->
<feat xlink:href="#orig_778" value="ⲭⲣⲓⲥⲧⲟⲥ"/><!-- ⲭⲣⲓⲥⲧⲟⲥ -->
<feat xlink:href="#orig_779" value="ⲓⲏⲥⲟⲩⲥ"/><!-- ⲓⲏⲥⲟⲩⲥ -->
<feat xlink:href="#orig_780" value="ⲡⲁⲓ"/><!-- ⲡⲁⲓ -->
<feat xlink:href="#orig_781" value="ⲉⲛⲧ"/><!-- ⲉⲛⲧ -->
<feat xlink:href="#orig_782" value="ⲁ"/><!-- ⲁ -->
<feat xlink:href="#orig_783" value="ϥ"/><!-- ϥ -->
<feat xlink:href="#orig_784" value="ϣⲱⲡⲉ"/><!-- ϣⲱⲡⲉ -->
<feat xlink:href="#orig_785" value="ⲛⲁ"/><!-- ⲛⲁ -->
<feat xlink:href="#orig_786" value="ⲛ"/><!-- ⲛ -->
<feat xlink:href="#orig_787" value="ⲛ"/><!-- ⲛ -->
<feat xlink:href="#orig_788" value="ⲥⲟⲫⲓⲁ"/><!-- ⲥⲟⲫⲓⲁ -->
<feat xlink:href="#orig_789" value="ⲉⲃⲟⲗ"/><!-- ⲉⲃⲟⲗ -->
<feat xlink:href="#orig_790" value="ϩⲓⲧⲙ"/><!-- ϩⲓⲧⲙ -->
<feat xlink:href="#orig_791" value="ⲡ"/><!-- ⲡ -->
<feat xlink:href="#orig_792" value="ⲛⲟⲩⲧⲉ"/><!-- ⲛⲟⲩⲧⲉ -->
<feat xlink:href="#orig_793" value="ⲛ"/><!-- ⲛ -->
<feat xlink:href="#orig_794" value="ⲇⲓⲕⲁⲓⲟⲥⲩⲛⲏ"/><!-- ⲇⲓⲕⲁⲓⲟⲥⲩⲛⲏ -->
<feat xlink:href="#orig_795" value="ⲁⲩⲱ"/><!-- ⲁⲩⲱ -->
<feat xlink:href="#orig_796" value="ⲛ"/><!-- ⲛ -->
<feat xlink:href="#orig_797" value="ⲧⲃⲃⲟ"/><!-- ⲧⲃⲃⲟ -->
<feat xlink:href="#orig_798" value="ⲁⲩⲱ"/><!-- ⲁⲩⲱ -->
<feat xlink:href="#orig_799" value="ⲛⲥⲱⲧⲉ"/><!-- ⲛⲥⲱⲧⲉ -->
<feat xlink:href="#orig_800" value="."/><!-- . -->
<feat xlink:href="#orig_801" value="ϫⲉⲕⲁⲁⲥ"/><!-- ϫⲉⲕⲁⲁⲥ -->
<feat xlink:href="#orig_802" value="ⲕⲁⲧⲁ"/><!-- ⲕⲁⲧⲁ -->
<feat xlink:href="#orig_803" value="ⲧ"/><!-- ⲧ -->
<feat xlink:href="#orig_804" value="ϩⲉ"/><!-- ϩⲉ -->
<feat xlink:href="#orig_805" value="ⲉⲧ"/><!-- ⲉⲧ -->
<feat xlink:href="#orig_806" value="ⲥⲏϩ"/><!-- ⲥⲏϩ -->
<feat xlink:href="#orig_807" value="ϫⲉ"/><!-- ϫⲉ -->
<feat xlink:href="#orig_808" value="ⲡ"/><!-- ⲡ -->
<feat xlink:href="#orig_809" value="ⲉⲧ"/><!-- ⲉⲧ -->
<feat xlink:href="#orig_810" value="ϣⲟⲩϣⲟⲩ"/><!-- ϣⲟⲩϣⲟⲩ -->
<feat xlink:href="#orig_811" value="ⲙⲙⲟ"/><!-- ⲙⲙⲟ -->
<feat xlink:href="#orig_812" value="ϥ"/><!-- ϥ -->
<feat xlink:href="#orig_813" value="ⲙⲁⲣⲉ"/><!-- ⲙⲁⲣⲉ -->
<feat xlink:href="#orig_814" value="ϥ"/><!-- ϥ -->
<feat xlink:href="#orig_815" value="ϣⲟⲩϣⲟⲩ"/><!-- ϣⲟⲩϣⲟⲩ -->
<feat xlink:href="#orig_816" value="ⲙⲙⲟ"/><!-- ⲙⲙⲟ -->
<feat xlink:href="#orig_817" value="ϥ"/><!-- ϥ -->
<feat xlink:href="#orig_818" value="ϩⲙ"/><!-- ϩⲙ -->
<feat xlink:href="#orig_819" value="ⲡ"/><!-- ⲡ -->
<feat xlink:href="#orig_820" value="ϫⲟⲉⲓⲥ"/><!-- ϫⲟⲉⲓⲥ -->
<feat xlink:href="#orig_821" value="."/><!-- . -->
</featList>
</paula>
