<?xml version="1.0" encoding="UTF-8" standalone="no"?>

<!DOCTYPE paula SYSTEM "paula_mark.dtd">
<paula version="1.0">

<header paula_id="sahidica.nt.1_Peter_1_norm_groupSeg"/>

<markList xmlns:xlink="http://www.w3.org/1999/xlink" type="norm_groupSeg" xml:base="sahidica.nt.1_Peter_1.tok.xml">
<mark id="norm_group_1" xlink:href="#tok_1"/><!-- ⲡⲉⲧⲣⲟⲥ -->
<mark id="norm_group_2" xlink:href="#xpointer(id('tok_2')/range-to(id('tok_3')))"/><!-- ⲡ...ⲁⲡⲟⲥⲧⲟⲗⲟⲥ -->
<mark id="norm_group_4" xlink:href="#xpointer(id('tok_4')/range-to(id('tok_5')))"/><!-- ⲛ...ⲓⲏⲥⲟⲩⲥ -->
<mark id="norm_group_6" xlink:href="#xpointer(id('tok_6')/range-to(id('tok_7')))"/><!-- ⲡⲉ...ⲭⲣⲓⲥⲧⲟⲥ -->
<mark id="norm_group_8" xlink:href="#xpointer(id('tok_8')/range-to(id('tok_10')))"/><!-- ⲉ...ⲥϩⲁⲓ -->
<mark id="norm_group_11" xlink:href="#xpointer(id('tok_11')/range-to(id('tok_13')))"/><!-- ⲛ...ⲥⲱⲧⲡ -->
<mark id="norm_group_14" xlink:href="#xpointer(id('tok_14')/range-to(id('tok_15')))"/><!-- ⲉⲧ...ⲟⲩⲏϩ -->
<mark id="norm_group_16" xlink:href="#tok_16"/><!-- ϩⲛ -->
<mark id="norm_group_17" xlink:href="#tok_17"/><!-- ⲧⲇⲓⲁⲥⲡⲟⲣⲁ -->
<mark id="norm_group_18" xlink:href="#tok_18"/><!-- ⲙⲛ -->
<mark id="norm_group_19" xlink:href="#tok_19"/><!-- ⲧⲡⲟⲛⲧⲟⲥ -->
<mark id="norm_group_20" xlink:href="#tok_20"/><!-- ⲙⲛ -->
<mark id="norm_group_21" xlink:href="#tok_21"/><!-- ⲧⲅⲁⲗⲁⲧⲓⲁ -->
<mark id="norm_group_22" xlink:href="#tok_22"/><!-- ⲙⲛ -->
<mark id="norm_group_23" xlink:href="#tok_23"/><!-- ⲧⲕⲁⲡⲡⲁⲇⲟⲕⲓⲁ -->
<mark id="norm_group_24" xlink:href="#tok_24"/><!-- ⲙⲛ -->
<mark id="norm_group_25" xlink:href="#tok_25"/><!-- ⲧⲁⲥⲓⲁ -->
<mark id="norm_group_26" xlink:href="#tok_26"/><!-- ⲙⲛ -->
<mark id="norm_group_27" xlink:href="#tok_27"/><!-- ⲧⲃⲓⲑⲁⲛⲓⲁ -->
<mark id="norm_group_28" xlink:href="#tok_28"/><!-- . -->
<mark id="norm_group_29" xlink:href="#tok_29"/><!-- ⲕⲁⲧⲁ -->
<mark id="norm_group_30" xlink:href="#tok_30"/><!-- ⲡϣⲣⲡ -->
<mark id="norm_group_31" xlink:href="#tok_31"/><!-- ⲥⲟⲟⲩⲛ -->
<mark id="norm_group_32" xlink:href="#xpointer(id('tok_32')/range-to(id('tok_34')))"/><!-- ⲙ...ⲛⲟⲩⲧⲉ -->
<mark id="norm_group_35" xlink:href="#xpointer(id('tok_35')/range-to(id('tok_36')))"/><!-- ⲡ...ⲉⲓⲱⲧ -->
<mark id="norm_group_37" xlink:href="#tok_37"/><!-- ϩⲙ -->
<mark id="norm_group_38" xlink:href="#xpointer(id('tok_38')/range-to(id('tok_39')))"/><!-- ⲡ...ⲧⲃⲃⲟ -->
<mark id="norm_group_40" xlink:href="#xpointer(id('tok_40')/range-to(id('tok_42')))"/><!-- ⲙ...ⲡⲛⲉⲩⲙⲁ -->
<mark id="norm_group_43" xlink:href="#tok_43"/><!-- ⲉⲡⲥⲱⲧⲙ -->
<mark id="norm_group_44" xlink:href="#xpointer(id('tok_44')/range-to(id('tok_46')))"/><!-- ⲛ...ⲡⲓⲥⲧⲓⲥ -->
<mark id="norm_group_47" xlink:href="#tok_47"/><!-- ⲙⲛ -->
<mark id="norm_group_48" xlink:href="#tok_48"/><!-- ⲡϭⲟϣϭϣ -->
<mark id="norm_group_49" xlink:href="#xpointer(id('tok_49')/range-to(id('tok_51')))"/><!-- ⲙ...ⲥⲛⲟϥ -->
<mark id="norm_group_52" xlink:href="#xpointer(id('tok_52')/range-to(id('tok_53')))"/><!-- ⲛ...ⲓⲏⲥⲟⲩⲥ -->
<mark id="norm_group_54" xlink:href="#xpointer(id('tok_54')/range-to(id('tok_55')))"/><!-- ⲡⲉ...ⲭⲣⲓⲥⲧⲟⲥ -->
<mark id="norm_group_56" xlink:href="#xpointer(id('tok_56')/range-to(id('tok_57')))"/><!-- ⲧⲉ...ⲭⲁⲣⲓⲥ -->
<mark id="norm_group_58" xlink:href="#xpointer(id('tok_58')/range-to(id('tok_59')))"/><!-- ⲛⲏ...ⲧⲛ -->
<mark id="norm_group_60" xlink:href="#tok_60"/><!-- ⲙⲛ -->
<mark id="norm_group_61" xlink:href="#xpointer(id('tok_61')/range-to(id('tok_62')))"/><!-- ⲧ...ⲓⲣⲏⲛⲏ -->
<mark id="norm_group_63" xlink:href="#tok_63"/><!-- ⲙⲙⲁϣⲟ -->
<mark id="norm_group_64" xlink:href="#tok_64"/><!-- . -->
<mark id="norm_group_65" xlink:href="#xpointer(id('tok_65')/range-to(id('tok_66')))"/><!-- ϥ...ⲥⲙⲁⲙⲁⲁⲧ -->
<mark id="norm_group_67" xlink:href="#tok_67"/><!-- ⲛϭⲓ -->
<mark id="norm_group_68" xlink:href="#xpointer(id('tok_68')/range-to(id('tok_69')))"/><!-- ⲡ...ⲛⲟⲩⲧⲉ -->
<mark id="norm_group_70" xlink:href="#xpointer(id('tok_70')/range-to(id('tok_71')))"/><!-- ⲡ...ⲉⲓⲱⲧ -->
<mark id="norm_group_72" xlink:href="#xpointer(id('tok_72')/range-to(id('tok_74')))"/><!-- ⲙ...ϫⲟⲉⲓⲥ -->
<mark id="norm_group_75" xlink:href="#tok_75"/><!-- ⲓⲏⲥⲟⲩⲥ -->
<mark id="norm_group_76" xlink:href="#xpointer(id('tok_76')/range-to(id('tok_77')))"/><!-- ⲡⲉ...ⲭⲣⲓⲥⲧⲟⲥ -->
<mark id="norm_group_78" xlink:href="#tok_78"/><!-- ⲡⲁⲓ -->
<mark id="norm_group_79" xlink:href="#xpointer(id('tok_79')/range-to(id('tok_83')))"/><!-- ⲛⲧ...ⲛ -->
<mark id="norm_group_84" xlink:href="#tok_84"/><!-- ⲕⲁⲧⲁ -->
<mark id="norm_group_85" xlink:href="#tok_85"/><!-- ⲡⲉϥⲛⲁ -->
<mark id="norm_group_86" xlink:href="#xpointer(id('tok_86')/range-to(id('tok_88')))"/><!-- ⲉⲧ...ϣⲱϥ -->
<mark id="norm_group_89" xlink:href="#tok_89"/><!-- ⲉϩⲟⲩⲛ -->
<mark id="norm_group_90" xlink:href="#xpointer(id('tok_90')/range-to(id('tok_92')))"/><!-- ⲉ...ϩⲉⲗⲡⲓⲥ -->
<mark id="norm_group_93" xlink:href="#xpointer(id('tok_93')/range-to(id('tok_95')))"/><!-- ⲉ...ⲟⲛϩ -->
<mark id="norm_group_96" xlink:href="#tok_96"/><!-- ϩⲓⲧⲙ -->
<mark id="norm_group_97" xlink:href="#tok_97"/><!-- ⲡⲧⲱⲟⲩⲛ -->
<mark id="norm_group_98" xlink:href="#xpointer(id('tok_98')/range-to(id('tok_99')))"/><!-- ⲛ...ⲓⲏⲥⲟⲩⲥ -->
<mark id="norm_group_100" xlink:href="#xpointer(id('tok_100')/range-to(id('tok_101')))"/><!-- ⲡⲉ...ⲭⲣⲓⲥⲧⲟⲥ -->
<mark id="norm_group_102" xlink:href="#tok_102"/><!-- ⲉⲃⲟⲗ -->
<mark id="norm_group_103" xlink:href="#tok_103"/><!-- ϩⲛ -->
<mark id="norm_group_104" xlink:href="#xpointer(id('tok_104')/range-to(id('tok_106')))"/><!-- ⲛ...ⲙⲟⲟⲩⲧ -->
<mark id="norm_group_107" xlink:href="#xpointer(id('tok_107')/range-to(id('tok_109')))"/><!-- ⲉ...ⲕⲗⲏⲣⲟⲛⲟⲙⲓⲁ -->
<mark id="norm_group_110" xlink:href="#xpointer(id('tok_110')/range-to(id('tok_111')))"/><!-- ⲛⲁ...ⲧⲁⲕⲟ -->
<mark id="norm_group_112" xlink:href="#tok_112"/><!-- ⲁⲩⲱ -->
<mark id="norm_group_113" xlink:href="#xpointer(id('tok_113')/range-to(id('tok_114')))"/><!-- ⲛⲁ...ⲧⲱⲗⲙ -->
<mark id="norm_group_115" xlink:href="#tok_115"/><!-- ⲉⲙⲉⲥϩⲱϭⲃ -->
<mark id="norm_group_116" xlink:href="#xpointer(id('tok_116')/range-to(id('tok_118')))"/><!-- ⲉ...ϩⲁⲣⲉϩ -->
<mark id="norm_group_119" xlink:href="#xpointer(id('tok_119')/range-to(id('tok_120')))"/><!-- ⲉⲣⲟ...ⲥ -->
<mark id="norm_group_121" xlink:href="#xpointer(id('tok_121')/range-to(id('tok_122')))"/><!-- ⲛⲏ...ⲧⲛ -->
<mark id="norm_group_123" xlink:href="#tok_123"/><!-- ϩⲛ -->
<mark id="norm_group_124" xlink:href="#xpointer(id('tok_124')/range-to(id('tok_125')))"/><!-- ⲙ...ⲡⲏⲩⲉ -->
<mark id="norm_group_126" xlink:href="#tok_126"/><!-- ⲛⲁⲓ -->
<mark id="norm_group_127" xlink:href="#xpointer(id('tok_127')/range-to(id('tok_129')))"/><!-- ⲉⲧ...ϩⲁⲣⲉϩ -->
<mark id="norm_group_130" xlink:href="#xpointer(id('tok_130')/range-to(id('tok_131')))"/><!-- ⲉⲣⲟ...ⲟⲩ -->
<mark id="norm_group_132" xlink:href="#tok_132"/><!-- ϩⲛ -->
<mark id="norm_group_133" xlink:href="#xpointer(id('tok_133')/range-to(id('tok_134')))"/><!-- ⲧ...ϭⲟⲙ -->
<mark id="norm_group_135" xlink:href="#xpointer(id('tok_135')/range-to(id('tok_137')))"/><!-- ⲙ...ⲛⲟⲩⲧⲉ -->
<mark id="norm_group_138" xlink:href="#tok_138"/><!-- ϩⲓⲧⲛ -->
<mark id="norm_group_139" xlink:href="#xpointer(id('tok_139')/range-to(id('tok_140')))"/><!-- ⲧ...ⲡⲓⲥⲧⲓⲥ -->
<mark id="norm_group_141" xlink:href="#tok_141"/><!-- ⲉⲡⲟⲩϫⲁⲓ -->
<mark id="norm_group_142" xlink:href="#xpointer(id('tok_142')/range-to(id('tok_143')))"/><!-- ⲉⲧ...ⲥⲃⲧⲱⲧ -->
<mark id="norm_group_144" xlink:href="#xpointer(id('tok_144')/range-to(id('tok_145')))"/><!-- ⲉ...ϭⲱⲗⲡ -->
<mark id="norm_group_146" xlink:href="#tok_146"/><!-- ⲉⲃⲟⲗ -->
<mark id="norm_group_147" xlink:href="#tok_147"/><!-- ϩⲙ -->
<mark id="norm_group_148" xlink:href="#xpointer(id('tok_148')/range-to(id('tok_149')))"/><!-- ⲡⲉ...ⲟⲩⲟⲉⲓϣ -->
<mark id="norm_group_150" xlink:href="#xpointer(id('tok_150')/range-to(id('tok_151')))"/><!-- ⲛ...ϩⲁⲉ -->
<mark id="norm_group_152" xlink:href="#tok_152"/><!-- ⲡⲁⲓ -->
<mark id="norm_group_153" xlink:href="#xpointer(id('tok_153')/range-to(id('tok_155')))"/><!-- ⲉ...ⲧⲉⲗⲏⲗ -->
<mark id="norm_group_156" xlink:href="#xpointer(id('tok_156')/range-to(id('tok_157')))"/><!-- ⲛϩⲏⲧ...ϥ -->
<mark id="norm_group_158" xlink:href="#xpointer(id('tok_158')/range-to(id('tok_161')))"/><!-- ⲉ...ⲗⲩⲡⲏ -->
<mark id="norm_group_162" xlink:href="#tok_162"/><!-- ⲧⲉⲛⲟⲩ -->
<mark id="norm_group_163" xlink:href="#xpointer(id('tok_163')/range-to(id('tok_165')))"/><!-- ⲛ...ⲕⲟⲩⲓ -->
<mark id="norm_group_166" xlink:href="#tok_166"/><!-- ⲉϣϫⲉ -->
<mark id="norm_group_167" xlink:href="#tok_167"/><!-- ϩⲁⲡⲥ -->
<mark id="norm_group_168" xlink:href="#tok_168"/><!-- ⲡⲉ -->
<mark id="norm_group_169" xlink:href="#tok_169"/><!-- ⲉϩⲣⲁⲓ -->
<mark id="norm_group_170" xlink:href="#tok_170"/><!-- ϩⲛ -->
<mark id="norm_group_171" xlink:href="#xpointer(id('tok_171')/range-to(id('tok_172')))"/><!-- ϩⲉⲛ...ⲡⲉⲓⲣⲁⲥⲙⲟⲥ -->
<mark id="norm_group_173" xlink:href="#xpointer(id('tok_173')/range-to(id('tok_175')))"/><!-- ⲉ...ϣⲟⲃⲉ -->
<mark id="norm_group_176" xlink:href="#tok_176"/><!-- ϫⲉⲕⲁⲁⲥ -->
<mark id="norm_group_177" xlink:href="#xpointer(id('tok_177')/range-to(id('tok_179')))"/><!-- ⲉ...ϩⲉ -->
<mark id="norm_group_180" xlink:href="#tok_180"/><!-- ⲉⲧⲙⲛⲧⲥⲱⲡⲧ -->
<mark id="norm_group_181" xlink:href="#xpointer(id('tok_181')/range-to(id('tok_183')))"/><!-- ⲛ...ⲡⲓⲥⲧⲓⲥ -->
<mark id="norm_group_184" xlink:href="#xpointer(id('tok_184')/range-to(id('tok_186')))"/><!-- ⲉ...ⲧⲁⲓⲏⲩ -->
<mark id="norm_group_187" xlink:href="#tok_187"/><!-- ⲉϩⲟⲩⲉ -->
<mark id="norm_group_188" xlink:href="#xpointer(id('tok_188')/range-to(id('tok_190')))"/><!-- ⲉ...ⲛⲟⲩⲃ -->
<mark id="norm_group_191" xlink:href="#xpointer(id('tok_191')/range-to(id('tok_193')))"/><!-- ⲉⲧ...ⲧⲁⲕⲟ -->
<mark id="norm_group_194" xlink:href="#tok_194"/><!-- ⲡⲁⲓ -->
<mark id="norm_group_195" xlink:href="#tok_195"/><!-- ⲛϣⲁⲩⲇⲟⲕⲓⲙⲁⲍⲉ -->
<mark id="norm_group_196" xlink:href="#xpointer(id('tok_196')/range-to(id('tok_197')))"/><!-- ⲙⲙⲟ...ϥ -->
<mark id="norm_group_198" xlink:href="#tok_198"/><!-- ϩⲓⲧⲙ -->
<mark id="norm_group_199" xlink:href="#xpointer(id('tok_199')/range-to(id('tok_200')))"/><!-- ⲡ...ⲕⲱϩⲧ -->
<mark id="norm_group_201" xlink:href="#xpointer(id('tok_201')/range-to(id('tok_203')))"/><!-- ⲉ...ⲧⲙⲁⲓⲟ -->
<mark id="norm_group_204" xlink:href="#xpointer(id('tok_204')/range-to(id('tok_205')))"/><!-- ⲛⲏ...ⲧⲛ -->
<mark id="norm_group_206" xlink:href="#tok_206"/><!-- ⲙⲛ -->
<mark id="norm_group_207" xlink:href="#xpointer(id('tok_207')/range-to(id('tok_208')))"/><!-- ⲟⲩ...ⲉⲟⲟⲩ -->
<mark id="norm_group_209" xlink:href="#tok_209"/><!-- ⲙⲛ -->
<mark id="norm_group_210" xlink:href="#tok_210"/><!-- ⲟⲩⲧⲁⲓⲟ -->
<mark id="norm_group_211" xlink:href="#tok_211"/><!-- ϩⲙ -->
<mark id="norm_group_212" xlink:href="#xpointer(id('tok_212')/range-to(id('tok_213')))"/><!-- ⲡ...ϭⲱⲗⲡ -->
<mark id="norm_group_214" xlink:href="#tok_214"/><!-- ⲉⲃⲟⲗ -->
<mark id="norm_group_215" xlink:href="#xpointer(id('tok_215')/range-to(id('tok_216')))"/><!-- ⲛ...ⲓⲏⲥⲟⲩⲥ -->
<mark id="norm_group_217" xlink:href="#xpointer(id('tok_217')/range-to(id('tok_218')))"/><!-- ⲡⲉ...ⲭⲣⲓⲥⲧⲟⲥ -->
<mark id="norm_group_219" xlink:href="#tok_219"/><!-- ⲡⲁⲓ -->
<mark id="norm_group_220" xlink:href="#xpointer(id('tok_220')/range-to(id('tok_222')))"/><!-- ⲙ...ⲛⲁⲩ -->
<mark id="norm_group_223" xlink:href="#xpointer(id('tok_223')/range-to(id('tok_224')))"/><!-- ⲉⲣⲟ...ϥ -->
<mark id="norm_group_225" xlink:href="#xpointer(id('tok_225')/range-to(id('tok_227')))"/><!-- ⲉ...ⲙⲉ -->
<mark id="norm_group_228" xlink:href="#xpointer(id('tok_228')/range-to(id('tok_229')))"/><!-- ⲙⲙⲟ...ϥ -->
<mark id="norm_group_230" xlink:href="#tok_230"/><!-- ⲁⲩⲱ -->
<mark id="norm_group_231" xlink:href="#tok_231"/><!-- ⲡⲁⲓ -->
<mark id="norm_group_232" xlink:href="#tok_232"/><!-- ⲟⲛ -->
<mark id="norm_group_233" xlink:href="#tok_233"/><!-- ⲧⲉⲛⲟⲩ -->
<mark id="norm_group_234" xlink:href="#tok_234"/><!-- ⲉⲛⲧⲉⲧⲛⲛⲁⲩ -->
<mark id="norm_group_235" xlink:href="#xpointer(id('tok_235')/range-to(id('tok_236')))"/><!-- ⲉⲣⲟ...ϥ -->
<mark id="norm_group_237" xlink:href="#tok_237"/><!-- ⲁⲛ -->
<mark id="norm_group_238" xlink:href="#xpointer(id('tok_238')/range-to(id('tok_239')))"/><!-- ⲧⲉⲧⲛ...ⲡⲓⲥⲧⲉⲩⲉ -->
<mark id="norm_group_240" xlink:href="#tok_240"/><!-- ⲇⲉ -->
<mark id="norm_group_241" xlink:href="#xpointer(id('tok_241')/range-to(id('tok_242')))"/><!-- ⲉⲣⲟ...ϥ -->
<mark id="norm_group_243" xlink:href="#xpointer(id('tok_243')/range-to(id('tok_244')))"/><!-- ⲧⲉⲧⲛ...ⲧⲉⲗⲏⲗ -->
<mark id="norm_group_245" xlink:href="#tok_245"/><!-- ϩⲛ -->
<mark id="norm_group_246" xlink:href="#tok_246"/><!-- ⲟⲩⲣⲁϣⲉ -->
<mark id="norm_group_247" xlink:href="#xpointer(id('tok_247')/range-to(id('tok_249')))"/><!-- ⲉ...ϩⲏⲡ -->
<mark id="norm_group_250" xlink:href="#tok_250"/><!-- ⲁⲩⲱ -->
<mark id="norm_group_251" xlink:href="#xpointer(id('tok_251')/range-to(id('tok_252')))"/><!-- ϥ...ⲧⲁⲓⲏⲩ -->
<mark id="norm_group_253" xlink:href="#tok_253"/><!-- . -->
<mark id="norm_group_254" xlink:href="#xpointer(id('tok_254')/range-to(id('tok_256')))"/><!-- ⲉ...ϫⲓ -->
<mark id="norm_group_257" xlink:href="#tok_257"/><!-- ⲙⲡϫⲱⲕ -->
<mark id="norm_group_258" xlink:href="#tok_258"/><!-- ⲉⲃⲟⲗ -->
<mark id="norm_group_259" xlink:href="#xpointer(id('tok_259')/range-to(id('tok_261')))"/><!-- ⲛ...ⲡⲓⲥⲧⲓⲥ -->
<mark id="norm_group_262" xlink:href="#tok_262"/><!-- ⲡⲟⲩϫⲁⲓ -->
<mark id="norm_group_263" xlink:href="#tok_263"/><!-- ⲛⲉⲧⲙⲯⲩⲭⲏ -->
<mark id="norm_group_264" xlink:href="#tok_264"/><!-- . -->
<mark id="norm_group_265" xlink:href="#xpointer(id('tok_265')/range-to(id('tok_268')))"/><!-- ⲉ...ϣⲓⲛⲉ -->
<mark id="norm_group_269" xlink:href="#tok_269"/><!-- ⲁⲩⲱ -->
<mark id="norm_group_270" xlink:href="#xpointer(id('tok_270')/range-to(id('tok_272')))"/><!-- ⲁ...ϩⲟⲧϩⲧ -->
<mark id="norm_group_273" xlink:href="#tok_273"/><!-- ⲉⲧⲃⲉ -->
<mark id="norm_group_274" xlink:href="#tok_274"/><!-- ⲡⲉⲓⲟⲩϫⲁⲓ -->
<mark id="norm_group_275" xlink:href="#tok_275"/><!-- ⲛϭⲓ -->
<mark id="norm_group_276" xlink:href="#xpointer(id('tok_276')/range-to(id('tok_278')))"/><!-- ⲛ...ⲡⲣⲟⲫⲏⲧⲏⲥ -->
<mark id="norm_group_279" xlink:href="#tok_279"/><!-- ⲛⲁⲓ -->
<mark id="norm_group_280" xlink:href="#tok_280"/><!-- ⲛⲧⲁⲩⲡⲣⲟⲫⲏ -->
<mark id="norm_group_281" xlink:href="#tok_281"/><!-- ⲧⲉⲩⲉ -->
<mark id="norm_group_282" xlink:href="#tok_282"/><!-- ⲉⲧⲃⲉ -->
<mark id="norm_group_283" xlink:href="#xpointer(id('tok_283')/range-to(id('tok_284')))"/><!-- ⲧⲉ...ⲭⲁⲣⲓⲥ -->
<mark id="norm_group_285" xlink:href="#xpointer(id('tok_285')/range-to(id('tok_286')))"/><!-- ⲉⲧ...ϫⲓ -->
<mark id="norm_group_287" xlink:href="#tok_287"/><!-- ⲉϩⲟⲩ -->
<mark id="norm_group_288" xlink:href="#xpointer(id('tok_288')/range-to(id('tok_289')))"/><!-- ⲉⲣⲱ...ⲧⲛ -->
<mark id="norm_group_290" xlink:href="#tok_290"/><!-- . -->
<mark id="norm_group_291" xlink:href="#xpointer(id('tok_291')/range-to(id('tok_293')))"/><!-- ⲉ...ϣⲓⲛⲉ -->
<mark id="norm_group_294" xlink:href="#tok_294"/><!-- ϫⲉ -->
<mark id="norm_group_295" xlink:href="#tok_295"/><!-- ⲉⲣⲉ -->
<mark id="norm_group_296" xlink:href="#xpointer(id('tok_296')/range-to(id('tok_297')))"/><!-- ⲡⲉ...ⲡⲛⲉⲩⲙⲁ -->
<mark id="norm_group_298" xlink:href="#xpointer(id('tok_298')/range-to(id('tok_300')))"/><!-- ⲙ...ⲭⲣⲓⲥⲧⲟⲥ -->
<mark id="norm_group_301" xlink:href="#tok_301"/><!-- ⲉⲧⲛϩⲏⲧⲟⲩ -->
<mark id="norm_group_302" xlink:href="#tok_302"/><!-- ϣⲁϫⲉ -->
<mark id="norm_group_303" xlink:href="#tok_303"/><!-- ⲉⲁϣ -->
<mark id="norm_group_304" xlink:href="#xpointer(id('tok_304')/range-to(id('tok_305')))"/><!-- ⲛ...ⲟⲩⲟⲉⲓϣ -->
<mark id="norm_group_306" xlink:href="#xpointer(id('tok_306')/range-to(id('tok_308')))"/><!-- ⲉ...ⲣ -->
<mark id="norm_group_309" xlink:href="#tok_309"/><!-- ⲙⲛⲧⲣⲉ -->
<mark id="norm_group_310" xlink:href="#tok_310"/><!-- ϫⲓⲛ -->
<mark id="norm_group_311" xlink:href="#tok_311"/><!-- ϣⲟⲣⲡ -->
<mark id="norm_group_312" xlink:href="#tok_312"/><!-- ⲛⲙⲙⲟⲕϩⲥ -->
<mark id="norm_group_313" xlink:href="#xpointer(id('tok_313')/range-to(id('tok_315')))"/><!-- ⲉⲧ...ϣⲱⲡⲉ -->
<mark id="norm_group_316" xlink:href="#xpointer(id('tok_316')/range-to(id('tok_318')))"/><!-- ⲙ...ⲭⲣⲓⲥⲧⲟⲥ -->
<mark id="norm_group_319" xlink:href="#tok_319"/><!-- ⲙⲛ -->
<mark id="norm_group_320" xlink:href="#xpointer(id('tok_320')/range-to(id('tok_321')))"/><!-- ⲛ...ⲉⲟⲟⲩ -->
<mark id="norm_group_322" xlink:href="#xpointer(id('tok_322')/range-to(id('tok_324')))"/><!-- ⲉⲧ...ϣⲱⲡⲉ -->
<mark id="norm_group_325" xlink:href="#xpointer(id('tok_325')/range-to(id('tok_326')))"/><!-- ⲙⲛⲛⲥⲱ...ⲟⲩ -->
<mark id="norm_group_327" xlink:href="#tok_327"/><!-- . -->
<mark id="norm_group_328" xlink:href="#tok_328"/><!-- ⲛⲁⲓ -->
<mark id="norm_group_329" xlink:href="#xpointer(id('tok_329')/range-to(id('tok_332')))"/><!-- ⲛⲧ...ⲟⲩⲱⲛϩ -->
<mark id="norm_group_333" xlink:href="#xpointer(id('tok_333')/range-to(id('tok_334')))"/><!-- ⲛⲁ...ⲩ -->
<mark id="norm_group_335" xlink:href="#tok_335"/><!-- ⲉⲃⲟⲗ -->
<mark id="norm_group_336" xlink:href="#tok_336"/><!-- ϫⲉ -->
<mark id="norm_group_337" xlink:href="#xpointer(id('tok_337')/range-to(id('tok_339')))"/><!-- ⲛⲉ...ⲇⲓⲁⲕⲟⲛⲉⲓ -->
<mark id="norm_group_340" xlink:href="#xpointer(id('tok_340')/range-to(id('tok_341')))"/><!-- ⲙⲙⲟ...ⲟⲩ -->
<mark id="norm_group_342" xlink:href="#xpointer(id('tok_342')/range-to(id('tok_343')))"/><!-- ⲛⲁ...ⲩ -->
<mark id="norm_group_344" xlink:href="#tok_344"/><!-- ⲁⲛ -->
<mark id="norm_group_345" xlink:href="#tok_345"/><!-- ⲁⲗⲗⲁ -->
<mark id="norm_group_346" xlink:href="#xpointer(id('tok_346')/range-to(id('tok_347')))"/><!-- ⲛⲏ...ⲧⲛ -->
<mark id="norm_group_348" xlink:href="#tok_348"/><!-- ⲛⲁⲓ -->
<mark id="norm_group_349" xlink:href="#xpointer(id('tok_349')/range-to(id('tok_353')))"/><!-- ⲛⲧ...ⲧⲛ -->
<mark id="norm_group_354" xlink:href="#xpointer(id('tok_354')/range-to(id('tok_355')))"/><!-- ⲉⲣⲟ...ⲟⲩ -->
<mark id="norm_group_356" xlink:href="#tok_356"/><!-- ⲧⲉⲛⲟⲩ -->
<mark id="norm_group_357" xlink:href="#tok_357"/><!-- ϩⲓⲧⲛ -->
<mark id="norm_group_358" xlink:href="#xpointer(id('tok_358')/range-to(id('tok_362')))"/><!-- ⲛ...ⲧⲁϣⲉⲟⲉⲓϣ -->
<mark id="norm_group_363" xlink:href="#xpointer(id('tok_363')/range-to(id('tok_364')))"/><!-- ⲛⲏ...ⲧⲛ -->
<mark id="norm_group_365" xlink:href="#xpointer(id('tok_365')/range-to(id('tok_367')))"/><!-- ⲙ...ⲡⲛⲉⲩⲙⲁ -->
<mark id="norm_group_368" xlink:href="#xpointer(id('tok_368')/range-to(id('tok_369')))"/><!-- ⲉⲧ...ⲟⲩⲁⲁⲃ -->
<mark id="norm_group_370" xlink:href="#xpointer(id('tok_370')/range-to(id('tok_374')))"/><!-- ⲛⲧ...ϥ -->
<mark id="norm_group_375" xlink:href="#tok_375"/><!-- ⲉⲃⲟⲗ -->
<mark id="norm_group_376" xlink:href="#tok_376"/><!-- ϩⲛ -->
<mark id="norm_group_377" xlink:href="#xpointer(id('tok_377')/range-to(id('tok_378')))"/><!-- ⲧ...ⲡⲉ -->
<mark id="norm_group_379" xlink:href="#tok_379"/><!-- ⲛⲁⲓ -->
<mark id="norm_group_380" xlink:href="#tok_380"/><!-- ⲉⲧⲉⲣⲉⲛⲛⲉⲁⲅⲅⲉⲗⲟⲥ -->
<mark id="norm_group_381" xlink:href="#tok_381"/><!-- ⲉⲡⲓⲑⲩⲙⲉⲓ -->
<mark id="norm_group_382" xlink:href="#xpointer(id('tok_382')/range-to(id('tok_383')))"/><!-- ⲉ...ⲛⲁⲩ -->
<mark id="norm_group_384" xlink:href="#xpointer(id('tok_384')/range-to(id('tok_385')))"/><!-- ⲉⲣⲟ...ⲟⲩ -->
<mark id="norm_group_386" xlink:href="#tok_386"/><!-- ⲉⲧⲃⲉ -->
<mark id="norm_group_387" xlink:href="#tok_387"/><!-- ⲡⲁⲓ -->
<mark id="norm_group_388" xlink:href="#xpointer(id('tok_388')/range-to(id('tok_390')))"/><!-- ⲁ...ⲙⲟⲩⲣ -->
<mark id="norm_group_391" xlink:href="#xpointer(id('tok_391')/range-to(id('tok_393')))"/><!-- ⲛ...ϯⲡⲉ -->
<mark id="norm_group_394" xlink:href="#tok_394"/><!-- ⲙⲡⲉⲉⲧⲛϩⲏⲧ -->
<mark id="norm_group_395" xlink:href="#tok_395"/><!-- ⲁⲩⲱ -->
<mark id="norm_group_396" xlink:href="#xpointer(id('tok_396')/range-to(id('tok_398')))"/><!-- ⲉ...ⲛⲏⲫⲉ -->
<mark id="norm_group_399" xlink:href="#tok_399"/><!-- ϩⲉⲗⲡⲓⲍⲉ -->
<mark id="norm_group_400" xlink:href="#tok_400"/><!-- ϩⲛ -->
<mark id="norm_group_401" xlink:href="#tok_401"/><!-- ⲟⲩϫⲱⲕ -->
<mark id="norm_group_402" xlink:href="#tok_402"/><!-- ⲉⲃⲟⲗ -->
<mark id="norm_group_403" xlink:href="#xpointer(id('tok_403')/range-to(id('tok_405')))"/><!-- ⲉ...ⲭⲁⲣⲓⲥ -->
<mark id="norm_group_406" xlink:href="#tok_406"/><!-- ⲉⲧⲟⲩⲛⲁⲉⲧⲥ -->
<mark id="norm_group_407" xlink:href="#xpointer(id('tok_407')/range-to(id('tok_408')))"/><!-- ⲛⲏ...ⲧⲛ -->
<mark id="norm_group_409" xlink:href="#tok_409"/><!-- ϩⲙ -->
<mark id="norm_group_410" xlink:href="#xpointer(id('tok_410')/range-to(id('tok_411')))"/><!-- ⲡ...ϭⲱⲗⲡ -->
<mark id="norm_group_412" xlink:href="#tok_412"/><!-- ⲉⲃⲟⲗ -->
<mark id="norm_group_413" xlink:href="#xpointer(id('tok_413')/range-to(id('tok_414')))"/><!-- ⲛ...ⲓⲏⲥⲟⲩⲥ -->
<mark id="norm_group_415" xlink:href="#xpointer(id('tok_415')/range-to(id('tok_416')))"/><!-- ⲡⲉ...ⲭⲣⲓⲥⲧⲟⲥ -->
<mark id="norm_group_417" xlink:href="#tok_417"/><!-- ϩⲱⲥ -->
<mark id="norm_group_418" xlink:href="#tok_418"/><!-- ϣⲏⲣⲉ -->
<mark id="norm_group_419" xlink:href="#tok_419"/><!-- ⲙⲡⲥⲱⲧⲙ -->
<mark id="norm_group_420" xlink:href="#tok_420"/><!-- . -->
<mark id="norm_group_421" xlink:href="#tok_421"/><!-- ⲉⲛⲧⲉⲧⲛϫⲓ -->
<mark id="norm_group_422" xlink:href="#tok_422"/><!-- ⲁⲛ -->
<mark id="norm_group_423" xlink:href="#xpointer(id('tok_423')/range-to(id('tok_425')))"/><!-- ⲙ...ϩⲣⲃ -->
<mark id="norm_group_426" xlink:href="#xpointer(id('tok_426')/range-to(id('tok_428')))"/><!-- ⲛ...ⲉⲡⲉⲓⲑⲩⲙⲓⲁ -->
<mark id="norm_group_429" xlink:href="#xpointer(id('tok_429')/range-to(id('tok_430')))"/><!-- ⲛ...ϣⲟⲣⲡ -->
<mark id="norm_group_431" xlink:href="#xpointer(id('tok_431')/range-to(id('tok_434')))"/><!-- ⲉ...ⲛ -->
<mark id="norm_group_435" xlink:href="#xpointer(id('tok_435')/range-to(id('tok_436')))"/><!-- ⲛⲉⲧⲛ...ⲙⲛⲧⲁⲧⲥⲟⲟⲩⲛ -->
<mark id="norm_group_437" xlink:href="#tok_437"/><!-- . -->
<mark id="norm_group_438" xlink:href="#tok_438"/><!-- ⲁⲗⲗⲁ -->
<mark id="norm_group_439" xlink:href="#tok_439"/><!-- ⲕⲁⲧⲁ -->
<mark id="norm_group_440" xlink:href="#xpointer(id('tok_440')/range-to(id('tok_441')))"/><!-- ⲧ...ϩⲉ -->
<mark id="norm_group_442" xlink:href="#xpointer(id('tok_442')/range-to(id('tok_444')))"/><!-- ⲉⲧ...ⲟⲩⲁⲁⲃ -->
<mark id="norm_group_445" xlink:href="#tok_445"/><!-- ⲛϭⲓ -->
<mark id="norm_group_446" xlink:href="#tok_446"/><!-- ⲡⲉⲧⲁϥⲧⲉϩⲙ -->
<mark id="norm_group_447" xlink:href="#tok_447"/><!-- ⲧⲏⲩⲧⲛ -->
<mark id="norm_group_448" xlink:href="#xpointer(id('tok_448')/range-to(id('tok_450')))"/><!-- ⲉ...ϣⲱⲡⲉ -->
<mark id="norm_group_451" xlink:href="#tok_451"/><!-- ϩⲱ -->
<mark id="norm_group_452" xlink:href="#tok_452"/><!-- ⲧⲏⲩⲧⲛ -->
<mark id="norm_group_453" xlink:href="#xpointer(id('tok_453')/range-to(id('tok_455')))"/><!-- ⲉ...ⲟⲩⲁⲁⲃ -->
<mark id="norm_group_456" xlink:href="#tok_456"/><!-- ϩⲣⲁⲓ -->
<mark id="norm_group_457" xlink:href="#tok_457"/><!-- ϩⲛ -->
<mark id="norm_group_458" xlink:href="#tok_458"/><!-- ⲁⲛⲁⲥⲧⲣⲟⲫⲏ -->
<mark id="norm_group_459" xlink:href="#tok_459"/><!-- ⲛⲓⲙ -->
<mark id="norm_group_460" xlink:href="#tok_460"/><!-- ϫⲉ -->
<mark id="norm_group_461" xlink:href="#xpointer(id('tok_461')/range-to(id('tok_462')))"/><!-- ϥ...ⲥⲏϩ -->
<mark id="norm_group_463" xlink:href="#tok_463"/><!-- ϫⲉ -->
<mark id="norm_group_464" xlink:href="#tok_464"/><!-- ϣⲱⲡⲉ -->
<mark id="norm_group_465" xlink:href="#xpointer(id('tok_465')/range-to(id('tok_467')))"/><!-- ⲉ...ⲟⲩⲁⲁⲃ -->
<mark id="norm_group_468" xlink:href="#tok_468"/><!-- ϫⲉ -->
<mark id="norm_group_469" xlink:href="#tok_469"/><!-- ⲁⲛⲟⲕ -->
<mark id="norm_group_470" xlink:href="#xpointer(id('tok_470')/range-to(id('tok_471')))"/><!-- ϯ...ⲟⲩⲁⲁⲃ -->
<mark id="norm_group_472" xlink:href="#tok_472"/><!-- ⲁⲩⲱ -->
<mark id="norm_group_473" xlink:href="#tok_473"/><!-- ⲉϣϫⲉ -->
<mark id="norm_group_474" xlink:href="#xpointer(id('tok_474')/range-to(id('tok_476')))"/><!-- ⲡ...ⲕⲣⲓⲛⲉ -->
<mark id="norm_group_477" xlink:href="#xpointer(id('tok_477')/range-to(id('tok_479')))"/><!-- ⲙ...ⲟⲩⲁ -->
<mark id="norm_group_480" xlink:href="#xpointer(id('tok_480')/range-to(id('tok_481')))"/><!-- ⲡ...ⲟⲩⲁ -->
<mark id="norm_group_482" xlink:href="#tok_482"/><!-- ⲕⲁⲧⲁ -->
<mark id="norm_group_483" xlink:href="#tok_483"/><!-- ⲛⲛⲉϥϩⲉⲃⲏⲩⲉ -->
<mark id="norm_group_484" xlink:href="#tok_484"/><!-- ⲁϫⲛϫⲓϩⲟ -->
<mark id="norm_group_485" xlink:href="#xpointer(id('tok_485')/range-to(id('tok_486')))"/><!-- ⲧⲛ...ⲙⲟⲩⲧⲉ -->
<mark id="norm_group_487" xlink:href="#xpointer(id('tok_487')/range-to(id('tok_488')))"/><!-- ⲉⲣⲟ...ϥ -->
<mark id="norm_group_489" xlink:href="#tok_489"/><!-- ϫⲉ -->
<mark id="norm_group_490" xlink:href="#xpointer(id('tok_490')/range-to(id('tok_491')))"/><!-- ⲡⲉⲛ...ⲉⲓⲱⲧ -->
<mark id="norm_group_492" xlink:href="#xpointer(id('tok_492')/range-to(id('tok_494')))"/><!-- ⲉ...ⲙⲟⲟϣⲉ -->
<mark id="norm_group_495" xlink:href="#tok_495"/><!-- ϩⲛ -->
<mark id="norm_group_496" xlink:href="#xpointer(id('tok_496')/range-to(id('tok_497')))"/><!-- ⲟⲩ...ϩⲟⲧⲉ -->
<mark id="norm_group_498" xlink:href="#xpointer(id('tok_498')/range-to(id('tok_500')))"/><!-- ⲙ...ⲟⲩⲟⲉⲓϣ -->
<mark id="norm_group_501" xlink:href="#xpointer(id('tok_501')/range-to(id('tok_503')))"/><!-- ⲉ...ϣⲟⲟⲡ -->
<mark id="norm_group_504" xlink:href="#xpointer(id('tok_504')/range-to(id('tok_506')))"/><!-- ⲙ...ⲙⲁ -->
<mark id="norm_group_507" xlink:href="#tok_507"/><!-- . -->
<mark id="norm_group_508" xlink:href="#xpointer(id('tok_508')/range-to(id('tok_510')))"/><!-- ⲉ...ⲥⲟⲟⲩⲛ -->
<mark id="norm_group_511" xlink:href="#tok_511"/><!-- ϫⲉ -->
<mark id="norm_group_512" xlink:href="#tok_512"/><!-- ⲛⲧⲁⲩⲥⲉⲧ -->
<mark id="norm_group_513" xlink:href="#tok_513"/><!-- ⲧⲏⲩⲧⲛ -->
<mark id="norm_group_514" xlink:href="#tok_514"/><!-- ⲁⲛ -->
<mark id="norm_group_515" xlink:href="#tok_515"/><!-- ϩⲛ -->
<mark id="norm_group_516" xlink:href="#xpointer(id('tok_516')/range-to(id('tok_517')))"/><!-- ⲟⲩ...ⲛⲟⲩⲃ -->
<mark id="norm_group_518" xlink:href="#tok_518"/><!-- ⲏⲟⲩϩⲁⲧ -->
<mark id="norm_group_519" xlink:href="#tok_519"/><!-- ⲉϣⲁϥⲧⲁⲕⲟ -->
<mark id="norm_group_520" xlink:href="#tok_520"/><!-- ⲉⲃⲟⲗ -->
<mark id="norm_group_521" xlink:href="#tok_521"/><!-- ϩⲛ -->
<mark id="norm_group_522" xlink:href="#tok_522"/><!-- ⲛⲉⲧⲛϩⲉⲃⲏⲩⲉ -->
<mark id="norm_group_523" xlink:href="#xpointer(id('tok_523')/range-to(id('tok_524')))"/><!-- ⲉⲧ...ϣⲟⲩⲉⲓⲧ -->
<mark id="norm_group_525" xlink:href="#tok_525"/><!-- ⲉⲧⲁⲛⲉⲧⲛⲉⲓⲟⲧⲉ -->
<mark id="norm_group_526" xlink:href="#xpointer(id('tok_526')/range-to(id('tok_527')))"/><!-- ⲧⲁⲁ...ⲩ -->
<mark id="norm_group_528" xlink:href="#xpointer(id('tok_528')/range-to(id('tok_529')))"/><!-- ⲉⲧ...ⲛ -->
<mark id="norm_group_530" xlink:href="#tok_530"/><!-- ⲧⲏⲩⲧⲛ -->
<mark id="norm_group_531" xlink:href="#tok_531"/><!-- ⲁⲗⲗⲁ -->
<mark id="norm_group_532" xlink:href="#tok_532"/><!-- ϩⲙ -->
<mark id="norm_group_533" xlink:href="#xpointer(id('tok_533')/range-to(id('tok_534')))"/><!-- ⲡⲉ...ⲥⲛⲟϥ -->
<mark id="norm_group_535" xlink:href="#tok_535"/><!-- ⲉⲧⲁⲉⲓⲏⲩ -->
<mark id="norm_group_536" xlink:href="#tok_536"/><!-- ⲛⲧⲉ -->
<mark id="norm_group_537" xlink:href="#tok_537"/><!-- ⲡⲉϩⲉⲓⲏⲃ -->
<mark id="norm_group_538" xlink:href="#xpointer(id('tok_538')/range-to(id('tok_539')))"/><!-- ⲉⲧ...ⲟⲩⲁⲁⲃ -->
<mark id="norm_group_540" xlink:href="#tok_540"/><!-- ⲁⲩⲱ -->
<mark id="norm_group_541" xlink:href="#xpointer(id('tok_541')/range-to(id('tok_542')))"/><!-- ⲛⲁ...ⲧⲱⲗⲙ -->
<mark id="norm_group_543" xlink:href="#xpointer(id('tok_543')/range-to(id('tok_544')))"/><!-- ⲡⲉ...ⲭⲣⲓⲥⲧⲟⲥ -->
<mark id="norm_group_545" xlink:href="#xpointer(id('tok_545')/range-to(id('tok_548')))"/><!-- ⲉ...ϣⲣⲡ -->
<mark id="norm_group_549" xlink:href="#xpointer(id('tok_549')/range-to(id('tok_550')))"/><!-- ⲥⲟⲩⲱⲛ...ϥ -->
<mark id="norm_group_551" xlink:href="#tok_551"/><!-- ⲙⲛ -->
<mark id="norm_group_552" xlink:href="#xpointer(id('tok_552')/range-to(id('tok_554')))"/><!-- ϩⲁ...ϩⲏ -->
<mark id="norm_group_555" xlink:href="#xpointer(id('tok_555')/range-to(id('tok_557')))"/><!-- ⲛ...ⲕⲁⲧⲁⲃⲟⲗⲏ -->
<mark id="norm_group_558" xlink:href="#xpointer(id('tok_558')/range-to(id('tok_560')))"/><!-- ⲙ...ⲕⲟⲥⲙⲟⲥ -->
<mark id="norm_group_561" xlink:href="#xpointer(id('tok_561')/range-to(id('tok_564')))"/><!-- ⲉ...ⲟⲩⲱⲛϩ -->
<mark id="norm_group_565" xlink:href="#tok_565"/><!-- ⲇⲉ -->
<mark id="norm_group_566" xlink:href="#tok_566"/><!-- ⲉⲃⲟⲗ -->
<mark id="norm_group_567" xlink:href="#tok_567"/><!-- ⲉⲧⲃⲉ -->
<mark id="norm_group_568" xlink:href="#tok_568"/><!-- ⲧⲏⲩⲧⲛ -->
<mark id="norm_group_569" xlink:href="#tok_569"/><!-- ϩⲛ -->
<mark id="norm_group_570" xlink:href="#xpointer(id('tok_570')/range-to(id('tok_571')))"/><!-- ⲧ...ϩⲁⲏ -->
<mark id="norm_group_572" xlink:href="#xpointer(id('tok_572')/range-to(id('tok_574')))"/><!-- ⲛ...ⲟⲩⲟⲉⲓϣ -->
<mark id="norm_group_575" xlink:href="#tok_575"/><!-- ⲛⲁⲓ -->
<mark id="norm_group_576" xlink:href="#xpointer(id('tok_576')/range-to(id('tok_577')))"/><!-- ⲉⲧ...ⲡⲓⲥⲧⲉⲩⲉ -->
<mark id="norm_group_578" xlink:href="#xpointer(id('tok_578')/range-to(id('tok_580')))"/><!-- ⲉ...ⲛⲟⲩⲧⲉ -->
<mark id="norm_group_581" xlink:href="#tok_581"/><!-- ⲉⲃⲟⲗ -->
<mark id="norm_group_582" xlink:href="#xpointer(id('tok_582')/range-to(id('tok_583')))"/><!-- ϩⲓⲧⲟⲟⲧ...ϥ -->
<mark id="norm_group_584" xlink:href="#xpointer(id('tok_584')/range-to(id('tok_586')))"/><!-- ⲙ...ϣⲏⲣⲉ -->
<mark id="norm_group_587" xlink:href="#tok_587"/><!-- ⲡⲁⲓ -->
<mark id="norm_group_588" xlink:href="#xpointer(id('tok_588')/range-to(id('tok_592')))"/><!-- ⲛⲧ...ϥ -->
<mark id="norm_group_593" xlink:href="#tok_593"/><!-- ⲉⲃⲟⲗ -->
<mark id="norm_group_594" xlink:href="#tok_594"/><!-- ϩⲛ -->
<mark id="norm_group_595" xlink:href="#xpointer(id('tok_595')/range-to(id('tok_597')))"/><!-- ⲛ...ⲙⲟⲟⲩⲧ -->
<mark id="norm_group_598" xlink:href="#tok_598"/><!-- ⲁⲩⲱ -->
<mark id="norm_group_599" xlink:href="#xpointer(id('tok_599')/range-to(id('tok_601')))"/><!-- ⲁ...ϯ -->
<mark id="norm_group_602" xlink:href="#xpointer(id('tok_602')/range-to(id('tok_603')))"/><!-- ⲛⲁ...ϥ -->
<mark id="norm_group_604" xlink:href="#xpointer(id('tok_604')/range-to(id('tok_606')))"/><!-- ⲛ...ⲉⲟⲟⲩ -->
<mark id="norm_group_607" xlink:href="#tok_607"/><!-- ϩⲱⲥⲧⲉ -->
<mark id="norm_group_608" xlink:href="#xpointer(id('tok_608')/range-to(id('tok_609')))"/><!-- ⲧⲉⲧⲛ...ⲡⲓⲥⲧⲓⲥ -->
<mark id="norm_group_610" xlink:href="#tok_610"/><!-- ⲙⲛ -->
<mark id="norm_group_611" xlink:href="#xpointer(id('tok_611')/range-to(id('tok_612')))"/><!-- ⲧⲉⲧⲛ...ϩⲉⲗⲡⲓⲥ -->
<mark id="norm_group_613" xlink:href="#xpointer(id('tok_613')/range-to(id('tok_615')))"/><!-- ⲛ...ϣⲱⲡⲉ -->
<mark id="norm_group_616" xlink:href="#tok_616"/><!-- ⲉϩⲟⲩⲛ -->
<mark id="norm_group_617" xlink:href="#xpointer(id('tok_617')/range-to(id('tok_619')))"/><!-- ⲉ...ⲛⲟⲩⲧⲉ -->
<mark id="norm_group_620" xlink:href="#xpointer(id('tok_620')/range-to(id('tok_623')))"/><!-- ⲉ...ⲧⲃⲃⲟ -->
<mark id="norm_group_624" xlink:href="#xpointer(id('tok_624')/range-to(id('tok_626')))"/><!-- ⲛ...ⲯⲩⲭⲏ -->
<mark id="norm_group_627" xlink:href="#tok_627"/><!-- ⲉϩⲣⲁⲓ -->
<mark id="norm_group_628" xlink:href="#tok_628"/><!-- ϩⲙ -->
<mark id="norm_group_629" xlink:href="#tok_629"/><!-- ⲡⲥⲱⲧⲙ -->
<mark id="norm_group_630" xlink:href="#xpointer(id('tok_630')/range-to(id('tok_632')))"/><!-- ⲛ...ⲙⲉ -->
<mark id="norm_group_633" xlink:href="#xpointer(id('tok_633')/range-to(id('tok_635')))"/><!-- ⲉ...ⲙⲛⲧⲙⲁⲓⲥⲟⲛ -->
<mark id="norm_group_636" xlink:href="#tok_636"/><!-- ⲙⲛ -->
<mark id="norm_group_637" xlink:href="#tok_637"/><!-- ϩⲩⲡⲟⲕⲣⲓⲛⲉ -->
<mark id="norm_group_638" xlink:href="#xpointer(id('tok_638')/range-to(id('tok_639')))"/><!-- ⲛϩⲏⲧ...ⲥ -->
<mark id="norm_group_640" xlink:href="#xpointer(id('tok_640')/range-to(id('tok_642')))"/><!-- ⲉ...ⲙⲉⲣⲉ -->
<mark id="norm_group_643" xlink:href="#tok_643"/><!-- ⲛⲉⲧⲛⲛⲉⲣⲏⲩ -->
<mark id="norm_group_644" xlink:href="#tok_644"/><!-- ϩⲛ -->
<mark id="norm_group_645" xlink:href="#xpointer(id('tok_645')/range-to(id('tok_646')))"/><!-- ⲟⲩ...ϩⲏⲧ -->
<mark id="norm_group_647" xlink:href="#xpointer(id('tok_647')/range-to(id('tok_649')))"/><!-- ⲉ...ⲟⲩⲁⲁⲃ -->
<mark id="norm_group_650" xlink:href="#xpointer(id('tok_650')/range-to(id('tok_653')))"/><!-- ⲉ...ϫⲡⲉ -->
<mark id="norm_group_654" xlink:href="#tok_654"/><!-- ⲧⲏⲩⲧⲛ -->
<mark id="norm_group_655" xlink:href="#tok_655"/><!-- ⲁⲛ -->
<mark id="norm_group_656" xlink:href="#tok_656"/><!-- ϩⲛ -->
<mark id="norm_group_657" xlink:href="#xpointer(id('tok_657')/range-to(id('tok_658')))"/><!-- ⲟⲩ...ϫⲡⲟ -->
<mark id="norm_group_659" xlink:href="#tok_659"/><!-- ⲛϣⲁϥⲧⲁⲕⲟ -->
<mark id="norm_group_660" xlink:href="#tok_660"/><!-- ⲁⲗⲗⲁ -->
<mark id="norm_group_661" xlink:href="#tok_661"/><!-- ⲉⲃⲟⲗ -->
<mark id="norm_group_662" xlink:href="#tok_662"/><!-- ϩⲛ -->
<mark id="norm_group_663" xlink:href="#xpointer(id('tok_663')/range-to(id('tok_664')))"/><!-- ⲟⲩ...ⲁⲧⲧⲁⲕⲟ -->
<mark id="norm_group_665" xlink:href="#tok_665"/><!-- ϩⲓⲧⲙ -->
<mark id="norm_group_666" xlink:href="#xpointer(id('tok_666')/range-to(id('tok_667')))"/><!-- ⲡ...ϣⲁϫⲉ -->
<mark id="norm_group_668" xlink:href="#xpointer(id('tok_668')/range-to(id('tok_670')))"/><!-- ⲙ...ⲛⲟⲩⲧⲉ -->
<mark id="norm_group_671" xlink:href="#xpointer(id('tok_671')/range-to(id('tok_672')))"/><!-- ⲉⲧ...ⲟⲛϩ -->
<mark id="norm_group_673" xlink:href="#tok_673"/><!-- ⲁⲩⲱ -->
<mark id="norm_group_674" xlink:href="#xpointer(id('tok_674')/range-to(id('tok_675')))"/><!-- ⲉⲧ...ϣⲟⲟⲡ -->
<mark id="norm_group_676" xlink:href="#tok_676"/><!-- ϫⲉ -->
<mark id="norm_group_677" xlink:href="#tok_677"/><!-- ⲥⲁⲣⲝ -->
<mark id="norm_group_678" xlink:href="#tok_678"/><!-- ⲛⲓⲙ -->
<mark id="norm_group_679" xlink:href="#xpointer(id('tok_679')/range-to(id('tok_681')))"/><!-- ⲉ...ⲟ -->
<mark id="norm_group_682" xlink:href="#xpointer(id('tok_682')/range-to(id('tok_684')))"/><!-- ⲛ...ϩⲉ -->
<mark id="norm_group_685" xlink:href="#xpointer(id('tok_685')/range-to(id('tok_687')))"/><!-- ⲛ...ⲭⲟⲣⲧⲟⲥ -->
<mark id="norm_group_688" xlink:href="#tok_688"/><!-- ⲁⲩⲱ -->
<mark id="norm_group_689" xlink:href="#tok_689"/><!-- ⲉⲟⲟⲩ -->
<mark id="norm_group_690" xlink:href="#tok_690"/><!-- ⲛⲓⲙ -->
<mark id="norm_group_691" xlink:href="#tok_691"/><!-- ⲛⲧⲁⲩ -->
<mark id="norm_group_692" xlink:href="#xpointer(id('tok_692')/range-to(id('tok_694')))"/><!-- ⲛ...ϩⲉ -->
<mark id="norm_group_695" xlink:href="#xpointer(id('tok_695')/range-to(id('tok_697')))"/><!-- ⲙ...ϩⲣⲏⲣⲉ -->
<mark id="norm_group_698" xlink:href="#xpointer(id('tok_698')/range-to(id('tok_700')))"/><!-- ⲙ...ⲭⲟⲣⲧⲟⲥ -->
<mark id="norm_group_701" xlink:href="#xpointer(id('tok_701')/range-to(id('tok_704')))"/><!-- ⲉ...ϣⲟⲟⲩⲉ -->
<mark id="norm_group_705" xlink:href="#tok_705"/><!-- ⲛϭⲓ -->
<mark id="norm_group_706" xlink:href="#xpointer(id('tok_706')/range-to(id('tok_707')))"/><!-- ⲡⲉ...ⲭⲟⲣⲧⲟⲥ -->
<mark id="norm_group_708" xlink:href="#tok_708"/><!-- ⲁⲩⲱ -->
<mark id="norm_group_709" xlink:href="#xpointer(id('tok_709')/range-to(id('tok_710')))"/><!-- ⲡⲉϥ...ϩⲣⲏⲣⲉ -->
<mark id="norm_group_711" xlink:href="#xpointer(id('tok_711')/range-to(id('tok_713')))"/><!-- ⲁ...ⲥⲣⲟϥⲣϥ -->
<mark id="norm_group_714" xlink:href="#xpointer(id('tok_714')/range-to(id('tok_715')))"/><!-- ⲡ...ϣⲁϫⲉ -->
<mark id="norm_group_716" xlink:href="#tok_716"/><!-- ⲇⲉ -->
<mark id="norm_group_717" xlink:href="#xpointer(id('tok_717')/range-to(id('tok_719')))"/><!-- ⲙ...ϫⲟⲉⲓⲥ -->
<mark id="norm_group_720" xlink:href="#tok_720"/><!-- ϣⲟⲟⲡ -->
<mark id="norm_group_721" xlink:href="#tok_721"/><!-- ⲛϣⲁⲉⲛⲉϩ -->
<mark id="norm_group_722" xlink:href="#tok_722"/><!-- ⲡⲁⲓ -->
<mark id="norm_group_723" xlink:href="#tok_723"/><!-- ⲇⲉ -->
<mark id="norm_group_724" xlink:href="#tok_724"/><!-- ⲡⲉ -->
<mark id="norm_group_725" xlink:href="#xpointer(id('tok_725')/range-to(id('tok_726')))"/><!-- ⲡ...ϣⲁϫⲉ -->
<mark id="norm_group_727" xlink:href="#xpointer(id('tok_727')/range-to(id('tok_730')))"/><!-- ⲛⲧ...ⲧⲁϣⲉ -->
<mark id="norm_group_731" xlink:href="#tok_731"/><!-- ⲟⲉⲓϣ -->
<mark id="norm_group_732" xlink:href="#xpointer(id('tok_732')/range-to(id('tok_733')))"/><!-- ⲙⲙⲟ...ϥ -->
<mark id="norm_group_734" xlink:href="#xpointer(id('tok_734')/range-to(id('tok_735')))"/><!-- ⲛⲏ...ⲧⲛ -->
<mark id="norm_group_736" xlink:href="#tok_736"/><!-- . -->
</markList>
</paula>
