<?xml version="1.0" encoding="UTF-8" standalone="no"?>

<!DOCTYPE paula SYSTEM "paula_feat.dtd">
<paula version="1.0">

<header paula_id="sahidica.nt.1_Peter_1_orig_group"/>

<featList xmlns:xlink="http://www.w3.org/1999/xlink" type="orig_group" xml:base="sahidica.nt.1_Peter_1.orig_groupSeg.xml">
<feat xlink:href="#orig_group_1" value="ⲡⲉⲧⲣⲟⲥ"/><!-- ⲡⲉⲧⲣⲟⲥ -->
<feat xlink:href="#orig_group_2" value="ⲡⲁⲡⲟⲥⲧⲟⲗⲟⲥ"/><!-- ⲡ...ⲁⲡⲟⲥⲧⲟⲗⲟⲥ -->
<feat xlink:href="#orig_group_4" value="ⲛⲓⲏⲥⲟⲩⲥ"/><!-- ⲛ...ⲓⲏⲥⲟⲩⲥ -->
<feat xlink:href="#orig_group_6" value="ⲡⲉⲭⲣⲓⲥⲧⲟⲥ"/><!-- ⲡⲉ...ⲭⲣⲓⲥⲧⲟⲥ -->
<feat xlink:href="#orig_group_8" value="ⲉϥⲥϩⲁⲓ"/><!-- ⲉ...ⲥϩⲁⲓ -->
<feat xlink:href="#orig_group_11" value="ⲛⲛⲥⲱⲧⲡ"/><!-- ⲛ...ⲥⲱⲧⲡ -->
<feat xlink:href="#orig_group_14" value="ⲉⲧⲟⲩⲏϩ"/><!-- ⲉⲧ...ⲟⲩⲏϩ -->
<feat xlink:href="#orig_group_16" value="ϩⲛ"/><!-- ϩⲛ -->
<feat xlink:href="#orig_group_17" value="ⲧⲇⲓⲁⲥⲡⲟⲣⲁ"/><!-- ⲧⲇⲓⲁⲥⲡⲟⲣⲁ -->
<feat xlink:href="#orig_group_18" value="ⲙⲛ"/><!-- ⲙⲛ -->
<feat xlink:href="#orig_group_19" value="ⲧⲡⲟⲛⲧⲟⲥ"/><!-- ⲧⲡⲟⲛⲧⲟⲥ -->
<feat xlink:href="#orig_group_20" value="ⲙⲛ"/><!-- ⲙⲛ -->
<feat xlink:href="#orig_group_21" value="ⲧⲅⲁⲗⲁⲧⲓⲁ"/><!-- ⲧⲅⲁⲗⲁⲧⲓⲁ -->
<feat xlink:href="#orig_group_22" value="ⲙⲛ"/><!-- ⲙⲛ -->
<feat xlink:href="#orig_group_23" value="ⲧⲕⲁⲡⲡⲁⲇⲟⲕⲓⲁ"/><!-- ⲧⲕⲁⲡⲡⲁⲇⲟⲕⲓⲁ -->
<feat xlink:href="#orig_group_24" value="ⲙⲛ"/><!-- ⲙⲛ -->
<feat xlink:href="#orig_group_25" value="ⲧⲁⲥⲓⲁ"/><!-- ⲧⲁⲥⲓⲁ -->
<feat xlink:href="#orig_group_26" value="ⲙⲛ"/><!-- ⲙⲛ -->
<feat xlink:href="#orig_group_27" value="ⲧⲃⲓⲑⲁⲛⲓⲁ"/><!-- ⲧⲃⲓⲑⲁⲛⲓⲁ -->
<feat xlink:href="#orig_group_28" value="."/><!-- . -->
<feat xlink:href="#orig_group_29" value="ⲕⲁⲧⲁ"/><!-- ⲕⲁⲧⲁ -->
<feat xlink:href="#orig_group_30" value="ⲡϣⲣⲡ"/><!-- ⲡϣⲣⲡ -->
<feat xlink:href="#orig_group_31" value="ⲥⲟⲟⲩⲛ"/><!-- ⲥⲟⲟⲩⲛ -->
<feat xlink:href="#orig_group_32" value="ⲙⲡⲛⲟⲩⲧⲉ"/><!-- ⲙ...ⲛⲟⲩⲧⲉ -->
<feat xlink:href="#orig_group_35" value="ⲡⲉⲓⲱⲧ"/><!-- ⲡ...ⲉⲓⲱⲧ -->
<feat xlink:href="#orig_group_37" value="ϩⲙ"/><!-- ϩⲙ -->
<feat xlink:href="#orig_group_38" value="ⲡⲧⲃⲃⲟ"/><!-- ⲡ...ⲧⲃⲃⲟ -->
<feat xlink:href="#orig_group_40" value="ⲙⲡⲉⲡⲛⲉⲩⲙⲁ"/><!-- ⲙ...ⲡⲛⲉⲩⲙⲁ -->
<feat xlink:href="#orig_group_43" value="ⲉⲡⲥⲱⲧⲙ"/><!-- ⲉⲡⲥⲱⲧⲙ -->
<feat xlink:href="#orig_group_44" value="ⲛⲧⲡⲓⲥⲧⲓⲥ"/><!-- ⲛ...ⲡⲓⲥⲧⲓⲥ -->
<feat xlink:href="#orig_group_47" value="ⲙⲛ"/><!-- ⲙⲛ -->
<feat xlink:href="#orig_group_48" value="ⲡϭⲟϣϭϣ"/><!-- ⲡϭⲟϣϭϣ -->
<feat xlink:href="#orig_group_49" value="ⲙⲡⲉⲥⲛⲟϥ"/><!-- ⲙ...ⲥⲛⲟϥ -->
<feat xlink:href="#orig_group_52" value="ⲛⲓⲏⲥⲟⲩⲥ"/><!-- ⲛ...ⲓⲏⲥⲟⲩⲥ -->
<feat xlink:href="#orig_group_54" value="ⲡⲉⲭⲣⲓⲥⲧⲟⲥ"/><!-- ⲡⲉ...ⲭⲣⲓⲥⲧⲟⲥ -->
<feat xlink:href="#orig_group_56" value="ⲧⲉⲭⲁⲣⲓⲥ"/><!-- ⲧⲉ...ⲭⲁⲣⲓⲥ -->
<feat xlink:href="#orig_group_58" value="ⲛⲏⲧⲛ"/><!-- ⲛⲏ...ⲧⲛ -->
<feat xlink:href="#orig_group_60" value="ⲙⲛ"/><!-- ⲙⲛ -->
<feat xlink:href="#orig_group_61" value="ⲧⲓⲣⲏⲛⲏ"/><!-- ⲧ...ⲓⲣⲏⲛⲏ -->
<feat xlink:href="#orig_group_63" value="ⲙⲙⲁϣⲟ"/><!-- ⲙⲙⲁϣⲟ -->
<feat xlink:href="#orig_group_64" value="."/><!-- . -->
<feat xlink:href="#orig_group_65" value="ϥⲥⲙⲁⲙⲁⲁⲧ"/><!-- ϥ...ⲥⲙⲁⲙⲁⲁⲧ -->
<feat xlink:href="#orig_group_67" value="ⲛϭⲓ"/><!-- ⲛϭⲓ -->
<feat xlink:href="#orig_group_68" value="ⲡⲛⲟⲩⲧⲉ"/><!-- ⲡ...ⲛⲟⲩⲧⲉ -->
<feat xlink:href="#orig_group_70" value="ⲡⲉⲓⲱⲧ"/><!-- ⲡ...ⲉⲓⲱⲧ -->
<feat xlink:href="#orig_group_72" value="ⲙⲡⲉⲛϫⲟⲉⲓⲥ"/><!-- ⲙ...ϫⲟⲉⲓⲥ -->
<feat xlink:href="#orig_group_75" value="ⲓⲏⲥⲟⲩⲥ"/><!-- ⲓⲏⲥⲟⲩⲥ -->
<feat xlink:href="#orig_group_76" value="ⲡⲉⲭⲣⲓⲥⲧⲟⲥ"/><!-- ⲡⲉ...ⲭⲣⲓⲥⲧⲟⲥ -->
<feat xlink:href="#orig_group_78" value="ⲡⲁⲓ"/><!-- ⲡⲁⲓ -->
<feat xlink:href="#orig_group_79" value="ⲛⲧⲁϥϫⲡⲟⲛ"/><!-- ⲛⲧ...ⲛ -->
<feat xlink:href="#orig_group_84" value="ⲕⲁⲧⲁ"/><!-- ⲕⲁⲧⲁ -->
<feat xlink:href="#orig_group_85" value="ⲡⲉϥⲛⲁ"/><!-- ⲡⲉϥⲛⲁ -->
<feat xlink:href="#orig_group_86" value="ⲉⲧⲛⲁϣⲱϥ"/><!-- ⲉⲧ...ϣⲱϥ -->
<feat xlink:href="#orig_group_89" value="ⲉϩⲟⲩⲛ"/><!-- ⲉϩⲟⲩⲛ -->
<feat xlink:href="#orig_group_90" value="ⲉⲩϩⲉⲗⲡⲓⲥ"/><!-- ⲉ...ϩⲉⲗⲡⲓⲥ -->
<feat xlink:href="#orig_group_93" value="ⲉⲥⲟⲛϩ"/><!-- ⲉ...ⲟⲛϩ -->
<feat xlink:href="#orig_group_96" value="ϩⲓⲧⲙ"/><!-- ϩⲓⲧⲙ -->
<feat xlink:href="#orig_group_97" value="ⲡⲧⲱⲟⲩⲛ"/><!-- ⲡⲧⲱⲟⲩⲛ -->
<feat xlink:href="#orig_group_98" value="ⲛⲓⲏⲥⲟⲩⲥ"/><!-- ⲛ...ⲓⲏⲥⲟⲩⲥ -->
<feat xlink:href="#orig_group_100" value="ⲡⲉⲭⲣⲓⲥⲧⲟⲥ"/><!-- ⲡⲉ...ⲭⲣⲓⲥⲧⲟⲥ -->
<feat xlink:href="#orig_group_102" value="ⲉⲃⲟⲗ"/><!-- ⲉⲃⲟⲗ -->
<feat xlink:href="#orig_group_103" value="ϩⲛ"/><!-- ϩⲛ -->
<feat xlink:href="#orig_group_104" value="ⲛⲉⲧⲙⲟⲟⲩⲧ"/><!-- ⲛ...ⲙⲟⲟⲩⲧ -->
<feat xlink:href="#orig_group_107" value="ⲉⲩⲕⲗⲏⲣⲟⲛⲟⲙⲓⲁ"/><!-- ⲉ...ⲕⲗⲏⲣⲟⲛⲟⲙⲓⲁ -->
<feat xlink:href="#orig_group_110" value="ⲛⲁⲧⲁⲕⲟ"/><!-- ⲛⲁ...ⲧⲁⲕⲟ -->
<feat xlink:href="#orig_group_112" value="ⲁⲩⲱ"/><!-- ⲁⲩⲱ -->
<feat xlink:href="#orig_group_113" value="ⲛⲁⲧⲱⲗⲙ"/><!-- ⲛⲁ...ⲧⲱⲗⲙ -->
<feat xlink:href="#orig_group_115" value="ⲉⲙⲉⲥϩⲱϭⲃ"/><!-- ⲉⲙⲉⲥϩⲱϭⲃ -->
<feat xlink:href="#orig_group_116" value="ⲉⲩϩⲁⲣⲉϩ"/><!-- ⲉ...ϩⲁⲣⲉϩ -->
<feat xlink:href="#orig_group_119" value="ⲉⲣⲟⲥ"/><!-- ⲉⲣⲟ...ⲥ -->
<feat xlink:href="#orig_group_121" value="ⲛⲏⲧⲛ"/><!-- ⲛⲏ...ⲧⲛ -->
<feat xlink:href="#orig_group_123" value="ϩⲛ"/><!-- ϩⲛ -->
<feat xlink:href="#orig_group_124" value="ⲙⲡⲏⲩⲉ"/><!-- ⲙ...ⲡⲏⲩⲉ -->
<feat xlink:href="#orig_group_126" value="ⲛⲁⲓ"/><!-- ⲛⲁⲓ -->
<feat xlink:href="#orig_group_127" value="ⲉⲧⲟⲩϩⲁⲣⲉϩ"/><!-- ⲉⲧ...ϩⲁⲣⲉϩ -->
<feat xlink:href="#orig_group_130" value="ⲉⲣⲟⲟⲩ"/><!-- ⲉⲣⲟ...ⲟⲩ -->
<feat xlink:href="#orig_group_132" value="ϩⲛ"/><!-- ϩⲛ -->
<feat xlink:href="#orig_group_133" value="ⲧϭⲟⲙ"/><!-- ⲧ...ϭⲟⲙ -->
<feat xlink:href="#orig_group_135" value="ⲙⲡⲛⲟⲩⲧⲉ"/><!-- ⲙ...ⲛⲟⲩⲧⲉ -->
<feat xlink:href="#orig_group_138" value="ϩⲓⲧⲛ"/><!-- ϩⲓⲧⲛ -->
<feat xlink:href="#orig_group_139" value="ⲧⲡⲓⲥⲧⲓⲥ"/><!-- ⲧ...ⲡⲓⲥⲧⲓⲥ -->
<feat xlink:href="#orig_group_141" value="ⲉⲡⲟⲩϫⲁⲓ"/><!-- ⲉⲡⲟⲩϫⲁⲓ -->
<feat xlink:href="#orig_group_142" value="ⲉⲧⲥⲃⲧⲱⲧ"/><!-- ⲉⲧ...ⲥⲃⲧⲱⲧ -->
<feat xlink:href="#orig_group_144" value="ⲉϭⲱⲗⲡ"/><!-- ⲉ...ϭⲱⲗⲡ -->
<feat xlink:href="#orig_group_146" value="ⲉⲃⲟⲗ"/><!-- ⲉⲃⲟⲗ -->
<feat xlink:href="#orig_group_147" value="ϩⲙ"/><!-- ϩⲙ -->
<feat xlink:href="#orig_group_148" value="ⲡⲉⲟⲩⲟⲉⲓϣ"/><!-- ⲡⲉ...ⲟⲩⲟⲉⲓϣ -->
<feat xlink:href="#orig_group_150" value="ⲛϩⲁⲉ"/><!-- ⲛ...ϩⲁⲉ -->
<feat xlink:href="#orig_group_152" value="ⲡⲁⲓ"/><!-- ⲡⲁⲓ -->
<feat xlink:href="#orig_group_153" value="ⲉⲧⲉⲧⲛⲧⲉⲗⲏⲗ"/><!-- ⲉ...ⲧⲉⲗⲏⲗ -->
<feat xlink:href="#orig_group_156" value="ⲛϩⲏⲧϥ"/><!-- ⲛϩⲏⲧ...ϥ -->
<feat xlink:href="#orig_group_158" value="ⲉⲁⲧⲉⲧⲛⲗⲩⲡⲏ"/><!-- ⲉ...ⲗⲩⲡⲏ -->
<feat xlink:href="#orig_group_162" value="ⲧⲉⲛⲟⲩ"/><!-- ⲧⲉⲛⲟⲩ -->
<feat xlink:href="#orig_group_163" value="ⲛⲟⲩⲕⲟⲩⲓ"/><!-- ⲛ...ⲕⲟⲩⲓ -->
<feat xlink:href="#orig_group_166" value="ⲉϣϫⲉ"/><!-- ⲉϣϫⲉ -->
<feat xlink:href="#orig_group_167" value="ϩⲁⲡⲥ"/><!-- ϩⲁⲡⲥ -->
<feat xlink:href="#orig_group_168" value="ⲡⲉ"/><!-- ⲡⲉ -->
<feat xlink:href="#orig_group_169" value="ⲉϩⲣⲁⲓ"/><!-- ⲉϩⲣⲁⲓ -->
<feat xlink:href="#orig_group_170" value="ϩⲛ"/><!-- ϩⲛ -->
<feat xlink:href="#orig_group_171" value="ϩⲉⲛⲡⲉⲓⲣⲁⲥⲙⲟⲥ"/><!-- ϩⲉⲛ...ⲡⲉⲓⲣⲁⲥⲙⲟⲥ -->
<feat xlink:href="#orig_group_173" value="ⲉⲩϣⲟⲃⲉ"/><!-- ⲉ...ϣⲟⲃⲉ -->
<feat xlink:href="#orig_group_176" value="ϫⲉⲕⲁⲁⲥ"/><!-- ϫⲉⲕⲁⲁⲥ -->
<feat xlink:href="#orig_group_177" value="ⲉⲩϩⲉ"/><!-- ⲉ...ϩⲉ -->
<feat xlink:href="#orig_group_180" value="ⲉⲧⲙⲛⲧⲥⲱⲡⲧ"/><!-- ⲉⲧⲙⲛⲧⲥⲱⲡⲧ -->
<feat xlink:href="#orig_group_181" value="ⲛⲧⲉⲧⲛⲡⲓⲥⲧⲓⲥ"/><!-- ⲛ...ⲡⲓⲥⲧⲓⲥ -->
<feat xlink:href="#orig_group_184" value="ⲉⲥⲧⲁⲓⲏⲩ"/><!-- ⲉ...ⲧⲁⲓⲏⲩ -->
<feat xlink:href="#orig_group_187" value="ⲉϩⲟⲩⲉ"/><!-- ⲉϩⲟⲩⲉ -->
<feat xlink:href="#orig_group_188" value="ⲉⲡⲛⲟⲩⲃ"/><!-- ⲉ...ⲛⲟⲩⲃ -->
<feat xlink:href="#orig_group_191" value="ⲉⲧⲛⲁⲧⲁⲕⲟ"/><!-- ⲉⲧ...ⲧⲁⲕⲟ -->
<feat xlink:href="#orig_group_194" value="ⲡⲁⲓ"/><!-- ⲡⲁⲓ -->
<feat xlink:href="#orig_group_195" value="ⲛϣⲁⲩⲇⲟⲕⲓⲙⲁⲍⲉ"/><!-- ⲛϣⲁⲩⲇⲟⲕⲓⲙⲁⲍⲉ -->
<feat xlink:href="#orig_group_196" value="ⲙⲙⲟϥ"/><!-- ⲙⲙⲟ...ϥ -->
<feat xlink:href="#orig_group_198" value="ϩⲓⲧⲙ"/><!-- ϩⲓⲧⲙ -->
<feat xlink:href="#orig_group_199" value="ⲡⲕⲱϩⲧ"/><!-- ⲡ...ⲕⲱϩⲧ -->
<feat xlink:href="#orig_group_201" value="ⲉⲩⲧⲙⲁⲓⲟ"/><!-- ⲉ...ⲧⲙⲁⲓⲟ -->
<feat xlink:href="#orig_group_204" value="ⲛⲏⲧⲛ"/><!-- ⲛⲏ...ⲧⲛ -->
<feat xlink:href="#orig_group_206" value="ⲙⲛ"/><!-- ⲙⲛ -->
<feat xlink:href="#orig_group_207" value="ⲟⲩⲉⲟⲟⲩ"/><!-- ⲟⲩ...ⲉⲟⲟⲩ -->
<feat xlink:href="#orig_group_209" value="ⲙⲛ"/><!-- ⲙⲛ -->
<feat xlink:href="#orig_group_210" value="ⲟⲩⲧⲁⲓⲟ"/><!-- ⲟⲩⲧⲁⲓⲟ -->
<feat xlink:href="#orig_group_211" value="ϩⲙ"/><!-- ϩⲙ -->
<feat xlink:href="#orig_group_212" value="ⲡϭⲱⲗⲡ"/><!-- ⲡ...ϭⲱⲗⲡ -->
<feat xlink:href="#orig_group_214" value="ⲉⲃⲟⲗ"/><!-- ⲉⲃⲟⲗ -->
<feat xlink:href="#orig_group_215" value="ⲛⲓⲏⲥⲟⲩⲥ"/><!-- ⲛ...ⲓⲏⲥⲟⲩⲥ -->
<feat xlink:href="#orig_group_217" value="ⲡⲉⲭⲣⲓⲥⲧⲟⲥ"/><!-- ⲡⲉ...ⲭⲣⲓⲥⲧⲟⲥ -->
<feat xlink:href="#orig_group_219" value="ⲡⲁⲓ"/><!-- ⲡⲁⲓ -->
<feat xlink:href="#orig_group_220" value="ⲙⲡⲉⲧⲛⲛⲁⲩ"/><!-- ⲙ...ⲛⲁⲩ -->
<feat xlink:href="#orig_group_223" value="ⲉⲣⲟϥ"/><!-- ⲉⲣⲟ...ϥ -->
<feat xlink:href="#orig_group_225" value="ⲉⲧⲉⲧⲛⲙⲉ"/><!-- ⲉ...ⲙⲉ -->
<feat xlink:href="#orig_group_228" value="ⲙⲙⲟϥ"/><!-- ⲙⲙⲟ...ϥ -->
<feat xlink:href="#orig_group_230" value="ⲁⲩⲱ"/><!-- ⲁⲩⲱ -->
<feat xlink:href="#orig_group_231" value="ⲡⲁⲓ"/><!-- ⲡⲁⲓ -->
<feat xlink:href="#orig_group_232" value="ⲟⲛ"/><!-- ⲟⲛ -->
<feat xlink:href="#orig_group_233" value="ⲧⲉⲛⲟⲩ"/><!-- ⲧⲉⲛⲟⲩ -->
<feat xlink:href="#orig_group_234" value="ⲉⲛⲧⲉⲧⲛⲛⲁⲩ"/><!-- ⲉⲛⲧⲉⲧⲛⲛⲁⲩ -->
<feat xlink:href="#orig_group_235" value="ⲉⲣⲟϥ"/><!-- ⲉⲣⲟ...ϥ -->
<feat xlink:href="#orig_group_237" value="ⲁⲛ"/><!-- ⲁⲛ -->
<feat xlink:href="#orig_group_238" value="ⲧⲉⲧⲛⲡⲓⲥⲧⲉⲩⲉ"/><!-- ⲧⲉⲧⲛ...ⲡⲓⲥⲧⲉⲩⲉ -->
<feat xlink:href="#orig_group_240" value="ⲇⲉ"/><!-- ⲇⲉ -->
<feat xlink:href="#orig_group_241" value="ⲉⲣⲟϥ"/><!-- ⲉⲣⲟ...ϥ -->
<feat xlink:href="#orig_group_243" value="ⲧⲉⲧⲛⲧⲉⲗⲏⲗ"/><!-- ⲧⲉⲧⲛ...ⲧⲉⲗⲏⲗ -->
<feat xlink:href="#orig_group_245" value="ϩⲛ"/><!-- ϩⲛ -->
<feat xlink:href="#orig_group_246" value="ⲟⲩⲣⲁϣⲉ"/><!-- ⲟⲩⲣⲁϣⲉ -->
<feat xlink:href="#orig_group_247" value="ⲉϥϩⲏⲡ"/><!-- ⲉ...ϩⲏⲡ -->
<feat xlink:href="#orig_group_250" value="ⲁⲩⲱ"/><!-- ⲁⲩⲱ -->
<feat xlink:href="#orig_group_251" value="ϥⲧⲁⲓⲏⲩ"/><!-- ϥ...ⲧⲁⲓⲏⲩ -->
<feat xlink:href="#orig_group_253" value="."/><!-- . -->
<feat xlink:href="#orig_group_254" value="ⲉⲧⲉⲧⲛϫⲓ"/><!-- ⲉ...ϫⲓ -->
<feat xlink:href="#orig_group_257" value="ⲙⲡϫⲱⲕ"/><!-- ⲙⲡϫⲱⲕ -->
<feat xlink:href="#orig_group_258" value="ⲉⲃⲟⲗ"/><!-- ⲉⲃⲟⲗ -->
<feat xlink:href="#orig_group_259" value="ⲛⲧⲡⲓⲥⲧⲓⲥ"/><!-- ⲛ...ⲡⲓⲥⲧⲓⲥ -->
<feat xlink:href="#orig_group_262" value="ⲡⲟⲩϫⲁⲓ"/><!-- ⲡⲟⲩϫⲁⲓ -->
<feat xlink:href="#orig_group_263" value="ⲛⲉⲧⲙⲯⲩⲭⲏ"/><!-- ⲛⲉⲧⲙⲯⲩⲭⲏ -->
<feat xlink:href="#orig_group_264" value="."/><!-- . -->
<feat xlink:href="#orig_group_265" value="ⲉⲁⲩϣⲓⲛⲉ"/><!-- ⲉ...ϣⲓⲛⲉ -->
<feat xlink:href="#orig_group_269" value="ⲁⲩⲱ"/><!-- ⲁⲩⲱ -->
<feat xlink:href="#orig_group_270" value="ⲁⲩϩⲟⲧϩⲧ"/><!-- ⲁ...ϩⲟⲧϩⲧ -->
<feat xlink:href="#orig_group_273" value="ⲉⲧⲃⲉ"/><!-- ⲉⲧⲃⲉ -->
<feat xlink:href="#orig_group_274" value="ⲡⲉⲓⲟⲩϫⲁⲓ"/><!-- ⲡⲉⲓⲟⲩϫⲁⲓ -->
<feat xlink:href="#orig_group_275" value="ⲛϭⲓ"/><!-- ⲛϭⲓ -->
<feat xlink:href="#orig_group_276" value="ⲛⲛⲉⲡⲣⲟⲫⲏⲧⲏⲥ"/><!-- ⲛ...ⲡⲣⲟⲫⲏⲧⲏⲥ -->
<feat xlink:href="#orig_group_279" value="ⲛⲁⲓ"/><!-- ⲛⲁⲓ -->
<feat xlink:href="#orig_group_280" value="ⲛⲧⲁⲩⲡⲣⲟⲫⲏ"/><!-- ⲛⲧⲁⲩⲡⲣⲟⲫⲏ -->
<feat xlink:href="#orig_group_281" value="ⲧⲉⲩⲉ"/><!-- ⲧⲉⲩⲉ -->
<feat xlink:href="#orig_group_282" value="ⲉⲧⲃⲉ"/><!-- ⲉⲧⲃⲉ -->
<feat xlink:href="#orig_group_283" value="ⲧⲉⲭⲁⲣⲓⲥ"/><!-- ⲧⲉ...ⲭⲁⲣⲓⲥ -->
<feat xlink:href="#orig_group_285" value="ⲉⲧϫⲓ"/><!-- ⲉⲧ...ϫⲓ -->
<feat xlink:href="#orig_group_287" value="ⲉϩⲟⲩ"/><!-- ⲉϩⲟⲩ -->
<feat xlink:href="#orig_group_288" value="ⲉⲣⲱⲧⲛ"/><!-- ⲉⲣⲱ...ⲧⲛ -->
<feat xlink:href="#orig_group_290" value="."/><!-- . -->
<feat xlink:href="#orig_group_291" value="ⲉⲩϣⲓⲛⲉ"/><!-- ⲉ...ϣⲓⲛⲉ -->
<feat xlink:href="#orig_group_294" value="ϫⲉ"/><!-- ϫⲉ -->
<feat xlink:href="#orig_group_295" value="ⲉⲣⲉ"/><!-- ⲉⲣⲉ -->
<feat xlink:href="#orig_group_296" value="ⲡⲉⲡⲛⲉⲩⲙⲁ"/><!-- ⲡⲉ...ⲡⲛⲉⲩⲙⲁ -->
<feat xlink:href="#orig_group_298" value="ⲙⲡⲉⲭⲣⲓⲥⲧⲟⲥ"/><!-- ⲙ...ⲭⲣⲓⲥⲧⲟⲥ -->
<feat xlink:href="#orig_group_301" value="ⲉⲧⲛϩⲏⲧⲟⲩ"/><!-- ⲉⲧⲛϩⲏⲧⲟⲩ -->
<feat xlink:href="#orig_group_302" value="ϣⲁϫⲉ"/><!-- ϣⲁϫⲉ -->
<feat xlink:href="#orig_group_303" value="ⲉⲁϣ"/><!-- ⲉⲁϣ -->
<feat xlink:href="#orig_group_304" value="ⲛⲟⲩⲟⲉⲓϣ"/><!-- ⲛ...ⲟⲩⲟⲉⲓϣ -->
<feat xlink:href="#orig_group_306" value="ⲉϥⲣ"/><!-- ⲉ...ⲣ -->
<feat xlink:href="#orig_group_309" value="ⲙⲛⲧⲣⲉ"/><!-- ⲙⲛⲧⲣⲉ -->
<feat xlink:href="#orig_group_310" value="ϫⲓⲛ"/><!-- ϫⲓⲛ -->
<feat xlink:href="#orig_group_311" value="ϣⲟⲣⲡ"/><!-- ϣⲟⲣⲡ -->
<feat xlink:href="#orig_group_312" value="ⲛⲙⲙⲟⲕϩⲥ"/><!-- ⲛⲙⲙⲟⲕϩⲥ -->
<feat xlink:href="#orig_group_313" value="ⲉⲧⲛⲁϣⲱⲡⲉ"/><!-- ⲉⲧ...ϣⲱⲡⲉ -->
<feat xlink:href="#orig_group_316" value="ⲙⲡⲉⲭⲣⲓⲥⲧⲟⲥ"/><!-- ⲙ...ⲭⲣⲓⲥⲧⲟⲥ -->
<feat xlink:href="#orig_group_319" value="ⲙⲛ"/><!-- ⲙⲛ -->
<feat xlink:href="#orig_group_320" value="ⲛⲉⲟⲟⲩ"/><!-- ⲛ...ⲉⲟⲟⲩ -->
<feat xlink:href="#orig_group_322" value="ⲉⲧⲛⲁϣⲱⲡⲉ"/><!-- ⲉⲧ...ϣⲱⲡⲉ -->
<feat xlink:href="#orig_group_325" value="ⲙⲛⲛⲥⲱⲟⲩ"/><!-- ⲙⲛⲛⲥⲱ...ⲟⲩ -->
<feat xlink:href="#orig_group_327" value="."/><!-- . -->
<feat xlink:href="#orig_group_328" value="ⲛⲁⲓ"/><!-- ⲛⲁⲓ -->
<feat xlink:href="#orig_group_329" value="ⲛⲧⲁϥⲟⲩⲱⲛϩ"/><!-- ⲛⲧ...ⲟⲩⲱⲛϩ -->
<feat xlink:href="#orig_group_333" value="ⲛⲁⲩ"/><!-- ⲛⲁ...ⲩ -->
<feat xlink:href="#orig_group_335" value="ⲉⲃⲟⲗ"/><!-- ⲉⲃⲟⲗ -->
<feat xlink:href="#orig_group_336" value="ϫⲉ"/><!-- ϫⲉ -->
<feat xlink:href="#orig_group_337" value="ⲛⲉⲩⲇⲓⲁⲕⲟⲛⲉⲓ"/><!-- ⲛⲉ...ⲇⲓⲁⲕⲟⲛⲉⲓ -->
<feat xlink:href="#orig_group_340" value="ⲙⲙⲟⲟⲩ"/><!-- ⲙⲙⲟ...ⲟⲩ -->
<feat xlink:href="#orig_group_342" value="ⲛⲁⲩ"/><!-- ⲛⲁ...ⲩ -->
<feat xlink:href="#orig_group_344" value="ⲁⲛ"/><!-- ⲁⲛ -->
<feat xlink:href="#orig_group_345" value="ⲁⲗⲗⲁ"/><!-- ⲁⲗⲗⲁ -->
<feat xlink:href="#orig_group_346" value="ⲛⲏⲧⲛ"/><!-- ⲛⲏ...ⲧⲛ -->
<feat xlink:href="#orig_group_348" value="ⲛⲁⲓ"/><!-- ⲛⲁⲓ -->
<feat xlink:href="#orig_group_349" value="ⲛⲧⲁⲩⲧⲁⲙⲱⲧⲛ"/><!-- ⲛⲧ...ⲧⲛ -->
<feat xlink:href="#orig_group_354" value="ⲉⲣⲟⲟⲩ"/><!-- ⲉⲣⲟ...ⲟⲩ -->
<feat xlink:href="#orig_group_356" value="ⲧⲉⲛⲟⲩ"/><!-- ⲧⲉⲛⲟⲩ -->
<feat xlink:href="#orig_group_357" value="ϩⲓⲧⲛ"/><!-- ϩⲓⲧⲛ -->
<feat xlink:href="#orig_group_358" value="ⲛⲉⲛⲧⲁⲩⲧⲁϣⲉⲟⲉⲓϣ"/><!-- ⲛ...ⲧⲁϣⲉⲟⲉⲓϣ -->
<feat xlink:href="#orig_group_363" value="ⲛⲏⲧⲛ"/><!-- ⲛⲏ...ⲧⲛ -->
<feat xlink:href="#orig_group_365" value="ⲙⲡⲉⲡⲛⲉⲩⲙⲁ"/><!-- ⲙ...ⲡⲛⲉⲩⲙⲁ -->
<feat xlink:href="#orig_group_368" value="ⲉⲧⲟⲩⲁⲁⲃ"/><!-- ⲉⲧ...ⲟⲩⲁⲁⲃ -->
<feat xlink:href="#orig_group_370" value="ⲛⲧⲁⲩⲧⲛⲛⲟⲟⲩϥ"/><!-- ⲛⲧ...ϥ -->
<feat xlink:href="#orig_group_375" value="ⲉⲃⲟⲗ"/><!-- ⲉⲃⲟⲗ -->
<feat xlink:href="#orig_group_376" value="ϩⲛ"/><!-- ϩⲛ -->
<feat xlink:href="#orig_group_377" value="ⲧⲡⲉ"/><!-- ⲧ...ⲡⲉ -->
<feat xlink:href="#orig_group_379" value="ⲛⲁⲓ"/><!-- ⲛⲁⲓ -->
<feat xlink:href="#orig_group_380" value="ⲉⲧⲉⲣⲉⲛⲛⲉⲁⲅⲅⲉⲗⲟⲥ"/><!-- ⲉⲧⲉⲣⲉⲛⲛⲉⲁⲅⲅⲉⲗⲟⲥ -->
<feat xlink:href="#orig_group_381" value="ⲉⲡⲓⲑⲩⲙⲉⲓ"/><!-- ⲉⲡⲓⲑⲩⲙⲉⲓ -->
<feat xlink:href="#orig_group_382" value="ⲉⲛⲁⲩ"/><!-- ⲉ...ⲛⲁⲩ -->
<feat xlink:href="#orig_group_384" value="ⲉⲣⲟⲟⲩ"/><!-- ⲉⲣⲟ...ⲟⲩ -->
<feat xlink:href="#orig_group_386" value="ⲉⲧⲃⲉ"/><!-- ⲉⲧⲃⲉ -->
<feat xlink:href="#orig_group_387" value="ⲡⲁⲓ"/><!-- ⲡⲁⲓ -->
<feat xlink:href="#orig_group_388" value="ⲁⲧⲉⲧⲛⲙⲟⲩⲣ"/><!-- ⲁ...ⲙⲟⲩⲣ -->
<feat xlink:href="#orig_group_391" value="ⲛⲛϯⲡⲉ"/><!-- ⲛ...ϯⲡⲉ -->
<feat xlink:href="#orig_group_394" value="ⲙⲡⲉⲉⲧⲛϩⲏⲧ"/><!-- ⲙⲡⲉⲉⲧⲛϩⲏⲧ -->
<feat xlink:href="#orig_group_395" value="ⲁⲩⲱ"/><!-- ⲁⲩⲱ -->
<feat xlink:href="#orig_group_396" value="ⲉⲧⲉⲧⲛⲛⲏⲫⲉ"/><!-- ⲉ...ⲛⲏⲫⲉ -->
<feat xlink:href="#orig_group_399" value="ϩⲉⲗⲡⲓⲍⲉ"/><!-- ϩⲉⲗⲡⲓⲍⲉ -->
<feat xlink:href="#orig_group_400" value="ϩⲛ"/><!-- ϩⲛ -->
<feat xlink:href="#orig_group_401" value="ⲟⲩϫⲱⲕ"/><!-- ⲟⲩϫⲱⲕ -->
<feat xlink:href="#orig_group_402" value="ⲉⲃⲟⲗ"/><!-- ⲉⲃⲟⲗ -->
<feat xlink:href="#orig_group_403" value="ⲉⲧⲉⲭⲁⲣⲓⲥ"/><!-- ⲉ...ⲭⲁⲣⲓⲥ -->
<feat xlink:href="#orig_group_406" value="ⲉⲧⲟⲩⲛⲁⲉⲧⲥ"/><!-- ⲉⲧⲟⲩⲛⲁⲉⲧⲥ -->
<feat xlink:href="#orig_group_407" value="ⲛⲏⲧⲛ"/><!-- ⲛⲏ...ⲧⲛ -->
<feat xlink:href="#orig_group_409" value="ϩⲙ"/><!-- ϩⲙ -->
<feat xlink:href="#orig_group_410" value="ⲡϭⲱⲗⲡ"/><!-- ⲡ...ϭⲱⲗⲡ -->
<feat xlink:href="#orig_group_412" value="ⲉⲃⲟⲗ"/><!-- ⲉⲃⲟⲗ -->
<feat xlink:href="#orig_group_413" value="ⲛⲓⲏⲥⲟⲩⲥ"/><!-- ⲛ...ⲓⲏⲥⲟⲩⲥ -->
<feat xlink:href="#orig_group_415" value="ⲡⲉⲭⲣⲓⲥⲧⲟⲥ"/><!-- ⲡⲉ...ⲭⲣⲓⲥⲧⲟⲥ -->
<feat xlink:href="#orig_group_417" value="ϩⲱⲥ"/><!-- ϩⲱⲥ -->
<feat xlink:href="#orig_group_418" value="ϣⲏⲣⲉ"/><!-- ϣⲏⲣⲉ -->
<feat xlink:href="#orig_group_419" value="ⲙⲡⲥⲱⲧⲙ"/><!-- ⲙⲡⲥⲱⲧⲙ -->
<feat xlink:href="#orig_group_420" value="."/><!-- . -->
<feat xlink:href="#orig_group_421" value="ⲉⲛⲧⲉⲧⲛϫⲓ"/><!-- ⲉⲛⲧⲉⲧⲛϫⲓ -->
<feat xlink:href="#orig_group_422" value="ⲁⲛ"/><!-- ⲁⲛ -->
<feat xlink:href="#orig_group_423" value="ⲙⲡϩⲣⲃ"/><!-- ⲙ...ϩⲣⲃ -->
<feat xlink:href="#orig_group_426" value="ⲛⲛⲉⲧⲛⲉⲡⲉⲓⲑⲩⲙⲓⲁ"/><!-- ⲛ...ⲉⲡⲉⲓⲑⲩⲙⲓⲁ -->
<feat xlink:href="#orig_group_429" value="ⲛϣⲟⲣⲡ"/><!-- ⲛ...ϣⲟⲣⲡ -->
<feat xlink:href="#orig_group_431" value="ⲉⲧⲉⲧⲛϩⲉⲛ"/><!-- ⲉ...ⲛ -->
<feat xlink:href="#orig_group_435" value="ⲛⲉⲧⲛⲙⲛⲧⲁⲧⲥⲟⲟⲩⲛ"/><!-- ⲛⲉⲧⲛ...ⲙⲛⲧⲁⲧⲥⲟⲟⲩⲛ -->
<feat xlink:href="#orig_group_437" value="."/><!-- . -->
<feat xlink:href="#orig_group_438" value="ⲁⲗⲗⲁ"/><!-- ⲁⲗⲗⲁ -->
<feat xlink:href="#orig_group_439" value="ⲕⲁⲧⲁ"/><!-- ⲕⲁⲧⲁ -->
<feat xlink:href="#orig_group_440" value="ⲧϩⲉ"/><!-- ⲧ...ϩⲉ -->
<feat xlink:href="#orig_group_442" value="ⲉⲧϥⲟⲩⲁⲁⲃ"/><!-- ⲉⲧ...ⲟⲩⲁⲁⲃ -->
<feat xlink:href="#orig_group_445" value="ⲛϭⲓ"/><!-- ⲛϭⲓ -->
<feat xlink:href="#orig_group_446" value="ⲡⲉⲧⲁϥⲧⲉϩⲙ"/><!-- ⲡⲉⲧⲁϥⲧⲉϩⲙ -->
<feat xlink:href="#orig_group_447" value="ⲧⲏⲩⲧⲛ"/><!-- ⲧⲏⲩⲧⲛ -->
<feat xlink:href="#orig_group_448" value="ⲉⲧⲉⲧⲛϣⲱⲡⲉ"/><!-- ⲉ...ϣⲱⲡⲉ -->
<feat xlink:href="#orig_group_451" value="ϩⲱ"/><!-- ϩⲱ -->
<feat xlink:href="#orig_group_452" value="ⲧⲏⲩⲧⲛ"/><!-- ⲧⲏⲩⲧⲛ -->
<feat xlink:href="#orig_group_453" value="ⲉⲧⲉⲧⲛⲟⲩⲁⲁⲃ"/><!-- ⲉ...ⲟⲩⲁⲁⲃ -->
<feat xlink:href="#orig_group_456" value="ϩⲣⲁⲓ"/><!-- ϩⲣⲁⲓ -->
<feat xlink:href="#orig_group_457" value="ϩⲛ"/><!-- ϩⲛ -->
<feat xlink:href="#orig_group_458" value="ⲁⲛⲁⲥⲧⲣⲟⲫⲏ"/><!-- ⲁⲛⲁⲥⲧⲣⲟⲫⲏ -->
<feat xlink:href="#orig_group_459" value="ⲛⲓⲙ"/><!-- ⲛⲓⲙ -->
<feat xlink:href="#orig_group_460" value="ϫⲉ"/><!-- ϫⲉ -->
<feat xlink:href="#orig_group_461" value="ϥⲥⲏϩ"/><!-- ϥ...ⲥⲏϩ -->
<feat xlink:href="#orig_group_463" value="ϫⲉ"/><!-- ϫⲉ -->
<feat xlink:href="#orig_group_464" value="ϣⲱⲡⲉ"/><!-- ϣⲱⲡⲉ -->
<feat xlink:href="#orig_group_465" value="ⲉⲧⲉⲧⲛⲟⲩⲁⲁⲃ"/><!-- ⲉ...ⲟⲩⲁⲁⲃ -->
<feat xlink:href="#orig_group_468" value="ϫⲉ"/><!-- ϫⲉ -->
<feat xlink:href="#orig_group_469" value="ⲁⲛⲟⲕ"/><!-- ⲁⲛⲟⲕ -->
<feat xlink:href="#orig_group_470" value="ϯⲟⲩⲁⲁⲃ"/><!-- ϯ...ⲟⲩⲁⲁⲃ -->
<feat xlink:href="#orig_group_472" value="ⲁⲩⲱ"/><!-- ⲁⲩⲱ -->
<feat xlink:href="#orig_group_473" value="ⲉϣϫⲉ"/><!-- ⲉϣϫⲉ -->
<feat xlink:href="#orig_group_474" value="ⲡⲉⲧⲕⲣⲓⲛⲉ"/><!-- ⲡ...ⲕⲣⲓⲛⲉ -->
<feat xlink:href="#orig_group_477" value="ⲙⲡⲟⲩⲁ"/><!-- ⲙ...ⲟⲩⲁ -->
<feat xlink:href="#orig_group_480" value="ⲡⲟⲩⲁ"/><!-- ⲡ...ⲟⲩⲁ -->
<feat xlink:href="#orig_group_482" value="ⲕⲁⲧⲁ"/><!-- ⲕⲁⲧⲁ -->
<feat xlink:href="#orig_group_483" value="ⲛⲛⲉϥϩⲉⲃⲏⲩⲉ"/><!-- ⲛⲛⲉϥϩⲉⲃⲏⲩⲉ -->
<feat xlink:href="#orig_group_484" value="ⲁϫⲛϫⲓϩⲟ"/><!-- ⲁϫⲛϫⲓϩⲟ -->
<feat xlink:href="#orig_group_485" value="ⲧⲛⲙⲟⲩⲧⲉ"/><!-- ⲧⲛ...ⲙⲟⲩⲧⲉ -->
<feat xlink:href="#orig_group_487" value="ⲉⲣⲟϥ"/><!-- ⲉⲣⲟ...ϥ -->
<feat xlink:href="#orig_group_489" value="ϫⲉ"/><!-- ϫⲉ -->
<feat xlink:href="#orig_group_490" value="ⲡⲉⲛⲉⲓⲱⲧ"/><!-- ⲡⲉⲛ...ⲉⲓⲱⲧ -->
<feat xlink:href="#orig_group_492" value="ⲉⲓⲙⲟⲟϣⲉ"/><!-- ⲉ...ⲙⲟⲟϣⲉ -->
<feat xlink:href="#orig_group_495" value="ϩⲛ"/><!-- ϩⲛ -->
<feat xlink:href="#orig_group_496" value="ⲟⲩϩⲟⲧⲉ"/><!-- ⲟⲩ...ϩⲟⲧⲉ -->
<feat xlink:href="#orig_group_498" value="ⲙⲡⲉⲟⲩⲟⲉⲓϣ"/><!-- ⲙ...ⲟⲩⲟⲉⲓϣ -->
<feat xlink:href="#orig_group_501" value="ⲉⲧⲉⲧⲛϣⲟⲟⲡ"/><!-- ⲉ...ϣⲟⲟⲡ -->
<feat xlink:href="#orig_group_504" value="ⲙⲡⲉⲓⲙⲁ"/><!-- ⲙ...ⲙⲁ -->
<feat xlink:href="#orig_group_507" value="."/><!-- . -->
<feat xlink:href="#orig_group_508" value="ⲉⲧⲉⲧⲛⲥⲟⲟⲩⲛ"/><!-- ⲉ...ⲥⲟⲟⲩⲛ -->
<feat xlink:href="#orig_group_511" value="ϫⲉ"/><!-- ϫⲉ -->
<feat xlink:href="#orig_group_512" value="ⲛⲧⲁⲩⲥⲉⲧ"/><!-- ⲛⲧⲁⲩⲥⲉⲧ -->
<feat xlink:href="#orig_group_513" value="ⲧⲏⲩⲧⲛ"/><!-- ⲧⲏⲩⲧⲛ -->
<feat xlink:href="#orig_group_514" value="ⲁⲛ"/><!-- ⲁⲛ -->
<feat xlink:href="#orig_group_515" value="ϩⲛ"/><!-- ϩⲛ -->
<feat xlink:href="#orig_group_516" value="ⲟⲩⲛⲟⲩⲃ"/><!-- ⲟⲩ...ⲛⲟⲩⲃ -->
<feat xlink:href="#orig_group_518" value="ⲏⲟⲩϩⲁⲧ"/><!-- ⲏⲟⲩϩⲁⲧ -->
<feat xlink:href="#orig_group_519" value="ⲉϣⲁϥⲧⲁⲕⲟ"/><!-- ⲉϣⲁϥⲧⲁⲕⲟ -->
<feat xlink:href="#orig_group_520" value="ⲉⲃⲟⲗ"/><!-- ⲉⲃⲟⲗ -->
<feat xlink:href="#orig_group_521" value="ϩⲛ"/><!-- ϩⲛ -->
<feat xlink:href="#orig_group_522" value="ⲛⲉⲧⲛϩⲉⲃⲏⲩⲉ"/><!-- ⲛⲉⲧⲛϩⲉⲃⲏⲩⲉ -->
<feat xlink:href="#orig_group_523" value="ⲉⲧϣⲟⲩⲉⲓⲧ"/><!-- ⲉⲧ...ϣⲟⲩⲉⲓⲧ -->
<feat xlink:href="#orig_group_525" value="ⲉⲧⲁⲛⲉⲧⲛⲉⲓⲟⲧⲉ"/><!-- ⲉⲧⲁⲛⲉⲧⲛⲉⲓⲟⲧⲉ -->
<feat xlink:href="#orig_group_526" value="ⲧⲁⲁⲩ"/><!-- ⲧⲁⲁ...ⲩ -->
<feat xlink:href="#orig_group_528" value="ⲉⲧⲛ"/><!-- ⲉⲧ...ⲛ -->
<feat xlink:href="#orig_group_530" value="ⲧⲏⲩⲧⲛ"/><!-- ⲧⲏⲩⲧⲛ -->
<feat xlink:href="#orig_group_531" value="ⲁⲗⲗⲁ"/><!-- ⲁⲗⲗⲁ -->
<feat xlink:href="#orig_group_532" value="ϩⲙ"/><!-- ϩⲙ -->
<feat xlink:href="#orig_group_533" value="ⲡⲉⲥⲛⲟϥ"/><!-- ⲡⲉ...ⲥⲛⲟϥ -->
<feat xlink:href="#orig_group_535" value="ⲉⲧⲁⲉⲓⲏⲩ"/><!-- ⲉⲧⲁⲉⲓⲏⲩ -->
<feat xlink:href="#orig_group_536" value="ⲛⲧⲉ"/><!-- ⲛⲧⲉ -->
<feat xlink:href="#orig_group_537" value="ⲡⲉϩⲉⲓⲏⲃ"/><!-- ⲡⲉϩⲉⲓⲏⲃ -->
<feat xlink:href="#orig_group_538" value="ⲉⲧⲟⲩⲁⲁⲃ"/><!-- ⲉⲧ...ⲟⲩⲁⲁⲃ -->
<feat xlink:href="#orig_group_540" value="ⲁⲩⲱ"/><!-- ⲁⲩⲱ -->
<feat xlink:href="#orig_group_541" value="ⲛⲁⲧⲱⲗⲙ"/><!-- ⲛⲁ...ⲧⲱⲗⲙ -->
<feat xlink:href="#orig_group_543" value="ⲡⲉⲭⲣⲓⲥⲧⲟⲥ"/><!-- ⲡⲉ...ⲭⲣⲓⲥⲧⲟⲥ -->
<feat xlink:href="#orig_group_545" value="ⲉⲁⲩϣⲣⲡ"/><!-- ⲉ...ϣⲣⲡ -->
<feat xlink:href="#orig_group_549" value="ⲥⲟⲩⲱⲛϥ"/><!-- ⲥⲟⲩⲱⲛ...ϥ -->
<feat xlink:href="#orig_group_551" value="ⲙⲛ"/><!-- ⲙⲛ -->
<feat xlink:href="#orig_group_552" value="ϩⲁⲑⲏ"/><!-- ϩⲁ...ϩⲏ -->
<feat xlink:href="#orig_group_555" value="ⲛⲧⲕⲁⲧⲁⲃⲟⲗⲏ"/><!-- ⲛ...ⲕⲁⲧⲁⲃⲟⲗⲏ -->
<feat xlink:href="#orig_group_558" value="ⲙⲡⲕⲟⲥⲙⲟⲥ"/><!-- ⲙ...ⲕⲟⲥⲙⲟⲥ -->
<feat xlink:href="#orig_group_561" value="ⲉⲁϥⲟⲩⲱⲛϩ"/><!-- ⲉ...ⲟⲩⲱⲛϩ -->
<feat xlink:href="#orig_group_565" value="ⲇⲉ"/><!-- ⲇⲉ -->
<feat xlink:href="#orig_group_566" value="ⲉⲃⲟⲗ"/><!-- ⲉⲃⲟⲗ -->
<feat xlink:href="#orig_group_567" value="ⲉⲧⲃⲉ"/><!-- ⲉⲧⲃⲉ -->
<feat xlink:href="#orig_group_568" value="ⲧⲏⲩⲧⲛ"/><!-- ⲧⲏⲩⲧⲛ -->
<feat xlink:href="#orig_group_569" value="ϩⲛ"/><!-- ϩⲛ -->
<feat xlink:href="#orig_group_570" value="ⲧϩⲁⲏ"/><!-- ⲧ...ϩⲁⲏ -->
<feat xlink:href="#orig_group_572" value="ⲛⲛⲉⲓⲟⲩⲟⲉⲓϣ"/><!-- ⲛ...ⲟⲩⲟⲉⲓϣ -->
<feat xlink:href="#orig_group_575" value="ⲛⲁⲓ"/><!-- ⲛⲁⲓ -->
<feat xlink:href="#orig_group_576" value="ⲉⲧⲡⲓⲥⲧⲉⲩⲉ"/><!-- ⲉⲧ...ⲡⲓⲥⲧⲉⲩⲉ -->
<feat xlink:href="#orig_group_578" value="ⲉⲡⲛⲟⲩⲧⲉ"/><!-- ⲉ...ⲛⲟⲩⲧⲉ -->
<feat xlink:href="#orig_group_581" value="ⲉⲃⲟⲗ"/><!-- ⲉⲃⲟⲗ -->
<feat xlink:href="#orig_group_582" value="ϩⲓⲧⲟⲟⲧϥ"/><!-- ϩⲓⲧⲟⲟⲧ...ϥ -->
<feat xlink:href="#orig_group_584" value="ⲙⲡⲉϥϣⲏⲣⲉ"/><!-- ⲙ...ϣⲏⲣⲉ -->
<feat xlink:href="#orig_group_587" value="ⲡⲁⲓ"/><!-- ⲡⲁⲓ -->
<feat xlink:href="#orig_group_588" value="ⲛⲧⲁϥⲧⲟⲩⲛⲟⲥϥ"/><!-- ⲛⲧ...ϥ -->
<feat xlink:href="#orig_group_593" value="ⲉⲃⲟⲗ"/><!-- ⲉⲃⲟⲗ -->
<feat xlink:href="#orig_group_594" value="ϩⲛ"/><!-- ϩⲛ -->
<feat xlink:href="#orig_group_595" value="ⲛⲉⲧⲙⲟⲟⲩⲧ"/><!-- ⲛ...ⲙⲟⲟⲩⲧ -->
<feat xlink:href="#orig_group_598" value="ⲁⲩⲱ"/><!-- ⲁⲩⲱ -->
<feat xlink:href="#orig_group_599" value="ⲁϥϯ"/><!-- ⲁ...ϯ -->
<feat xlink:href="#orig_group_602" value="ⲛⲁϥ"/><!-- ⲛⲁ...ϥ -->
<feat xlink:href="#orig_group_604" value="ⲛⲟⲩⲉⲟⲟⲩ"/><!-- ⲛ...ⲉⲟⲟⲩ -->
<feat xlink:href="#orig_group_607" value="ϩⲱⲥⲧⲉ"/><!-- ϩⲱⲥⲧⲉ -->
<feat xlink:href="#orig_group_608" value="ⲧⲉⲧⲛⲡⲓⲥⲧⲓⲥ"/><!-- ⲧⲉⲧⲛ...ⲡⲓⲥⲧⲓⲥ -->
<feat xlink:href="#orig_group_610" value="ⲙⲛ"/><!-- ⲙⲛ -->
<feat xlink:href="#orig_group_611" value="ⲧⲉⲧⲛϩⲉⲗⲡⲓⲥ"/><!-- ⲧⲉⲧⲛ...ϩⲉⲗⲡⲓⲥ -->
<feat xlink:href="#orig_group_613" value="ⲛⲥϣⲱⲡⲉ"/><!-- ⲛ...ϣⲱⲡⲉ -->
<feat xlink:href="#orig_group_616" value="ⲉϩⲟⲩⲛ"/><!-- ⲉϩⲟⲩⲛ -->
<feat xlink:href="#orig_group_617" value="ⲉⲡⲛⲟⲩⲧⲉ"/><!-- ⲉ...ⲛⲟⲩⲧⲉ -->
<feat xlink:href="#orig_group_620" value="ⲉⲁⲧⲉⲧⲛⲧⲃⲃⲟ"/><!-- ⲉ...ⲧⲃⲃⲟ -->
<feat xlink:href="#orig_group_624" value="ⲛⲛⲉⲧⲛⲯⲩⲭⲏ"/><!-- ⲛ...ⲯⲩⲭⲏ -->
<feat xlink:href="#orig_group_627" value="ⲉϩⲣⲁⲓ"/><!-- ⲉϩⲣⲁⲓ -->
<feat xlink:href="#orig_group_628" value="ϩⲙ"/><!-- ϩⲙ -->
<feat xlink:href="#orig_group_629" value="ⲡⲥⲱⲧⲙ"/><!-- ⲡⲥⲱⲧⲙ -->
<feat xlink:href="#orig_group_630" value="ⲛⲧⲙⲉ"/><!-- ⲛ...ⲙⲉ -->
<feat xlink:href="#orig_group_633" value="ⲉⲩⲙⲛⲧⲙⲁⲓⲥⲟⲛ"/><!-- ⲉ...ⲙⲛⲧⲙⲁⲓⲥⲟⲛ -->
<feat xlink:href="#orig_group_636" value="ⲙⲛ"/><!-- ⲙⲛ -->
<feat xlink:href="#orig_group_637" value="ϩⲩⲡⲟⲕⲣⲓⲛⲉ"/><!-- ϩⲩⲡⲟⲕⲣⲓⲛⲉ -->
<feat xlink:href="#orig_group_638" value="ⲛϩⲏⲧⲥ"/><!-- ⲛϩⲏⲧ...ⲥ -->
<feat xlink:href="#orig_group_640" value="ⲉⲧⲉⲧⲛⲙⲉⲣⲉ"/><!-- ⲉ...ⲙⲉⲣⲉ -->
<feat xlink:href="#orig_group_643" value="ⲛⲉⲧⲛⲛⲉⲣⲏⲩ"/><!-- ⲛⲉⲧⲛⲛⲉⲣⲏⲩ -->
<feat xlink:href="#orig_group_644" value="ϩⲛ"/><!-- ϩⲛ -->
<feat xlink:href="#orig_group_645" value="ⲟⲩϩⲏⲧ"/><!-- ⲟⲩ...ϩⲏⲧ -->
<feat xlink:href="#orig_group_647" value="ⲉϥⲟⲩⲁⲁⲃ"/><!-- ⲉ...ⲟⲩⲁⲁⲃ -->
<feat xlink:href="#orig_group_650" value="ⲉⲁⲩϫⲡⲉ"/><!-- ⲉ...ϫⲡⲉ -->
<feat xlink:href="#orig_group_654" value="ⲧⲏⲩⲧⲛ"/><!-- ⲧⲏⲩⲧⲛ -->
<feat xlink:href="#orig_group_655" value="ⲁⲛ"/><!-- ⲁⲛ -->
<feat xlink:href="#orig_group_656" value="ϩⲛ"/><!-- ϩⲛ -->
<feat xlink:href="#orig_group_657" value="ⲟⲩϫⲡⲟ"/><!-- ⲟⲩ...ϫⲡⲟ -->
<feat xlink:href="#orig_group_659" value="ⲛϣⲁϥⲧⲁⲕⲟ"/><!-- ⲛϣⲁϥⲧⲁⲕⲟ -->
<feat xlink:href="#orig_group_660" value="ⲁⲗⲗⲁ"/><!-- ⲁⲗⲗⲁ -->
<feat xlink:href="#orig_group_661" value="ⲉⲃⲟⲗ"/><!-- ⲉⲃⲟⲗ -->
<feat xlink:href="#orig_group_662" value="ϩⲛ"/><!-- ϩⲛ -->
<feat xlink:href="#orig_group_663" value="ⲟⲩⲁⲧⲧⲁⲕⲟ"/><!-- ⲟⲩ...ⲁⲧⲧⲁⲕⲟ -->
<feat xlink:href="#orig_group_665" value="ϩⲓⲧⲙ"/><!-- ϩⲓⲧⲙ -->
<feat xlink:href="#orig_group_666" value="ⲡϣⲁϫⲉ"/><!-- ⲡ...ϣⲁϫⲉ -->
<feat xlink:href="#orig_group_668" value="ⲙⲡⲛⲟⲩⲧⲉ"/><!-- ⲙ...ⲛⲟⲩⲧⲉ -->
<feat xlink:href="#orig_group_671" value="ⲉⲧⲟⲛϩ"/><!-- ⲉⲧ...ⲟⲛϩ -->
<feat xlink:href="#orig_group_673" value="ⲁⲩⲱ"/><!-- ⲁⲩⲱ -->
<feat xlink:href="#orig_group_674" value="ⲉⲧϣⲟⲟⲡ"/><!-- ⲉⲧ...ϣⲟⲟⲡ -->
<feat xlink:href="#orig_group_676" value="ϫⲉ"/><!-- ϫⲉ -->
<feat xlink:href="#orig_group_677" value="ⲥⲁⲣⲝ"/><!-- ⲥⲁⲣⲝ -->
<feat xlink:href="#orig_group_678" value="ⲛⲓⲙ"/><!-- ⲛⲓⲙ -->
<feat xlink:href="#orig_group_679" value="ⲉⲩⲟ"/><!-- ⲉ...ⲟ -->
<feat xlink:href="#orig_group_682" value="ⲛⲧϩⲉ"/><!-- ⲛ...ϩⲉ -->
<feat xlink:href="#orig_group_685" value="ⲛⲟⲩⲭⲟⲣⲧⲟⲥ"/><!-- ⲛ...ⲭⲟⲣⲧⲟⲥ -->
<feat xlink:href="#orig_group_688" value="ⲁⲩⲱ"/><!-- ⲁⲩⲱ -->
<feat xlink:href="#orig_group_689" value="ⲉⲟⲟⲩ"/><!-- ⲉⲟⲟⲩ -->
<feat xlink:href="#orig_group_690" value="ⲛⲓⲙ"/><!-- ⲛⲓⲙ -->
<feat xlink:href="#orig_group_691" value="ⲛⲧⲁⲩ"/><!-- ⲛⲧⲁⲩ -->
<feat xlink:href="#orig_group_692" value="ⲛⲧϩⲉ"/><!-- ⲛ...ϩⲉ -->
<feat xlink:href="#orig_group_695" value="ⲙⲡⲉϩⲣⲏⲣⲉ"/><!-- ⲙ...ϩⲣⲏⲣⲉ -->
<feat xlink:href="#orig_group_698" value="ⲙⲡⲉⲭⲟⲣⲧⲟⲥ"/><!-- ⲙ...ⲭⲟⲣⲧⲟⲥ -->
<feat xlink:href="#orig_group_701" value="ⲉⲁϥϣⲟⲟⲩⲉ"/><!-- ⲉ...ϣⲟⲟⲩⲉ -->
<feat xlink:href="#orig_group_705" value="ⲛϭⲓ"/><!-- ⲛϭⲓ -->
<feat xlink:href="#orig_group_706" value="ⲡⲉⲭⲟⲣⲧⲟⲥ"/><!-- ⲡⲉ...ⲭⲟⲣⲧⲟⲥ -->
<feat xlink:href="#orig_group_708" value="ⲁⲩⲱ"/><!-- ⲁⲩⲱ -->
<feat xlink:href="#orig_group_709" value="ⲡⲉϥϩⲣⲏⲣⲉ"/><!-- ⲡⲉϥ...ϩⲣⲏⲣⲉ -->
<feat xlink:href="#orig_group_711" value="ⲁϥⲥⲣⲟϥⲣϥ"/><!-- ⲁ...ⲥⲣⲟϥⲣϥ -->
<feat xlink:href="#orig_group_714" value="ⲡϣⲁϫⲉ"/><!-- ⲡ...ϣⲁϫⲉ -->
<feat xlink:href="#orig_group_716" value="ⲇⲉ"/><!-- ⲇⲉ -->
<feat xlink:href="#orig_group_717" value="ⲙⲡϫⲟⲉⲓⲥ"/><!-- ⲙ...ϫⲟⲉⲓⲥ -->
<feat xlink:href="#orig_group_720" value="ϣⲟⲟⲡ"/><!-- ϣⲟⲟⲡ -->
<feat xlink:href="#orig_group_721" value="ⲛϣⲁⲉⲛⲉϩ"/><!-- ⲛϣⲁⲉⲛⲉϩ -->
<feat xlink:href="#orig_group_722" value="ⲡⲁⲓ"/><!-- ⲡⲁⲓ -->
<feat xlink:href="#orig_group_723" value="ⲇⲉ"/><!-- ⲇⲉ -->
<feat xlink:href="#orig_group_724" value="ⲡⲉ"/><!-- ⲡⲉ -->
<feat xlink:href="#orig_group_725" value="ⲡϣⲁϫⲉ"/><!-- ⲡ...ϣⲁϫⲉ -->
<feat xlink:href="#orig_group_727" value="ⲛⲧⲁⲩⲧⲁϣⲉ"/><!-- ⲛⲧ...ⲧⲁϣⲉ -->
<feat xlink:href="#orig_group_731" value="ⲟⲉⲓϣ"/><!-- ⲟⲉⲓϣ -->
<feat xlink:href="#orig_group_732" value="ⲙⲙⲟϥ"/><!-- ⲙⲙⲟ...ϥ -->
<feat xlink:href="#orig_group_734" value="ⲛⲏⲧⲛ"/><!-- ⲛⲏ...ⲧⲛ -->
<feat xlink:href="#orig_group_736" value="."/><!-- . -->
</featList>
</paula>
