<?xml version="1.0" encoding="UTF-8" standalone="no"?>

<!DOCTYPE paula SYSTEM "paula_mark.dtd">
<paula version="1.0">

<header paula_id="sahidica.nt.1_Peter_1_translationSeg"/>

<markList xmlns:xlink="http://www.w3.org/1999/xlink" type="translationSeg" xml:base="sahidica.nt.1_Peter_1.tok.xml">
<mark id="translation_1" xlink:href="#xpointer(id('tok_1')/range-to(id('tok_28')))"/><!-- ⲡⲉⲧⲣⲟⲥ.... -->
<mark id="translation_29" xlink:href="#xpointer(id('tok_29')/range-to(id('tok_64')))"/><!-- ⲕⲁⲧⲁ.... -->
<mark id="translation_65" xlink:href="#xpointer(id('tok_65')/range-to(id('tok_106')))"/><!-- ϥ...ⲙⲟⲟⲩⲧ -->
<mark id="translation_107" xlink:href="#xpointer(id('tok_107')/range-to(id('tok_125')))"/><!-- ⲉ...ⲡⲏⲩⲉ -->
<mark id="translation_126" xlink:href="#xpointer(id('tok_126')/range-to(id('tok_151')))"/><!-- ⲛⲁⲓ...ϩⲁⲉ -->
<mark id="translation_152" xlink:href="#xpointer(id('tok_152')/range-to(id('tok_175')))"/><!-- ⲡⲁⲓ...ϣⲟⲃⲉ -->
<mark id="translation_176" xlink:href="#xpointer(id('tok_176')/range-to(id('tok_218')))"/><!-- ϫⲉⲕⲁⲁⲥ...ⲭⲣⲓⲥⲧⲟⲥ -->
<mark id="translation_219" xlink:href="#xpointer(id('tok_219')/range-to(id('tok_253')))"/><!-- ⲡⲁⲓ.... -->
<mark id="translation_254" xlink:href="#xpointer(id('tok_254')/range-to(id('tok_264')))"/><!-- ⲉ.... -->
<mark id="translation_265" xlink:href="#xpointer(id('tok_265')/range-to(id('tok_290')))"/><!-- ⲉ.... -->
<mark id="translation_291" xlink:href="#xpointer(id('tok_291')/range-to(id('tok_327')))"/><!-- ⲉ.... -->
<mark id="translation_328" xlink:href="#xpointer(id('tok_328')/range-to(id('tok_385')))"/><!-- ⲛⲁⲓ...ⲟⲩ -->
<mark id="translation_386" xlink:href="#xpointer(id('tok_386')/range-to(id('tok_416')))"/><!-- ⲉⲧⲃⲉ...ⲭⲣⲓⲥⲧⲟⲥ -->
<mark id="translation_417" xlink:href="#xpointer(id('tok_417')/range-to(id('tok_437')))"/><!-- ϩⲱⲥ.... -->
<mark id="translation_438" xlink:href="#xpointer(id('tok_438')/range-to(id('tok_459')))"/><!-- ⲁⲗⲗⲁ...ⲛⲓⲙ -->
<mark id="translation_460" xlink:href="#xpointer(id('tok_460')/range-to(id('tok_471')))"/><!-- ϫⲉ...ⲟⲩⲁⲁⲃ -->
<mark id="translation_472" xlink:href="#xpointer(id('tok_472')/range-to(id('tok_507')))"/><!-- ⲁⲩⲱ.... -->
<mark id="translation_508" xlink:href="#xpointer(id('tok_508')/range-to(id('tok_530')))"/><!-- ⲉ...ⲧⲏⲩⲧⲛ -->
<mark id="translation_531" xlink:href="#xpointer(id('tok_531')/range-to(id('tok_544')))"/><!-- ⲁⲗⲗⲁ...ⲭⲣⲓⲥⲧⲟⲥ -->
<mark id="translation_545" xlink:href="#xpointer(id('tok_545')/range-to(id('tok_574')))"/><!-- ⲉ...ⲟⲩⲟⲉⲓϣ -->
<mark id="translation_575" xlink:href="#xpointer(id('tok_575')/range-to(id('tok_619')))"/><!-- ⲛⲁⲓ...ⲛⲟⲩⲧⲉ -->
<mark id="translation_620" xlink:href="#xpointer(id('tok_620')/range-to(id('tok_649')))"/><!-- ⲉ...ⲟⲩⲁⲁⲃ -->
<mark id="translation_650" xlink:href="#xpointer(id('tok_650')/range-to(id('tok_675')))"/><!-- ⲉ...ϣⲟⲟⲡ -->
<mark id="translation_676" xlink:href="#xpointer(id('tok_676')/range-to(id('tok_713')))"/><!-- ϫⲉ...ⲥⲣⲟϥⲣϥ -->
<mark id="translation_714" xlink:href="#xpointer(id('tok_714')/range-to(id('tok_736')))"/><!-- ⲡ.... -->
</markList>
</paula>
