<?xml version="1.0" encoding="UTF-8" standalone="no"?>

<!DOCTYPE paula SYSTEM "paula_feat.dtd">
<paula version="1.0">

<header paula_id="sahidica.nt.1_John_3_orig_group"/>

<featList xmlns:xlink="http://www.w3.org/1999/xlink" type="orig_group" xml:base="sahidica.nt.1_John_3.orig_groupSeg.xml">
<feat xlink:href="#orig_group_1" value="ⲁⲛⲛⲁⲩ"/><!-- ⲁ...ⲛⲁⲩ -->
<feat xlink:href="#orig_group_4" value="ϫⲉ"/><!-- ϫⲉ -->
<feat xlink:href="#orig_group_5" value="ⲟⲩⲁϣ"/><!-- ⲟⲩⲁϣ -->
<feat xlink:href="#orig_group_6" value="ⲛϭⲟⲧ"/><!-- ⲛ...ϭⲟⲧ -->
<feat xlink:href="#orig_group_8" value="ⲧⲉ"/><!-- ⲧⲉ -->
<feat xlink:href="#orig_group_9" value="ⲧⲁⲅⲁⲡⲏ"/><!-- ⲧ...ⲁⲅⲁⲡⲏ -->
<feat xlink:href="#orig_group_11" value="ⲛⲧⲁⲡⲉⲓⲱⲧ"/><!-- ⲛⲧ...ⲉⲓⲱⲧ -->
<feat xlink:href="#orig_group_15" value="ⲧⲁⲁⲥ"/><!-- ⲧⲁ...ⲁⲥ -->
<feat xlink:href="#orig_group_17" value="ⲛⲁⲛ"/><!-- ⲛⲁ...ⲛ -->
<feat xlink:href="#orig_group_19" value="ϫⲉⲕⲁⲁⲥ"/><!-- ϫⲉⲕⲁⲁⲥ -->
<feat xlink:href="#orig_group_20" value="ⲉⲩⲉⲙⲟⲩⲧⲉ"/><!-- ⲉⲩⲉ...ⲙⲟⲩⲧⲉ -->
<feat xlink:href="#orig_group_22" value="ⲉⲣⲟⲛ"/><!-- ⲉⲣⲟ...ⲛ -->
<feat xlink:href="#orig_group_24" value="ϫⲉ"/><!-- ϫⲉ -->
<feat xlink:href="#orig_group_25" value="ⲛⲛⲉϣⲏⲣⲉ"/><!-- ⲛⲛⲉϣⲏⲣⲉ -->
<feat xlink:href="#orig_group_26" value="ⲙⲡⲛⲟⲩⲧⲉ"/><!-- ⲙ...ⲛⲟⲩⲧⲉ -->
<feat xlink:href="#orig_group_29" value="ⲁⲩⲱ"/><!-- ⲁⲩⲱ -->
<feat xlink:href="#orig_group_30" value="ⲁⲛⲟⲛ"/><!-- ⲁⲛⲟⲛ -->
<feat xlink:href="#orig_group_31" value="ⲡⲉ"/><!-- ⲡⲉ -->
<feat xlink:href="#orig_group_32" value="ⲉⲧⲃⲉ"/><!-- ⲉⲧⲃⲉ -->
<feat xlink:href="#orig_group_33" value="ⲡⲁⲓ"/><!-- ⲡⲁⲓ -->
<feat xlink:href="#orig_group_34" value="ⲙⲡⲕⲟⲥⲙⲟⲥ"/><!-- ⲙ...ⲕⲟⲥⲙⲟⲥ -->
<feat xlink:href="#orig_group_37" value="ⲥⲟⲟⲩⲛ"/><!-- ⲥⲟⲟⲩⲛ -->
<feat xlink:href="#orig_group_38" value="ⲙⲙⲟⲛ"/><!-- ⲙⲙⲟⲛ -->
<feat xlink:href="#orig_group_39" value="ⲁⲛ"/><!-- ⲁⲛ -->
<feat xlink:href="#orig_group_40" value="ϫⲉ"/><!-- ϫⲉ -->
<feat xlink:href="#orig_group_41" value="ⲙⲡⲉϥⲥⲟⲩⲱⲛϥ"/><!-- ⲙⲡⲉ...ϥ -->
<feat xlink:href="#orig_group_45" value="."/><!-- . -->
<feat xlink:href="#orig_group_46" value="ⲛⲁⲙⲉⲣⲁⲧⲉ"/><!-- ⲛⲁ...ⲙⲉⲣⲁⲧⲉ -->
<feat xlink:href="#orig_group_48" value="ⲧⲉⲛⲟⲩ"/><!-- ⲧⲉⲛⲟⲩ -->
<feat xlink:href="#orig_group_49" value="ⲁⲛⲟⲛ"/><!-- ⲁⲛⲟⲛ -->
<feat xlink:href="#orig_group_50" value="ⲛⲉϣⲏⲣⲉ"/><!-- ⲛⲉϣⲏⲣⲉ -->
<feat xlink:href="#orig_group_51" value="ⲙⲡⲛⲟⲩⲧⲉ"/><!-- ⲙ...ⲛⲟⲩⲧⲉ -->
<feat xlink:href="#orig_group_54" value="ⲁⲩⲱ"/><!-- ⲁⲩⲱ -->
<feat xlink:href="#orig_group_55" value="ⲙⲡⲁⲧϥⲟⲩⲱⲛϩ"/><!-- ⲙⲡⲁⲧ...ⲟⲩⲱⲛϩ -->
<feat xlink:href="#orig_group_58" value="ⲉⲃⲟⲗ"/><!-- ⲉⲃⲟⲗ -->
<feat xlink:href="#orig_group_59" value="ϫⲉ"/><!-- ϫⲉ -->
<feat xlink:href="#orig_group_60" value="ⲛⲛⲁⲣ"/><!-- ⲛ...ⲣ -->
<feat xlink:href="#orig_group_63" value="ⲁϣ"/><!-- ⲁϣ -->
<feat xlink:href="#orig_group_64" value="ⲉⲛϩⲉ"/><!-- ⲉ...ϩⲉ -->
<feat xlink:href="#orig_group_67" value="ⲧⲉⲧⲛⲥⲟⲟⲩⲛ"/><!-- ⲧⲉⲧⲛ...ⲥⲟⲟⲩⲛ -->
<feat xlink:href="#orig_group_69" value="ϫⲉ"/><!-- ϫⲉ -->
<feat xlink:href="#orig_group_70" value="ⲉϥϣⲁⲛⲟⲩⲱⲛϩ"/><!-- ⲉϥϣⲁⲛ...ⲟⲩⲱⲛϩ -->
<feat xlink:href="#orig_group_72" value="ⲉⲃⲟⲗ"/><!-- ⲉⲃⲟⲗ -->
<feat xlink:href="#orig_group_73" value="ⲧⲉⲛⲛⲁϣⲱⲡⲉ"/><!-- ⲧⲉⲛⲛⲁϣⲱⲡⲉ -->
<feat xlink:href="#orig_group_74" value="ⲉⲛⲉⲓⲛⲉ"/><!-- ⲉ...ⲉⲓⲛⲉ -->
<feat xlink:href="#orig_group_77" value="ⲙⲙⲟϥ"/><!-- ⲙⲙⲟ...ϥ -->
<feat xlink:href="#orig_group_79" value="ϫⲉ"/><!-- ϫⲉ -->
<feat xlink:href="#orig_group_80" value="ⲧⲛⲛⲁⲩ"/><!-- ⲧⲛ...ⲛⲁⲩ -->
<feat xlink:href="#orig_group_82" value="ⲉⲣⲟϥ"/><!-- ⲉⲣⲟ...ϥ -->
<feat xlink:href="#orig_group_84" value="ⲕⲁⲧⲁ"/><!-- ⲕⲁⲧⲁ -->
<feat xlink:href="#orig_group_85" value="ⲧϩⲉ"/><!-- ⲧ...ϩⲉ -->
<feat xlink:href="#orig_group_87" value="ⲉⲧϥϣⲟⲟⲡ"/><!-- ⲉⲧ...ϣⲟⲟⲡ -->
<feat xlink:href="#orig_group_90" value="ⲛϩⲏⲧⲥ"/><!-- ⲛϩⲏⲧ...ⲥ -->
<feat xlink:href="#orig_group_92" value="ⲁⲩⲱ"/><!-- ⲁⲩⲱ -->
<feat xlink:href="#orig_group_93" value="ⲟⲩⲟⲛ"/><!-- ⲟⲩⲟⲛ -->
<feat xlink:href="#orig_group_94" value="ⲛⲓⲙ"/><!-- ⲛⲓⲙ -->
<feat xlink:href="#orig_group_95" value="ⲉⲧⲉ"/><!-- ⲉⲧⲉ -->
<feat xlink:href="#orig_group_96" value="ⲩⲛⲧⲁϥ"/><!-- ⲩⲛⲧⲁϥ -->
<feat xlink:href="#orig_group_97" value="ⲙⲙⲟⲟⲩ"/><!-- ⲙⲙⲟ...ⲟⲩ -->
<feat xlink:href="#orig_group_99" value="ⲛⲧⲉⲓϩⲉⲗⲡⲓⲥ"/><!-- ⲛ...ϩⲉⲗⲡⲓⲥ -->
<feat xlink:href="#orig_group_102" value="ϣⲁϥⲧⲃⲃⲟϥ"/><!-- ϣⲁ...ϥ -->
<feat xlink:href="#orig_group_106" value="ⲉϩⲣⲁⲓ"/><!-- ⲉϩⲣⲁⲓ -->
<feat xlink:href="#orig_group_107" value="ⲉϫⲱϥ"/><!-- ⲉϫⲱ...ϥ -->
<feat xlink:href="#orig_group_109" value="ⲕⲁⲧⲁ"/><!-- ⲕⲁⲧⲁ -->
<feat xlink:href="#orig_group_110" value="ⲧϩⲉ"/><!-- ⲧ...ϩⲉ -->
<feat xlink:href="#orig_group_112" value="ⲉⲧⲉⲣⲉⲡⲏ"/><!-- ⲉⲧⲉⲣⲉⲡⲏ -->
<feat xlink:href="#orig_group_113" value="ⲟⲩⲁⲁⲃ"/><!-- ⲟⲩⲁⲁⲃ -->
<feat xlink:href="#orig_group_114" value="ⲙⲙⲟⲥ"/><!-- ⲙⲙⲟ...ⲥ -->
<feat xlink:href="#orig_group_116" value="ⲟⲩⲟⲛ"/><!-- ⲟⲩⲟⲛ -->
<feat xlink:href="#orig_group_117" value="ⲛⲓⲙ"/><!-- ⲛⲓⲙ -->
<feat xlink:href="#orig_group_118" value="ⲉⲧⲉⲓⲣⲉ"/><!-- ⲉⲧ...ⲉⲓⲣⲉ -->
<feat xlink:href="#orig_group_120" value="ⲙⲡⲛⲟⲃⲉ"/><!-- ⲙ...ⲛⲟⲃⲉ -->
<feat xlink:href="#orig_group_123" value="ϥⲉⲓⲣⲉ"/><!-- ϥ...ⲉⲓⲣⲉ -->
<feat xlink:href="#orig_group_125" value="ⲟⲛ"/><!-- ⲟⲛ -->
<feat xlink:href="#orig_group_126" value="ⲛⲧⲕⲉⲁⲛⲟⲙⲓⲁ"/><!-- ⲛⲧⲕⲉⲁⲛⲟⲙⲓⲁ -->
<feat xlink:href="#orig_group_127" value="ⲁⲩⲱ"/><!-- ⲁⲩⲱ -->
<feat xlink:href="#orig_group_128" value="ⲡⲛⲟⲃⲉ"/><!-- ⲡ...ⲛⲟⲃⲉ -->
<feat xlink:href="#orig_group_130" value="ⲡⲉ"/><!-- ⲡⲉ -->
<feat xlink:href="#orig_group_131" value="ⲧⲁⲛⲟⲙⲓⲁ"/><!-- ⲧ...ⲁⲛⲟⲙⲓⲁ -->
<feat xlink:href="#orig_group_133" value="ⲁⲩⲱ"/><!-- ⲁⲩⲱ -->
<feat xlink:href="#orig_group_134" value="ⲧⲛⲥⲟⲟⲩⲛ"/><!-- ⲧⲛ...ⲥⲟⲟⲩⲛ -->
<feat xlink:href="#orig_group_136" value="ϫⲉ"/><!-- ϫⲉ -->
<feat xlink:href="#orig_group_137" value="ⲛⲧⲁⲡⲉⲧⲙⲙⲁⲩ"/><!-- ⲛⲧⲁⲡⲉⲧⲙⲙⲁⲩ -->
<feat xlink:href="#orig_group_138" value="ⲟⲩⲱⲛϩ"/><!-- ⲟⲩⲱⲛϩ -->
<feat xlink:href="#orig_group_139" value="ⲉⲃⲟⲗ"/><!-- ⲉⲃⲟⲗ -->
<feat xlink:href="#orig_group_140" value="ϫⲉⲕⲁⲁⲥ"/><!-- ϫⲉⲕⲁⲁⲥ -->
<feat xlink:href="#orig_group_141" value="ⲉϥϥⲉϥⲉⲓ"/><!-- ⲉϥϥⲉϥⲉⲓ -->
<feat xlink:href="#orig_group_142" value="ⲛⲛⲉⲛⲟⲃⲉ"/><!-- ⲛⲛⲉⲛⲟⲃⲉ -->
<feat xlink:href="#orig_group_143" value="ⲁⲩⲱ"/><!-- ⲁⲩⲱ -->
<feat xlink:href="#orig_group_144" value="ⲙⲙ"/><!-- ⲙⲙ -->
<feat xlink:href="#orig_group_145" value="ⲛⲟⲃⲉ"/><!-- ⲛⲟⲃⲉ -->
<feat xlink:href="#orig_group_146" value="ϣⲟⲟⲡ"/><!-- ϣⲟⲟⲡ -->
<feat xlink:href="#orig_group_147" value="ϩⲣⲁⲓ"/><!-- ϩⲣⲁⲓ -->
<feat xlink:href="#orig_group_148" value="ⲛϩⲏⲧϥ"/><!-- ⲛϩⲏⲧ...ϥ -->
<feat xlink:href="#orig_group_150" value="ⲟⲩⲟⲛ"/><!-- ⲟⲩⲟⲛ -->
<feat xlink:href="#orig_group_151" value="ⲛⲓⲙ"/><!-- ⲛⲓⲙ -->
<feat xlink:href="#orig_group_152" value="ⲉⲧϣⲟⲟⲡ"/><!-- ⲉⲧ...ϣⲟⲟⲡ -->
<feat xlink:href="#orig_group_154" value="ϩⲣⲁⲓ"/><!-- ϩⲣⲁⲓ -->
<feat xlink:href="#orig_group_155" value="ⲛϩⲏⲧϥ"/><!-- ⲛϩⲏⲧ...ϥ -->
<feat xlink:href="#orig_group_157" value="ⲙⲉϥⲣ"/><!-- ⲙⲉ...ⲣ -->
<feat xlink:href="#orig_group_160" value="ⲛⲟⲃⲉ"/><!-- ⲛⲟⲃⲉ -->
<feat xlink:href="#orig_group_161" value="ⲟⲩⲟⲛ"/><!-- ⲟⲩⲟⲛ -->
<feat xlink:href="#orig_group_162" value="ⲛⲓⲙ"/><!-- ⲛⲓⲙ -->
<feat xlink:href="#orig_group_163" value="ⲉⲧⲉⲣ"/><!-- ⲉⲧ...ⲉⲣ -->
<feat xlink:href="#orig_group_165" value="ⲛⲟⲃⲉ"/><!-- ⲛⲟⲃⲉ -->
<feat xlink:href="#orig_group_166" value="ⲙⲡⲉϥⲛⲁⲩ"/><!-- ⲙ...ⲛⲁⲩ -->
<feat xlink:href="#orig_group_169" value="ⲉⲣⲟϥ"/><!-- ⲉⲣⲟ...ϥ -->
<feat xlink:href="#orig_group_171" value="ⲟⲩⲇⲉ"/><!-- ⲟⲩⲇⲉ -->
<feat xlink:href="#orig_group_172" value="ⲙⲡⲉϥⲥⲟⲩⲱⲛϥ"/><!-- ⲙⲡⲉ...ϥ -->
<feat xlink:href="#orig_group_176" value="ⲛⲁϣⲏⲣⲉ"/><!-- ⲛⲁ...ϣⲏⲣⲉ -->
<feat xlink:href="#orig_group_178" value="ⲙⲡⲉⲣⲧⲉⲣⲉⲗⲁⲁⲩ"/><!-- ⲙⲡⲉⲣⲧⲉⲣⲉⲗⲁⲁⲩ -->
<feat xlink:href="#orig_group_179" value="ⲡⲗⲁⲛⲁ"/><!-- ⲡⲗⲁⲛⲁ -->
<feat xlink:href="#orig_group_180" value="ⲙⲙⲱⲧⲛ"/><!-- ⲙⲙⲱ...ⲧⲛ -->
<feat xlink:href="#orig_group_182" value="ⲡⲉⲧⲉⲣⲉ"/><!-- ⲡ...ⲉⲧⲉⲣⲉ -->
<feat xlink:href="#orig_group_184" value="ⲛⲇⲓⲕⲁⲓⲟⲥⲩⲛⲏ"/><!-- ⲛ...ⲇⲓⲕⲁⲓⲟⲥⲩⲛⲏ -->
<feat xlink:href="#orig_group_186" value="ⲟⲩⲇⲓⲕⲁⲓⲟⲥ"/><!-- ⲟⲩ...ⲇⲓⲕⲁⲓⲟⲥ -->
<feat xlink:href="#orig_group_188" value="ⲡⲉ"/><!-- ⲡⲉ -->
<feat xlink:href="#orig_group_189" value="ⲕⲁⲧⲁ"/><!-- ⲕⲁⲧⲁ -->
<feat xlink:href="#orig_group_190" value="ⲧϩⲉ"/><!-- ⲧ...ϩⲉ -->
<feat xlink:href="#orig_group_192" value="ⲙⲡⲉⲧⲙⲙⲁⲩ"/><!-- ⲙ...ⲙⲙⲁⲩ -->
<feat xlink:href="#orig_group_196" value="ⲉⲩⲇⲓⲕⲁⲓⲟⲥ"/><!-- ⲉ...ⲇⲓⲕⲁⲓⲟⲥ -->
<feat xlink:href="#orig_group_199" value="ⲡⲉ"/><!-- ⲡⲉ -->
<feat xlink:href="#orig_group_200" value="."/><!-- . -->
<feat xlink:href="#orig_group_201" value="ⲡⲉⲧⲉⲓⲣⲉ"/><!-- ⲡ...ⲉⲓⲣⲉ -->
<feat xlink:href="#orig_group_204" value="ⲙⲡⲛⲟⲃⲉ"/><!-- ⲙ...ⲛⲟⲃⲉ -->
<feat xlink:href="#orig_group_207" value="ⲟⲩⲉⲃⲟⲗ"/><!-- ⲟⲩⲉⲃⲟⲗ -->
<feat xlink:href="#orig_group_208" value="ϩⲙ"/><!-- ϩⲙ -->
<feat xlink:href="#orig_group_209" value="ⲡⲇⲓⲁⲃⲟⲗⲟⲥ"/><!-- ⲡ...ⲇⲓⲁⲃⲟⲗⲟⲥ -->
<feat xlink:href="#orig_group_211" value="ⲡⲉ"/><!-- ⲡⲉ -->
<feat xlink:href="#orig_group_212" value="ϫⲉ"/><!-- ϫⲉ -->
<feat xlink:href="#orig_group_213" value="ϫⲓⲛ"/><!-- ϫⲓⲛ -->
<feat xlink:href="#orig_group_214" value="ⲧⲉϩⲟⲩⲉⲓⲧⲉ"/><!-- ⲧⲉϩⲟⲩⲉⲓⲧⲉ -->
<feat xlink:href="#orig_group_215" value="ⲡⲇⲓⲁⲃⲟⲗⲟⲥ"/><!-- ⲡ...ⲇⲓⲁⲃⲟⲗⲟⲥ -->
<feat xlink:href="#orig_group_217" value="ⲉⲣ"/><!-- ⲉⲣ -->
<feat xlink:href="#orig_group_218" value="ⲛⲟⲃⲉ"/><!-- ⲛⲟⲃⲉ -->
<feat xlink:href="#orig_group_219" value="ⲉⲧⲃⲉ"/><!-- ⲉⲧⲃⲉ -->
<feat xlink:href="#orig_group_220" value="ⲡⲁⲓ"/><!-- ⲡⲁⲓ -->
<feat xlink:href="#orig_group_221" value="ⲁⲡϣⲏⲣⲉ"/><!-- ⲁⲡϣⲏⲣⲉ -->
<feat xlink:href="#orig_group_222" value="ⲙⲡⲛⲟⲩⲧⲉ"/><!-- ⲙ...ⲛⲟⲩⲧⲉ -->
<feat xlink:href="#orig_group_225" value="ⲟⲩⲱⲛϩ"/><!-- ⲟⲩⲱⲛϩ -->
<feat xlink:href="#orig_group_226" value="ⲉⲃⲟⲗ"/><!-- ⲉⲃⲟⲗ -->
<feat xlink:href="#orig_group_227" value="ϫⲉⲕⲁⲁⲥ"/><!-- ϫⲉⲕⲁⲁⲥ -->
<feat xlink:href="#orig_group_228" value="ⲉϥⲉⲃⲱⲗ"/><!-- ⲉϥⲉ...ⲃⲱⲗ -->
<feat xlink:href="#orig_group_230" value="ⲉⲃⲟⲗ"/><!-- ⲉⲃⲟⲗ -->
<feat xlink:href="#orig_group_231" value="ⲛⲛⲉϩⲃⲏⲩⲉ"/><!-- ⲛ...ϩⲃⲏⲩⲉ -->
<feat xlink:href="#orig_group_234" value="ⲙⲡⲇⲓⲁⲃⲟⲗⲟⲥ"/><!-- ⲙ...ⲇⲓⲁⲃⲟⲗⲟⲥ -->
<feat xlink:href="#orig_group_237" value="ⲟⲩⲟⲛ"/><!-- ⲟⲩⲟⲛ -->
<feat xlink:href="#orig_group_238" value="ⲛⲓⲙ"/><!-- ⲛⲓⲙ -->
<feat xlink:href="#orig_group_239" value="ⲛⲧⲁⲩϫⲡⲟϥ"/><!-- ⲛⲧ...ϥ -->
<feat xlink:href="#orig_group_244" value="ⲉⲃⲟⲗ"/><!-- ⲉⲃⲟⲗ -->
<feat xlink:href="#orig_group_245" value="ϩⲙ"/><!-- ϩⲙ -->
<feat xlink:href="#orig_group_246" value="ⲡⲛⲟⲩⲧⲉ"/><!-- ⲡ...ⲛⲟⲩⲧⲉ -->
<feat xlink:href="#orig_group_248" value="ⲙⲉϥⲣ"/><!-- ⲙⲉ...ⲣ -->
<feat xlink:href="#orig_group_251" value="ⲛⲟⲃⲉ"/><!-- ⲛⲟⲃⲉ -->
<feat xlink:href="#orig_group_252" value="ϫⲉ"/><!-- ϫⲉ -->
<feat xlink:href="#orig_group_253" value="ⲡⲉϥⲥⲡⲉⲣⲙⲁ"/><!-- ⲡⲉϥ...ⲥⲡⲉⲣⲙⲁ -->
<feat xlink:href="#orig_group_255" value="ϣⲟⲟⲡ"/><!-- ϣⲟⲟⲡ -->
<feat xlink:href="#orig_group_256" value="ϩⲣⲁⲓ"/><!-- ϩⲣⲁⲓ -->
<feat xlink:href="#orig_group_257" value="ⲛϩⲏⲧϥ"/><!-- ⲛϩⲏⲧ...ϥ -->
<feat xlink:href="#orig_group_259" value="ⲁⲩⲱ"/><!-- ⲁⲩⲱ -->
<feat xlink:href="#orig_group_260" value="ⲙⲛ"/><!-- ⲙⲛ -->
<feat xlink:href="#orig_group_261" value="ϣ"/><!-- ϣ -->
<feat xlink:href="#orig_group_262" value="ϭⲟⲙ"/><!-- ϭⲟⲙ -->
<feat xlink:href="#orig_group_263" value="ⲙⲙⲟϥ"/><!-- ⲙⲙⲟ...ϥ -->
<feat xlink:href="#orig_group_265" value="ⲉⲣ"/><!-- ⲉⲣ -->
<feat xlink:href="#orig_group_266" value="ⲛⲟⲃⲉ"/><!-- ⲛⲟⲃⲉ -->
<feat xlink:href="#orig_group_267" value="ϫⲉ"/><!-- ϫⲉ -->
<feat xlink:href="#orig_group_268" value="ⲛⲧⲁⲩϫⲡⲟϥ"/><!-- ⲛⲧ...ϥ -->
<feat xlink:href="#orig_group_273" value="ⲉⲃⲟⲗ"/><!-- ⲉⲃⲟⲗ -->
<feat xlink:href="#orig_group_274" value="ϩⲙ"/><!-- ϩⲙ -->
<feat xlink:href="#orig_group_275" value="ⲡⲛⲟⲩⲧⲉ"/><!-- ⲡ...ⲛⲟⲩⲧⲉ -->
<feat xlink:href="#orig_group_277" value="ϩⲙ"/><!-- ϩⲙ -->
<feat xlink:href="#orig_group_278" value="ⲡⲁⲓ"/><!-- ⲡⲁⲓ -->
<feat xlink:href="#orig_group_279" value="ⲥⲉⲟⲩⲟⲛϩ"/><!-- ⲥⲉ...ⲟⲩⲟⲛϩ -->
<feat xlink:href="#orig_group_281" value="ⲉⲃⲟⲗ"/><!-- ⲉⲃⲟⲗ -->
<feat xlink:href="#orig_group_282" value="ⲛϭⲓ"/><!-- ⲛϭⲓ -->
<feat xlink:href="#orig_group_283" value="ⲛⲛⲉϣⲏⲣⲉ"/><!-- ⲛⲛⲉϣⲏⲣⲉ -->
<feat xlink:href="#orig_group_284" value="ⲙⲡⲛⲟⲩⲧⲉ"/><!-- ⲙ...ⲛⲟⲩⲧⲉ -->
<feat xlink:href="#orig_group_287" value="ⲙⲛ"/><!-- ⲙⲛ -->
<feat xlink:href="#orig_group_288" value="ⲛⲉϣⲏⲣⲉ"/><!-- ⲛⲉϣⲏⲣⲉ -->
<feat xlink:href="#orig_group_289" value="ⲙⲡⲇⲓⲁⲃⲟⲗⲟⲥ"/><!-- ⲙ...ⲇⲓⲁⲃⲟⲗⲟⲥ -->
<feat xlink:href="#orig_group_292" value="ⲟⲩⲟⲛ"/><!-- ⲟⲩⲟⲛ -->
<feat xlink:href="#orig_group_293" value="ⲛⲓⲙ"/><!-- ⲛⲓⲙ -->
<feat xlink:href="#orig_group_294" value="ⲉⲧⲉ"/><!-- ⲉⲧⲉ -->
<feat xlink:href="#orig_group_295" value="ⲛⲟⲩⲇⲓⲕⲁⲓⲟⲥ"/><!-- ⲛ...ⲇⲓⲕⲁⲓⲟⲥ -->
<feat xlink:href="#orig_group_298" value="ⲁⲛ"/><!-- ⲁⲛ -->
<feat xlink:href="#orig_group_299" value="ⲡⲉ"/><!-- ⲡⲉ -->
<feat xlink:href="#orig_group_300" value="ⲛⲟⲩⲃⲟⲗ"/><!-- ⲛ...ⲃⲟⲗ -->
<feat xlink:href="#orig_group_303" value="ⲁⲛ"/><!-- ⲁⲛ -->
<feat xlink:href="#orig_group_304" value="ⲡⲉ"/><!-- ⲡⲉ -->
<feat xlink:href="#orig_group_305" value="ϩⲙ"/><!-- ϩⲙ -->
<feat xlink:href="#orig_group_306" value="ⲡⲛⲟⲩⲧⲉ"/><!-- ⲡ...ⲛⲟⲩⲧⲉ -->
<feat xlink:href="#orig_group_308" value="ⲁⲩⲱ"/><!-- ⲁⲩⲱ -->
<feat xlink:href="#orig_group_309" value="ⲡⲉⲧⲉ"/><!-- ⲡⲉⲧⲉ -->
<feat xlink:href="#orig_group_310" value="ⲛϥⲙⲉ"/><!-- ⲛ...ⲙⲉ -->
<feat xlink:href="#orig_group_313" value="ⲁⲛ"/><!-- ⲁⲛ -->
<feat xlink:href="#orig_group_314" value="ⲙⲡⲉϥⲥⲟⲛ"/><!-- ⲙ...ⲥⲟⲛ -->
<feat xlink:href="#orig_group_317" value="ϫⲉ"/><!-- ϫⲉ -->
<feat xlink:href="#orig_group_318" value="ⲡⲁⲓ"/><!-- ⲡⲁⲓ -->
<feat xlink:href="#orig_group_319" value="ⲡⲉ"/><!-- ⲡⲉ -->
<feat xlink:href="#orig_group_320" value="ⲡⲉⲣⲏⲧ"/><!-- ⲡⲉⲣⲏⲧ -->
<feat xlink:href="#orig_group_321" value="ⲛⲧⲁⲛⲥⲱⲧⲙ"/><!-- ⲛⲧ...ⲥⲱⲧⲙ -->
<feat xlink:href="#orig_group_325" value="ⲉⲣⲟϥ"/><!-- ⲉⲣⲟ...ϥ -->
<feat xlink:href="#orig_group_327" value="ϫⲓⲛ"/><!-- ϫⲓⲛ -->
<feat xlink:href="#orig_group_328" value="ϣⲟⲣⲡ"/><!-- ϣⲟⲣⲡ -->
<feat xlink:href="#orig_group_329" value="ϫⲉⲕⲁⲁⲥ"/><!-- ϫⲉⲕⲁⲁⲥ -->
<feat xlink:href="#orig_group_330" value="ⲉⲛⲁⲙⲉⲣⲉ"/><!-- ⲉ...ⲣⲉ -->
<feat xlink:href="#orig_group_334" value="ⲛⲉⲛⲉⲣⲏⲩ"/><!-- ⲛⲉⲛ...ⲉⲣⲏⲩ -->
<feat xlink:href="#orig_group_336" value="ⲕⲁⲧⲁ"/><!-- ⲕⲁⲧⲁ -->
<feat xlink:href="#orig_group_337" value="ⲧϩⲉ"/><!-- ⲧ...ϩⲉ -->
<feat xlink:href="#orig_group_339" value="ⲁⲛ"/><!-- ⲁⲛ -->
<feat xlink:href="#orig_group_340" value="ⲛⲕⲁⲓⲛ"/><!-- ⲛ...ⲕⲁⲓⲛ -->
<feat xlink:href="#orig_group_342" value="ⲉⲟⲩⲉⲃⲟⲗ"/><!-- ⲉⲟⲩⲉ...ⲃⲟⲗ -->
<feat xlink:href="#orig_group_344" value="ϩⲙ"/><!-- ϩⲙ -->
<feat xlink:href="#orig_group_345" value="ⲡⲡⲟⲛⲏⲣⲟⲥ"/><!-- ⲡ...ⲡⲟⲛⲏⲣⲟⲥ -->
<feat xlink:href="#orig_group_347" value="ⲡⲉ"/><!-- ⲡⲉ -->
<feat xlink:href="#orig_group_348" value="ⲛⲧⲁϥⲕⲱⲛⲥ"/><!-- ⲛⲧ...ⲕⲱⲛⲥ -->
<feat xlink:href="#orig_group_352" value="ⲡⲉϥⲥⲟⲛ"/><!-- ⲡⲉϥ...ⲥⲟⲛ -->
<feat xlink:href="#orig_group_354" value="ⲁⲩⲱ"/><!-- ⲁⲩⲱ -->
<feat xlink:href="#orig_group_355" value="ⲉⲧⲃⲉ"/><!-- ⲉⲧⲃⲉ -->
<feat xlink:href="#orig_group_356" value="ⲟⲩ"/><!-- ⲟⲩ -->
<feat xlink:href="#orig_group_357" value="ⲁϥⲕⲟⲛⲥϥ"/><!-- ⲁ...ϥ -->
<feat xlink:href="#orig_group_361" value="ⲉⲃⲟⲗ"/><!-- ⲉⲃⲟⲗ -->
<feat xlink:href="#orig_group_362" value="ϫⲉ"/><!-- ϫⲉ -->
<feat xlink:href="#orig_group_363" value="ⲛⲉϥϩⲃⲏⲩⲉ"/><!-- ⲛⲉϥ...ϩⲃⲏⲩⲉ -->
<feat xlink:href="#orig_group_365" value="ϩⲉⲛⲡⲟⲛⲏⲣⲟⲛ"/><!-- ϩⲉⲛ...ⲡⲟⲛⲏⲣⲟⲛ -->
<feat xlink:href="#orig_group_367" value="ⲛⲉϩⲃⲏⲩⲉ"/><!-- ⲛⲉ...ϩⲃⲏⲩⲉ -->
<feat xlink:href="#orig_group_369" value="ⲇⲉ"/><!-- ⲇⲉ -->
<feat xlink:href="#orig_group_370" value="ⲙⲡⲉϥⲥⲟⲛ"/><!-- ⲙ...ⲥⲟⲛ -->
<feat xlink:href="#orig_group_373" value="ϩⲉⲛⲇⲓⲕⲁⲓⲟⲛ"/><!-- ϩⲉⲛ...ⲇⲓⲕⲁⲓⲟⲛ -->
<feat xlink:href="#orig_group_375" value="ⲛⲉ"/><!-- ⲛⲉ -->
<feat xlink:href="#orig_group_376" value="ⲙⲡⲣⲣ"/><!-- ⲙⲡⲣ...ⲣ -->
<feat xlink:href="#orig_group_378" value="ϣⲡⲏⲣⲉ"/><!-- ϣⲡⲏⲣⲉ -->
<feat xlink:href="#orig_group_379" value="ⲛⲁⲥⲛⲏⲩ"/><!-- ⲛⲁ...ⲥⲛⲏⲩ -->
<feat xlink:href="#orig_group_381" value="ϫⲉ"/><!-- ϫⲉ -->
<feat xlink:href="#orig_group_382" value="ⲡⲕⲟⲥⲙⲟⲥ"/><!-- ⲡ...ⲕⲟⲥⲙⲟⲥ -->
<feat xlink:href="#orig_group_384" value="ⲙⲟⲥⲧⲉ"/><!-- ⲙⲟⲥⲧⲉ -->
<feat xlink:href="#orig_group_385" value="ⲙⲙⲟⲛ"/><!-- ⲙⲙⲟⲛ -->
<feat xlink:href="#orig_group_386" value="ⲁⲛⲟⲛ"/><!-- ⲁⲛⲟⲛ -->
<feat xlink:href="#orig_group_387" value="ⲧⲛⲥⲟⲟⲩⲛ"/><!-- ⲧⲛ...ⲥⲟⲟⲩⲛ -->
<feat xlink:href="#orig_group_389" value="ϫⲉ"/><!-- ϫⲉ -->
<feat xlink:href="#orig_group_390" value="ⲁⲛⲡⲱⲱⲛⲉ"/><!-- ⲁ...ⲡⲱⲱⲛⲉ -->
<feat xlink:href="#orig_group_393" value="ⲉⲃⲟⲗ"/><!-- ⲉⲃⲟⲗ -->
<feat xlink:href="#orig_group_394" value="ϩⲙ"/><!-- ϩⲙ -->
<feat xlink:href="#orig_group_395" value="ⲡⲙⲟⲩ"/><!-- ⲡ...ⲙⲟⲩ -->
<feat xlink:href="#orig_group_397" value="ⲉϩⲟⲩⲛ"/><!-- ⲉϩⲟⲩⲛ -->
<feat xlink:href="#orig_group_398" value="ⲉⲡⲱⲛϩ"/><!-- ⲉ...ⲱⲛϩ -->
<feat xlink:href="#orig_group_401" value="ϫⲉ"/><!-- ϫⲉ -->
<feat xlink:href="#orig_group_402" value="ⲧⲉⲛⲙⲉ"/><!-- ⲧⲉⲛ...ⲙⲉ -->
<feat xlink:href="#orig_group_404" value="ⲛⲛⲉⲛⲥⲛⲏⲩ"/><!-- ⲛ...ⲥⲛⲏⲩ -->
<feat xlink:href="#orig_group_407" value="ⲡⲉⲧⲉ"/><!-- ⲡⲉⲧⲉ -->
<feat xlink:href="#orig_group_408" value="ⲛϥⲙⲉ"/><!-- ⲛ...ⲙⲉ -->
<feat xlink:href="#orig_group_411" value="ⲁⲛ"/><!-- ⲁⲛ -->
<feat xlink:href="#orig_group_412" value="ϥϣⲟⲟⲡ"/><!-- ϥ...ϣⲟⲟⲡ -->
<feat xlink:href="#orig_group_414" value="ϩⲣⲁⲓ"/><!-- ϩⲣⲁⲓ -->
<feat xlink:href="#orig_group_415" value="ϩⲙ"/><!-- ϩⲙ -->
<feat xlink:href="#orig_group_416" value="ⲡⲙⲟⲩ"/><!-- ⲡ...ⲙⲟⲩ -->
<feat xlink:href="#orig_group_418" value="ⲟⲩⲟⲛ"/><!-- ⲟⲩⲟⲛ -->
<feat xlink:href="#orig_group_419" value="ⲇⲉ"/><!-- ⲇⲉ -->
<feat xlink:href="#orig_group_420" value="ⲛⲓⲙ"/><!-- ⲛⲓⲙ -->
<feat xlink:href="#orig_group_421" value="ⲉⲧⲙⲟⲥⲧⲉ"/><!-- ⲉⲧ...ⲙⲟⲥⲧⲉ -->
<feat xlink:href="#orig_group_423" value="ⲙⲡⲉϥⲥⲟⲛ"/><!-- ⲙ...ⲥⲟⲛ -->
<feat xlink:href="#orig_group_426" value="ⲟⲩⲣⲉϥϩⲉⲧⲃ"/><!-- ⲟⲩⲣⲉϥϩⲉⲧⲃ -->
<feat xlink:href="#orig_group_427" value="ⲣⲱⲙⲉ"/><!-- ⲣⲱⲙⲉ -->
<feat xlink:href="#orig_group_428" value="ⲡⲉ"/><!-- ⲡⲉ -->
<feat xlink:href="#orig_group_429" value="ⲁⲩⲱ"/><!-- ⲁⲩⲱ -->
<feat xlink:href="#orig_group_430" value="ⲧⲉⲧⲛⲥⲟⲟⲩⲛ"/><!-- ⲧⲉⲧⲛ...ⲥⲟⲟⲩⲛ -->
<feat xlink:href="#orig_group_432" value="ϫⲉ"/><!-- ϫⲉ -->
<feat xlink:href="#orig_group_433" value="ⲣⲉϥϩⲉⲧⲃ"/><!-- ⲣⲉϥϩⲉⲧⲃ -->
<feat xlink:href="#orig_group_434" value="ⲣⲱⲙⲉ"/><!-- ⲣⲱⲙⲉ -->
<feat xlink:href="#orig_group_435" value="ⲛⲓⲙ"/><!-- ⲛⲓⲙ -->
<feat xlink:href="#orig_group_436" value="ⲙⲛⲧϥ"/><!-- ⲙⲛⲧ...ϥ -->
<feat xlink:href="#orig_group_438" value="ⲙⲙⲁⲩ"/><!-- ⲙⲙⲁⲩ -->
<feat xlink:href="#orig_group_439" value="ⲙⲡⲱⲛϩ"/><!-- ⲙ...ⲱⲛϩ -->
<feat xlink:href="#orig_group_442" value="ⲛϣⲁ"/><!-- ⲛϣⲁ -->
<feat xlink:href="#orig_group_443" value="ⲉⲛⲉϩ"/><!-- ⲉⲛⲉϩ -->
<feat xlink:href="#orig_group_444" value="ⲉϥϣⲟⲟⲡ"/><!-- ⲉ...ϣⲟⲟⲡ -->
<feat xlink:href="#orig_group_447" value="ϩⲣⲁⲓ"/><!-- ϩⲣⲁⲓ -->
<feat xlink:href="#orig_group_448" value="ⲛϩⲏⲧϥ"/><!-- ⲛϩⲏⲧ...ϥ -->
<feat xlink:href="#orig_group_450" value="ϩⲙ"/><!-- ϩⲙ -->
<feat xlink:href="#orig_group_451" value="ⲡⲁⲓ"/><!-- ⲡⲁⲓ -->
<feat xlink:href="#orig_group_452" value="ⲁⲛⲉⲓⲙⲉ"/><!-- ⲁ...ⲉⲓⲙⲉ -->
<feat xlink:href="#orig_group_455" value="ⲉⲧⲁⲅⲁⲡⲏ"/><!-- ⲉ...ⲁⲅⲁⲡⲏ -->
<feat xlink:href="#orig_group_458" value="ϫⲉ"/><!-- ϫⲉ -->
<feat xlink:href="#orig_group_459" value="ⲡⲉⲧⲙⲙⲁⲩ"/><!-- ⲡ...ⲙⲙⲁⲩ -->
<feat xlink:href="#orig_group_462" value="ⲡⲉⲛⲧⲁϥⲕⲱ"/><!-- ⲡ...ⲕⲱ -->
<feat xlink:href="#orig_group_467" value="ⲛⲧⲉϥⲯⲩⲭⲏ"/><!-- ⲛ...ⲯⲩⲭⲏ -->
<feat xlink:href="#orig_group_470" value="ϩⲁⲣⲟⲛ"/><!-- ϩⲁⲣⲟ...ⲛ -->
<feat xlink:href="#orig_group_472" value="ⲁⲛⲟⲛ"/><!-- ⲁⲛⲟⲛ -->
<feat xlink:href="#orig_group_473" value="ⲇⲉ"/><!-- ⲇⲉ -->
<feat xlink:href="#orig_group_474" value="ϩⲱⲱⲛ"/><!-- ϩⲱⲱ...ⲛ -->
<feat xlink:href="#orig_group_476" value="ϣϣⲉ"/><!-- ϣϣⲉ -->
<feat xlink:href="#orig_group_477" value="ⲉⲣⲟⲛ"/><!-- ⲉⲣⲟ...ⲛ -->
<feat xlink:href="#orig_group_479" value="ⲉⲕⲱ"/><!-- ⲉ...ⲕⲱ -->
<feat xlink:href="#orig_group_481" value="ⲛⲛⲙⲯⲩⲭⲏ"/><!-- ⲛⲛⲙⲯⲩⲭⲏ -->
<feat xlink:href="#orig_group_482" value="ϩⲁ"/><!-- ϩⲁ -->
<feat xlink:href="#orig_group_483" value="ⲛⲉⲛⲥⲛⲏⲩ"/><!-- ⲛⲉⲛ...ⲥⲛⲏⲩ -->
<feat xlink:href="#orig_group_485" value="ⲡⲉⲧⲉ"/><!-- ⲡⲉⲧⲉ -->
<feat xlink:href="#orig_group_486" value="ⲟⲩⲛⲧⲁϥ"/><!-- ⲟⲩⲛⲧⲁ...ϥ -->
<feat xlink:href="#orig_group_488" value="ⲙⲙⲁⲩ"/><!-- ⲙⲙⲁⲩ -->
<feat xlink:href="#orig_group_489" value="ⲙⲡⲃⲓⲟⲥ"/><!-- ⲙ...ⲃⲓⲟⲥ -->
<feat xlink:href="#orig_group_492" value="ⲙⲡⲉⲓⲕⲟⲥⲙⲟⲥ"/><!-- ⲙ...ⲕⲟⲥⲙⲟⲥ -->
<feat xlink:href="#orig_group_495" value="ⲛϥⲛⲁⲩ"/><!-- ⲛ...ⲛⲁⲩ -->
<feat xlink:href="#orig_group_498" value="ⲉⲡⲉϥⲥⲟⲛ"/><!-- ⲉ...ⲥⲟⲛ -->
<feat xlink:href="#orig_group_501" value="ⲉϥⲣϭⲣⲟϩ"/><!-- ⲉϥⲣϭⲣⲟϩ -->
<feat xlink:href="#orig_group_502" value="ⲛϥⲧⲙϣⲛ"/><!-- ⲛ...ⲛ -->
<feat xlink:href="#orig_group_507" value="ϩⲧⲏϥ"/><!-- ϩⲧⲏϥ -->
<feat xlink:href="#orig_group_508" value="ⲉϩⲣⲁⲓ"/><!-- ⲉϩⲣⲁⲓ -->
<feat xlink:href="#orig_group_509" value="ⲉϫⲱϥ"/><!-- ⲉϫⲱ...ϥ -->
<feat xlink:href="#orig_group_511" value="ⲛⲁϣ"/><!-- ⲛ...ⲁϣ -->
<feat xlink:href="#orig_group_513" value="ⲉⲛϩⲉ"/><!-- ⲉ...ϩⲉ -->
<feat xlink:href="#orig_group_516" value="ⲧⲁⲅⲁⲡⲏ"/><!-- ⲧ...ⲁⲅⲁⲡⲏ -->
<feat xlink:href="#orig_group_518" value="ⲙⲡⲛⲟⲩⲧⲉ"/><!-- ⲙ...ⲛⲟⲩⲧⲉ -->
<feat xlink:href="#orig_group_521" value="ϣⲟⲟⲡ"/><!-- ϣⲟⲟⲡ -->
<feat xlink:href="#orig_group_522" value="ϩⲣⲁⲓ"/><!-- ϩⲣⲁⲓ -->
<feat xlink:href="#orig_group_523" value="ⲛϩⲏⲧϥ"/><!-- ⲛϩⲏⲧ...ϥ -->
<feat xlink:href="#orig_group_525" value="."/><!-- . -->
<feat xlink:href="#orig_group_526" value="ⲛⲁϣⲏⲣⲉ"/><!-- ⲛⲁ...ϣⲏⲣⲉ -->
<feat xlink:href="#orig_group_528" value="ⲙⲡⲉⲣⲧⲉⲣⲉⲛⲙⲉ"/><!-- ⲙⲡⲉⲣⲧⲉⲣⲉⲛⲙⲉ -->
<feat xlink:href="#orig_group_529" value="ϩⲙ"/><!-- ϩⲙ -->
<feat xlink:href="#orig_group_530" value="ⲡϣⲁϫⲉ"/><!-- ⲡ...ϣⲁϫⲉ -->
<feat xlink:href="#orig_group_532" value="ⲟⲩⲇⲉ"/><!-- ⲟⲩⲇⲉ -->
<feat xlink:href="#orig_group_533" value="ϩⲙ"/><!-- ϩⲙ -->
<feat xlink:href="#orig_group_534" value="ⲡⲗⲁⲥ"/><!-- ⲡ...ⲗⲁⲥ -->
<feat xlink:href="#orig_group_536" value="ⲁⲗⲗⲁ"/><!-- ⲁⲗⲗⲁ -->
<feat xlink:href="#orig_group_537" value="ϩⲙ"/><!-- ϩⲙ -->
<feat xlink:href="#orig_group_538" value="ⲡϩⲱⲃ"/><!-- ⲡ...ϩⲱⲃ -->
<feat xlink:href="#orig_group_540" value="ⲙⲛ"/><!-- ⲙⲛ -->
<feat xlink:href="#orig_group_541" value="ⲧⲙⲉ"/><!-- ⲧ...ⲙⲉ -->
<feat xlink:href="#orig_group_543" value="ⲁⲩⲱ"/><!-- ⲁⲩⲱ -->
<feat xlink:href="#orig_group_544" value="ϩⲙ"/><!-- ϩⲙ -->
<feat xlink:href="#orig_group_545" value="ⲡⲁⲓ"/><!-- ⲡⲁⲓ -->
<feat xlink:href="#orig_group_546" value="ⲧⲉⲛⲛⲁⲉⲓⲙⲉ"/><!-- ⲧⲉⲛⲛⲁⲉⲓⲙⲉ -->
<feat xlink:href="#orig_group_547" value="ϫⲉ"/><!-- ϫⲉ -->
<feat xlink:href="#orig_group_548" value="ⲁⲛⲟⲛ"/><!-- ⲁⲛⲟⲛ -->
<feat xlink:href="#orig_group_549" value="ϩⲉⲛⲃⲟⲗ"/><!-- ϩⲉⲛ...ⲃⲟⲗ -->
<feat xlink:href="#orig_group_551" value="ⲏⲛ"/><!-- ⲏⲛ -->
<feat xlink:href="#orig_group_552" value="ⲧⲙⲉ"/><!-- ⲧ...ⲙⲉ -->
<feat xlink:href="#orig_group_554" value="ⲁⲩⲱ"/><!-- ⲁⲩⲱ -->
<feat xlink:href="#orig_group_555" value="ⲧⲛⲛⲁⲡⲉⲓⲑⲉ"/><!-- ⲧⲛ...ⲡⲉⲓⲑⲉ -->
<feat xlink:href="#orig_group_558" value="ⲙⲡⲉⲛϩⲏⲧ"/><!-- ⲙ...ϩⲏⲧ -->
<feat xlink:href="#orig_group_561" value="ⲙⲡⲉϥⲙⲧⲟ"/><!-- ⲙ...ⲙⲧⲟ -->
<feat xlink:href="#orig_group_564" value="ⲉⲃⲟⲗ"/><!-- ⲉⲃⲟⲗ -->
<feat xlink:href="#orig_group_565" value="ϫⲉ"/><!-- ϫⲉ -->
<feat xlink:href="#orig_group_566" value="ⲉⲣϣⲁⲛⲡⲉⲛϩⲏⲧ"/><!-- ⲉⲣϣⲁⲛⲡⲉⲛϩⲏⲧ -->
<feat xlink:href="#orig_group_567" value="ϭⲉⲛⲛ"/><!-- ϭⲉⲛ...ⲛ -->
<feat xlink:href="#orig_group_569" value="ⲁⲣⲓⲕⲉ"/><!-- ⲁⲣⲓⲕⲉ -->
<feat xlink:href="#orig_group_570" value="ⲉⲣⲟⲛ"/><!-- ⲉⲣⲟ...ⲛ -->
<feat xlink:href="#orig_group_572" value="ⲡⲛⲟⲩⲧⲉ"/><!-- ⲡ...ⲛⲟⲩⲧⲉ -->
<feat xlink:href="#orig_group_574" value="ⲟ"/><!-- ⲟ -->
<feat xlink:href="#orig_group_575" value="ⲛⲛⲟϭ"/><!-- ⲛ...ⲛⲟϭ -->
<feat xlink:href="#orig_group_577" value="ⲉⲡⲉⲛϩⲏⲧ"/><!-- ⲉ...ϩⲏⲧ -->
<feat xlink:href="#orig_group_580" value="ⲁⲩⲱ"/><!-- ⲁⲩⲱ -->
<feat xlink:href="#orig_group_581" value="ϥⲥⲟⲟⲩⲛ"/><!-- ϥ...ⲥⲟⲟⲩⲛ -->
<feat xlink:href="#orig_group_583" value="ⲛϩⲱⲃ"/><!-- ⲛ...ϩⲱⲃ -->
<feat xlink:href="#orig_group_585" value="ⲛⲓⲙ"/><!-- ⲛⲓⲙ -->
<feat xlink:href="#orig_group_586" value="ⲛⲁⲙⲉⲣⲁⲧⲉ"/><!-- ⲛⲁ...ⲙⲉⲣⲁⲧⲉ -->
<feat xlink:href="#orig_group_588" value="ⲉⲣⲧⲙⲡⲉⲛϩⲏⲧ"/><!-- ⲉⲣⲧⲙⲡⲉⲛϩⲏⲧ -->
<feat xlink:href="#orig_group_589" value="ϭⲉⲛⲛ"/><!-- ϭⲉⲛ...ⲛ -->
<feat xlink:href="#orig_group_591" value="ⲁⲣⲓⲕⲉ"/><!-- ⲁⲣⲓⲕⲉ -->
<feat xlink:href="#orig_group_592" value="ⲉⲣⲟⲛ"/><!-- ⲉⲣⲟ...ⲛ -->
<feat xlink:href="#orig_group_594" value="ⲟⲩⲛⲧⲁⲛ"/><!-- ⲟⲩⲛⲧⲁ...ⲛ -->
<feat xlink:href="#orig_group_596" value="ⲙⲙⲟⲟⲩ"/><!-- ⲙⲙⲟ...ⲟⲩ -->
<feat xlink:href="#orig_group_598" value="ⲛⲟⲩⲡⲁⲣⲣⲏⲥⲓⲁ"/><!-- ⲛ...ⲡⲁⲣⲣⲏⲥⲓⲁ -->
<feat xlink:href="#orig_group_601" value="ⲛⲁϩⲣⲙ"/><!-- ⲛⲁϩⲣⲙ -->
<feat xlink:href="#orig_group_602" value="ⲡⲛⲟⲩⲧⲉ"/><!-- ⲡ...ⲛⲟⲩⲧⲉ -->
<feat xlink:href="#orig_group_604" value="ⲁⲩⲱ"/><!-- ⲁⲩⲱ -->
<feat xlink:href="#orig_group_605" value="ⲡⲉⲧⲛⲁⲁⲓⲧⲉⲓ"/><!-- ⲡ...ⲁⲓⲧⲉⲓ -->
<feat xlink:href="#orig_group_609" value="ⲙⲙⲟϥ"/><!-- ⲙⲙⲟ...ϥ -->
<feat xlink:href="#orig_group_611" value="ⲧⲛⲛⲁϫⲓⲧϥ"/><!-- ⲧⲛ...ϥ -->
<feat xlink:href="#orig_group_615" value="ⲉⲃⲟⲗ"/><!-- ⲉⲃⲟⲗ -->
<feat xlink:href="#orig_group_616" value="ϩⲓⲧⲟⲟⲧϥ"/><!-- ϩⲓⲧⲟⲟⲧ...ϥ -->
<feat xlink:href="#orig_group_618" value="ϫⲉ"/><!-- ϫⲉ -->
<feat xlink:href="#orig_group_619" value="ⲧⲛϩⲁⲣⲉϩ"/><!-- ⲧⲛ...ϩⲁⲣⲉϩ -->
<feat xlink:href="#orig_group_621" value="ⲛⲛⲉϥⲉⲛⲧⲟⲗⲏ"/><!-- ⲛ...ⲉⲛⲧⲟⲗⲏ -->
<feat xlink:href="#orig_group_624" value="ⲁⲩⲱ"/><!-- ⲁⲩⲱ -->
<feat xlink:href="#orig_group_625" value="ⲧⲉⲛⲉⲓⲣⲉ"/><!-- ⲧⲉⲛⲉⲓⲣⲉ -->
<feat xlink:href="#orig_group_626" value="ⲙⲡⲉⲧⲉⲣ"/><!-- ⲙ...ⲉⲣ -->
<feat xlink:href="#orig_group_630" value="ⲁⲛⲁϥ"/><!-- ⲁⲛⲁϥ -->
<feat xlink:href="#orig_group_631" value="ⲙⲡⲉϥⲙⲧⲟ"/><!-- ⲙ...ⲙⲧⲟ -->
<feat xlink:href="#orig_group_634" value="ⲉⲃⲟⲗ"/><!-- ⲉⲃⲟⲗ -->
<feat xlink:href="#orig_group_635" value="ⲁⲩⲱ"/><!-- ⲁⲩⲱ -->
<feat xlink:href="#orig_group_636" value="ⲧⲁⲓ"/><!-- ⲧⲁⲓ -->
<feat xlink:href="#orig_group_637" value="ⲧⲉ"/><!-- ⲧⲉ -->
<feat xlink:href="#orig_group_638" value="ⲧⲉϥⲉⲛⲧⲟⲗⲏ"/><!-- ⲧⲉϥ...ⲉⲛⲧⲟⲗⲏ -->
<feat xlink:href="#orig_group_640" value="ϫⲉⲕⲁⲁⲥ"/><!-- ϫⲉⲕⲁⲁⲥ -->
<feat xlink:href="#orig_group_641" value="ⲉⲛⲁⲡⲓⲥⲧⲉⲩⲉ"/><!-- ⲉⲛⲁⲡⲓⲥⲧⲉⲩⲉ -->
<feat xlink:href="#orig_group_642" value="ⲉⲡⲣⲁⲛ"/><!-- ⲉ...ⲣⲁⲛ -->
<feat xlink:href="#orig_group_645" value="ⲙⲡⲉϥϣⲏⲣⲉ"/><!-- ⲙ...ϣⲏⲣⲉ -->
<feat xlink:href="#orig_group_648" value="ⲓⲏⲥⲟⲩⲥ"/><!-- ⲓⲏⲥⲟⲩⲥ -->
<feat xlink:href="#orig_group_649" value="ⲡⲉⲭⲣⲓⲥⲧⲟⲥ"/><!-- ⲡⲉ...ⲭⲣⲓⲥⲧⲟⲥ -->
<feat xlink:href="#orig_group_651" value="ⲁⲩⲱ"/><!-- ⲁⲩⲱ -->
<feat xlink:href="#orig_group_652" value="ⲧⲉⲛⲙⲉⲣⲓ"/><!-- ⲧⲉⲛⲙⲉⲣⲓ -->
<feat xlink:href="#orig_group_653" value="ⲛⲉⲛⲉⲣⲏⲩ"/><!-- ⲛⲉⲛ...ⲉⲣⲏⲩ -->
<feat xlink:href="#orig_group_655" value="ⲕⲁⲧⲁ"/><!-- ⲕⲁⲧⲁ -->
<feat xlink:href="#orig_group_656" value="ⲧϩⲉ"/><!-- ⲧ...ϩⲉ -->
<feat xlink:href="#orig_group_658" value="ⲛⲧⲁϥϩⲱⲛ"/><!-- ⲛⲧ...ϩⲱⲛ -->
<feat xlink:href="#orig_group_662" value="ⲉⲧⲟⲟⲧⲛ"/><!-- ⲉⲧⲟⲟⲧ...ⲛ -->
<feat xlink:href="#orig_group_664" value="ⲁⲩⲱ"/><!-- ⲁⲩⲱ -->
<feat xlink:href="#orig_group_665" value="ⲡⲉⲧⲛⲁϩⲁⲣⲉϩ"/><!-- ⲡ...ϩⲁⲣⲉϩ -->
<feat xlink:href="#orig_group_669" value="ⲛⲛⲉϥⲉⲛⲧⲟⲗⲏ"/><!-- ⲛ...ⲉⲛⲧⲟⲗⲏ -->
<feat xlink:href="#orig_group_672" value="ϥϣⲟⲟⲡ"/><!-- ϥ...ϣⲟⲟⲡ -->
<feat xlink:href="#orig_group_674" value="ϩⲣⲁⲓ"/><!-- ϩⲣⲁⲓ -->
<feat xlink:href="#orig_group_675" value="ⲛϩⲏⲧϥ"/><!-- ⲛϩⲏⲧ...ϥ -->
<feat xlink:href="#orig_group_677" value="ⲁⲩⲱ"/><!-- ⲁⲩⲱ -->
<feat xlink:href="#orig_group_678" value="ⲛⲧⲁϥ"/><!-- ⲛ...ⲁϥ -->
<feat xlink:href="#orig_group_681" value="ϩⲱⲱϥ"/><!-- ϩⲱⲱ...ϥ -->
<feat xlink:href="#orig_group_683" value="ϥⲟⲩⲏϩ"/><!-- ϥ...ⲟⲩⲏϩ -->
<feat xlink:href="#orig_group_685" value="ⲉϩⲣⲁⲓ"/><!-- ⲉϩⲣⲁⲓ -->
<feat xlink:href="#orig_group_686" value="ⲛϩⲏⲧϥ"/><!-- ⲛϩⲏⲧ...ϥ -->
<feat xlink:href="#orig_group_688" value="ϩⲙ"/><!-- ϩⲙ -->
<feat xlink:href="#orig_group_689" value="ⲡⲁⲓ"/><!-- ⲡⲁⲓ -->
<feat xlink:href="#orig_group_690" value="ⲧⲉⲛⲉⲓⲙⲉ"/><!-- ⲧⲉⲛⲉⲓⲙⲉ -->
<feat xlink:href="#orig_group_691" value="ϫⲉ"/><!-- ϫⲉ -->
<feat xlink:href="#orig_group_692" value="ϥϣⲟⲟⲡ"/><!-- ϥ...ϣⲟⲟⲡ -->
<feat xlink:href="#orig_group_694" value="ϩⲣⲁⲓ"/><!-- ϩⲣⲁⲓ -->
<feat xlink:href="#orig_group_695" value="ⲛϩⲏⲧⲛ"/><!-- ⲛϩⲏⲧ...ⲛ -->
<feat xlink:href="#orig_group_697" value="ⲉⲃⲟⲗ"/><!-- ⲉⲃⲟⲗ -->
<feat xlink:href="#orig_group_698" value="ϩⲙ"/><!-- ϩⲙ -->
<feat xlink:href="#orig_group_699" value="ⲡⲉⲡⲛⲉⲩⲙⲁ"/><!-- ⲡⲉ...ⲡⲛⲉⲩⲙⲁ -->
<feat xlink:href="#orig_group_701" value="ⲛⲧⲁϥⲧⲁⲁϥ"/><!-- ⲛⲧ...ϥ -->
<feat xlink:href="#orig_group_706" value="ⲛⲁⲛ"/><!-- ⲛⲁ...ⲛ -->
<feat xlink:href="#orig_group_708" value="."/><!-- . -->
</featList>
</paula>
