<?xml version="1.0" encoding="UTF-8" standalone="no"?>

<!DOCTYPE paula SYSTEM "paula_mark.dtd">
<paula version="1.0">

<header paula_id="sahidica.nt.1_John_3_norm_groupSeg"/>

<markList xmlns:xlink="http://www.w3.org/1999/xlink" type="norm_groupSeg" xml:base="sahidica.nt.1_John_3.tok.xml">
<mark id="norm_group_1" xlink:href="#xpointer(id('tok_1')/range-to(id('tok_3')))"/><!-- ⲁ...ⲛⲁⲩ -->
<mark id="norm_group_4" xlink:href="#tok_4"/><!-- ϫⲉ -->
<mark id="norm_group_5" xlink:href="#tok_5"/><!-- ⲟⲩⲁϣ -->
<mark id="norm_group_6" xlink:href="#xpointer(id('tok_6')/range-to(id('tok_7')))"/><!-- ⲛ...ϭⲟⲧ -->
<mark id="norm_group_8" xlink:href="#tok_8"/><!-- ⲧⲉ -->
<mark id="norm_group_9" xlink:href="#xpointer(id('tok_9')/range-to(id('tok_10')))"/><!-- ⲧ...ⲁⲅⲁⲡⲏ -->
<mark id="norm_group_11" xlink:href="#xpointer(id('tok_11')/range-to(id('tok_14')))"/><!-- ⲛⲧ...ⲉⲓⲱⲧ -->
<mark id="norm_group_15" xlink:href="#xpointer(id('tok_15')/range-to(id('tok_16')))"/><!-- ⲧⲁ...ⲁⲥ -->
<mark id="norm_group_17" xlink:href="#xpointer(id('tok_17')/range-to(id('tok_18')))"/><!-- ⲛⲁ...ⲛ -->
<mark id="norm_group_19" xlink:href="#tok_19"/><!-- ϫⲉⲕⲁⲁⲥ -->
<mark id="norm_group_20" xlink:href="#xpointer(id('tok_20')/range-to(id('tok_21')))"/><!-- ⲉⲩⲉ...ⲙⲟⲩⲧⲉ -->
<mark id="norm_group_22" xlink:href="#xpointer(id('tok_22')/range-to(id('tok_23')))"/><!-- ⲉⲣⲟ...ⲛ -->
<mark id="norm_group_24" xlink:href="#tok_24"/><!-- ϫⲉ -->
<mark id="norm_group_25" xlink:href="#tok_25"/><!-- ⲛⲛⲉϣⲏⲣⲉ -->
<mark id="norm_group_26" xlink:href="#xpointer(id('tok_26')/range-to(id('tok_28')))"/><!-- ⲙ...ⲛⲟⲩⲧⲉ -->
<mark id="norm_group_29" xlink:href="#tok_29"/><!-- ⲁⲩⲱ -->
<mark id="norm_group_30" xlink:href="#tok_30"/><!-- ⲁⲛⲟⲛ -->
<mark id="norm_group_31" xlink:href="#tok_31"/><!-- ⲡⲉ -->
<mark id="norm_group_32" xlink:href="#tok_32"/><!-- ⲉⲧⲃⲉ -->
<mark id="norm_group_33" xlink:href="#tok_33"/><!-- ⲡⲁⲓ -->
<mark id="norm_group_34" xlink:href="#xpointer(id('tok_34')/range-to(id('tok_36')))"/><!-- ⲙ...ⲕⲟⲥⲙⲟⲥ -->
<mark id="norm_group_37" xlink:href="#tok_37"/><!-- ⲥⲟⲟⲩⲛ -->
<mark id="norm_group_38" xlink:href="#tok_38"/><!-- ⲙⲙⲟⲛ -->
<mark id="norm_group_39" xlink:href="#tok_39"/><!-- ⲁⲛ -->
<mark id="norm_group_40" xlink:href="#tok_40"/><!-- ϫⲉ -->
<mark id="norm_group_41" xlink:href="#xpointer(id('tok_41')/range-to(id('tok_44')))"/><!-- ⲙⲡⲉ...ϥ -->
<mark id="norm_group_45" xlink:href="#tok_45"/><!-- . -->
<mark id="norm_group_46" xlink:href="#xpointer(id('tok_46')/range-to(id('tok_47')))"/><!-- ⲛⲁ...ⲙⲉⲣⲁⲧⲉ -->
<mark id="norm_group_48" xlink:href="#tok_48"/><!-- ⲧⲉⲛⲟⲩ -->
<mark id="norm_group_49" xlink:href="#tok_49"/><!-- ⲁⲛⲟⲛ -->
<mark id="norm_group_50" xlink:href="#tok_50"/><!-- ⲛⲉϣⲏⲣⲉ -->
<mark id="norm_group_51" xlink:href="#xpointer(id('tok_51')/range-to(id('tok_53')))"/><!-- ⲙ...ⲛⲟⲩⲧⲉ -->
<mark id="norm_group_54" xlink:href="#tok_54"/><!-- ⲁⲩⲱ -->
<mark id="norm_group_55" xlink:href="#xpointer(id('tok_55')/range-to(id('tok_57')))"/><!-- ⲙⲡⲁⲧ...ⲟⲩⲱⲛϩ -->
<mark id="norm_group_58" xlink:href="#tok_58"/><!-- ⲉⲃⲟⲗ -->
<mark id="norm_group_59" xlink:href="#tok_59"/><!-- ϫⲉ -->
<mark id="norm_group_60" xlink:href="#xpointer(id('tok_60')/range-to(id('tok_62')))"/><!-- ⲛ...ⲣ -->
<mark id="norm_group_63" xlink:href="#tok_63"/><!-- ⲁϣ -->
<mark id="norm_group_64" xlink:href="#xpointer(id('tok_64')/range-to(id('tok_66')))"/><!-- ⲉ...ϩⲉ -->
<mark id="norm_group_67" xlink:href="#xpointer(id('tok_67')/range-to(id('tok_68')))"/><!-- ⲧⲉⲧⲛ...ⲥⲟⲟⲩⲛ -->
<mark id="norm_group_69" xlink:href="#tok_69"/><!-- ϫⲉ -->
<mark id="norm_group_70" xlink:href="#xpointer(id('tok_70')/range-to(id('tok_71')))"/><!-- ⲉϥϣⲁⲛ...ⲟⲩⲱⲛϩ -->
<mark id="norm_group_72" xlink:href="#tok_72"/><!-- ⲉⲃⲟⲗ -->
<mark id="norm_group_73" xlink:href="#tok_73"/><!-- ⲧⲉⲛⲛⲁϣⲱⲡⲉ -->
<mark id="norm_group_74" xlink:href="#xpointer(id('tok_74')/range-to(id('tok_76')))"/><!-- ⲉ...ⲉⲓⲛⲉ -->
<mark id="norm_group_77" xlink:href="#xpointer(id('tok_77')/range-to(id('tok_78')))"/><!-- ⲙⲙⲟ...ϥ -->
<mark id="norm_group_79" xlink:href="#tok_79"/><!-- ϫⲉ -->
<mark id="norm_group_80" xlink:href="#xpointer(id('tok_80')/range-to(id('tok_81')))"/><!-- ⲧⲛ...ⲛⲁⲩ -->
<mark id="norm_group_82" xlink:href="#xpointer(id('tok_82')/range-to(id('tok_83')))"/><!-- ⲉⲣⲟ...ϥ -->
<mark id="norm_group_84" xlink:href="#tok_84"/><!-- ⲕⲁⲧⲁ -->
<mark id="norm_group_85" xlink:href="#xpointer(id('tok_85')/range-to(id('tok_86')))"/><!-- ⲧ...ϩⲉ -->
<mark id="norm_group_87" xlink:href="#xpointer(id('tok_87')/range-to(id('tok_89')))"/><!-- ⲉⲧ...ϣⲟⲟⲡ -->
<mark id="norm_group_90" xlink:href="#xpointer(id('tok_90')/range-to(id('tok_91')))"/><!-- ⲛϩⲏⲧ...ⲥ -->
<mark id="norm_group_92" xlink:href="#tok_92"/><!-- ⲁⲩⲱ -->
<mark id="norm_group_93" xlink:href="#tok_93"/><!-- ⲟⲩⲟⲛ -->
<mark id="norm_group_94" xlink:href="#tok_94"/><!-- ⲛⲓⲙ -->
<mark id="norm_group_95" xlink:href="#tok_95"/><!-- ⲉⲧⲉ -->
<mark id="norm_group_96" xlink:href="#tok_96"/><!-- ⲩⲛⲧⲁϥ -->
<mark id="norm_group_97" xlink:href="#xpointer(id('tok_97')/range-to(id('tok_98')))"/><!-- ⲙⲙⲟ...ⲟⲩ -->
<mark id="norm_group_99" xlink:href="#xpointer(id('tok_99')/range-to(id('tok_101')))"/><!-- ⲛ...ϩⲉⲗⲡⲓⲥ -->
<mark id="norm_group_102" xlink:href="#xpointer(id('tok_102')/range-to(id('tok_105')))"/><!-- ϣⲁ...ϥ -->
<mark id="norm_group_106" xlink:href="#tok_106"/><!-- ⲉϩⲣⲁⲓ -->
<mark id="norm_group_107" xlink:href="#xpointer(id('tok_107')/range-to(id('tok_108')))"/><!-- ⲉϫⲱ...ϥ -->
<mark id="norm_group_109" xlink:href="#tok_109"/><!-- ⲕⲁⲧⲁ -->
<mark id="norm_group_110" xlink:href="#xpointer(id('tok_110')/range-to(id('tok_111')))"/><!-- ⲧ...ϩⲉ -->
<mark id="norm_group_112" xlink:href="#tok_112"/><!-- ⲉⲧⲉⲣⲉⲡⲏ -->
<mark id="norm_group_113" xlink:href="#tok_113"/><!-- ⲟⲩⲁⲁⲃ -->
<mark id="norm_group_114" xlink:href="#xpointer(id('tok_114')/range-to(id('tok_115')))"/><!-- ⲙⲙⲟ...ⲥ -->
<mark id="norm_group_116" xlink:href="#tok_116"/><!-- ⲟⲩⲟⲛ -->
<mark id="norm_group_117" xlink:href="#tok_117"/><!-- ⲛⲓⲙ -->
<mark id="norm_group_118" xlink:href="#xpointer(id('tok_118')/range-to(id('tok_119')))"/><!-- ⲉⲧ...ⲉⲓⲣⲉ -->
<mark id="norm_group_120" xlink:href="#xpointer(id('tok_120')/range-to(id('tok_122')))"/><!-- ⲙ...ⲛⲟⲃⲉ -->
<mark id="norm_group_123" xlink:href="#xpointer(id('tok_123')/range-to(id('tok_124')))"/><!-- ϥ...ⲉⲓⲣⲉ -->
<mark id="norm_group_125" xlink:href="#tok_125"/><!-- ⲟⲛ -->
<mark id="norm_group_126" xlink:href="#tok_126"/><!-- ⲛⲧⲕⲉⲁⲛⲟⲙⲓⲁ -->
<mark id="norm_group_127" xlink:href="#tok_127"/><!-- ⲁⲩⲱ -->
<mark id="norm_group_128" xlink:href="#xpointer(id('tok_128')/range-to(id('tok_129')))"/><!-- ⲡ...ⲛⲟⲃⲉ -->
<mark id="norm_group_130" xlink:href="#tok_130"/><!-- ⲡⲉ -->
<mark id="norm_group_131" xlink:href="#xpointer(id('tok_131')/range-to(id('tok_132')))"/><!-- ⲧ...ⲁⲛⲟⲙⲓⲁ -->
<mark id="norm_group_133" xlink:href="#tok_133"/><!-- ⲁⲩⲱ -->
<mark id="norm_group_134" xlink:href="#xpointer(id('tok_134')/range-to(id('tok_135')))"/><!-- ⲧⲛ...ⲥⲟⲟⲩⲛ -->
<mark id="norm_group_136" xlink:href="#tok_136"/><!-- ϫⲉ -->
<mark id="norm_group_137" xlink:href="#tok_137"/><!-- ⲛⲧⲁⲡⲉⲧⲙⲙⲁⲩ -->
<mark id="norm_group_138" xlink:href="#tok_138"/><!-- ⲟⲩⲱⲛϩ -->
<mark id="norm_group_139" xlink:href="#tok_139"/><!-- ⲉⲃⲟⲗ -->
<mark id="norm_group_140" xlink:href="#tok_140"/><!-- ϫⲉⲕⲁⲁⲥ -->
<mark id="norm_group_141" xlink:href="#tok_141"/><!-- ⲉϥϥⲉϥⲉⲓ -->
<mark id="norm_group_142" xlink:href="#tok_142"/><!-- ⲛⲛⲉⲛⲟⲃⲉ -->
<mark id="norm_group_143" xlink:href="#tok_143"/><!-- ⲁⲩⲱ -->
<mark id="norm_group_144" xlink:href="#tok_144"/><!-- ⲙⲙ -->
<mark id="norm_group_145" xlink:href="#tok_145"/><!-- ⲛⲟⲃⲉ -->
<mark id="norm_group_146" xlink:href="#tok_146"/><!-- ϣⲟⲟⲡ -->
<mark id="norm_group_147" xlink:href="#tok_147"/><!-- ϩⲣⲁⲓ -->
<mark id="norm_group_148" xlink:href="#xpointer(id('tok_148')/range-to(id('tok_149')))"/><!-- ⲛϩⲏⲧ...ϥ -->
<mark id="norm_group_150" xlink:href="#tok_150"/><!-- ⲟⲩⲟⲛ -->
<mark id="norm_group_151" xlink:href="#tok_151"/><!-- ⲛⲓⲙ -->
<mark id="norm_group_152" xlink:href="#xpointer(id('tok_152')/range-to(id('tok_153')))"/><!-- ⲉⲧ...ϣⲟⲟⲡ -->
<mark id="norm_group_154" xlink:href="#tok_154"/><!-- ϩⲣⲁⲓ -->
<mark id="norm_group_155" xlink:href="#xpointer(id('tok_155')/range-to(id('tok_156')))"/><!-- ⲛϩⲏⲧ...ϥ -->
<mark id="norm_group_157" xlink:href="#xpointer(id('tok_157')/range-to(id('tok_159')))"/><!-- ⲙⲉ...ⲣ -->
<mark id="norm_group_160" xlink:href="#tok_160"/><!-- ⲛⲟⲃⲉ -->
<mark id="norm_group_161" xlink:href="#tok_161"/><!-- ⲟⲩⲟⲛ -->
<mark id="norm_group_162" xlink:href="#tok_162"/><!-- ⲛⲓⲙ -->
<mark id="norm_group_163" xlink:href="#xpointer(id('tok_163')/range-to(id('tok_164')))"/><!-- ⲉⲧ...ⲉⲣ -->
<mark id="norm_group_165" xlink:href="#tok_165"/><!-- ⲛⲟⲃⲉ -->
<mark id="norm_group_166" xlink:href="#xpointer(id('tok_166')/range-to(id('tok_168')))"/><!-- ⲙ...ⲛⲁⲩ -->
<mark id="norm_group_169" xlink:href="#xpointer(id('tok_169')/range-to(id('tok_170')))"/><!-- ⲉⲣⲟ...ϥ -->
<mark id="norm_group_171" xlink:href="#tok_171"/><!-- ⲟⲩⲇⲉ -->
<mark id="norm_group_172" xlink:href="#xpointer(id('tok_172')/range-to(id('tok_175')))"/><!-- ⲙⲡⲉ...ϥ -->
<mark id="norm_group_176" xlink:href="#xpointer(id('tok_176')/range-to(id('tok_177')))"/><!-- ⲛⲁ...ϣⲏⲣⲉ -->
<mark id="norm_group_178" xlink:href="#tok_178"/><!-- ⲙⲡⲉⲣⲧⲉⲣⲉⲗⲁⲁⲩ -->
<mark id="norm_group_179" xlink:href="#tok_179"/><!-- ⲡⲗⲁⲛⲁ -->
<mark id="norm_group_180" xlink:href="#xpointer(id('tok_180')/range-to(id('tok_181')))"/><!-- ⲙⲙⲱ...ⲧⲛ -->
<mark id="norm_group_182" xlink:href="#xpointer(id('tok_182')/range-to(id('tok_183')))"/><!-- ⲡ...ⲉⲧⲉⲣⲉ -->
<mark id="norm_group_184" xlink:href="#xpointer(id('tok_184')/range-to(id('tok_185')))"/><!-- ⲛ...ⲇⲓⲕⲁⲓⲟⲥⲩⲛⲏ -->
<mark id="norm_group_186" xlink:href="#xpointer(id('tok_186')/range-to(id('tok_187')))"/><!-- ⲟⲩ...ⲇⲓⲕⲁⲓⲟⲥ -->
<mark id="norm_group_188" xlink:href="#tok_188"/><!-- ⲡⲉ -->
<mark id="norm_group_189" xlink:href="#tok_189"/><!-- ⲕⲁⲧⲁ -->
<mark id="norm_group_190" xlink:href="#xpointer(id('tok_190')/range-to(id('tok_191')))"/><!-- ⲧ...ϩⲉ -->
<mark id="norm_group_192" xlink:href="#xpointer(id('tok_192')/range-to(id('tok_195')))"/><!-- ⲙ...ⲙⲙⲁⲩ -->
<mark id="norm_group_196" xlink:href="#xpointer(id('tok_196')/range-to(id('tok_198')))"/><!-- ⲉ...ⲇⲓⲕⲁⲓⲟⲥ -->
<mark id="norm_group_199" xlink:href="#tok_199"/><!-- ⲡⲉ -->
<mark id="norm_group_200" xlink:href="#tok_200"/><!-- . -->
<mark id="norm_group_201" xlink:href="#xpointer(id('tok_201')/range-to(id('tok_203')))"/><!-- ⲡ...ⲉⲓⲣⲉ -->
<mark id="norm_group_204" xlink:href="#xpointer(id('tok_204')/range-to(id('tok_206')))"/><!-- ⲙ...ⲛⲟⲃⲉ -->
<mark id="norm_group_207" xlink:href="#tok_207"/><!-- ⲟⲩⲉⲃⲟⲗ -->
<mark id="norm_group_208" xlink:href="#tok_208"/><!-- ϩⲙ -->
<mark id="norm_group_209" xlink:href="#xpointer(id('tok_209')/range-to(id('tok_210')))"/><!-- ⲡ...ⲇⲓⲁⲃⲟⲗⲟⲥ -->
<mark id="norm_group_211" xlink:href="#tok_211"/><!-- ⲡⲉ -->
<mark id="norm_group_212" xlink:href="#tok_212"/><!-- ϫⲉ -->
<mark id="norm_group_213" xlink:href="#tok_213"/><!-- ϫⲓⲛ -->
<mark id="norm_group_214" xlink:href="#tok_214"/><!-- ⲧⲉϩⲟⲩⲉⲓⲧⲉ -->
<mark id="norm_group_215" xlink:href="#xpointer(id('tok_215')/range-to(id('tok_216')))"/><!-- ⲡ...ⲇⲓⲁⲃⲟⲗⲟⲥ -->
<mark id="norm_group_217" xlink:href="#tok_217"/><!-- ⲉⲣ -->
<mark id="norm_group_218" xlink:href="#tok_218"/><!-- ⲛⲟⲃⲉ -->
<mark id="norm_group_219" xlink:href="#tok_219"/><!-- ⲉⲧⲃⲉ -->
<mark id="norm_group_220" xlink:href="#tok_220"/><!-- ⲡⲁⲓ -->
<mark id="norm_group_221" xlink:href="#tok_221"/><!-- ⲁⲡϣⲏⲣⲉ -->
<mark id="norm_group_222" xlink:href="#xpointer(id('tok_222')/range-to(id('tok_224')))"/><!-- ⲙ...ⲛⲟⲩⲧⲉ -->
<mark id="norm_group_225" xlink:href="#tok_225"/><!-- ⲟⲩⲱⲛϩ -->
<mark id="norm_group_226" xlink:href="#tok_226"/><!-- ⲉⲃⲟⲗ -->
<mark id="norm_group_227" xlink:href="#tok_227"/><!-- ϫⲉⲕⲁⲁⲥ -->
<mark id="norm_group_228" xlink:href="#xpointer(id('tok_228')/range-to(id('tok_229')))"/><!-- ⲉϥⲉ...ⲃⲱⲗ -->
<mark id="norm_group_230" xlink:href="#tok_230"/><!-- ⲉⲃⲟⲗ -->
<mark id="norm_group_231" xlink:href="#xpointer(id('tok_231')/range-to(id('tok_233')))"/><!-- ⲛ...ϩⲃⲏⲩⲉ -->
<mark id="norm_group_234" xlink:href="#xpointer(id('tok_234')/range-to(id('tok_236')))"/><!-- ⲙ...ⲇⲓⲁⲃⲟⲗⲟⲥ -->
<mark id="norm_group_237" xlink:href="#tok_237"/><!-- ⲟⲩⲟⲛ -->
<mark id="norm_group_238" xlink:href="#tok_238"/><!-- ⲛⲓⲙ -->
<mark id="norm_group_239" xlink:href="#xpointer(id('tok_239')/range-to(id('tok_243')))"/><!-- ⲛⲧ...ϥ -->
<mark id="norm_group_244" xlink:href="#tok_244"/><!-- ⲉⲃⲟⲗ -->
<mark id="norm_group_245" xlink:href="#tok_245"/><!-- ϩⲙ -->
<mark id="norm_group_246" xlink:href="#xpointer(id('tok_246')/range-to(id('tok_247')))"/><!-- ⲡ...ⲛⲟⲩⲧⲉ -->
<mark id="norm_group_248" xlink:href="#xpointer(id('tok_248')/range-to(id('tok_250')))"/><!-- ⲙⲉ...ⲣ -->
<mark id="norm_group_251" xlink:href="#tok_251"/><!-- ⲛⲟⲃⲉ -->
<mark id="norm_group_252" xlink:href="#tok_252"/><!-- ϫⲉ -->
<mark id="norm_group_253" xlink:href="#xpointer(id('tok_253')/range-to(id('tok_254')))"/><!-- ⲡⲉϥ...ⲥⲡⲉⲣⲙⲁ -->
<mark id="norm_group_255" xlink:href="#tok_255"/><!-- ϣⲟⲟⲡ -->
<mark id="norm_group_256" xlink:href="#tok_256"/><!-- ϩⲣⲁⲓ -->
<mark id="norm_group_257" xlink:href="#xpointer(id('tok_257')/range-to(id('tok_258')))"/><!-- ⲛϩⲏⲧ...ϥ -->
<mark id="norm_group_259" xlink:href="#tok_259"/><!-- ⲁⲩⲱ -->
<mark id="norm_group_260" xlink:href="#tok_260"/><!-- ⲙⲛ -->
<mark id="norm_group_261" xlink:href="#tok_261"/><!-- ϣ -->
<mark id="norm_group_262" xlink:href="#tok_262"/><!-- ϭⲟⲙ -->
<mark id="norm_group_263" xlink:href="#xpointer(id('tok_263')/range-to(id('tok_264')))"/><!-- ⲙⲙⲟ...ϥ -->
<mark id="norm_group_265" xlink:href="#tok_265"/><!-- ⲉⲣ -->
<mark id="norm_group_266" xlink:href="#tok_266"/><!-- ⲛⲟⲃⲉ -->
<mark id="norm_group_267" xlink:href="#tok_267"/><!-- ϫⲉ -->
<mark id="norm_group_268" xlink:href="#xpointer(id('tok_268')/range-to(id('tok_272')))"/><!-- ⲛⲧ...ϥ -->
<mark id="norm_group_273" xlink:href="#tok_273"/><!-- ⲉⲃⲟⲗ -->
<mark id="norm_group_274" xlink:href="#tok_274"/><!-- ϩⲙ -->
<mark id="norm_group_275" xlink:href="#xpointer(id('tok_275')/range-to(id('tok_276')))"/><!-- ⲡ...ⲛⲟⲩⲧⲉ -->
<mark id="norm_group_277" xlink:href="#tok_277"/><!-- ϩⲙ -->
<mark id="norm_group_278" xlink:href="#tok_278"/><!-- ⲡⲁⲓ -->
<mark id="norm_group_279" xlink:href="#xpointer(id('tok_279')/range-to(id('tok_280')))"/><!-- ⲥⲉ...ⲟⲩⲟⲛϩ -->
<mark id="norm_group_281" xlink:href="#tok_281"/><!-- ⲉⲃⲟⲗ -->
<mark id="norm_group_282" xlink:href="#tok_282"/><!-- ⲛϭⲓ -->
<mark id="norm_group_283" xlink:href="#tok_283"/><!-- ⲛⲛⲉϣⲏⲣⲉ -->
<mark id="norm_group_284" xlink:href="#xpointer(id('tok_284')/range-to(id('tok_286')))"/><!-- ⲙ...ⲛⲟⲩⲧⲉ -->
<mark id="norm_group_287" xlink:href="#tok_287"/><!-- ⲙⲛ -->
<mark id="norm_group_288" xlink:href="#tok_288"/><!-- ⲛⲉϣⲏⲣⲉ -->
<mark id="norm_group_289" xlink:href="#xpointer(id('tok_289')/range-to(id('tok_291')))"/><!-- ⲙ...ⲇⲓⲁⲃⲟⲗⲟⲥ -->
<mark id="norm_group_292" xlink:href="#tok_292"/><!-- ⲟⲩⲟⲛ -->
<mark id="norm_group_293" xlink:href="#tok_293"/><!-- ⲛⲓⲙ -->
<mark id="norm_group_294" xlink:href="#tok_294"/><!-- ⲉⲧⲉ -->
<mark id="norm_group_295" xlink:href="#xpointer(id('tok_295')/range-to(id('tok_297')))"/><!-- ⲛ...ⲇⲓⲕⲁⲓⲟⲥ -->
<mark id="norm_group_298" xlink:href="#tok_298"/><!-- ⲁⲛ -->
<mark id="norm_group_299" xlink:href="#tok_299"/><!-- ⲡⲉ -->
<mark id="norm_group_300" xlink:href="#xpointer(id('tok_300')/range-to(id('tok_302')))"/><!-- ⲛ...ⲃⲟⲗ -->
<mark id="norm_group_303" xlink:href="#tok_303"/><!-- ⲁⲛ -->
<mark id="norm_group_304" xlink:href="#tok_304"/><!-- ⲡⲉ -->
<mark id="norm_group_305" xlink:href="#tok_305"/><!-- ϩⲙ -->
<mark id="norm_group_306" xlink:href="#xpointer(id('tok_306')/range-to(id('tok_307')))"/><!-- ⲡ...ⲛⲟⲩⲧⲉ -->
<mark id="norm_group_308" xlink:href="#tok_308"/><!-- ⲁⲩⲱ -->
<mark id="norm_group_309" xlink:href="#tok_309"/><!-- ⲡⲉⲧⲉ -->
<mark id="norm_group_310" xlink:href="#xpointer(id('tok_310')/range-to(id('tok_312')))"/><!-- ⲛ...ⲙⲉ -->
<mark id="norm_group_313" xlink:href="#tok_313"/><!-- ⲁⲛ -->
<mark id="norm_group_314" xlink:href="#xpointer(id('tok_314')/range-to(id('tok_316')))"/><!-- ⲙ...ⲥⲟⲛ -->
<mark id="norm_group_317" xlink:href="#tok_317"/><!-- ϫⲉ -->
<mark id="norm_group_318" xlink:href="#tok_318"/><!-- ⲡⲁⲓ -->
<mark id="norm_group_319" xlink:href="#tok_319"/><!-- ⲡⲉ -->
<mark id="norm_group_320" xlink:href="#tok_320"/><!-- ⲡⲉⲣⲏⲧ -->
<mark id="norm_group_321" xlink:href="#xpointer(id('tok_321')/range-to(id('tok_324')))"/><!-- ⲛⲧ...ⲥⲱⲧⲙ -->
<mark id="norm_group_325" xlink:href="#xpointer(id('tok_325')/range-to(id('tok_326')))"/><!-- ⲉⲣⲟ...ϥ -->
<mark id="norm_group_327" xlink:href="#tok_327"/><!-- ϫⲓⲛ -->
<mark id="norm_group_328" xlink:href="#tok_328"/><!-- ϣⲟⲣⲡ -->
<mark id="norm_group_329" xlink:href="#tok_329"/><!-- ϫⲉⲕⲁⲁⲥ -->
<mark id="norm_group_330" xlink:href="#xpointer(id('tok_330')/range-to(id('tok_333')))"/><!-- ⲉ...ⲣⲉ -->
<mark id="norm_group_334" xlink:href="#xpointer(id('tok_334')/range-to(id('tok_335')))"/><!-- ⲛⲉⲛ...ⲉⲣⲏⲩ -->
<mark id="norm_group_336" xlink:href="#tok_336"/><!-- ⲕⲁⲧⲁ -->
<mark id="norm_group_337" xlink:href="#xpointer(id('tok_337')/range-to(id('tok_338')))"/><!-- ⲧ...ϩⲉ -->
<mark id="norm_group_339" xlink:href="#tok_339"/><!-- ⲁⲛ -->
<mark id="norm_group_340" xlink:href="#xpointer(id('tok_340')/range-to(id('tok_341')))"/><!-- ⲛ...ⲕⲁⲓⲛ -->
<mark id="norm_group_342" xlink:href="#xpointer(id('tok_342')/range-to(id('tok_343')))"/><!-- ⲉⲟⲩⲉ...ⲃⲟⲗ -->
<mark id="norm_group_344" xlink:href="#tok_344"/><!-- ϩⲙ -->
<mark id="norm_group_345" xlink:href="#xpointer(id('tok_345')/range-to(id('tok_346')))"/><!-- ⲡ...ⲡⲟⲛⲏⲣⲟⲥ -->
<mark id="norm_group_347" xlink:href="#tok_347"/><!-- ⲡⲉ -->
<mark id="norm_group_348" xlink:href="#xpointer(id('tok_348')/range-to(id('tok_351')))"/><!-- ⲛⲧ...ⲕⲱⲛⲥ -->
<mark id="norm_group_352" xlink:href="#xpointer(id('tok_352')/range-to(id('tok_353')))"/><!-- ⲡⲉϥ...ⲥⲟⲛ -->
<mark id="norm_group_354" xlink:href="#tok_354"/><!-- ⲁⲩⲱ -->
<mark id="norm_group_355" xlink:href="#tok_355"/><!-- ⲉⲧⲃⲉ -->
<mark id="norm_group_356" xlink:href="#tok_356"/><!-- ⲟⲩ -->
<mark id="norm_group_357" xlink:href="#xpointer(id('tok_357')/range-to(id('tok_360')))"/><!-- ⲁ...ϥ -->
<mark id="norm_group_361" xlink:href="#tok_361"/><!-- ⲉⲃⲟⲗ -->
<mark id="norm_group_362" xlink:href="#tok_362"/><!-- ϫⲉ -->
<mark id="norm_group_363" xlink:href="#xpointer(id('tok_363')/range-to(id('tok_364')))"/><!-- ⲛⲉϥ...ϩⲃⲏⲩⲉ -->
<mark id="norm_group_365" xlink:href="#xpointer(id('tok_365')/range-to(id('tok_366')))"/><!-- ϩⲉⲛ...ⲡⲟⲛⲏⲣⲟⲛ -->
<mark id="norm_group_367" xlink:href="#xpointer(id('tok_367')/range-to(id('tok_368')))"/><!-- ⲛⲉ...ϩⲃⲏⲩⲉ -->
<mark id="norm_group_369" xlink:href="#tok_369"/><!-- ⲇⲉ -->
<mark id="norm_group_370" xlink:href="#xpointer(id('tok_370')/range-to(id('tok_372')))"/><!-- ⲙ...ⲥⲟⲛ -->
<mark id="norm_group_373" xlink:href="#xpointer(id('tok_373')/range-to(id('tok_374')))"/><!-- ϩⲉⲛ...ⲇⲓⲕⲁⲓⲟⲛ -->
<mark id="norm_group_375" xlink:href="#tok_375"/><!-- ⲛⲉ -->
<mark id="norm_group_376" xlink:href="#xpointer(id('tok_376')/range-to(id('tok_377')))"/><!-- ⲙⲡⲣ...ⲣ -->
<mark id="norm_group_378" xlink:href="#tok_378"/><!-- ϣⲡⲏⲣⲉ -->
<mark id="norm_group_379" xlink:href="#xpointer(id('tok_379')/range-to(id('tok_380')))"/><!-- ⲛⲁ...ⲥⲛⲏⲩ -->
<mark id="norm_group_381" xlink:href="#tok_381"/><!-- ϫⲉ -->
<mark id="norm_group_382" xlink:href="#xpointer(id('tok_382')/range-to(id('tok_383')))"/><!-- ⲡ...ⲕⲟⲥⲙⲟⲥ -->
<mark id="norm_group_384" xlink:href="#tok_384"/><!-- ⲙⲟⲥⲧⲉ -->
<mark id="norm_group_385" xlink:href="#tok_385"/><!-- ⲙⲙⲟⲛ -->
<mark id="norm_group_386" xlink:href="#tok_386"/><!-- ⲁⲛⲟⲛ -->
<mark id="norm_group_387" xlink:href="#xpointer(id('tok_387')/range-to(id('tok_388')))"/><!-- ⲧⲛ...ⲥⲟⲟⲩⲛ -->
<mark id="norm_group_389" xlink:href="#tok_389"/><!-- ϫⲉ -->
<mark id="norm_group_390" xlink:href="#xpointer(id('tok_390')/range-to(id('tok_392')))"/><!-- ⲁ...ⲡⲱⲱⲛⲉ -->
<mark id="norm_group_393" xlink:href="#tok_393"/><!-- ⲉⲃⲟⲗ -->
<mark id="norm_group_394" xlink:href="#tok_394"/><!-- ϩⲙ -->
<mark id="norm_group_395" xlink:href="#xpointer(id('tok_395')/range-to(id('tok_396')))"/><!-- ⲡ...ⲙⲟⲩ -->
<mark id="norm_group_397" xlink:href="#tok_397"/><!-- ⲉϩⲟⲩⲛ -->
<mark id="norm_group_398" xlink:href="#xpointer(id('tok_398')/range-to(id('tok_400')))"/><!-- ⲉ...ⲱⲛϩ -->
<mark id="norm_group_401" xlink:href="#tok_401"/><!-- ϫⲉ -->
<mark id="norm_group_402" xlink:href="#xpointer(id('tok_402')/range-to(id('tok_403')))"/><!-- ⲧⲉⲛ...ⲙⲉ -->
<mark id="norm_group_404" xlink:href="#xpointer(id('tok_404')/range-to(id('tok_406')))"/><!-- ⲛ...ⲥⲛⲏⲩ -->
<mark id="norm_group_407" xlink:href="#tok_407"/><!-- ⲡⲉⲧⲉ -->
<mark id="norm_group_408" xlink:href="#xpointer(id('tok_408')/range-to(id('tok_410')))"/><!-- ⲛ...ⲙⲉ -->
<mark id="norm_group_411" xlink:href="#tok_411"/><!-- ⲁⲛ -->
<mark id="norm_group_412" xlink:href="#xpointer(id('tok_412')/range-to(id('tok_413')))"/><!-- ϥ...ϣⲟⲟⲡ -->
<mark id="norm_group_414" xlink:href="#tok_414"/><!-- ϩⲣⲁⲓ -->
<mark id="norm_group_415" xlink:href="#tok_415"/><!-- ϩⲙ -->
<mark id="norm_group_416" xlink:href="#xpointer(id('tok_416')/range-to(id('tok_417')))"/><!-- ⲡ...ⲙⲟⲩ -->
<mark id="norm_group_418" xlink:href="#tok_418"/><!-- ⲟⲩⲟⲛ -->
<mark id="norm_group_419" xlink:href="#tok_419"/><!-- ⲇⲉ -->
<mark id="norm_group_420" xlink:href="#tok_420"/><!-- ⲛⲓⲙ -->
<mark id="norm_group_421" xlink:href="#xpointer(id('tok_421')/range-to(id('tok_422')))"/><!-- ⲉⲧ...ⲙⲟⲥⲧⲉ -->
<mark id="norm_group_423" xlink:href="#xpointer(id('tok_423')/range-to(id('tok_425')))"/><!-- ⲙ...ⲥⲟⲛ -->
<mark id="norm_group_426" xlink:href="#tok_426"/><!-- ⲟⲩⲣⲉϥϩⲉⲧⲃ -->
<mark id="norm_group_427" xlink:href="#tok_427"/><!-- ⲣⲱⲙⲉ -->
<mark id="norm_group_428" xlink:href="#tok_428"/><!-- ⲡⲉ -->
<mark id="norm_group_429" xlink:href="#tok_429"/><!-- ⲁⲩⲱ -->
<mark id="norm_group_430" xlink:href="#xpointer(id('tok_430')/range-to(id('tok_431')))"/><!-- ⲧⲉⲧⲛ...ⲥⲟⲟⲩⲛ -->
<mark id="norm_group_432" xlink:href="#tok_432"/><!-- ϫⲉ -->
<mark id="norm_group_433" xlink:href="#tok_433"/><!-- ⲣⲉϥϩⲉⲧⲃ -->
<mark id="norm_group_434" xlink:href="#tok_434"/><!-- ⲣⲱⲙⲉ -->
<mark id="norm_group_435" xlink:href="#tok_435"/><!-- ⲛⲓⲙ -->
<mark id="norm_group_436" xlink:href="#xpointer(id('tok_436')/range-to(id('tok_437')))"/><!-- ⲙⲛⲧ...ϥ -->
<mark id="norm_group_438" xlink:href="#tok_438"/><!-- ⲙⲙⲁⲩ -->
<mark id="norm_group_439" xlink:href="#xpointer(id('tok_439')/range-to(id('tok_441')))"/><!-- ⲙ...ⲱⲛϩ -->
<mark id="norm_group_442" xlink:href="#tok_442"/><!-- ⲛϣⲁ -->
<mark id="norm_group_443" xlink:href="#tok_443"/><!-- ⲉⲛⲉϩ -->
<mark id="norm_group_444" xlink:href="#xpointer(id('tok_444')/range-to(id('tok_446')))"/><!-- ⲉ...ϣⲟⲟⲡ -->
<mark id="norm_group_447" xlink:href="#tok_447"/><!-- ϩⲣⲁⲓ -->
<mark id="norm_group_448" xlink:href="#xpointer(id('tok_448')/range-to(id('tok_449')))"/><!-- ⲛϩⲏⲧ...ϥ -->
<mark id="norm_group_450" xlink:href="#tok_450"/><!-- ϩⲙ -->
<mark id="norm_group_451" xlink:href="#tok_451"/><!-- ⲡⲁⲓ -->
<mark id="norm_group_452" xlink:href="#xpointer(id('tok_452')/range-to(id('tok_454')))"/><!-- ⲁ...ⲉⲓⲙⲉ -->
<mark id="norm_group_455" xlink:href="#xpointer(id('tok_455')/range-to(id('tok_457')))"/><!-- ⲉ...ⲁⲅⲁⲡⲏ -->
<mark id="norm_group_458" xlink:href="#tok_458"/><!-- ϫⲉ -->
<mark id="norm_group_459" xlink:href="#xpointer(id('tok_459')/range-to(id('tok_461')))"/><!-- ⲡ...ⲙⲙⲁⲩ -->
<mark id="norm_group_462" xlink:href="#xpointer(id('tok_462')/range-to(id('tok_466')))"/><!-- ⲡ...ⲕⲱ -->
<mark id="norm_group_467" xlink:href="#xpointer(id('tok_467')/range-to(id('tok_469')))"/><!-- ⲛ...ⲯⲩⲭⲏ -->
<mark id="norm_group_470" xlink:href="#xpointer(id('tok_470')/range-to(id('tok_471')))"/><!-- ϩⲁⲣⲟ...ⲛ -->
<mark id="norm_group_472" xlink:href="#tok_472"/><!-- ⲁⲛⲟⲛ -->
<mark id="norm_group_473" xlink:href="#tok_473"/><!-- ⲇⲉ -->
<mark id="norm_group_474" xlink:href="#xpointer(id('tok_474')/range-to(id('tok_475')))"/><!-- ϩⲱⲱ...ⲛ -->
<mark id="norm_group_476" xlink:href="#tok_476"/><!-- ϣϣⲉ -->
<mark id="norm_group_477" xlink:href="#xpointer(id('tok_477')/range-to(id('tok_478')))"/><!-- ⲉⲣⲟ...ⲛ -->
<mark id="norm_group_479" xlink:href="#xpointer(id('tok_479')/range-to(id('tok_480')))"/><!-- ⲉ...ⲕⲱ -->
<mark id="norm_group_481" xlink:href="#tok_481"/><!-- ⲛⲛⲙⲯⲩⲭⲏ -->
<mark id="norm_group_482" xlink:href="#tok_482"/><!-- ϩⲁ -->
<mark id="norm_group_483" xlink:href="#xpointer(id('tok_483')/range-to(id('tok_484')))"/><!-- ⲛⲉⲛ...ⲥⲛⲏⲩ -->
<mark id="norm_group_485" xlink:href="#tok_485"/><!-- ⲡⲉⲧⲉ -->
<mark id="norm_group_486" xlink:href="#xpointer(id('tok_486')/range-to(id('tok_487')))"/><!-- ⲟⲩⲛⲧⲁ...ϥ -->
<mark id="norm_group_488" xlink:href="#tok_488"/><!-- ⲙⲙⲁⲩ -->
<mark id="norm_group_489" xlink:href="#xpointer(id('tok_489')/range-to(id('tok_491')))"/><!-- ⲙ...ⲃⲓⲟⲥ -->
<mark id="norm_group_492" xlink:href="#xpointer(id('tok_492')/range-to(id('tok_494')))"/><!-- ⲙ...ⲕⲟⲥⲙⲟⲥ -->
<mark id="norm_group_495" xlink:href="#xpointer(id('tok_495')/range-to(id('tok_497')))"/><!-- ⲛ...ⲛⲁⲩ -->
<mark id="norm_group_498" xlink:href="#xpointer(id('tok_498')/range-to(id('tok_500')))"/><!-- ⲉ...ⲥⲟⲛ -->
<mark id="norm_group_501" xlink:href="#tok_501"/><!-- ⲉϥⲣϭⲣⲟϩ -->
<mark id="norm_group_502" xlink:href="#xpointer(id('tok_502')/range-to(id('tok_506')))"/><!-- ⲛ...ⲛ -->
<mark id="norm_group_507" xlink:href="#tok_507"/><!-- ϩⲧⲏϥ -->
<mark id="norm_group_508" xlink:href="#tok_508"/><!-- ⲉϩⲣⲁⲓ -->
<mark id="norm_group_509" xlink:href="#xpointer(id('tok_509')/range-to(id('tok_510')))"/><!-- ⲉϫⲱ...ϥ -->
<mark id="norm_group_511" xlink:href="#xpointer(id('tok_511')/range-to(id('tok_512')))"/><!-- ⲛ...ⲁϣ -->
<mark id="norm_group_513" xlink:href="#xpointer(id('tok_513')/range-to(id('tok_515')))"/><!-- ⲉ...ϩⲉ -->
<mark id="norm_group_516" xlink:href="#xpointer(id('tok_516')/range-to(id('tok_517')))"/><!-- ⲧ...ⲁⲅⲁⲡⲏ -->
<mark id="norm_group_518" xlink:href="#xpointer(id('tok_518')/range-to(id('tok_520')))"/><!-- ⲙ...ⲛⲟⲩⲧⲉ -->
<mark id="norm_group_521" xlink:href="#tok_521"/><!-- ϣⲟⲟⲡ -->
<mark id="norm_group_522" xlink:href="#tok_522"/><!-- ϩⲣⲁⲓ -->
<mark id="norm_group_523" xlink:href="#xpointer(id('tok_523')/range-to(id('tok_524')))"/><!-- ⲛϩⲏⲧ...ϥ -->
<mark id="norm_group_525" xlink:href="#tok_525"/><!-- . -->
<mark id="norm_group_526" xlink:href="#xpointer(id('tok_526')/range-to(id('tok_527')))"/><!-- ⲛⲁ...ϣⲏⲣⲉ -->
<mark id="norm_group_528" xlink:href="#tok_528"/><!-- ⲙⲡⲉⲣⲧⲉⲣⲉⲛⲙⲉ -->
<mark id="norm_group_529" xlink:href="#tok_529"/><!-- ϩⲙ -->
<mark id="norm_group_530" xlink:href="#xpointer(id('tok_530')/range-to(id('tok_531')))"/><!-- ⲡ...ϣⲁϫⲉ -->
<mark id="norm_group_532" xlink:href="#tok_532"/><!-- ⲟⲩⲇⲉ -->
<mark id="norm_group_533" xlink:href="#tok_533"/><!-- ϩⲙ -->
<mark id="norm_group_534" xlink:href="#xpointer(id('tok_534')/range-to(id('tok_535')))"/><!-- ⲡ...ⲗⲁⲥ -->
<mark id="norm_group_536" xlink:href="#tok_536"/><!-- ⲁⲗⲗⲁ -->
<mark id="norm_group_537" xlink:href="#tok_537"/><!-- ϩⲙ -->
<mark id="norm_group_538" xlink:href="#xpointer(id('tok_538')/range-to(id('tok_539')))"/><!-- ⲡ...ϩⲱⲃ -->
<mark id="norm_group_540" xlink:href="#tok_540"/><!-- ⲙⲛ -->
<mark id="norm_group_541" xlink:href="#xpointer(id('tok_541')/range-to(id('tok_542')))"/><!-- ⲧ...ⲙⲉ -->
<mark id="norm_group_543" xlink:href="#tok_543"/><!-- ⲁⲩⲱ -->
<mark id="norm_group_544" xlink:href="#tok_544"/><!-- ϩⲙ -->
<mark id="norm_group_545" xlink:href="#tok_545"/><!-- ⲡⲁⲓ -->
<mark id="norm_group_546" xlink:href="#tok_546"/><!-- ⲧⲉⲛⲛⲁⲉⲓⲙⲉ -->
<mark id="norm_group_547" xlink:href="#tok_547"/><!-- ϫⲉ -->
<mark id="norm_group_548" xlink:href="#tok_548"/><!-- ⲁⲛⲟⲛ -->
<mark id="norm_group_549" xlink:href="#xpointer(id('tok_549')/range-to(id('tok_550')))"/><!-- ϩⲉⲛ...ⲃⲟⲗ -->
<mark id="norm_group_551" xlink:href="#tok_551"/><!-- ⲏⲛ -->
<mark id="norm_group_552" xlink:href="#xpointer(id('tok_552')/range-to(id('tok_553')))"/><!-- ⲧ...ⲙⲉ -->
<mark id="norm_group_554" xlink:href="#tok_554"/><!-- ⲁⲩⲱ -->
<mark id="norm_group_555" xlink:href="#xpointer(id('tok_555')/range-to(id('tok_557')))"/><!-- ⲧⲛ...ⲡⲉⲓⲑⲉ -->
<mark id="norm_group_558" xlink:href="#xpointer(id('tok_558')/range-to(id('tok_560')))"/><!-- ⲙ...ϩⲏⲧ -->
<mark id="norm_group_561" xlink:href="#xpointer(id('tok_561')/range-to(id('tok_563')))"/><!-- ⲙ...ⲙⲧⲟ -->
<mark id="norm_group_564" xlink:href="#tok_564"/><!-- ⲉⲃⲟⲗ -->
<mark id="norm_group_565" xlink:href="#tok_565"/><!-- ϫⲉ -->
<mark id="norm_group_566" xlink:href="#tok_566"/><!-- ⲉⲣϣⲁⲛⲡⲉⲛϩⲏⲧ -->
<mark id="norm_group_567" xlink:href="#xpointer(id('tok_567')/range-to(id('tok_568')))"/><!-- ϭⲉⲛ...ⲛ -->
<mark id="norm_group_569" xlink:href="#tok_569"/><!-- ⲁⲣⲓⲕⲉ -->
<mark id="norm_group_570" xlink:href="#xpointer(id('tok_570')/range-to(id('tok_571')))"/><!-- ⲉⲣⲟ...ⲛ -->
<mark id="norm_group_572" xlink:href="#xpointer(id('tok_572')/range-to(id('tok_573')))"/><!-- ⲡ...ⲛⲟⲩⲧⲉ -->
<mark id="norm_group_574" xlink:href="#tok_574"/><!-- ⲟ -->
<mark id="norm_group_575" xlink:href="#xpointer(id('tok_575')/range-to(id('tok_576')))"/><!-- ⲛ...ⲛⲟϭ -->
<mark id="norm_group_577" xlink:href="#xpointer(id('tok_577')/range-to(id('tok_579')))"/><!-- ⲉ...ϩⲏⲧ -->
<mark id="norm_group_580" xlink:href="#tok_580"/><!-- ⲁⲩⲱ -->
<mark id="norm_group_581" xlink:href="#xpointer(id('tok_581')/range-to(id('tok_582')))"/><!-- ϥ...ⲥⲟⲟⲩⲛ -->
<mark id="norm_group_583" xlink:href="#xpointer(id('tok_583')/range-to(id('tok_584')))"/><!-- ⲛ...ϩⲱⲃ -->
<mark id="norm_group_585" xlink:href="#tok_585"/><!-- ⲛⲓⲙ -->
<mark id="norm_group_586" xlink:href="#xpointer(id('tok_586')/range-to(id('tok_587')))"/><!-- ⲛⲁ...ⲙⲉⲣⲁⲧⲉ -->
<mark id="norm_group_588" xlink:href="#tok_588"/><!-- ⲉⲣⲧⲙⲡⲉⲛϩⲏⲧ -->
<mark id="norm_group_589" xlink:href="#xpointer(id('tok_589')/range-to(id('tok_590')))"/><!-- ϭⲉⲛ...ⲛ -->
<mark id="norm_group_591" xlink:href="#tok_591"/><!-- ⲁⲣⲓⲕⲉ -->
<mark id="norm_group_592" xlink:href="#xpointer(id('tok_592')/range-to(id('tok_593')))"/><!-- ⲉⲣⲟ...ⲛ -->
<mark id="norm_group_594" xlink:href="#xpointer(id('tok_594')/range-to(id('tok_595')))"/><!-- ⲟⲩⲛⲧⲁ...ⲛ -->
<mark id="norm_group_596" xlink:href="#xpointer(id('tok_596')/range-to(id('tok_597')))"/><!-- ⲙⲙⲟ...ⲟⲩ -->
<mark id="norm_group_598" xlink:href="#xpointer(id('tok_598')/range-to(id('tok_600')))"/><!-- ⲛ...ⲡⲁⲣⲣⲏⲥⲓⲁ -->
<mark id="norm_group_601" xlink:href="#tok_601"/><!-- ⲛⲁϩⲣⲙ -->
<mark id="norm_group_602" xlink:href="#xpointer(id('tok_602')/range-to(id('tok_603')))"/><!-- ⲡ...ⲛⲟⲩⲧⲉ -->
<mark id="norm_group_604" xlink:href="#tok_604"/><!-- ⲁⲩⲱ -->
<mark id="norm_group_605" xlink:href="#xpointer(id('tok_605')/range-to(id('tok_608')))"/><!-- ⲡ...ⲁⲓⲧⲉⲓ -->
<mark id="norm_group_609" xlink:href="#xpointer(id('tok_609')/range-to(id('tok_610')))"/><!-- ⲙⲙⲟ...ϥ -->
<mark id="norm_group_611" xlink:href="#xpointer(id('tok_611')/range-to(id('tok_614')))"/><!-- ⲧⲛ...ϥ -->
<mark id="norm_group_615" xlink:href="#tok_615"/><!-- ⲉⲃⲟⲗ -->
<mark id="norm_group_616" xlink:href="#xpointer(id('tok_616')/range-to(id('tok_617')))"/><!-- ϩⲓⲧⲟⲟⲧ...ϥ -->
<mark id="norm_group_618" xlink:href="#tok_618"/><!-- ϫⲉ -->
<mark id="norm_group_619" xlink:href="#xpointer(id('tok_619')/range-to(id('tok_620')))"/><!-- ⲧⲛ...ϩⲁⲣⲉϩ -->
<mark id="norm_group_621" xlink:href="#xpointer(id('tok_621')/range-to(id('tok_623')))"/><!-- ⲛ...ⲉⲛⲧⲟⲗⲏ -->
<mark id="norm_group_624" xlink:href="#tok_624"/><!-- ⲁⲩⲱ -->
<mark id="norm_group_625" xlink:href="#tok_625"/><!-- ⲧⲉⲛⲉⲓⲣⲉ -->
<mark id="norm_group_626" xlink:href="#xpointer(id('tok_626')/range-to(id('tok_629')))"/><!-- ⲙ...ⲉⲣ -->
<mark id="norm_group_630" xlink:href="#tok_630"/><!-- ⲁⲛⲁϥ -->
<mark id="norm_group_631" xlink:href="#xpointer(id('tok_631')/range-to(id('tok_633')))"/><!-- ⲙ...ⲙⲧⲟ -->
<mark id="norm_group_634" xlink:href="#tok_634"/><!-- ⲉⲃⲟⲗ -->
<mark id="norm_group_635" xlink:href="#tok_635"/><!-- ⲁⲩⲱ -->
<mark id="norm_group_636" xlink:href="#tok_636"/><!-- ⲧⲁⲓ -->
<mark id="norm_group_637" xlink:href="#tok_637"/><!-- ⲧⲉ -->
<mark id="norm_group_638" xlink:href="#xpointer(id('tok_638')/range-to(id('tok_639')))"/><!-- ⲧⲉϥ...ⲉⲛⲧⲟⲗⲏ -->
<mark id="norm_group_640" xlink:href="#tok_640"/><!-- ϫⲉⲕⲁⲁⲥ -->
<mark id="norm_group_641" xlink:href="#tok_641"/><!-- ⲉⲛⲁⲡⲓⲥⲧⲉⲩⲉ -->
<mark id="norm_group_642" xlink:href="#xpointer(id('tok_642')/range-to(id('tok_644')))"/><!-- ⲉ...ⲣⲁⲛ -->
<mark id="norm_group_645" xlink:href="#xpointer(id('tok_645')/range-to(id('tok_647')))"/><!-- ⲙ...ϣⲏⲣⲉ -->
<mark id="norm_group_648" xlink:href="#tok_648"/><!-- ⲓⲏⲥⲟⲩⲥ -->
<mark id="norm_group_649" xlink:href="#xpointer(id('tok_649')/range-to(id('tok_650')))"/><!-- ⲡⲉ...ⲭⲣⲓⲥⲧⲟⲥ -->
<mark id="norm_group_651" xlink:href="#tok_651"/><!-- ⲁⲩⲱ -->
<mark id="norm_group_652" xlink:href="#tok_652"/><!-- ⲧⲉⲛⲙⲉⲣⲓ -->
<mark id="norm_group_653" xlink:href="#xpointer(id('tok_653')/range-to(id('tok_654')))"/><!-- ⲛⲉⲛ...ⲉⲣⲏⲩ -->
<mark id="norm_group_655" xlink:href="#tok_655"/><!-- ⲕⲁⲧⲁ -->
<mark id="norm_group_656" xlink:href="#xpointer(id('tok_656')/range-to(id('tok_657')))"/><!-- ⲧ...ϩⲉ -->
<mark id="norm_group_658" xlink:href="#xpointer(id('tok_658')/range-to(id('tok_661')))"/><!-- ⲛⲧ...ϩⲱⲛ -->
<mark id="norm_group_662" xlink:href="#xpointer(id('tok_662')/range-to(id('tok_663')))"/><!-- ⲉⲧⲟⲟⲧ...ⲛ -->
<mark id="norm_group_664" xlink:href="#tok_664"/><!-- ⲁⲩⲱ -->
<mark id="norm_group_665" xlink:href="#xpointer(id('tok_665')/range-to(id('tok_668')))"/><!-- ⲡ...ϩⲁⲣⲉϩ -->
<mark id="norm_group_669" xlink:href="#xpointer(id('tok_669')/range-to(id('tok_671')))"/><!-- ⲛ...ⲉⲛⲧⲟⲗⲏ -->
<mark id="norm_group_672" xlink:href="#xpointer(id('tok_672')/range-to(id('tok_673')))"/><!-- ϥ...ϣⲟⲟⲡ -->
<mark id="norm_group_674" xlink:href="#tok_674"/><!-- ϩⲣⲁⲓ -->
<mark id="norm_group_675" xlink:href="#xpointer(id('tok_675')/range-to(id('tok_676')))"/><!-- ⲛϩⲏⲧ...ϥ -->
<mark id="norm_group_677" xlink:href="#tok_677"/><!-- ⲁⲩⲱ -->
<mark id="norm_group_678" xlink:href="#xpointer(id('tok_678')/range-to(id('tok_680')))"/><!-- ⲛ...ⲁϥ -->
<mark id="norm_group_681" xlink:href="#xpointer(id('tok_681')/range-to(id('tok_682')))"/><!-- ϩⲱⲱ...ϥ -->
<mark id="norm_group_683" xlink:href="#xpointer(id('tok_683')/range-to(id('tok_684')))"/><!-- ϥ...ⲟⲩⲏϩ -->
<mark id="norm_group_685" xlink:href="#tok_685"/><!-- ⲉϩⲣⲁⲓ -->
<mark id="norm_group_686" xlink:href="#xpointer(id('tok_686')/range-to(id('tok_687')))"/><!-- ⲛϩⲏⲧ...ϥ -->
<mark id="norm_group_688" xlink:href="#tok_688"/><!-- ϩⲙ -->
<mark id="norm_group_689" xlink:href="#tok_689"/><!-- ⲡⲁⲓ -->
<mark id="norm_group_690" xlink:href="#tok_690"/><!-- ⲧⲉⲛⲉⲓⲙⲉ -->
<mark id="norm_group_691" xlink:href="#tok_691"/><!-- ϫⲉ -->
<mark id="norm_group_692" xlink:href="#xpointer(id('tok_692')/range-to(id('tok_693')))"/><!-- ϥ...ϣⲟⲟⲡ -->
<mark id="norm_group_694" xlink:href="#tok_694"/><!-- ϩⲣⲁⲓ -->
<mark id="norm_group_695" xlink:href="#xpointer(id('tok_695')/range-to(id('tok_696')))"/><!-- ⲛϩⲏⲧ...ⲛ -->
<mark id="norm_group_697" xlink:href="#tok_697"/><!-- ⲉⲃⲟⲗ -->
<mark id="norm_group_698" xlink:href="#tok_698"/><!-- ϩⲙ -->
<mark id="norm_group_699" xlink:href="#xpointer(id('tok_699')/range-to(id('tok_700')))"/><!-- ⲡⲉ...ⲡⲛⲉⲩⲙⲁ -->
<mark id="norm_group_701" xlink:href="#xpointer(id('tok_701')/range-to(id('tok_705')))"/><!-- ⲛⲧ...ϥ -->
<mark id="norm_group_706" xlink:href="#xpointer(id('tok_706')/range-to(id('tok_707')))"/><!-- ⲛⲁ...ⲛ -->
<mark id="norm_group_708" xlink:href="#tok_708"/><!-- . -->
</markList>
</paula>
