<?xml version="1.0" encoding="UTF-8" standalone="no"?>

<!DOCTYPE paula SYSTEM "paula_mark.dtd">
<paula version="1.0">

<header paula_id="sahidica.nt.1_John_3_translationSeg"/>

<markList xmlns:xlink="http://www.w3.org/1999/xlink" type="translationSeg" xml:base="sahidica.nt.1_John_3.tok.xml">
<mark id="translation_1" xlink:href="#xpointer(id('tok_1')/range-to(id('tok_45')))"/><!-- ⲁ.... -->
<mark id="translation_46" xlink:href="#xpointer(id('tok_46')/range-to(id('tok_91')))"/><!-- ⲛⲁ...ⲥ -->
<mark id="translation_92" xlink:href="#xpointer(id('tok_92')/range-to(id('tok_115')))"/><!-- ⲁⲩⲱ...ⲥ -->
<mark id="translation_116" xlink:href="#xpointer(id('tok_116')/range-to(id('tok_132')))"/><!-- ⲟⲩⲟⲛ...ⲁⲛⲟⲙⲓⲁ -->
<mark id="translation_133" xlink:href="#xpointer(id('tok_133')/range-to(id('tok_149')))"/><!-- ⲁⲩⲱ...ϥ -->
<mark id="translation_150" xlink:href="#xpointer(id('tok_150')/range-to(id('tok_175')))"/><!-- ⲟⲩⲟⲛ...ϥ -->
<mark id="translation_176" xlink:href="#xpointer(id('tok_176')/range-to(id('tok_200')))"/><!-- ⲛⲁ.... -->
<mark id="translation_201" xlink:href="#xpointer(id('tok_201')/range-to(id('tok_236')))"/><!-- ⲡ...ⲇⲓⲁⲃⲟⲗⲟⲥ -->
<mark id="translation_237" xlink:href="#xpointer(id('tok_237')/range-to(id('tok_276')))"/><!-- ⲟⲩⲟⲛ...ⲛⲟⲩⲧⲉ -->
<mark id="translation_277" xlink:href="#xpointer(id('tok_277')/range-to(id('tok_316')))"/><!-- ϩⲙ...ⲥⲟⲛ -->
<mark id="translation_317" xlink:href="#xpointer(id('tok_317')/range-to(id('tok_335')))"/><!-- ϫⲉ...ⲉⲣⲏⲩ -->
<mark id="translation_336" xlink:href="#xpointer(id('tok_336')/range-to(id('tok_375')))"/><!-- ⲕⲁⲧⲁ...ⲛⲉ -->
<mark id="translation_376" xlink:href="#xpointer(id('tok_376')/range-to(id('tok_385')))"/><!-- ⲙⲡⲣ...ⲙⲙⲟⲛ -->
<mark id="translation_386" xlink:href="#xpointer(id('tok_386')/range-to(id('tok_417')))"/><!-- ⲁⲛⲟⲛ...ⲙⲟⲩ -->
<mark id="translation_418" xlink:href="#xpointer(id('tok_418')/range-to(id('tok_449')))"/><!-- ⲟⲩⲟⲛ...ϥ -->
<mark id="translation_450" xlink:href="#xpointer(id('tok_450')/range-to(id('tok_484')))"/><!-- ϩⲙ...ⲥⲛⲏⲩ -->
<mark id="translation_485" xlink:href="#xpointer(id('tok_485')/range-to(id('tok_525')))"/><!-- ⲡⲉⲧⲉ.... -->
<mark id="translation_526" xlink:href="#xpointer(id('tok_526')/range-to(id('tok_542')))"/><!-- ⲛⲁ...ⲙⲉ -->
<mark id="translation_543" xlink:href="#xpointer(id('tok_543')/range-to(id('tok_564')))"/><!-- ⲁⲩⲱ...ⲉⲃⲟⲗ -->
<mark id="translation_565" xlink:href="#xpointer(id('tok_565')/range-to(id('tok_585')))"/><!-- ϫⲉ...ⲛⲓⲙ -->
<mark id="translation_586" xlink:href="#xpointer(id('tok_586')/range-to(id('tok_603')))"/><!-- ⲛⲁ...ⲛⲟⲩⲧⲉ -->
<mark id="translation_604" xlink:href="#xpointer(id('tok_604')/range-to(id('tok_634')))"/><!-- ⲁⲩⲱ...ⲉⲃⲟⲗ -->
<mark id="translation_635" xlink:href="#xpointer(id('tok_635')/range-to(id('tok_663')))"/><!-- ⲁⲩⲱ...ⲛ -->
<mark id="translation_664" xlink:href="#xpointer(id('tok_664')/range-to(id('tok_708')))"/><!-- ⲁⲩⲱ.... -->
</markList>
</paula>
