<?xml version="1.0" encoding="UTF-8" standalone="no"?>

<!DOCTYPE paula SYSTEM "paula_feat.dtd">
<paula version="1.0">

<header paula_id="sahidica.nt.1_John_3_translation"/>

<featList xmlns:xlink="http://www.w3.org/1999/xlink" type="translation" xml:base="sahidica.nt.1_John_3.translationSeg.xml">
<feat xlink:href="#translation_1" value="Behold, how great a love the Father has bestowed on us, that we should be called children of God! For this cause the world doesn&apos;t know us, because it didn&apos;t know him."/><!-- ⲁ.... -->
<feat xlink:href="#translation_46" value="Beloved, now we are children of God, and it is not yet revealed what we will be. But we know that, when he is revealed, we will be like him; for we will see him just as he is."/><!-- ⲛⲁ...ⲥ -->
<feat xlink:href="#translation_92" value="Everyone who has this hope set on him purifies himself, even as he is pure."/><!-- ⲁⲩⲱ...ⲥ -->
<feat xlink:href="#translation_116" value="Everyone who sins also commits lawlessness. Sin is lawlessness."/><!-- ⲟⲩⲟⲛ...ⲁⲛⲟⲙⲓⲁ -->
<feat xlink:href="#translation_133" value="You know that he was revealed to take away our sins, and in him is no sin."/><!-- ⲁⲩⲱ...ϥ -->
<feat xlink:href="#translation_150" value="Whoever remains in him doesn&apos;t sin. Whoever sins hasn&apos;t seen him, neither knows him."/><!-- ⲟⲩⲟⲛ...ϥ -->
<feat xlink:href="#translation_176" value="Little children, let no one lead you astray. He who does righteousness is righteous, even as he is righteous."/><!-- ⲛⲁ.... -->
<feat xlink:href="#translation_201" value="He who sins is of the devil, for the devil has been sinning from the beginning. To this end the Son of God was revealed, that he might destroy the works of the devil."/><!-- ⲡ...ⲇⲓⲁⲃⲟⲗⲟⲥ -->
<feat xlink:href="#translation_237" value="Whoever is born of God doesn&apos;t commit sin, because his seed remains in him; and he can&apos;t sin, because he is born of God."/><!-- ⲟⲩⲟⲛ...ⲛⲟⲩⲧⲉ -->
<feat xlink:href="#translation_277" value="In this the children of God are revealed, and the children of the devil. Whoever doesn&apos;t do righteousness is not of God, neither is he who doesn&apos;t love his brother."/><!-- ϩⲙ...ⲥⲟⲛ -->
<feat xlink:href="#translation_317" value="For this is the message which you heard from the beginning, that we should love one another;"/><!-- ϫⲉ...ⲉⲣⲏⲩ -->
<feat xlink:href="#translation_336" value="unlike Cain, who was of the evil one, and killed his brother. Why did he kill him? Because his works were evil, and his brother&apos;s righteous."/><!-- ⲕⲁⲧⲁ...ⲛⲉ -->
<feat xlink:href="#translation_376" value="Don&apos;t be surprised, my brothers, if the world hates you."/><!-- ⲙⲡⲣ...ⲙⲙⲟⲛ -->
<feat xlink:href="#translation_386" value="We know that we have passed out of death into life, because we love the brothers. He who doesn&apos;t love his brother remains in death."/><!-- ⲁⲛⲟⲛ...ⲙⲟⲩ -->
<feat xlink:href="#translation_418" value="Whoever hates his brother is a murderer, and you know that no murderer has eternal life remaining in him."/><!-- ⲟⲩⲟⲛ...ϥ -->
<feat xlink:href="#translation_450" value="By this we know love, because he laid down his life for us. And we ought to lay down our lives for the brothers."/><!-- ϩⲙ...ⲥⲛⲏⲩ -->
<feat xlink:href="#translation_485" value="But whoever has the world&apos;s goods, and sees his brother in need, and closes his heart of compassion against him, how does the love of God remain in him?"/><!-- ⲡⲉⲧⲉ.... -->
<feat xlink:href="#translation_526" value="My little children, let&apos;s not love in word only, neither with the tongue only, but in deed and truth."/><!-- ⲛⲁ...ⲙⲉ -->
<feat xlink:href="#translation_543" value="And by this we know that we are of the truth, and persuade our hearts before him,"/><!-- ⲁⲩⲱ...ⲉⲃⲟⲗ -->
<feat xlink:href="#translation_565" value="because if our heart condemns us, God is greater than our heart, and knows all things."/><!-- ϫⲉ...ⲛⲓⲙ -->
<feat xlink:href="#translation_586" value="Beloved, if our hearts don&apos;t condemn us, we have boldness toward God;"/><!-- ⲛⲁ...ⲛⲟⲩⲧⲉ -->
<feat xlink:href="#translation_604" value="and whatever we ask, we receive from him, because we keep his commandments and do the things that are pleasing in his sight."/><!-- ⲁⲩⲱ...ⲉⲃⲟⲗ -->
<feat xlink:href="#translation_635" value="This is his commandment, that we should believe in the name of his Son, Jesus Christ, and love one another, even as he commanded."/><!-- ⲁⲩⲱ...ⲛ -->
<feat xlink:href="#translation_664" value="He who keeps his commandments remains in him, and he in him. By this we know that he remains in us, by the Spirit which he gave us."/><!-- ⲁⲩⲱ.... -->
</featList>
</paula>
