<?xml version="1.0" encoding="UTF-8" standalone="no"?>

<!DOCTYPE paula SYSTEM "paula_mark.dtd">
<paula version="1.0">

<header paula_id="sahidica.nt.1_John_3_origSeg"/>

<markList xmlns:xlink="http://www.w3.org/1999/xlink" type="origSeg" xml:base="sahidica.nt.1_John_3.tok.xml">
<mark id="orig_1" xlink:href="#tok_1"/><!-- ⲁ -->
<mark id="orig_2" xlink:href="#tok_2"/><!-- ⲛ -->
<mark id="orig_3" xlink:href="#tok_3"/><!-- ⲛⲁⲩ -->
<mark id="orig_4" xlink:href="#tok_4"/><!-- ϫⲉ -->
<mark id="orig_5" xlink:href="#tok_5"/><!-- ⲟⲩⲁϣ -->
<mark id="orig_6" xlink:href="#tok_6"/><!-- ⲛ -->
<mark id="orig_7" xlink:href="#tok_7"/><!-- ϭⲟⲧ -->
<mark id="orig_8" xlink:href="#tok_8"/><!-- ⲧⲉ -->
<mark id="orig_9" xlink:href="#tok_9"/><!-- ⲧ -->
<mark id="orig_10" xlink:href="#tok_10"/><!-- ⲁⲅⲁⲡⲏ -->
<mark id="orig_11" xlink:href="#tok_11"/><!-- ⲛⲧ -->
<mark id="orig_12" xlink:href="#tok_12"/><!-- ⲁ -->
<mark id="orig_13" xlink:href="#tok_13"/><!-- ⲡ -->
<mark id="orig_14" xlink:href="#tok_14"/><!-- ⲉⲓⲱⲧ -->
<mark id="orig_15" xlink:href="#tok_15"/><!-- ⲧⲁ -->
<mark id="orig_16" xlink:href="#tok_16"/><!-- ⲁⲥ -->
<mark id="orig_17" xlink:href="#tok_17"/><!-- ⲛⲁ -->
<mark id="orig_18" xlink:href="#tok_18"/><!-- ⲛ -->
<mark id="orig_19" xlink:href="#tok_19"/><!-- ϫⲉⲕⲁⲁⲥ -->
<mark id="orig_20" xlink:href="#tok_20"/><!-- ⲉⲩⲉ -->
<mark id="orig_21" xlink:href="#tok_21"/><!-- ⲙⲟⲩⲧⲉ -->
<mark id="orig_22" xlink:href="#tok_22"/><!-- ⲉⲣⲟ -->
<mark id="orig_23" xlink:href="#tok_23"/><!-- ⲛ -->
<mark id="orig_24" xlink:href="#tok_24"/><!-- ϫⲉ -->
<mark id="orig_25" xlink:href="#tok_25"/><!-- ⲛⲛⲉϣⲏⲣⲉ -->
<mark id="orig_26" xlink:href="#tok_26"/><!-- ⲙ -->
<mark id="orig_27" xlink:href="#tok_27"/><!-- ⲡ -->
<mark id="orig_28" xlink:href="#tok_28"/><!-- ⲛⲟⲩⲧⲉ -->
<mark id="orig_29" xlink:href="#tok_29"/><!-- ⲁⲩⲱ -->
<mark id="orig_30" xlink:href="#tok_30"/><!-- ⲁⲛⲟⲛ -->
<mark id="orig_31" xlink:href="#tok_31"/><!-- ⲡⲉ -->
<mark id="orig_32" xlink:href="#tok_32"/><!-- ⲉⲧⲃⲉ -->
<mark id="orig_33" xlink:href="#tok_33"/><!-- ⲡⲁⲓ -->
<mark id="orig_34" xlink:href="#tok_34"/><!-- ⲙ -->
<mark id="orig_35" xlink:href="#tok_35"/><!-- ⲡ -->
<mark id="orig_36" xlink:href="#tok_36"/><!-- ⲕⲟⲥⲙⲟⲥ -->
<mark id="orig_37" xlink:href="#tok_37"/><!-- ⲥⲟⲟⲩⲛ -->
<mark id="orig_38" xlink:href="#tok_38"/><!-- ⲙⲙⲟⲛ -->
<mark id="orig_39" xlink:href="#tok_39"/><!-- ⲁⲛ -->
<mark id="orig_40" xlink:href="#tok_40"/><!-- ϫⲉ -->
<mark id="orig_41" xlink:href="#tok_41"/><!-- ⲙⲡⲉ -->
<mark id="orig_42" xlink:href="#tok_42"/><!-- ϥ -->
<mark id="orig_43" xlink:href="#tok_43"/><!-- ⲥⲟⲩⲱⲛ -->
<mark id="orig_44" xlink:href="#tok_44"/><!-- ϥ -->
<mark id="orig_45" xlink:href="#tok_45"/><!-- . -->
<mark id="orig_46" xlink:href="#tok_46"/><!-- ⲛⲁ -->
<mark id="orig_47" xlink:href="#tok_47"/><!-- ⲙⲉⲣⲁⲧⲉ -->
<mark id="orig_48" xlink:href="#tok_48"/><!-- ⲧⲉⲛⲟⲩ -->
<mark id="orig_49" xlink:href="#tok_49"/><!-- ⲁⲛⲟⲛ -->
<mark id="orig_50" xlink:href="#tok_50"/><!-- ⲛⲉϣⲏⲣⲉ -->
<mark id="orig_51" xlink:href="#tok_51"/><!-- ⲙ -->
<mark id="orig_52" xlink:href="#tok_52"/><!-- ⲡ -->
<mark id="orig_53" xlink:href="#tok_53"/><!-- ⲛⲟⲩⲧⲉ -->
<mark id="orig_54" xlink:href="#tok_54"/><!-- ⲁⲩⲱ -->
<mark id="orig_55" xlink:href="#tok_55"/><!-- ⲙⲡⲁⲧ -->
<mark id="orig_56" xlink:href="#tok_56"/><!-- ϥ -->
<mark id="orig_57" xlink:href="#tok_57"/><!-- ⲟⲩⲱⲛϩ -->
<mark id="orig_58" xlink:href="#tok_58"/><!-- ⲉⲃⲟⲗ -->
<mark id="orig_59" xlink:href="#tok_59"/><!-- ϫⲉ -->
<mark id="orig_60" xlink:href="#tok_60"/><!-- ⲛ -->
<mark id="orig_61" xlink:href="#tok_61"/><!-- ⲛⲁ -->
<mark id="orig_62" xlink:href="#tok_62"/><!-- ⲣ -->
<mark id="orig_63" xlink:href="#tok_63"/><!-- ⲁϣ -->
<mark id="orig_64" xlink:href="#tok_64"/><!-- ⲉ -->
<mark id="orig_65" xlink:href="#tok_65"/><!-- ⲛ -->
<mark id="orig_66" xlink:href="#tok_66"/><!-- ϩⲉ -->
<mark id="orig_67" xlink:href="#tok_67"/><!-- ⲧⲉⲧⲛ -->
<mark id="orig_68" xlink:href="#tok_68"/><!-- ⲥⲟⲟⲩⲛ -->
<mark id="orig_69" xlink:href="#tok_69"/><!-- ϫⲉ -->
<mark id="orig_70" xlink:href="#tok_70"/><!-- ⲉϥϣⲁⲛ -->
<mark id="orig_71" xlink:href="#tok_71"/><!-- ⲟⲩⲱⲛϩ -->
<mark id="orig_72" xlink:href="#tok_72"/><!-- ⲉⲃⲟⲗ -->
<mark id="orig_73" xlink:href="#tok_73"/><!-- ⲧⲉⲛⲛⲁϣⲱⲡⲉ -->
<mark id="orig_74" xlink:href="#tok_74"/><!-- ⲉ -->
<mark id="orig_75" xlink:href="#tok_75"/><!-- ⲛ -->
<mark id="orig_76" xlink:href="#tok_76"/><!-- ⲉⲓⲛⲉ -->
<mark id="orig_77" xlink:href="#tok_77"/><!-- ⲙⲙⲟ -->
<mark id="orig_78" xlink:href="#tok_78"/><!-- ϥ -->
<mark id="orig_79" xlink:href="#tok_79"/><!-- ϫⲉ -->
<mark id="orig_80" xlink:href="#tok_80"/><!-- ⲧⲛ -->
<mark id="orig_81" xlink:href="#tok_81"/><!-- ⲛⲁⲩ -->
<mark id="orig_82" xlink:href="#tok_82"/><!-- ⲉⲣⲟ -->
<mark id="orig_83" xlink:href="#tok_83"/><!-- ϥ -->
<mark id="orig_84" xlink:href="#tok_84"/><!-- ⲕⲁⲧⲁ -->
<mark id="orig_85" xlink:href="#tok_85"/><!-- ⲧ -->
<mark id="orig_86" xlink:href="#tok_86"/><!-- ϩⲉ -->
<mark id="orig_87" xlink:href="#tok_87"/><!-- ⲉⲧ -->
<mark id="orig_88" xlink:href="#tok_88"/><!-- ϥ -->
<mark id="orig_89" xlink:href="#tok_89"/><!-- ϣⲟⲟⲡ -->
<mark id="orig_90" xlink:href="#tok_90"/><!-- ⲛϩⲏⲧ -->
<mark id="orig_91" xlink:href="#tok_91"/><!-- ⲥ -->
<mark id="orig_92" xlink:href="#tok_92"/><!-- ⲁⲩⲱ -->
<mark id="orig_93" xlink:href="#tok_93"/><!-- ⲟⲩⲟⲛ -->
<mark id="orig_94" xlink:href="#tok_94"/><!-- ⲛⲓⲙ -->
<mark id="orig_95" xlink:href="#tok_95"/><!-- ⲉⲧⲉ -->
<mark id="orig_96" xlink:href="#tok_96"/><!-- ⲩⲛⲧⲁϥ -->
<mark id="orig_97" xlink:href="#tok_97"/><!-- ⲙⲙⲟ -->
<mark id="orig_98" xlink:href="#tok_98"/><!-- ⲟⲩ -->
<mark id="orig_99" xlink:href="#tok_99"/><!-- ⲛ -->
<mark id="orig_100" xlink:href="#tok_100"/><!-- ⲧⲉⲓ -->
<mark id="orig_101" xlink:href="#tok_101"/><!-- ϩⲉⲗⲡⲓⲥ -->
<mark id="orig_102" xlink:href="#tok_102"/><!-- ϣⲁ -->
<mark id="orig_103" xlink:href="#tok_103"/><!-- ϥ -->
<mark id="orig_104" xlink:href="#tok_104"/><!-- ⲧⲃⲃⲟ -->
<mark id="orig_105" xlink:href="#tok_105"/><!-- ϥ -->
<mark id="orig_106" xlink:href="#tok_106"/><!-- ⲉϩⲣⲁⲓ -->
<mark id="orig_107" xlink:href="#tok_107"/><!-- ⲉϫⲱ -->
<mark id="orig_108" xlink:href="#tok_108"/><!-- ϥ -->
<mark id="orig_109" xlink:href="#tok_109"/><!-- ⲕⲁⲧⲁ -->
<mark id="orig_110" xlink:href="#tok_110"/><!-- ⲧ -->
<mark id="orig_111" xlink:href="#tok_111"/><!-- ϩⲉ -->
<mark id="orig_112" xlink:href="#tok_112"/><!-- ⲉⲧⲉⲣⲉⲡⲏ -->
<mark id="orig_113" xlink:href="#tok_113"/><!-- ⲟⲩⲁⲁⲃ -->
<mark id="orig_114" xlink:href="#tok_114"/><!-- ⲙⲙⲟ -->
<mark id="orig_115" xlink:href="#tok_115"/><!-- ⲥ -->
<mark id="orig_116" xlink:href="#tok_116"/><!-- ⲟⲩⲟⲛ -->
<mark id="orig_117" xlink:href="#tok_117"/><!-- ⲛⲓⲙ -->
<mark id="orig_118" xlink:href="#tok_118"/><!-- ⲉⲧ -->
<mark id="orig_119" xlink:href="#tok_119"/><!-- ⲉⲓⲣⲉ -->
<mark id="orig_120" xlink:href="#tok_120"/><!-- ⲙ -->
<mark id="orig_121" xlink:href="#tok_121"/><!-- ⲡ -->
<mark id="orig_122" xlink:href="#tok_122"/><!-- ⲛⲟⲃⲉ -->
<mark id="orig_123" xlink:href="#tok_123"/><!-- ϥ -->
<mark id="orig_124" xlink:href="#tok_124"/><!-- ⲉⲓⲣⲉ -->
<mark id="orig_125" xlink:href="#tok_125"/><!-- ⲟⲛ -->
<mark id="orig_126" xlink:href="#tok_126"/><!-- ⲛⲧⲕⲉⲁⲛⲟⲙⲓⲁ -->
<mark id="orig_127" xlink:href="#tok_127"/><!-- ⲁⲩⲱ -->
<mark id="orig_128" xlink:href="#tok_128"/><!-- ⲡ -->
<mark id="orig_129" xlink:href="#tok_129"/><!-- ⲛⲟⲃⲉ -->
<mark id="orig_130" xlink:href="#tok_130"/><!-- ⲡⲉ -->
<mark id="orig_131" xlink:href="#tok_131"/><!-- ⲧ -->
<mark id="orig_132" xlink:href="#tok_132"/><!-- ⲁⲛⲟⲙⲓⲁ -->
<mark id="orig_133" xlink:href="#tok_133"/><!-- ⲁⲩⲱ -->
<mark id="orig_134" xlink:href="#tok_134"/><!-- ⲧⲛ -->
<mark id="orig_135" xlink:href="#tok_135"/><!-- ⲥⲟⲟⲩⲛ -->
<mark id="orig_136" xlink:href="#tok_136"/><!-- ϫⲉ -->
<mark id="orig_137" xlink:href="#tok_137"/><!-- ⲛⲧⲁⲡⲉⲧⲙⲙⲁⲩ -->
<mark id="orig_138" xlink:href="#tok_138"/><!-- ⲟⲩⲱⲛϩ -->
<mark id="orig_139" xlink:href="#tok_139"/><!-- ⲉⲃⲟⲗ -->
<mark id="orig_140" xlink:href="#tok_140"/><!-- ϫⲉⲕⲁⲁⲥ -->
<mark id="orig_141" xlink:href="#tok_141"/><!-- ⲉϥϥⲉϥⲉⲓ -->
<mark id="orig_142" xlink:href="#tok_142"/><!-- ⲛⲛⲉⲛⲟⲃⲉ -->
<mark id="orig_143" xlink:href="#tok_143"/><!-- ⲁⲩⲱ -->
<mark id="orig_144" xlink:href="#tok_144"/><!-- ⲙⲙ -->
<mark id="orig_145" xlink:href="#tok_145"/><!-- ⲛⲟⲃⲉ -->
<mark id="orig_146" xlink:href="#tok_146"/><!-- ϣⲟⲟⲡ -->
<mark id="orig_147" xlink:href="#tok_147"/><!-- ϩⲣⲁⲓ -->
<mark id="orig_148" xlink:href="#tok_148"/><!-- ⲛϩⲏⲧ -->
<mark id="orig_149" xlink:href="#tok_149"/><!-- ϥ -->
<mark id="orig_150" xlink:href="#tok_150"/><!-- ⲟⲩⲟⲛ -->
<mark id="orig_151" xlink:href="#tok_151"/><!-- ⲛⲓⲙ -->
<mark id="orig_152" xlink:href="#tok_152"/><!-- ⲉⲧ -->
<mark id="orig_153" xlink:href="#tok_153"/><!-- ϣⲟⲟⲡ -->
<mark id="orig_154" xlink:href="#tok_154"/><!-- ϩⲣⲁⲓ -->
<mark id="orig_155" xlink:href="#tok_155"/><!-- ⲛϩⲏⲧ -->
<mark id="orig_156" xlink:href="#tok_156"/><!-- ϥ -->
<mark id="orig_157" xlink:href="#tok_157"/><!-- ⲙⲉ -->
<mark id="orig_158" xlink:href="#tok_158"/><!-- ϥ -->
<mark id="orig_159" xlink:href="#tok_159"/><!-- ⲣ -->
<mark id="orig_160" xlink:href="#tok_160"/><!-- ⲛⲟⲃⲉ -->
<mark id="orig_161" xlink:href="#tok_161"/><!-- ⲟⲩⲟⲛ -->
<mark id="orig_162" xlink:href="#tok_162"/><!-- ⲛⲓⲙ -->
<mark id="orig_163" xlink:href="#tok_163"/><!-- ⲉⲧ -->
<mark id="orig_164" xlink:href="#tok_164"/><!-- ⲉⲣ -->
<mark id="orig_165" xlink:href="#tok_165"/><!-- ⲛⲟⲃⲉ -->
<mark id="orig_166" xlink:href="#tok_166"/><!-- ⲙ -->
<mark id="orig_167" xlink:href="#tok_167"/><!-- ⲡⲉϥ -->
<mark id="orig_168" xlink:href="#tok_168"/><!-- ⲛⲁⲩ -->
<mark id="orig_169" xlink:href="#tok_169"/><!-- ⲉⲣⲟ -->
<mark id="orig_170" xlink:href="#tok_170"/><!-- ϥ -->
<mark id="orig_171" xlink:href="#tok_171"/><!-- ⲟⲩⲇⲉ -->
<mark id="orig_172" xlink:href="#tok_172"/><!-- ⲙⲡⲉ -->
<mark id="orig_173" xlink:href="#tok_173"/><!-- ϥ -->
<mark id="orig_174" xlink:href="#tok_174"/><!-- ⲥⲟⲩⲱⲛ -->
<mark id="orig_175" xlink:href="#tok_175"/><!-- ϥ -->
<mark id="orig_176" xlink:href="#tok_176"/><!-- ⲛⲁ -->
<mark id="orig_177" xlink:href="#tok_177"/><!-- ϣⲏⲣⲉ -->
<mark id="orig_178" xlink:href="#tok_178"/><!-- ⲙⲡⲉⲣⲧⲉⲣⲉⲗⲁⲁⲩ -->
<mark id="orig_179" xlink:href="#tok_179"/><!-- ⲡⲗⲁⲛⲁ -->
<mark id="orig_180" xlink:href="#tok_180"/><!-- ⲙⲙⲱ -->
<mark id="orig_181" xlink:href="#tok_181"/><!-- ⲧⲛ -->
<mark id="orig_182" xlink:href="#tok_182"/><!-- ⲡ -->
<mark id="orig_183" xlink:href="#tok_183"/><!-- ⲉⲧⲉⲣⲉ -->
<mark id="orig_184" xlink:href="#tok_184"/><!-- ⲛ -->
<mark id="orig_185" xlink:href="#tok_185"/><!-- ⲇⲓⲕⲁⲓⲟⲥⲩⲛⲏ -->
<mark id="orig_186" xlink:href="#tok_186"/><!-- ⲟⲩ -->
<mark id="orig_187" xlink:href="#tok_187"/><!-- ⲇⲓⲕⲁⲓⲟⲥ -->
<mark id="orig_188" xlink:href="#tok_188"/><!-- ⲡⲉ -->
<mark id="orig_189" xlink:href="#tok_189"/><!-- ⲕⲁⲧⲁ -->
<mark id="orig_190" xlink:href="#tok_190"/><!-- ⲧ -->
<mark id="orig_191" xlink:href="#tok_191"/><!-- ϩⲉ -->
<mark id="orig_192" xlink:href="#tok_192"/><!-- ⲙ -->
<mark id="orig_193" xlink:href="#tok_193"/><!-- ⲡ -->
<mark id="orig_194" xlink:href="#tok_194"/><!-- ⲉⲧ -->
<mark id="orig_195" xlink:href="#tok_195"/><!-- ⲙⲙⲁⲩ -->
<mark id="orig_196" xlink:href="#tok_196"/><!-- ⲉ -->
<mark id="orig_197" xlink:href="#tok_197"/><!-- ⲩ -->
<mark id="orig_198" xlink:href="#tok_198"/><!-- ⲇⲓⲕⲁⲓⲟⲥ -->
<mark id="orig_199" xlink:href="#tok_199"/><!-- ⲡⲉ -->
<mark id="orig_200" xlink:href="#tok_200"/><!-- . -->
<mark id="orig_201" xlink:href="#tok_201"/><!-- ⲡ -->
<mark id="orig_202" xlink:href="#tok_202"/><!-- ⲉⲧ -->
<mark id="orig_203" xlink:href="#tok_203"/><!-- ⲉⲓⲣⲉ -->
<mark id="orig_204" xlink:href="#tok_204"/><!-- ⲙ -->
<mark id="orig_205" xlink:href="#tok_205"/><!-- ⲡ -->
<mark id="orig_206" xlink:href="#tok_206"/><!-- ⲛⲟⲃⲉ -->
<mark id="orig_207" xlink:href="#tok_207"/><!-- ⲟⲩⲉⲃⲟⲗ -->
<mark id="orig_208" xlink:href="#tok_208"/><!-- ϩⲙ -->
<mark id="orig_209" xlink:href="#tok_209"/><!-- ⲡ -->
<mark id="orig_210" xlink:href="#tok_210"/><!-- ⲇⲓⲁⲃⲟⲗⲟⲥ -->
<mark id="orig_211" xlink:href="#tok_211"/><!-- ⲡⲉ -->
<mark id="orig_212" xlink:href="#tok_212"/><!-- ϫⲉ -->
<mark id="orig_213" xlink:href="#tok_213"/><!-- ϫⲓⲛ -->
<mark id="orig_214" xlink:href="#tok_214"/><!-- ⲧⲉϩⲟⲩⲉⲓⲧⲉ -->
<mark id="orig_215" xlink:href="#tok_215"/><!-- ⲡ -->
<mark id="orig_216" xlink:href="#tok_216"/><!-- ⲇⲓⲁⲃⲟⲗⲟⲥ -->
<mark id="orig_217" xlink:href="#tok_217"/><!-- ⲉⲣ -->
<mark id="orig_218" xlink:href="#tok_218"/><!-- ⲛⲟⲃⲉ -->
<mark id="orig_219" xlink:href="#tok_219"/><!-- ⲉⲧⲃⲉ -->
<mark id="orig_220" xlink:href="#tok_220"/><!-- ⲡⲁⲓ -->
<mark id="orig_221" xlink:href="#tok_221"/><!-- ⲁⲡϣⲏⲣⲉ -->
<mark id="orig_222" xlink:href="#tok_222"/><!-- ⲙ -->
<mark id="orig_223" xlink:href="#tok_223"/><!-- ⲡ -->
<mark id="orig_224" xlink:href="#tok_224"/><!-- ⲛⲟⲩⲧⲉ -->
<mark id="orig_225" xlink:href="#tok_225"/><!-- ⲟⲩⲱⲛϩ -->
<mark id="orig_226" xlink:href="#tok_226"/><!-- ⲉⲃⲟⲗ -->
<mark id="orig_227" xlink:href="#tok_227"/><!-- ϫⲉⲕⲁⲁⲥ -->
<mark id="orig_228" xlink:href="#tok_228"/><!-- ⲉϥⲉ -->
<mark id="orig_229" xlink:href="#tok_229"/><!-- ⲃⲱⲗ -->
<mark id="orig_230" xlink:href="#tok_230"/><!-- ⲉⲃⲟⲗ -->
<mark id="orig_231" xlink:href="#tok_231"/><!-- ⲛ -->
<mark id="orig_232" xlink:href="#tok_232"/><!-- ⲛⲉ -->
<mark id="orig_233" xlink:href="#tok_233"/><!-- ϩⲃⲏⲩⲉ -->
<mark id="orig_234" xlink:href="#tok_234"/><!-- ⲙ -->
<mark id="orig_235" xlink:href="#tok_235"/><!-- ⲡ -->
<mark id="orig_236" xlink:href="#tok_236"/><!-- ⲇⲓⲁⲃⲟⲗⲟⲥ -->
<mark id="orig_237" xlink:href="#tok_237"/><!-- ⲟⲩⲟⲛ -->
<mark id="orig_238" xlink:href="#tok_238"/><!-- ⲛⲓⲙ -->
<mark id="orig_239" xlink:href="#tok_239"/><!-- ⲛⲧ -->
<mark id="orig_240" xlink:href="#tok_240"/><!-- ⲁ -->
<mark id="orig_241" xlink:href="#tok_241"/><!-- ⲩ -->
<mark id="orig_242" xlink:href="#tok_242"/><!-- ϫⲡⲟ -->
<mark id="orig_243" xlink:href="#tok_243"/><!-- ϥ -->
<mark id="orig_244" xlink:href="#tok_244"/><!-- ⲉⲃⲟⲗ -->
<mark id="orig_245" xlink:href="#tok_245"/><!-- ϩⲙ -->
<mark id="orig_246" xlink:href="#tok_246"/><!-- ⲡ -->
<mark id="orig_247" xlink:href="#tok_247"/><!-- ⲛⲟⲩⲧⲉ -->
<mark id="orig_248" xlink:href="#tok_248"/><!-- ⲙⲉ -->
<mark id="orig_249" xlink:href="#tok_249"/><!-- ϥ -->
<mark id="orig_250" xlink:href="#tok_250"/><!-- ⲣ -->
<mark id="orig_251" xlink:href="#tok_251"/><!-- ⲛⲟⲃⲉ -->
<mark id="orig_252" xlink:href="#tok_252"/><!-- ϫⲉ -->
<mark id="orig_253" xlink:href="#tok_253"/><!-- ⲡⲉϥ -->
<mark id="orig_254" xlink:href="#tok_254"/><!-- ⲥⲡⲉⲣⲙⲁ -->
<mark id="orig_255" xlink:href="#tok_255"/><!-- ϣⲟⲟⲡ -->
<mark id="orig_256" xlink:href="#tok_256"/><!-- ϩⲣⲁⲓ -->
<mark id="orig_257" xlink:href="#tok_257"/><!-- ⲛϩⲏⲧ -->
<mark id="orig_258" xlink:href="#tok_258"/><!-- ϥ -->
<mark id="orig_259" xlink:href="#tok_259"/><!-- ⲁⲩⲱ -->
<mark id="orig_260" xlink:href="#tok_260"/><!-- ⲙⲛ -->
<mark id="orig_261" xlink:href="#tok_261"/><!-- ϣ -->
<mark id="orig_262" xlink:href="#tok_262"/><!-- ϭⲟⲙ -->
<mark id="orig_263" xlink:href="#tok_263"/><!-- ⲙⲙⲟ -->
<mark id="orig_264" xlink:href="#tok_264"/><!-- ϥ -->
<mark id="orig_265" xlink:href="#tok_265"/><!-- ⲉⲣ -->
<mark id="orig_266" xlink:href="#tok_266"/><!-- ⲛⲟⲃⲉ -->
<mark id="orig_267" xlink:href="#tok_267"/><!-- ϫⲉ -->
<mark id="orig_268" xlink:href="#tok_268"/><!-- ⲛⲧ -->
<mark id="orig_269" xlink:href="#tok_269"/><!-- ⲁ -->
<mark id="orig_270" xlink:href="#tok_270"/><!-- ⲩ -->
<mark id="orig_271" xlink:href="#tok_271"/><!-- ϫⲡⲟ -->
<mark id="orig_272" xlink:href="#tok_272"/><!-- ϥ -->
<mark id="orig_273" xlink:href="#tok_273"/><!-- ⲉⲃⲟⲗ -->
<mark id="orig_274" xlink:href="#tok_274"/><!-- ϩⲙ -->
<mark id="orig_275" xlink:href="#tok_275"/><!-- ⲡ -->
<mark id="orig_276" xlink:href="#tok_276"/><!-- ⲛⲟⲩⲧⲉ -->
<mark id="orig_277" xlink:href="#tok_277"/><!-- ϩⲙ -->
<mark id="orig_278" xlink:href="#tok_278"/><!-- ⲡⲁⲓ -->
<mark id="orig_279" xlink:href="#tok_279"/><!-- ⲥⲉ -->
<mark id="orig_280" xlink:href="#tok_280"/><!-- ⲟⲩⲟⲛϩ -->
<mark id="orig_281" xlink:href="#tok_281"/><!-- ⲉⲃⲟⲗ -->
<mark id="orig_282" xlink:href="#tok_282"/><!-- ⲛϭⲓ -->
<mark id="orig_283" xlink:href="#tok_283"/><!-- ⲛⲛⲉϣⲏⲣⲉ -->
<mark id="orig_284" xlink:href="#tok_284"/><!-- ⲙ -->
<mark id="orig_285" xlink:href="#tok_285"/><!-- ⲡ -->
<mark id="orig_286" xlink:href="#tok_286"/><!-- ⲛⲟⲩⲧⲉ -->
<mark id="orig_287" xlink:href="#tok_287"/><!-- ⲙⲛ -->
<mark id="orig_288" xlink:href="#tok_288"/><!-- ⲛⲉϣⲏⲣⲉ -->
<mark id="orig_289" xlink:href="#tok_289"/><!-- ⲙ -->
<mark id="orig_290" xlink:href="#tok_290"/><!-- ⲡ -->
<mark id="orig_291" xlink:href="#tok_291"/><!-- ⲇⲓⲁⲃⲟⲗⲟⲥ -->
<mark id="orig_292" xlink:href="#tok_292"/><!-- ⲟⲩⲟⲛ -->
<mark id="orig_293" xlink:href="#tok_293"/><!-- ⲛⲓⲙ -->
<mark id="orig_294" xlink:href="#tok_294"/><!-- ⲉⲧⲉ -->
<mark id="orig_295" xlink:href="#tok_295"/><!-- ⲛ -->
<mark id="orig_296" xlink:href="#tok_296"/><!-- ⲟⲩ -->
<mark id="orig_297" xlink:href="#tok_297"/><!-- ⲇⲓⲕⲁⲓⲟⲥ -->
<mark id="orig_298" xlink:href="#tok_298"/><!-- ⲁⲛ -->
<mark id="orig_299" xlink:href="#tok_299"/><!-- ⲡⲉ -->
<mark id="orig_300" xlink:href="#tok_300"/><!-- ⲛ -->
<mark id="orig_301" xlink:href="#tok_301"/><!-- ⲟⲩ -->
<mark id="orig_302" xlink:href="#tok_302"/><!-- ⲃⲟⲗ -->
<mark id="orig_303" xlink:href="#tok_303"/><!-- ⲁⲛ -->
<mark id="orig_304" xlink:href="#tok_304"/><!-- ⲡⲉ -->
<mark id="orig_305" xlink:href="#tok_305"/><!-- ϩⲙ -->
<mark id="orig_306" xlink:href="#tok_306"/><!-- ⲡ -->
<mark id="orig_307" xlink:href="#tok_307"/><!-- ⲛⲟⲩⲧⲉ -->
<mark id="orig_308" xlink:href="#tok_308"/><!-- ⲁⲩⲱ -->
<mark id="orig_309" xlink:href="#tok_309"/><!-- ⲡⲉⲧⲉ -->
<mark id="orig_310" xlink:href="#tok_310"/><!-- ⲛ -->
<mark id="orig_311" xlink:href="#tok_311"/><!-- ϥ -->
<mark id="orig_312" xlink:href="#tok_312"/><!-- ⲙⲉ -->
<mark id="orig_313" xlink:href="#tok_313"/><!-- ⲁⲛ -->
<mark id="orig_314" xlink:href="#tok_314"/><!-- ⲙ -->
<mark id="orig_315" xlink:href="#tok_315"/><!-- ⲡⲉϥ -->
<mark id="orig_316" xlink:href="#tok_316"/><!-- ⲥⲟⲛ -->
<mark id="orig_317" xlink:href="#tok_317"/><!-- ϫⲉ -->
<mark id="orig_318" xlink:href="#tok_318"/><!-- ⲡⲁⲓ -->
<mark id="orig_319" xlink:href="#tok_319"/><!-- ⲡⲉ -->
<mark id="orig_320" xlink:href="#tok_320"/><!-- ⲡⲉⲣⲏⲧ -->
<mark id="orig_321" xlink:href="#tok_321"/><!-- ⲛⲧ -->
<mark id="orig_322" xlink:href="#tok_322"/><!-- ⲁ -->
<mark id="orig_323" xlink:href="#tok_323"/><!-- ⲛ -->
<mark id="orig_324" xlink:href="#tok_324"/><!-- ⲥⲱⲧⲙ -->
<mark id="orig_325" xlink:href="#tok_325"/><!-- ⲉⲣⲟ -->
<mark id="orig_326" xlink:href="#tok_326"/><!-- ϥ -->
<mark id="orig_327" xlink:href="#tok_327"/><!-- ϫⲓⲛ -->
<mark id="orig_328" xlink:href="#tok_328"/><!-- ϣⲟⲣⲡ -->
<mark id="orig_329" xlink:href="#tok_329"/><!-- ϫⲉⲕⲁⲁⲥ -->
<mark id="orig_330" xlink:href="#tok_330"/><!-- ⲉ -->
<mark id="orig_331" xlink:href="#tok_331"/><!-- ⲛⲁ -->
<mark id="orig_332" xlink:href="#tok_332"/><!-- ⲙⲉ -->
<mark id="orig_333" xlink:href="#tok_333"/><!-- ⲣⲉ -->
<mark id="orig_334" xlink:href="#tok_334"/><!-- ⲛⲉⲛ -->
<mark id="orig_335" xlink:href="#tok_335"/><!-- ⲉⲣⲏⲩ -->
<mark id="orig_336" xlink:href="#tok_336"/><!-- ⲕⲁⲧⲁ -->
<mark id="orig_337" xlink:href="#tok_337"/><!-- ⲧ -->
<mark id="orig_338" xlink:href="#tok_338"/><!-- ϩⲉ -->
<mark id="orig_339" xlink:href="#tok_339"/><!-- ⲁⲛ -->
<mark id="orig_340" xlink:href="#tok_340"/><!-- ⲛ -->
<mark id="orig_341" xlink:href="#tok_341"/><!-- ⲕⲁⲓⲛ -->
<mark id="orig_342" xlink:href="#tok_342"/><!-- ⲉⲟⲩⲉ -->
<mark id="orig_343" xlink:href="#tok_343"/><!-- ⲃⲟⲗ -->
<mark id="orig_344" xlink:href="#tok_344"/><!-- ϩⲙ -->
<mark id="orig_345" xlink:href="#tok_345"/><!-- ⲡ -->
<mark id="orig_346" xlink:href="#tok_346"/><!-- ⲡⲟⲛⲏⲣⲟⲥ -->
<mark id="orig_347" xlink:href="#tok_347"/><!-- ⲡⲉ -->
<mark id="orig_348" xlink:href="#tok_348"/><!-- ⲛⲧ -->
<mark id="orig_349" xlink:href="#tok_349"/><!-- ⲁ -->
<mark id="orig_350" xlink:href="#tok_350"/><!-- ϥ -->
<mark id="orig_351" xlink:href="#tok_351"/><!-- ⲕⲱⲛⲥ -->
<mark id="orig_352" xlink:href="#tok_352"/><!-- ⲡⲉϥ -->
<mark id="orig_353" xlink:href="#tok_353"/><!-- ⲥⲟⲛ -->
<mark id="orig_354" xlink:href="#tok_354"/><!-- ⲁⲩⲱ -->
<mark id="orig_355" xlink:href="#tok_355"/><!-- ⲉⲧⲃⲉ -->
<mark id="orig_356" xlink:href="#tok_356"/><!-- ⲟⲩ -->
<mark id="orig_357" xlink:href="#tok_357"/><!-- ⲁ -->
<mark id="orig_358" xlink:href="#tok_358"/><!-- ϥ -->
<mark id="orig_359" xlink:href="#tok_359"/><!-- ⲕⲟⲛⲥ -->
<mark id="orig_360" xlink:href="#tok_360"/><!-- ϥ -->
<mark id="orig_361" xlink:href="#tok_361"/><!-- ⲉⲃⲟⲗ -->
<mark id="orig_362" xlink:href="#tok_362"/><!-- ϫⲉ -->
<mark id="orig_363" xlink:href="#tok_363"/><!-- ⲛⲉϥ -->
<mark id="orig_364" xlink:href="#tok_364"/><!-- ϩⲃⲏⲩⲉ -->
<mark id="orig_365" xlink:href="#tok_365"/><!-- ϩⲉⲛ -->
<mark id="orig_366" xlink:href="#tok_366"/><!-- ⲡⲟⲛⲏⲣⲟⲛ -->
<mark id="orig_367" xlink:href="#tok_367"/><!-- ⲛⲉ -->
<mark id="orig_368" xlink:href="#tok_368"/><!-- ϩⲃⲏⲩⲉ -->
<mark id="orig_369" xlink:href="#tok_369"/><!-- ⲇⲉ -->
<mark id="orig_370" xlink:href="#tok_370"/><!-- ⲙ -->
<mark id="orig_371" xlink:href="#tok_371"/><!-- ⲡⲉϥ -->
<mark id="orig_372" xlink:href="#tok_372"/><!-- ⲥⲟⲛ -->
<mark id="orig_373" xlink:href="#tok_373"/><!-- ϩⲉⲛ -->
<mark id="orig_374" xlink:href="#tok_374"/><!-- ⲇⲓⲕⲁⲓⲟⲛ -->
<mark id="orig_375" xlink:href="#tok_375"/><!-- ⲛⲉ -->
<mark id="orig_376" xlink:href="#tok_376"/><!-- ⲙⲡⲣ -->
<mark id="orig_377" xlink:href="#tok_377"/><!-- ⲣ -->
<mark id="orig_378" xlink:href="#tok_378"/><!-- ϣⲡⲏⲣⲉ -->
<mark id="orig_379" xlink:href="#tok_379"/><!-- ⲛⲁ -->
<mark id="orig_380" xlink:href="#tok_380"/><!-- ⲥⲛⲏⲩ -->
<mark id="orig_381" xlink:href="#tok_381"/><!-- ϫⲉ -->
<mark id="orig_382" xlink:href="#tok_382"/><!-- ⲡ -->
<mark id="orig_383" xlink:href="#tok_383"/><!-- ⲕⲟⲥⲙⲟⲥ -->
<mark id="orig_384" xlink:href="#tok_384"/><!-- ⲙⲟⲥⲧⲉ -->
<mark id="orig_385" xlink:href="#tok_385"/><!-- ⲙⲙⲟⲛ -->
<mark id="orig_386" xlink:href="#tok_386"/><!-- ⲁⲛⲟⲛ -->
<mark id="orig_387" xlink:href="#tok_387"/><!-- ⲧⲛ -->
<mark id="orig_388" xlink:href="#tok_388"/><!-- ⲥⲟⲟⲩⲛ -->
<mark id="orig_389" xlink:href="#tok_389"/><!-- ϫⲉ -->
<mark id="orig_390" xlink:href="#tok_390"/><!-- ⲁ -->
<mark id="orig_391" xlink:href="#tok_391"/><!-- ⲛ -->
<mark id="orig_392" xlink:href="#tok_392"/><!-- ⲡⲱⲱⲛⲉ -->
<mark id="orig_393" xlink:href="#tok_393"/><!-- ⲉⲃⲟⲗ -->
<mark id="orig_394" xlink:href="#tok_394"/><!-- ϩⲙ -->
<mark id="orig_395" xlink:href="#tok_395"/><!-- ⲡ -->
<mark id="orig_396" xlink:href="#tok_396"/><!-- ⲙⲟⲩ -->
<mark id="orig_397" xlink:href="#tok_397"/><!-- ⲉϩⲟⲩⲛ -->
<mark id="orig_398" xlink:href="#tok_398"/><!-- ⲉ -->
<mark id="orig_399" xlink:href="#tok_399"/><!-- ⲡ -->
<mark id="orig_400" xlink:href="#tok_400"/><!-- ⲱⲛϩ -->
<mark id="orig_401" xlink:href="#tok_401"/><!-- ϫⲉ -->
<mark id="orig_402" xlink:href="#tok_402"/><!-- ⲧⲉⲛ -->
<mark id="orig_403" xlink:href="#tok_403"/><!-- ⲙⲉ -->
<mark id="orig_404" xlink:href="#tok_404"/><!-- ⲛ -->
<mark id="orig_405" xlink:href="#tok_405"/><!-- ⲛⲉⲛ -->
<mark id="orig_406" xlink:href="#tok_406"/><!-- ⲥⲛⲏⲩ -->
<mark id="orig_407" xlink:href="#tok_407"/><!-- ⲡⲉⲧⲉ -->
<mark id="orig_408" xlink:href="#tok_408"/><!-- ⲛ -->
<mark id="orig_409" xlink:href="#tok_409"/><!-- ϥ -->
<mark id="orig_410" xlink:href="#tok_410"/><!-- ⲙⲉ -->
<mark id="orig_411" xlink:href="#tok_411"/><!-- ⲁⲛ -->
<mark id="orig_412" xlink:href="#tok_412"/><!-- ϥ -->
<mark id="orig_413" xlink:href="#tok_413"/><!-- ϣⲟⲟⲡ -->
<mark id="orig_414" xlink:href="#tok_414"/><!-- ϩⲣⲁⲓ -->
<mark id="orig_415" xlink:href="#tok_415"/><!-- ϩⲙ -->
<mark id="orig_416" xlink:href="#tok_416"/><!-- ⲡ -->
<mark id="orig_417" xlink:href="#tok_417"/><!-- ⲙⲟⲩ -->
<mark id="orig_418" xlink:href="#tok_418"/><!-- ⲟⲩⲟⲛ -->
<mark id="orig_419" xlink:href="#tok_419"/><!-- ⲇⲉ -->
<mark id="orig_420" xlink:href="#tok_420"/><!-- ⲛⲓⲙ -->
<mark id="orig_421" xlink:href="#tok_421"/><!-- ⲉⲧ -->
<mark id="orig_422" xlink:href="#tok_422"/><!-- ⲙⲟⲥⲧⲉ -->
<mark id="orig_423" xlink:href="#tok_423"/><!-- ⲙ -->
<mark id="orig_424" xlink:href="#tok_424"/><!-- ⲡⲉϥ -->
<mark id="orig_425" xlink:href="#tok_425"/><!-- ⲥⲟⲛ -->
<mark id="orig_426" xlink:href="#tok_426"/><!-- ⲟⲩⲣⲉϥϩⲉⲧⲃ -->
<mark id="orig_427" xlink:href="#tok_427"/><!-- ⲣⲱⲙⲉ -->
<mark id="orig_428" xlink:href="#tok_428"/><!-- ⲡⲉ -->
<mark id="orig_429" xlink:href="#tok_429"/><!-- ⲁⲩⲱ -->
<mark id="orig_430" xlink:href="#tok_430"/><!-- ⲧⲉⲧⲛ -->
<mark id="orig_431" xlink:href="#tok_431"/><!-- ⲥⲟⲟⲩⲛ -->
<mark id="orig_432" xlink:href="#tok_432"/><!-- ϫⲉ -->
<mark id="orig_433" xlink:href="#tok_433"/><!-- ⲣⲉϥϩⲉⲧⲃ -->
<mark id="orig_434" xlink:href="#tok_434"/><!-- ⲣⲱⲙⲉ -->
<mark id="orig_435" xlink:href="#tok_435"/><!-- ⲛⲓⲙ -->
<mark id="orig_436" xlink:href="#tok_436"/><!-- ⲙⲛⲧ -->
<mark id="orig_437" xlink:href="#tok_437"/><!-- ϥ -->
<mark id="orig_438" xlink:href="#tok_438"/><!-- ⲙⲙⲁⲩ -->
<mark id="orig_439" xlink:href="#tok_439"/><!-- ⲙ -->
<mark id="orig_440" xlink:href="#tok_440"/><!-- ⲡ -->
<mark id="orig_441" xlink:href="#tok_441"/><!-- ⲱⲛϩ -->
<mark id="orig_442" xlink:href="#tok_442"/><!-- ⲛϣⲁ -->
<mark id="orig_443" xlink:href="#tok_443"/><!-- ⲉⲛⲉϩ -->
<mark id="orig_444" xlink:href="#tok_444"/><!-- ⲉ -->
<mark id="orig_445" xlink:href="#tok_445"/><!-- ϥ -->
<mark id="orig_446" xlink:href="#tok_446"/><!-- ϣⲟⲟⲡ -->
<mark id="orig_447" xlink:href="#tok_447"/><!-- ϩⲣⲁⲓ -->
<mark id="orig_448" xlink:href="#tok_448"/><!-- ⲛϩⲏⲧ -->
<mark id="orig_449" xlink:href="#tok_449"/><!-- ϥ -->
<mark id="orig_450" xlink:href="#tok_450"/><!-- ϩⲙ -->
<mark id="orig_451" xlink:href="#tok_451"/><!-- ⲡⲁⲓ -->
<mark id="orig_452" xlink:href="#tok_452"/><!-- ⲁ -->
<mark id="orig_453" xlink:href="#tok_453"/><!-- ⲛ -->
<mark id="orig_454" xlink:href="#tok_454"/><!-- ⲉⲓⲙⲉ -->
<mark id="orig_455" xlink:href="#tok_455"/><!-- ⲉ -->
<mark id="orig_456" xlink:href="#tok_456"/><!-- ⲧ -->
<mark id="orig_457" xlink:href="#tok_457"/><!-- ⲁⲅⲁⲡⲏ -->
<mark id="orig_458" xlink:href="#tok_458"/><!-- ϫⲉ -->
<mark id="orig_459" xlink:href="#tok_459"/><!-- ⲡ -->
<mark id="orig_460" xlink:href="#tok_460"/><!-- ⲉⲧ -->
<mark id="orig_461" xlink:href="#tok_461"/><!-- ⲙⲙⲁⲩ -->
<mark id="orig_462" xlink:href="#tok_462"/><!-- ⲡ -->
<mark id="orig_463" xlink:href="#tok_463"/><!-- ⲉⲛⲧ -->
<mark id="orig_464" xlink:href="#tok_464"/><!-- ⲁ -->
<mark id="orig_465" xlink:href="#tok_465"/><!-- ϥ -->
<mark id="orig_466" xlink:href="#tok_466"/><!-- ⲕⲱ -->
<mark id="orig_467" xlink:href="#tok_467"/><!-- ⲛ -->
<mark id="orig_468" xlink:href="#tok_468"/><!-- ⲧⲉϥ -->
<mark id="orig_469" xlink:href="#tok_469"/><!-- ⲯⲩⲭⲏ -->
<mark id="orig_470" xlink:href="#tok_470"/><!-- ϩⲁⲣⲟ -->
<mark id="orig_471" xlink:href="#tok_471"/><!-- ⲛ -->
<mark id="orig_472" xlink:href="#tok_472"/><!-- ⲁⲛⲟⲛ -->
<mark id="orig_473" xlink:href="#tok_473"/><!-- ⲇⲉ -->
<mark id="orig_474" xlink:href="#tok_474"/><!-- ϩⲱⲱ -->
<mark id="orig_475" xlink:href="#tok_475"/><!-- ⲛ -->
<mark id="orig_476" xlink:href="#tok_476"/><!-- ϣϣⲉ -->
<mark id="orig_477" xlink:href="#tok_477"/><!-- ⲉⲣⲟ -->
<mark id="orig_478" xlink:href="#tok_478"/><!-- ⲛ -->
<mark id="orig_479" xlink:href="#tok_479"/><!-- ⲉ -->
<mark id="orig_480" xlink:href="#tok_480"/><!-- ⲕⲱ -->
<mark id="orig_481" xlink:href="#tok_481"/><!-- ⲛⲛⲙⲯⲩⲭⲏ -->
<mark id="orig_482" xlink:href="#tok_482"/><!-- ϩⲁ -->
<mark id="orig_483" xlink:href="#tok_483"/><!-- ⲛⲉⲛ -->
<mark id="orig_484" xlink:href="#tok_484"/><!-- ⲥⲛⲏⲩ -->
<mark id="orig_485" xlink:href="#tok_485"/><!-- ⲡⲉⲧⲉ -->
<mark id="orig_486" xlink:href="#tok_486"/><!-- ⲟⲩⲛⲧⲁ -->
<mark id="orig_487" xlink:href="#tok_487"/><!-- ϥ -->
<mark id="orig_488" xlink:href="#tok_488"/><!-- ⲙⲙⲁⲩ -->
<mark id="orig_489" xlink:href="#tok_489"/><!-- ⲙ -->
<mark id="orig_490" xlink:href="#tok_490"/><!-- ⲡ -->
<mark id="orig_491" xlink:href="#tok_491"/><!-- ⲃⲓⲟⲥ -->
<mark id="orig_492" xlink:href="#tok_492"/><!-- ⲙ -->
<mark id="orig_493" xlink:href="#tok_493"/><!-- ⲡⲉⲓ -->
<mark id="orig_494" xlink:href="#tok_494"/><!-- ⲕⲟⲥⲙⲟⲥ -->
<mark id="orig_495" xlink:href="#tok_495"/><!-- ⲛ -->
<mark id="orig_496" xlink:href="#tok_496"/><!-- ϥ -->
<mark id="orig_497" xlink:href="#tok_497"/><!-- ⲛⲁⲩ -->
<mark id="orig_498" xlink:href="#tok_498"/><!-- ⲉ -->
<mark id="orig_499" xlink:href="#tok_499"/><!-- ⲡⲉϥ -->
<mark id="orig_500" xlink:href="#tok_500"/><!-- ⲥⲟⲛ -->
<mark id="orig_501" xlink:href="#tok_501"/><!-- ⲉϥⲣϭⲣⲟϩ -->
<mark id="orig_502" xlink:href="#tok_502"/><!-- ⲛ -->
<mark id="orig_503" xlink:href="#tok_503"/><!-- ϥ -->
<mark id="orig_504" xlink:href="#tok_504"/><!-- ⲧⲙ -->
<mark id="orig_505" xlink:href="#tok_505"/><!-- ϣ -->
<mark id="orig_506" xlink:href="#tok_506"/><!-- ⲛ -->
<mark id="orig_507" xlink:href="#tok_507"/><!-- ϩⲧⲏϥ -->
<mark id="orig_508" xlink:href="#tok_508"/><!-- ⲉϩⲣⲁⲓ -->
<mark id="orig_509" xlink:href="#tok_509"/><!-- ⲉϫⲱ -->
<mark id="orig_510" xlink:href="#tok_510"/><!-- ϥ -->
<mark id="orig_511" xlink:href="#tok_511"/><!-- ⲛ -->
<mark id="orig_512" xlink:href="#tok_512"/><!-- ⲁϣ -->
<mark id="orig_513" xlink:href="#tok_513"/><!-- ⲉ -->
<mark id="orig_514" xlink:href="#tok_514"/><!-- ⲛ -->
<mark id="orig_515" xlink:href="#tok_515"/><!-- ϩⲉ -->
<mark id="orig_516" xlink:href="#tok_516"/><!-- ⲧ -->
<mark id="orig_517" xlink:href="#tok_517"/><!-- ⲁⲅⲁⲡⲏ -->
<mark id="orig_518" xlink:href="#tok_518"/><!-- ⲙ -->
<mark id="orig_519" xlink:href="#tok_519"/><!-- ⲡ -->
<mark id="orig_520" xlink:href="#tok_520"/><!-- ⲛⲟⲩⲧⲉ -->
<mark id="orig_521" xlink:href="#tok_521"/><!-- ϣⲟⲟⲡ -->
<mark id="orig_522" xlink:href="#tok_522"/><!-- ϩⲣⲁⲓ -->
<mark id="orig_523" xlink:href="#tok_523"/><!-- ⲛϩⲏⲧ -->
<mark id="orig_524" xlink:href="#tok_524"/><!-- ϥ -->
<mark id="orig_525" xlink:href="#tok_525"/><!-- . -->
<mark id="orig_526" xlink:href="#tok_526"/><!-- ⲛⲁ -->
<mark id="orig_527" xlink:href="#tok_527"/><!-- ϣⲏⲣⲉ -->
<mark id="orig_528" xlink:href="#tok_528"/><!-- ⲙⲡⲉⲣⲧⲉⲣⲉⲛⲙⲉ -->
<mark id="orig_529" xlink:href="#tok_529"/><!-- ϩⲙ -->
<mark id="orig_530" xlink:href="#tok_530"/><!-- ⲡ -->
<mark id="orig_531" xlink:href="#tok_531"/><!-- ϣⲁϫⲉ -->
<mark id="orig_532" xlink:href="#tok_532"/><!-- ⲟⲩⲇⲉ -->
<mark id="orig_533" xlink:href="#tok_533"/><!-- ϩⲙ -->
<mark id="orig_534" xlink:href="#tok_534"/><!-- ⲡ -->
<mark id="orig_535" xlink:href="#tok_535"/><!-- ⲗⲁⲥ -->
<mark id="orig_536" xlink:href="#tok_536"/><!-- ⲁⲗⲗⲁ -->
<mark id="orig_537" xlink:href="#tok_537"/><!-- ϩⲙ -->
<mark id="orig_538" xlink:href="#tok_538"/><!-- ⲡ -->
<mark id="orig_539" xlink:href="#tok_539"/><!-- ϩⲱⲃ -->
<mark id="orig_540" xlink:href="#tok_540"/><!-- ⲙⲛ -->
<mark id="orig_541" xlink:href="#tok_541"/><!-- ⲧ -->
<mark id="orig_542" xlink:href="#tok_542"/><!-- ⲙⲉ -->
<mark id="orig_543" xlink:href="#tok_543"/><!-- ⲁⲩⲱ -->
<mark id="orig_544" xlink:href="#tok_544"/><!-- ϩⲙ -->
<mark id="orig_545" xlink:href="#tok_545"/><!-- ⲡⲁⲓ -->
<mark id="orig_546" xlink:href="#tok_546"/><!-- ⲧⲉⲛⲛⲁⲉⲓⲙⲉ -->
<mark id="orig_547" xlink:href="#tok_547"/><!-- ϫⲉ -->
<mark id="orig_548" xlink:href="#tok_548"/><!-- ⲁⲛⲟⲛ -->
<mark id="orig_549" xlink:href="#tok_549"/><!-- ϩⲉⲛ -->
<mark id="orig_550" xlink:href="#tok_550"/><!-- ⲃⲟⲗ -->
<mark id="orig_551" xlink:href="#tok_551"/><!-- ⲏⲛ -->
<mark id="orig_552" xlink:href="#tok_552"/><!-- ⲧ -->
<mark id="orig_553" xlink:href="#tok_553"/><!-- ⲙⲉ -->
<mark id="orig_554" xlink:href="#tok_554"/><!-- ⲁⲩⲱ -->
<mark id="orig_555" xlink:href="#tok_555"/><!-- ⲧⲛ -->
<mark id="orig_556" xlink:href="#tok_556"/><!-- ⲛⲁ -->
<mark id="orig_557" xlink:href="#tok_557"/><!-- ⲡⲉⲓⲑⲉ -->
<mark id="orig_558" xlink:href="#tok_558"/><!-- ⲙ -->
<mark id="orig_559" xlink:href="#tok_559"/><!-- ⲡⲉⲛ -->
<mark id="orig_560" xlink:href="#tok_560"/><!-- ϩⲏⲧ -->
<mark id="orig_561" xlink:href="#tok_561"/><!-- ⲙ -->
<mark id="orig_562" xlink:href="#tok_562"/><!-- ⲡⲉϥ -->
<mark id="orig_563" xlink:href="#tok_563"/><!-- ⲙⲧⲟ -->
<mark id="orig_564" xlink:href="#tok_564"/><!-- ⲉⲃⲟⲗ -->
<mark id="orig_565" xlink:href="#tok_565"/><!-- ϫⲉ -->
<mark id="orig_566" xlink:href="#tok_566"/><!-- ⲉⲣϣⲁⲛⲡⲉⲛϩⲏⲧ -->
<mark id="orig_567" xlink:href="#tok_567"/><!-- ϭⲉⲛ -->
<mark id="orig_568" xlink:href="#tok_568"/><!-- ⲛ -->
<mark id="orig_569" xlink:href="#tok_569"/><!-- ⲁⲣⲓⲕⲉ -->
<mark id="orig_570" xlink:href="#tok_570"/><!-- ⲉⲣⲟ -->
<mark id="orig_571" xlink:href="#tok_571"/><!-- ⲛ -->
<mark id="orig_572" xlink:href="#tok_572"/><!-- ⲡ -->
<mark id="orig_573" xlink:href="#tok_573"/><!-- ⲛⲟⲩⲧⲉ -->
<mark id="orig_574" xlink:href="#tok_574"/><!-- ⲟ -->
<mark id="orig_575" xlink:href="#tok_575"/><!-- ⲛ -->
<mark id="orig_576" xlink:href="#tok_576"/><!-- ⲛⲟϭ -->
<mark id="orig_577" xlink:href="#tok_577"/><!-- ⲉ -->
<mark id="orig_578" xlink:href="#tok_578"/><!-- ⲡⲉⲛ -->
<mark id="orig_579" xlink:href="#tok_579"/><!-- ϩⲏⲧ -->
<mark id="orig_580" xlink:href="#tok_580"/><!-- ⲁⲩⲱ -->
<mark id="orig_581" xlink:href="#tok_581"/><!-- ϥ -->
<mark id="orig_582" xlink:href="#tok_582"/><!-- ⲥⲟⲟⲩⲛ -->
<mark id="orig_583" xlink:href="#tok_583"/><!-- ⲛ -->
<mark id="orig_584" xlink:href="#tok_584"/><!-- ϩⲱⲃ -->
<mark id="orig_585" xlink:href="#tok_585"/><!-- ⲛⲓⲙ -->
<mark id="orig_586" xlink:href="#tok_586"/><!-- ⲛⲁ -->
<mark id="orig_587" xlink:href="#tok_587"/><!-- ⲙⲉⲣⲁⲧⲉ -->
<mark id="orig_588" xlink:href="#tok_588"/><!-- ⲉⲣⲧⲙⲡⲉⲛϩⲏⲧ -->
<mark id="orig_589" xlink:href="#tok_589"/><!-- ϭⲉⲛ -->
<mark id="orig_590" xlink:href="#tok_590"/><!-- ⲛ -->
<mark id="orig_591" xlink:href="#tok_591"/><!-- ⲁⲣⲓⲕⲉ -->
<mark id="orig_592" xlink:href="#tok_592"/><!-- ⲉⲣⲟ -->
<mark id="orig_593" xlink:href="#tok_593"/><!-- ⲛ -->
<mark id="orig_594" xlink:href="#tok_594"/><!-- ⲟⲩⲛⲧⲁ -->
<mark id="orig_595" xlink:href="#tok_595"/><!-- ⲛ -->
<mark id="orig_596" xlink:href="#tok_596"/><!-- ⲙⲙⲟ -->
<mark id="orig_597" xlink:href="#tok_597"/><!-- ⲟⲩ -->
<mark id="orig_598" xlink:href="#tok_598"/><!-- ⲛ -->
<mark id="orig_599" xlink:href="#tok_599"/><!-- ⲟⲩ -->
<mark id="orig_600" xlink:href="#tok_600"/><!-- ⲡⲁⲣⲣⲏⲥⲓⲁ -->
<mark id="orig_601" xlink:href="#tok_601"/><!-- ⲛⲁϩⲣⲙ -->
<mark id="orig_602" xlink:href="#tok_602"/><!-- ⲡ -->
<mark id="orig_603" xlink:href="#tok_603"/><!-- ⲛⲟⲩⲧⲉ -->
<mark id="orig_604" xlink:href="#tok_604"/><!-- ⲁⲩⲱ -->
<mark id="orig_605" xlink:href="#tok_605"/><!-- ⲡ -->
<mark id="orig_606" xlink:href="#tok_606"/><!-- ⲉⲧ -->
<mark id="orig_607" xlink:href="#tok_607"/><!-- ⲛⲁ -->
<mark id="orig_608" xlink:href="#tok_608"/><!-- ⲁⲓⲧⲉⲓ -->
<mark id="orig_609" xlink:href="#tok_609"/><!-- ⲙⲙⲟ -->
<mark id="orig_610" xlink:href="#tok_610"/><!-- ϥ -->
<mark id="orig_611" xlink:href="#tok_611"/><!-- ⲧⲛ -->
<mark id="orig_612" xlink:href="#tok_612"/><!-- ⲛⲁ -->
<mark id="orig_613" xlink:href="#tok_613"/><!-- ϫⲓⲧ -->
<mark id="orig_614" xlink:href="#tok_614"/><!-- ϥ -->
<mark id="orig_615" xlink:href="#tok_615"/><!-- ⲉⲃⲟⲗ -->
<mark id="orig_616" xlink:href="#tok_616"/><!-- ϩⲓⲧⲟⲟⲧ -->
<mark id="orig_617" xlink:href="#tok_617"/><!-- ϥ -->
<mark id="orig_618" xlink:href="#tok_618"/><!-- ϫⲉ -->
<mark id="orig_619" xlink:href="#tok_619"/><!-- ⲧⲛ -->
<mark id="orig_620" xlink:href="#tok_620"/><!-- ϩⲁⲣⲉϩ -->
<mark id="orig_621" xlink:href="#tok_621"/><!-- ⲛ -->
<mark id="orig_622" xlink:href="#tok_622"/><!-- ⲛⲉϥ -->
<mark id="orig_623" xlink:href="#tok_623"/><!-- ⲉⲛⲧⲟⲗⲏ -->
<mark id="orig_624" xlink:href="#tok_624"/><!-- ⲁⲩⲱ -->
<mark id="orig_625" xlink:href="#tok_625"/><!-- ⲧⲉⲛⲉⲓⲣⲉ -->
<mark id="orig_626" xlink:href="#tok_626"/><!-- ⲙ -->
<mark id="orig_627" xlink:href="#tok_627"/><!-- ⲡ -->
<mark id="orig_628" xlink:href="#tok_628"/><!-- ⲉⲧ -->
<mark id="orig_629" xlink:href="#tok_629"/><!-- ⲉⲣ -->
<mark id="orig_630" xlink:href="#tok_630"/><!-- ⲁⲛⲁϥ -->
<mark id="orig_631" xlink:href="#tok_631"/><!-- ⲙ -->
<mark id="orig_632" xlink:href="#tok_632"/><!-- ⲡⲉϥ -->
<mark id="orig_633" xlink:href="#tok_633"/><!-- ⲙⲧⲟ -->
<mark id="orig_634" xlink:href="#tok_634"/><!-- ⲉⲃⲟⲗ -->
<mark id="orig_635" xlink:href="#tok_635"/><!-- ⲁⲩⲱ -->
<mark id="orig_636" xlink:href="#tok_636"/><!-- ⲧⲁⲓ -->
<mark id="orig_637" xlink:href="#tok_637"/><!-- ⲧⲉ -->
<mark id="orig_638" xlink:href="#tok_638"/><!-- ⲧⲉϥ -->
<mark id="orig_639" xlink:href="#tok_639"/><!-- ⲉⲛⲧⲟⲗⲏ -->
<mark id="orig_640" xlink:href="#tok_640"/><!-- ϫⲉⲕⲁⲁⲥ -->
<mark id="orig_641" xlink:href="#tok_641"/><!-- ⲉⲛⲁⲡⲓⲥⲧⲉⲩⲉ -->
<mark id="orig_642" xlink:href="#tok_642"/><!-- ⲉ -->
<mark id="orig_643" xlink:href="#tok_643"/><!-- ⲡ -->
<mark id="orig_644" xlink:href="#tok_644"/><!-- ⲣⲁⲛ -->
<mark id="orig_645" xlink:href="#tok_645"/><!-- ⲙ -->
<mark id="orig_646" xlink:href="#tok_646"/><!-- ⲡⲉϥ -->
<mark id="orig_647" xlink:href="#tok_647"/><!-- ϣⲏⲣⲉ -->
<mark id="orig_648" xlink:href="#tok_648"/><!-- ⲓⲏⲥⲟⲩⲥ -->
<mark id="orig_649" xlink:href="#tok_649"/><!-- ⲡⲉ -->
<mark id="orig_650" xlink:href="#tok_650"/><!-- ⲭⲣⲓⲥⲧⲟⲥ -->
<mark id="orig_651" xlink:href="#tok_651"/><!-- ⲁⲩⲱ -->
<mark id="orig_652" xlink:href="#tok_652"/><!-- ⲧⲉⲛⲙⲉⲣⲓ -->
<mark id="orig_653" xlink:href="#tok_653"/><!-- ⲛⲉⲛ -->
<mark id="orig_654" xlink:href="#tok_654"/><!-- ⲉⲣⲏⲩ -->
<mark id="orig_655" xlink:href="#tok_655"/><!-- ⲕⲁⲧⲁ -->
<mark id="orig_656" xlink:href="#tok_656"/><!-- ⲧ -->
<mark id="orig_657" xlink:href="#tok_657"/><!-- ϩⲉ -->
<mark id="orig_658" xlink:href="#tok_658"/><!-- ⲛⲧ -->
<mark id="orig_659" xlink:href="#tok_659"/><!-- ⲁ -->
<mark id="orig_660" xlink:href="#tok_660"/><!-- ϥ -->
<mark id="orig_661" xlink:href="#tok_661"/><!-- ϩⲱⲛ -->
<mark id="orig_662" xlink:href="#tok_662"/><!-- ⲉⲧⲟⲟⲧ -->
<mark id="orig_663" xlink:href="#tok_663"/><!-- ⲛ -->
<mark id="orig_664" xlink:href="#tok_664"/><!-- ⲁⲩⲱ -->
<mark id="orig_665" xlink:href="#tok_665"/><!-- ⲡ -->
<mark id="orig_666" xlink:href="#tok_666"/><!-- ⲉⲧ -->
<mark id="orig_667" xlink:href="#tok_667"/><!-- ⲛⲁ -->
<mark id="orig_668" xlink:href="#tok_668"/><!-- ϩⲁⲣⲉϩ -->
<mark id="orig_669" xlink:href="#tok_669"/><!-- ⲛ -->
<mark id="orig_670" xlink:href="#tok_670"/><!-- ⲛⲉϥ -->
<mark id="orig_671" xlink:href="#tok_671"/><!-- ⲉⲛⲧⲟⲗⲏ -->
<mark id="orig_672" xlink:href="#tok_672"/><!-- ϥ -->
<mark id="orig_673" xlink:href="#tok_673"/><!-- ϣⲟⲟⲡ -->
<mark id="orig_674" xlink:href="#tok_674"/><!-- ϩⲣⲁⲓ -->
<mark id="orig_675" xlink:href="#tok_675"/><!-- ⲛϩⲏⲧ -->
<mark id="orig_676" xlink:href="#tok_676"/><!-- ϥ -->
<mark id="orig_677" xlink:href="#tok_677"/><!-- ⲁⲩⲱ -->
<mark id="orig_678" xlink:href="#tok_678"/><!-- ⲛ -->
<mark id="orig_679" xlink:href="#tok_679"/><!-- ⲧ -->
<mark id="orig_680" xlink:href="#tok_680"/><!-- ⲁϥ -->
<mark id="orig_681" xlink:href="#tok_681"/><!-- ϩⲱⲱ -->
<mark id="orig_682" xlink:href="#tok_682"/><!-- ϥ -->
<mark id="orig_683" xlink:href="#tok_683"/><!-- ϥ -->
<mark id="orig_684" xlink:href="#tok_684"/><!-- ⲟⲩⲏϩ -->
<mark id="orig_685" xlink:href="#tok_685"/><!-- ⲉϩⲣⲁⲓ -->
<mark id="orig_686" xlink:href="#tok_686"/><!-- ⲛϩⲏⲧ -->
<mark id="orig_687" xlink:href="#tok_687"/><!-- ϥ -->
<mark id="orig_688" xlink:href="#tok_688"/><!-- ϩⲙ -->
<mark id="orig_689" xlink:href="#tok_689"/><!-- ⲡⲁⲓ -->
<mark id="orig_690" xlink:href="#tok_690"/><!-- ⲧⲉⲛⲉⲓⲙⲉ -->
<mark id="orig_691" xlink:href="#tok_691"/><!-- ϫⲉ -->
<mark id="orig_692" xlink:href="#tok_692"/><!-- ϥ -->
<mark id="orig_693" xlink:href="#tok_693"/><!-- ϣⲟⲟⲡ -->
<mark id="orig_694" xlink:href="#tok_694"/><!-- ϩⲣⲁⲓ -->
<mark id="orig_695" xlink:href="#tok_695"/><!-- ⲛϩⲏⲧ -->
<mark id="orig_696" xlink:href="#tok_696"/><!-- ⲛ -->
<mark id="orig_697" xlink:href="#tok_697"/><!-- ⲉⲃⲟⲗ -->
<mark id="orig_698" xlink:href="#tok_698"/><!-- ϩⲙ -->
<mark id="orig_699" xlink:href="#tok_699"/><!-- ⲡⲉ -->
<mark id="orig_700" xlink:href="#tok_700"/><!-- ⲡⲛⲉⲩⲙⲁ -->
<mark id="orig_701" xlink:href="#tok_701"/><!-- ⲛⲧ -->
<mark id="orig_702" xlink:href="#tok_702"/><!-- ⲁ -->
<mark id="orig_703" xlink:href="#tok_703"/><!-- ϥ -->
<mark id="orig_704" xlink:href="#tok_704"/><!-- ⲧⲁⲁ -->
<mark id="orig_705" xlink:href="#tok_705"/><!-- ϥ -->
<mark id="orig_706" xlink:href="#tok_706"/><!-- ⲛⲁ -->
<mark id="orig_707" xlink:href="#tok_707"/><!-- ⲛ -->
<mark id="orig_708" xlink:href="#tok_708"/><!-- . -->
</markList>
</paula>
