<?xml version="1.0" encoding="UTF-8" standalone="no"?>

<!DOCTYPE paula SYSTEM "paula_feat.dtd">
<paula version="1.0">

<header paula_id="sahidica.nt.1_John_3_pos"/>

<featList xmlns:xlink="http://www.w3.org/1999/xlink" type="pos" xml:base="sahidica.nt.1_John_3.posSeg.xml">
<feat xlink:href="#pos_1" value="APST"/><!-- ⲁ -->
<feat xlink:href="#pos_2" value="PPERS"/><!-- ⲛ -->
<feat xlink:href="#pos_3" value="V"/><!-- ⲛⲁⲩ -->
<feat xlink:href="#pos_4" value="CONJ"/><!-- ϫⲉ -->
<feat xlink:href="#pos_5" value="V"/><!-- ⲟⲩⲁϣ -->
<feat xlink:href="#pos_6" value="PREP"/><!-- ⲛ -->
<feat xlink:href="#pos_7" value="N"/><!-- ϭⲟⲧ -->
<feat xlink:href="#pos_8" value="COP"/><!-- ⲧⲉ -->
<feat xlink:href="#pos_9" value="ART"/><!-- ⲧ -->
<feat xlink:href="#pos_10" value="N"/><!-- ⲁⲅⲁⲡⲏ -->
<feat xlink:href="#pos_11" value="CREL"/><!-- ⲛⲧ -->
<feat xlink:href="#pos_12" value="APST"/><!-- ⲁ -->
<feat xlink:href="#pos_13" value="ART"/><!-- ⲡ -->
<feat xlink:href="#pos_14" value="N"/><!-- ⲉⲓⲱⲧ -->
<feat xlink:href="#pos_15" value="PPOS"/><!-- ⲧⲁ -->
<feat xlink:href="#pos_16" value="N"/><!-- ⲁⲥ -->
<feat xlink:href="#pos_17" value="PREP"/><!-- ⲛⲁ -->
<feat xlink:href="#pos_18" value="PPERO"/><!-- ⲛ -->
<feat xlink:href="#pos_19" value="CONJ"/><!-- ϫⲉⲕⲁⲁⲥ -->
<feat xlink:href="#pos_20" value="AOPT_PPERS"/><!-- ⲉⲩⲉ -->
<feat xlink:href="#pos_21" value="V"/><!-- ⲙⲟⲩⲧⲉ -->
<feat xlink:href="#pos_22" value="PREP"/><!-- ⲉⲣⲟ -->
<feat xlink:href="#pos_23" value="PPERO"/><!-- ⲛ -->
<feat xlink:href="#pos_24" value="CONJ"/><!-- ϫⲉ -->
<feat xlink:href="#pos_25" value="N"/><!-- ⲛⲛⲉϣⲏⲣⲉ -->
<feat xlink:href="#pos_26" value="PREP"/><!-- ⲙ -->
<feat xlink:href="#pos_27" value="ART"/><!-- ⲡ -->
<feat xlink:href="#pos_28" value="N"/><!-- ⲛⲟⲩⲧⲉ -->
<feat xlink:href="#pos_29" value="CONJ"/><!-- ⲁⲩⲱ -->
<feat xlink:href="#pos_30" value="PPERI"/><!-- ⲁⲛⲟⲛ -->
<feat xlink:href="#pos_31" value="COP"/><!-- ⲡⲉ -->
<feat xlink:href="#pos_32" value="PREP"/><!-- ⲉⲧⲃⲉ -->
<feat xlink:href="#pos_33" value="PDEM"/><!-- ⲡⲁⲓ -->
<feat xlink:href="#pos_34" value="PREP"/><!-- ⲙ -->
<feat xlink:href="#pos_35" value="ART"/><!-- ⲡ -->
<feat xlink:href="#pos_36" value="N"/><!-- ⲕⲟⲥⲙⲟⲥ -->
<feat xlink:href="#pos_37" value="V"/><!-- ⲥⲟⲟⲩⲛ -->
<feat xlink:href="#pos_38" value="CONJ"/><!-- ⲙⲙⲟⲛ -->
<feat xlink:href="#pos_39" value="NEG"/><!-- ⲁⲛ -->
<feat xlink:href="#pos_40" value="CONJ"/><!-- ϫⲉ -->
<feat xlink:href="#pos_41" value="ANEGPST"/><!-- ⲙⲡⲉ -->
<feat xlink:href="#pos_42" value="PPERS"/><!-- ϥ -->
<feat xlink:href="#pos_43" value="V"/><!-- ⲥⲟⲩⲱⲛ -->
<feat xlink:href="#pos_44" value="PPERO"/><!-- ϥ -->
<feat xlink:href="#pos_45" value="PUNCT"/><!-- . -->
<feat xlink:href="#pos_46" value="PREP"/><!-- ⲛⲁ -->
<feat xlink:href="#pos_47" value="N"/><!-- ⲙⲉⲣⲁⲧⲉ -->
<feat xlink:href="#pos_48" value="ADV"/><!-- ⲧⲉⲛⲟⲩ -->
<feat xlink:href="#pos_49" value="PPERI"/><!-- ⲁⲛⲟⲛ -->
<feat xlink:href="#pos_50" value="N"/><!-- ⲛⲉϣⲏⲣⲉ -->
<feat xlink:href="#pos_51" value="PREP"/><!-- ⲙ -->
<feat xlink:href="#pos_52" value="ART"/><!-- ⲡ -->
<feat xlink:href="#pos_53" value="N"/><!-- ⲛⲟⲩⲧⲉ -->
<feat xlink:href="#pos_54" value="CONJ"/><!-- ⲁⲩⲱ -->
<feat xlink:href="#pos_55" value="ANY"/><!-- ⲙⲡⲁⲧ -->
<feat xlink:href="#pos_56" value="PPERS"/><!-- ϥ -->
<feat xlink:href="#pos_57" value="V"/><!-- ⲟⲩⲱⲛϩ -->
<feat xlink:href="#pos_58" value="ADV"/><!-- ⲉⲃⲟⲗ -->
<feat xlink:href="#pos_59" value="CONJ"/><!-- ϫⲉ -->
<feat xlink:href="#pos_60" value="ACONJ"/><!-- ⲛ -->
<feat xlink:href="#pos_61" value="FUT"/><!-- ⲛⲁ -->
<feat xlink:href="#pos_62" value="V"/><!-- ⲣ -->
<feat xlink:href="#pos_63" value="PINT"/><!-- ⲁϣ -->
<feat xlink:href="#pos_64" value="PREP"/><!-- ⲉ -->
<feat xlink:href="#pos_65" value="ART"/><!-- ⲛ -->
<feat xlink:href="#pos_66" value="N"/><!-- ϩⲉ -->
<feat xlink:href="#pos_67" value="PPERS"/><!-- ⲧⲉⲧⲛ -->
<feat xlink:href="#pos_68" value="V"/><!-- ⲥⲟⲟⲩⲛ -->
<feat xlink:href="#pos_69" value="CONJ"/><!-- ϫⲉ -->
<feat xlink:href="#pos_70" value="ACOND_PPERS"/><!-- ⲉϥϣⲁⲛ -->
<feat xlink:href="#pos_71" value="V"/><!-- ⲟⲩⲱⲛϩ -->
<feat xlink:href="#pos_72" value="ADV"/><!-- ⲉⲃⲟⲗ -->
<feat xlink:href="#pos_73" value="N"/><!-- ⲧⲉⲛⲛⲁϣⲱⲡⲉ -->
<feat xlink:href="#pos_74" value="CCIRC"/><!-- ⲉ -->
<feat xlink:href="#pos_75" value="PPERS"/><!-- ⲛ -->
<feat xlink:href="#pos_76" value="V"/><!-- ⲉⲓⲛⲉ -->
<feat xlink:href="#pos_77" value="PREP"/><!-- ⲙⲙⲟ -->
<feat xlink:href="#pos_78" value="PPERO"/><!-- ϥ -->
<feat xlink:href="#pos_79" value="CONJ"/><!-- ϫⲉ -->
<feat xlink:href="#pos_80" value="PPERS"/><!-- ⲧⲛ -->
<feat xlink:href="#pos_81" value="V"/><!-- ⲛⲁⲩ -->
<feat xlink:href="#pos_82" value="PREP"/><!-- ⲉⲣⲟ -->
<feat xlink:href="#pos_83" value="PPERO"/><!-- ϥ -->
<feat xlink:href="#pos_84" value="PREP"/><!-- ⲕⲁⲧⲁ -->
<feat xlink:href="#pos_85" value="ART"/><!-- ⲧ -->
<feat xlink:href="#pos_86" value="N"/><!-- ϩⲉ -->
<feat xlink:href="#pos_87" value="CREL"/><!-- ⲉⲧ -->
<feat xlink:href="#pos_88" value="PPERS"/><!-- ϥ -->
<feat xlink:href="#pos_89" value="VSTAT"/><!-- ϣⲟⲟⲡ -->
<feat xlink:href="#pos_90" value="PREP"/><!-- ⲛϩⲏⲧ -->
<feat xlink:href="#pos_91" value="PPERO"/><!-- ⲥ -->
<feat xlink:href="#pos_92" value="CONJ"/><!-- ⲁⲩⲱ -->
<feat xlink:href="#pos_93" value="N"/><!-- ⲟⲩⲟⲛ -->
<feat xlink:href="#pos_94" value="PINT"/><!-- ⲛⲓⲙ -->
<feat xlink:href="#pos_95" value="CREL"/><!-- ⲉⲧⲉ -->
<feat xlink:href="#pos_96" value="N"/><!-- ⲩⲛⲧⲁϥ -->
<feat xlink:href="#pos_97" value="PREP"/><!-- ⲙⲙⲟ -->
<feat xlink:href="#pos_98" value="PPERO"/><!-- ⲟⲩ -->
<feat xlink:href="#pos_99" value="PREP"/><!-- ⲛ -->
<feat xlink:href="#pos_100" value="PDEM"/><!-- ⲧⲉⲓ -->
<feat xlink:href="#pos_101" value="N"/><!-- ϩⲉⲗⲡⲓⲥ -->
<feat xlink:href="#pos_102" value="AAOR"/><!-- ϣⲁ -->
<feat xlink:href="#pos_103" value="PPERS"/><!-- ϥ -->
<feat xlink:href="#pos_104" value="V"/><!-- ⲧⲃⲃⲟ -->
<feat xlink:href="#pos_105" value="PPERO"/><!-- ϥ -->
<feat xlink:href="#pos_106" value="ADV"/><!-- ⲉϩⲣⲁⲓ -->
<feat xlink:href="#pos_107" value="PREP"/><!-- ⲉϫⲱ -->
<feat xlink:href="#pos_108" value="PPERO"/><!-- ϥ -->
<feat xlink:href="#pos_109" value="PREP"/><!-- ⲕⲁⲧⲁ -->
<feat xlink:href="#pos_110" value="ART"/><!-- ⲧ -->
<feat xlink:href="#pos_111" value="N"/><!-- ϩⲉ -->
<feat xlink:href="#pos_112" value="N"/><!-- ⲉⲧⲉⲣⲉⲡⲏ -->
<feat xlink:href="#pos_113" value="VSTAT"/><!-- ⲟⲩⲁⲁⲃ -->
<feat xlink:href="#pos_114" value="PREP"/><!-- ⲙⲙⲟ -->
<feat xlink:href="#pos_115" value="PPERO"/><!-- ⲥ -->
<feat xlink:href="#pos_116" value="N"/><!-- ⲟⲩⲟⲛ -->
<feat xlink:href="#pos_117" value="PINT"/><!-- ⲛⲓⲙ -->
<feat xlink:href="#pos_118" value="CREL"/><!-- ⲉⲧ -->
<feat xlink:href="#pos_119" value="V"/><!-- ⲉⲓⲣⲉ -->
<feat xlink:href="#pos_120" value="PREP"/><!-- ⲙ -->
<feat xlink:href="#pos_121" value="ART"/><!-- ⲡ -->
<feat xlink:href="#pos_122" value="N"/><!-- ⲛⲟⲃⲉ -->
<feat xlink:href="#pos_123" value="PPERS"/><!-- ϥ -->
<feat xlink:href="#pos_124" value="V"/><!-- ⲉⲓⲣⲉ -->
<feat xlink:href="#pos_125" value="ADV"/><!-- ⲟⲛ -->
<feat xlink:href="#pos_126" value="N"/><!-- ⲛⲧⲕⲉⲁⲛⲟⲙⲓⲁ -->
<feat xlink:href="#pos_127" value="CONJ"/><!-- ⲁⲩⲱ -->
<feat xlink:href="#pos_128" value="ART"/><!-- ⲡ -->
<feat xlink:href="#pos_129" value="N"/><!-- ⲛⲟⲃⲉ -->
<feat xlink:href="#pos_130" value="COP"/><!-- ⲡⲉ -->
<feat xlink:href="#pos_131" value="ART"/><!-- ⲧ -->
<feat xlink:href="#pos_132" value="N"/><!-- ⲁⲛⲟⲙⲓⲁ -->
<feat xlink:href="#pos_133" value="CONJ"/><!-- ⲁⲩⲱ -->
<feat xlink:href="#pos_134" value="PPERS"/><!-- ⲧⲛ -->
<feat xlink:href="#pos_135" value="V"/><!-- ⲥⲟⲟⲩⲛ -->
<feat xlink:href="#pos_136" value="CONJ"/><!-- ϫⲉ -->
<feat xlink:href="#pos_137" value="N"/><!-- ⲛⲧⲁⲡⲉⲧⲙⲙⲁⲩ -->
<feat xlink:href="#pos_138" value="V"/><!-- ⲟⲩⲱⲛϩ -->
<feat xlink:href="#pos_139" value="ADV"/><!-- ⲉⲃⲟⲗ -->
<feat xlink:href="#pos_140" value="CONJ"/><!-- ϫⲉⲕⲁⲁⲥ -->
<feat xlink:href="#pos_141" value="V"/><!-- ⲉϥϥⲉϥⲉⲓ -->
<feat xlink:href="#pos_142" value="N"/><!-- ⲛⲛⲉⲛⲟⲃⲉ -->
<feat xlink:href="#pos_143" value="CONJ"/><!-- ⲁⲩⲱ -->
<feat xlink:href="#pos_144" value="N"/><!-- ⲙⲙ -->
<feat xlink:href="#pos_145" value="N"/><!-- ⲛⲟⲃⲉ -->
<feat xlink:href="#pos_146" value="VSTAT"/><!-- ϣⲟⲟⲡ -->
<feat xlink:href="#pos_147" value="ADV"/><!-- ϩⲣⲁⲓ -->
<feat xlink:href="#pos_148" value="PREP"/><!-- ⲛϩⲏⲧ -->
<feat xlink:href="#pos_149" value="PPERO"/><!-- ϥ -->
<feat xlink:href="#pos_150" value="N"/><!-- ⲟⲩⲟⲛ -->
<feat xlink:href="#pos_151" value="PINT"/><!-- ⲛⲓⲙ -->
<feat xlink:href="#pos_152" value="CREL"/><!-- ⲉⲧ -->
<feat xlink:href="#pos_153" value="VSTAT"/><!-- ϣⲟⲟⲡ -->
<feat xlink:href="#pos_154" value="ADV"/><!-- ϩⲣⲁⲓ -->
<feat xlink:href="#pos_155" value="PREP"/><!-- ⲛϩⲏⲧ -->
<feat xlink:href="#pos_156" value="PPERO"/><!-- ϥ -->
<feat xlink:href="#pos_157" value="ANEGAOR"/><!-- ⲙⲉ -->
<feat xlink:href="#pos_158" value="PPERS"/><!-- ϥ -->
<feat xlink:href="#pos_159" value="V"/><!-- ⲣ -->
<feat xlink:href="#pos_160" value="N"/><!-- ⲛⲟⲃⲉ -->
<feat xlink:href="#pos_161" value="N"/><!-- ⲟⲩⲟⲛ -->
<feat xlink:href="#pos_162" value="PINT"/><!-- ⲛⲓⲙ -->
<feat xlink:href="#pos_163" value="CREL"/><!-- ⲉⲧ -->
<feat xlink:href="#pos_164" value="V"/><!-- ⲉⲣ -->
<feat xlink:href="#pos_165" value="N"/><!-- ⲛⲟⲃⲉ -->
<feat xlink:href="#pos_166" value="PREP"/><!-- ⲙ -->
<feat xlink:href="#pos_167" value="PPOS"/><!-- ⲡⲉϥ -->
<feat xlink:href="#pos_168" value="N"/><!-- ⲛⲁⲩ -->
<feat xlink:href="#pos_169" value="PREP"/><!-- ⲉⲣⲟ -->
<feat xlink:href="#pos_170" value="PPERO"/><!-- ϥ -->
<feat xlink:href="#pos_171" value="CONJ"/><!-- ⲟⲩⲇⲉ -->
<feat xlink:href="#pos_172" value="ANEGPST"/><!-- ⲙⲡⲉ -->
<feat xlink:href="#pos_173" value="PPERS"/><!-- ϥ -->
<feat xlink:href="#pos_174" value="V"/><!-- ⲥⲟⲩⲱⲛ -->
<feat xlink:href="#pos_175" value="PPERO"/><!-- ϥ -->
<feat xlink:href="#pos_176" value="PREP"/><!-- ⲛⲁ -->
<feat xlink:href="#pos_177" value="N"/><!-- ϣⲏⲣⲉ -->
<feat xlink:href="#pos_178" value="N"/><!-- ⲙⲡⲉⲣⲧⲉⲣⲉⲗⲁⲁⲩ -->
<feat xlink:href="#pos_179" value="V"/><!-- ⲡⲗⲁⲛⲁ -->
<feat xlink:href="#pos_180" value="PREP"/><!-- ⲙⲙⲱ -->
<feat xlink:href="#pos_181" value="PPERO"/><!-- ⲧⲛ -->
<feat xlink:href="#pos_182" value="ART"/><!-- ⲡ -->
<feat xlink:href="#pos_183" value="CREL"/><!-- ⲉⲧⲉⲣⲉ -->
<feat xlink:href="#pos_184" value="PREP"/><!-- ⲛ -->
<feat xlink:href="#pos_185" value="N"/><!-- ⲇⲓⲕⲁⲓⲟⲥⲩⲛⲏ -->
<feat xlink:href="#pos_186" value="ART"/><!-- ⲟⲩ -->
<feat xlink:href="#pos_187" value="N"/><!-- ⲇⲓⲕⲁⲓⲟⲥ -->
<feat xlink:href="#pos_188" value="COP"/><!-- ⲡⲉ -->
<feat xlink:href="#pos_189" value="PREP"/><!-- ⲕⲁⲧⲁ -->
<feat xlink:href="#pos_190" value="ART"/><!-- ⲧ -->
<feat xlink:href="#pos_191" value="N"/><!-- ϩⲉ -->
<feat xlink:href="#pos_192" value="PREP"/><!-- ⲙ -->
<feat xlink:href="#pos_193" value="ART"/><!-- ⲡ -->
<feat xlink:href="#pos_194" value="CREL"/><!-- ⲉⲧ -->
<feat xlink:href="#pos_195" value="ADV"/><!-- ⲙⲙⲁⲩ -->
<feat xlink:href="#pos_196" value="PREP"/><!-- ⲉ -->
<feat xlink:href="#pos_197" value="ART"/><!-- ⲩ -->
<feat xlink:href="#pos_198" value="N"/><!-- ⲇⲓⲕⲁⲓⲟⲥ -->
<feat xlink:href="#pos_199" value="COP"/><!-- ⲡⲉ -->
<feat xlink:href="#pos_200" value="PUNCT"/><!-- . -->
<feat xlink:href="#pos_201" value="ART"/><!-- ⲡ -->
<feat xlink:href="#pos_202" value="CREL"/><!-- ⲉⲧ -->
<feat xlink:href="#pos_203" value="V"/><!-- ⲉⲓⲣⲉ -->
<feat xlink:href="#pos_204" value="PREP"/><!-- ⲙ -->
<feat xlink:href="#pos_205" value="ART"/><!-- ⲡ -->
<feat xlink:href="#pos_206" value="N"/><!-- ⲛⲟⲃⲉ -->
<feat xlink:href="#pos_207" value="V"/><!-- ⲟⲩⲉⲃⲟⲗ -->
<feat xlink:href="#pos_208" value="PREP"/><!-- ϩⲙ -->
<feat xlink:href="#pos_209" value="ART"/><!-- ⲡ -->
<feat xlink:href="#pos_210" value="N"/><!-- ⲇⲓⲁⲃⲟⲗⲟⲥ -->
<feat xlink:href="#pos_211" value="COP"/><!-- ⲡⲉ -->
<feat xlink:href="#pos_212" value="CONJ"/><!-- ϫⲉ -->
<feat xlink:href="#pos_213" value="PREP"/><!-- ϫⲓⲛ -->
<feat xlink:href="#pos_214" value="N"/><!-- ⲧⲉϩⲟⲩⲉⲓⲧⲉ -->
<feat xlink:href="#pos_215" value="ART"/><!-- ⲡ -->
<feat xlink:href="#pos_216" value="N"/><!-- ⲇⲓⲁⲃⲟⲗⲟⲥ -->
<feat xlink:href="#pos_217" value="V"/><!-- ⲉⲣ -->
<feat xlink:href="#pos_218" value="N"/><!-- ⲛⲟⲃⲉ -->
<feat xlink:href="#pos_219" value="PREP"/><!-- ⲉⲧⲃⲉ -->
<feat xlink:href="#pos_220" value="PDEM"/><!-- ⲡⲁⲓ -->
<feat xlink:href="#pos_221" value="N"/><!-- ⲁⲡϣⲏⲣⲉ -->
<feat xlink:href="#pos_222" value="PREP"/><!-- ⲙ -->
<feat xlink:href="#pos_223" value="ART"/><!-- ⲡ -->
<feat xlink:href="#pos_224" value="N"/><!-- ⲛⲟⲩⲧⲉ -->
<feat xlink:href="#pos_225" value="V"/><!-- ⲟⲩⲱⲛϩ -->
<feat xlink:href="#pos_226" value="ADV"/><!-- ⲉⲃⲟⲗ -->
<feat xlink:href="#pos_227" value="CONJ"/><!-- ϫⲉⲕⲁⲁⲥ -->
<feat xlink:href="#pos_228" value="AOPT_PPERS"/><!-- ⲉϥⲉ -->
<feat xlink:href="#pos_229" value="V"/><!-- ⲃⲱⲗ -->
<feat xlink:href="#pos_230" value="ADV"/><!-- ⲉⲃⲟⲗ -->
<feat xlink:href="#pos_231" value="PREP"/><!-- ⲛ -->
<feat xlink:href="#pos_232" value="ART"/><!-- ⲛⲉ -->
<feat xlink:href="#pos_233" value="N"/><!-- ϩⲃⲏⲩⲉ -->
<feat xlink:href="#pos_234" value="PREP"/><!-- ⲙ -->
<feat xlink:href="#pos_235" value="ART"/><!-- ⲡ -->
<feat xlink:href="#pos_236" value="N"/><!-- ⲇⲓⲁⲃⲟⲗⲟⲥ -->
<feat xlink:href="#pos_237" value="N"/><!-- ⲟⲩⲟⲛ -->
<feat xlink:href="#pos_238" value="PINT"/><!-- ⲛⲓⲙ -->
<feat xlink:href="#pos_239" value="CREL"/><!-- ⲛⲧ -->
<feat xlink:href="#pos_240" value="APST"/><!-- ⲁ -->
<feat xlink:href="#pos_241" value="PPERS"/><!-- ⲩ -->
<feat xlink:href="#pos_242" value="V"/><!-- ϫⲡⲟ -->
<feat xlink:href="#pos_243" value="PPERO"/><!-- ϥ -->
<feat xlink:href="#pos_244" value="ADV"/><!-- ⲉⲃⲟⲗ -->
<feat xlink:href="#pos_245" value="PREP"/><!-- ϩⲙ -->
<feat xlink:href="#pos_246" value="ART"/><!-- ⲡ -->
<feat xlink:href="#pos_247" value="N"/><!-- ⲛⲟⲩⲧⲉ -->
<feat xlink:href="#pos_248" value="ANEGAOR"/><!-- ⲙⲉ -->
<feat xlink:href="#pos_249" value="PPERS"/><!-- ϥ -->
<feat xlink:href="#pos_250" value="V"/><!-- ⲣ -->
<feat xlink:href="#pos_251" value="N"/><!-- ⲛⲟⲃⲉ -->
<feat xlink:href="#pos_252" value="CONJ"/><!-- ϫⲉ -->
<feat xlink:href="#pos_253" value="PPOS"/><!-- ⲡⲉϥ -->
<feat xlink:href="#pos_254" value="N"/><!-- ⲥⲡⲉⲣⲙⲁ -->
<feat xlink:href="#pos_255" value="VSTAT"/><!-- ϣⲟⲟⲡ -->
<feat xlink:href="#pos_256" value="ADV"/><!-- ϩⲣⲁⲓ -->
<feat xlink:href="#pos_257" value="PREP"/><!-- ⲛϩⲏⲧ -->
<feat xlink:href="#pos_258" value="PPERO"/><!-- ϥ -->
<feat xlink:href="#pos_259" value="CONJ"/><!-- ⲁⲩⲱ -->
<feat xlink:href="#pos_260" value="EXIST"/><!-- ⲙⲛ -->
<feat xlink:href="#pos_261" value="V"/><!-- ϣ -->
<feat xlink:href="#pos_262" value="N"/><!-- ϭⲟⲙ -->
<feat xlink:href="#pos_263" value="PREP"/><!-- ⲙⲙⲟ -->
<feat xlink:href="#pos_264" value="PPERO"/><!-- ϥ -->
<feat xlink:href="#pos_265" value="V"/><!-- ⲉⲣ -->
<feat xlink:href="#pos_266" value="N"/><!-- ⲛⲟⲃⲉ -->
<feat xlink:href="#pos_267" value="CONJ"/><!-- ϫⲉ -->
<feat xlink:href="#pos_268" value="CREL"/><!-- ⲛⲧ -->
<feat xlink:href="#pos_269" value="APST"/><!-- ⲁ -->
<feat xlink:href="#pos_270" value="PPERS"/><!-- ⲩ -->
<feat xlink:href="#pos_271" value="V"/><!-- ϫⲡⲟ -->
<feat xlink:href="#pos_272" value="PPERO"/><!-- ϥ -->
<feat xlink:href="#pos_273" value="ADV"/><!-- ⲉⲃⲟⲗ -->
<feat xlink:href="#pos_274" value="PREP"/><!-- ϩⲙ -->
<feat xlink:href="#pos_275" value="ART"/><!-- ⲡ -->
<feat xlink:href="#pos_276" value="N"/><!-- ⲛⲟⲩⲧⲉ -->
<feat xlink:href="#pos_277" value="PREP"/><!-- ϩⲙ -->
<feat xlink:href="#pos_278" value="PDEM"/><!-- ⲡⲁⲓ -->
<feat xlink:href="#pos_279" value="PPERS"/><!-- ⲥⲉ -->
<feat xlink:href="#pos_280" value="V"/><!-- ⲟⲩⲟⲛϩ -->
<feat xlink:href="#pos_281" value="ADV"/><!-- ⲉⲃⲟⲗ -->
<feat xlink:href="#pos_282" value="PTC"/><!-- ⲛϭⲓ -->
<feat xlink:href="#pos_283" value="N"/><!-- ⲛⲛⲉϣⲏⲣⲉ -->
<feat xlink:href="#pos_284" value="PREP"/><!-- ⲙ -->
<feat xlink:href="#pos_285" value="ART"/><!-- ⲡ -->
<feat xlink:href="#pos_286" value="N"/><!-- ⲛⲟⲩⲧⲉ -->
<feat xlink:href="#pos_287" value="PREP"/><!-- ⲙⲛ -->
<feat xlink:href="#pos_288" value="N"/><!-- ⲛⲉϣⲏⲣⲉ -->
<feat xlink:href="#pos_289" value="PREP"/><!-- ⲙ -->
<feat xlink:href="#pos_290" value="ART"/><!-- ⲡ -->
<feat xlink:href="#pos_291" value="N"/><!-- ⲇⲓⲁⲃⲟⲗⲟⲥ -->
<feat xlink:href="#pos_292" value="N"/><!-- ⲟⲩⲟⲛ -->
<feat xlink:href="#pos_293" value="PINT"/><!-- ⲛⲓⲙ -->
<feat xlink:href="#pos_294" value="CREL"/><!-- ⲉⲧⲉ -->
<feat xlink:href="#pos_295" value="PREP"/><!-- ⲛ -->
<feat xlink:href="#pos_296" value="ART"/><!-- ⲟⲩ -->
<feat xlink:href="#pos_297" value="N"/><!-- ⲇⲓⲕⲁⲓⲟⲥ -->
<feat xlink:href="#pos_298" value="NEG"/><!-- ⲁⲛ -->
<feat xlink:href="#pos_299" value="COP"/><!-- ⲡⲉ -->
<feat xlink:href="#pos_300" value="PREP"/><!-- ⲛ -->
<feat xlink:href="#pos_301" value="ART"/><!-- ⲟⲩ -->
<feat xlink:href="#pos_302" value="N"/><!-- ⲃⲟⲗ -->
<feat xlink:href="#pos_303" value="NEG"/><!-- ⲁⲛ -->
<feat xlink:href="#pos_304" value="COP"/><!-- ⲡⲉ -->
<feat xlink:href="#pos_305" value="PREP"/><!-- ϩⲙ -->
<feat xlink:href="#pos_306" value="ART"/><!-- ⲡ -->
<feat xlink:href="#pos_307" value="N"/><!-- ⲛⲟⲩⲧⲉ -->
<feat xlink:href="#pos_308" value="CONJ"/><!-- ⲁⲩⲱ -->
<feat xlink:href="#pos_309" value="N"/><!-- ⲡⲉⲧⲉ -->
<feat xlink:href="#pos_310" value="ACONJ"/><!-- ⲛ -->
<feat xlink:href="#pos_311" value="PPERS"/><!-- ϥ -->
<feat xlink:href="#pos_312" value="V"/><!-- ⲙⲉ -->
<feat xlink:href="#pos_313" value="NEG"/><!-- ⲁⲛ -->
<feat xlink:href="#pos_314" value="PREP"/><!-- ⲙ -->
<feat xlink:href="#pos_315" value="PPOS"/><!-- ⲡⲉϥ -->
<feat xlink:href="#pos_316" value="N"/><!-- ⲥⲟⲛ -->
<feat xlink:href="#pos_317" value="CONJ"/><!-- ϫⲉ -->
<feat xlink:href="#pos_318" value="PDEM"/><!-- ⲡⲁⲓ -->
<feat xlink:href="#pos_319" value="COP"/><!-- ⲡⲉ -->
<feat xlink:href="#pos_320" value="N"/><!-- ⲡⲉⲣⲏⲧ -->
<feat xlink:href="#pos_321" value="CREL"/><!-- ⲛⲧ -->
<feat xlink:href="#pos_322" value="APST"/><!-- ⲁ -->
<feat xlink:href="#pos_323" value="PPERS"/><!-- ⲛ -->
<feat xlink:href="#pos_324" value="V"/><!-- ⲥⲱⲧⲙ -->
<feat xlink:href="#pos_325" value="PREP"/><!-- ⲉⲣⲟ -->
<feat xlink:href="#pos_326" value="PPERO"/><!-- ϥ -->
<feat xlink:href="#pos_327" value="PREP"/><!-- ϫⲓⲛ -->
<feat xlink:href="#pos_328" value="N"/><!-- ϣⲟⲣⲡ -->
<feat xlink:href="#pos_329" value="CONJ"/><!-- ϫⲉⲕⲁⲁⲥ -->
<feat xlink:href="#pos_330" value="CFOC"/><!-- ⲉ -->
<feat xlink:href="#pos_331" value="FUT"/><!-- ⲛⲁ -->
<feat xlink:href="#pos_332" value="V"/><!-- ⲙⲉ -->
<feat xlink:href="#pos_333" value="V"/><!-- ⲣⲉ -->
<feat xlink:href="#pos_334" value="PPOS"/><!-- ⲛⲉⲛ -->
<feat xlink:href="#pos_335" value="N"/><!-- ⲉⲣⲏⲩ -->
<feat xlink:href="#pos_336" value="PREP"/><!-- ⲕⲁⲧⲁ -->
<feat xlink:href="#pos_337" value="ART"/><!-- ⲧ -->
<feat xlink:href="#pos_338" value="N"/><!-- ϩⲉ -->
<feat xlink:href="#pos_339" value="NEG"/><!-- ⲁⲛ -->
<feat xlink:href="#pos_340" value="PREP"/><!-- ⲛ -->
<feat xlink:href="#pos_341" value="NPROP"/><!-- ⲕⲁⲓⲛ -->
<feat xlink:href="#pos_342" value="V"/><!-- ⲉⲟⲩⲉ -->
<feat xlink:href="#pos_343" value="N"/><!-- ⲃⲟⲗ -->
<feat xlink:href="#pos_344" value="PREP"/><!-- ϩⲙ -->
<feat xlink:href="#pos_345" value="ART"/><!-- ⲡ -->
<feat xlink:href="#pos_346" value="N"/><!-- ⲡⲟⲛⲏⲣⲟⲥ -->
<feat xlink:href="#pos_347" value="COP"/><!-- ⲡⲉ -->
<feat xlink:href="#pos_348" value="CREL"/><!-- ⲛⲧ -->
<feat xlink:href="#pos_349" value="APST"/><!-- ⲁ -->
<feat xlink:href="#pos_350" value="PPERS"/><!-- ϥ -->
<feat xlink:href="#pos_351" value="V"/><!-- ⲕⲱⲛⲥ -->
<feat xlink:href="#pos_352" value="PPOS"/><!-- ⲡⲉϥ -->
<feat xlink:href="#pos_353" value="N"/><!-- ⲥⲟⲛ -->
<feat xlink:href="#pos_354" value="CONJ"/><!-- ⲁⲩⲱ -->
<feat xlink:href="#pos_355" value="PREP"/><!-- ⲉⲧⲃⲉ -->
<feat xlink:href="#pos_356" value="PPERO"/><!-- ⲟⲩ -->
<feat xlink:href="#pos_357" value="APST"/><!-- ⲁ -->
<feat xlink:href="#pos_358" value="PPERS"/><!-- ϥ -->
<feat xlink:href="#pos_359" value="V"/><!-- ⲕⲟⲛⲥ -->
<feat xlink:href="#pos_360" value="PPERO"/><!-- ϥ -->
<feat xlink:href="#pos_361" value="ADV"/><!-- ⲉⲃⲟⲗ -->
<feat xlink:href="#pos_362" value="CONJ"/><!-- ϫⲉ -->
<feat xlink:href="#pos_363" value="PPOS"/><!-- ⲛⲉϥ -->
<feat xlink:href="#pos_364" value="N"/><!-- ϩⲃⲏⲩⲉ -->
<feat xlink:href="#pos_365" value="ART"/><!-- ϩⲉⲛ -->
<feat xlink:href="#pos_366" value="N"/><!-- ⲡⲟⲛⲏⲣⲟⲛ -->
<feat xlink:href="#pos_367" value="ART"/><!-- ⲛⲉ -->
<feat xlink:href="#pos_368" value="N"/><!-- ϩⲃⲏⲩⲉ -->
<feat xlink:href="#pos_369" value="PTC"/><!-- ⲇⲉ -->
<feat xlink:href="#pos_370" value="PREP"/><!-- ⲙ -->
<feat xlink:href="#pos_371" value="PPOS"/><!-- ⲡⲉϥ -->
<feat xlink:href="#pos_372" value="N"/><!-- ⲥⲟⲛ -->
<feat xlink:href="#pos_373" value="ART"/><!-- ϩⲉⲛ -->
<feat xlink:href="#pos_374" value="N"/><!-- ⲇⲓⲕⲁⲓⲟⲛ -->
<feat xlink:href="#pos_375" value="COP"/><!-- ⲛⲉ -->
<feat xlink:href="#pos_376" value="VIMP"/><!-- ⲙⲡⲣ -->
<feat xlink:href="#pos_377" value="V"/><!-- ⲣ -->
<feat xlink:href="#pos_378" value="N"/><!-- ϣⲡⲏⲣⲉ -->
<feat xlink:href="#pos_379" value="PREP"/><!-- ⲛⲁ -->
<feat xlink:href="#pos_380" value="N"/><!-- ⲥⲛⲏⲩ -->
<feat xlink:href="#pos_381" value="CONJ"/><!-- ϫⲉ -->
<feat xlink:href="#pos_382" value="ART"/><!-- ⲡ -->
<feat xlink:href="#pos_383" value="N"/><!-- ⲕⲟⲥⲙⲟⲥ -->
<feat xlink:href="#pos_384" value="V"/><!-- ⲙⲟⲥⲧⲉ -->
<feat xlink:href="#pos_385" value="CONJ"/><!-- ⲙⲙⲟⲛ -->
<feat xlink:href="#pos_386" value="PPERI"/><!-- ⲁⲛⲟⲛ -->
<feat xlink:href="#pos_387" value="PPERS"/><!-- ⲧⲛ -->
<feat xlink:href="#pos_388" value="V"/><!-- ⲥⲟⲟⲩⲛ -->
<feat xlink:href="#pos_389" value="CONJ"/><!-- ϫⲉ -->
<feat xlink:href="#pos_390" value="APST"/><!-- ⲁ -->
<feat xlink:href="#pos_391" value="PPERS"/><!-- ⲛ -->
<feat xlink:href="#pos_392" value="V"/><!-- ⲡⲱⲱⲛⲉ -->
<feat xlink:href="#pos_393" value="ADV"/><!-- ⲉⲃⲟⲗ -->
<feat xlink:href="#pos_394" value="PREP"/><!-- ϩⲙ -->
<feat xlink:href="#pos_395" value="ART"/><!-- ⲡ -->
<feat xlink:href="#pos_396" value="N"/><!-- ⲙⲟⲩ -->
<feat xlink:href="#pos_397" value="ADV"/><!-- ⲉϩⲟⲩⲛ -->
<feat xlink:href="#pos_398" value="PREP"/><!-- ⲉ -->
<feat xlink:href="#pos_399" value="ART"/><!-- ⲡ -->
<feat xlink:href="#pos_400" value="N"/><!-- ⲱⲛϩ -->
<feat xlink:href="#pos_401" value="CONJ"/><!-- ϫⲉ -->
<feat xlink:href="#pos_402" value="PPOS"/><!-- ⲧⲉⲛ -->
<feat xlink:href="#pos_403" value="N"/><!-- ⲙⲉ -->
<feat xlink:href="#pos_404" value="PREP"/><!-- ⲛ -->
<feat xlink:href="#pos_405" value="PPOS"/><!-- ⲛⲉⲛ -->
<feat xlink:href="#pos_406" value="N"/><!-- ⲥⲛⲏⲩ -->
<feat xlink:href="#pos_407" value="V"/><!-- ⲡⲉⲧⲉ -->
<feat xlink:href="#pos_408" value="ACONJ"/><!-- ⲛ -->
<feat xlink:href="#pos_409" value="PPERS"/><!-- ϥ -->
<feat xlink:href="#pos_410" value="V"/><!-- ⲙⲉ -->
<feat xlink:href="#pos_411" value="NEG"/><!-- ⲁⲛ -->
<feat xlink:href="#pos_412" value="PPERS"/><!-- ϥ -->
<feat xlink:href="#pos_413" value="VSTAT"/><!-- ϣⲟⲟⲡ -->
<feat xlink:href="#pos_414" value="ADV"/><!-- ϩⲣⲁⲓ -->
<feat xlink:href="#pos_415" value="PREP"/><!-- ϩⲙ -->
<feat xlink:href="#pos_416" value="ART"/><!-- ⲡ -->
<feat xlink:href="#pos_417" value="N"/><!-- ⲙⲟⲩ -->
<feat xlink:href="#pos_418" value="N"/><!-- ⲟⲩⲟⲛ -->
<feat xlink:href="#pos_419" value="PTC"/><!-- ⲇⲉ -->
<feat xlink:href="#pos_420" value="PINT"/><!-- ⲛⲓⲙ -->
<feat xlink:href="#pos_421" value="CREL"/><!-- ⲉⲧ -->
<feat xlink:href="#pos_422" value="V"/><!-- ⲙⲟⲥⲧⲉ -->
<feat xlink:href="#pos_423" value="PREP"/><!-- ⲙ -->
<feat xlink:href="#pos_424" value="PPOS"/><!-- ⲡⲉϥ -->
<feat xlink:href="#pos_425" value="N"/><!-- ⲥⲟⲛ -->
<feat xlink:href="#pos_426" value="V"/><!-- ⲟⲩⲣⲉϥϩⲉⲧⲃ -->
<feat xlink:href="#pos_427" value="N"/><!-- ⲣⲱⲙⲉ -->
<feat xlink:href="#pos_428" value="COP"/><!-- ⲡⲉ -->
<feat xlink:href="#pos_429" value="CONJ"/><!-- ⲁⲩⲱ -->
<feat xlink:href="#pos_430" value="PPERS"/><!-- ⲧⲉⲧⲛ -->
<feat xlink:href="#pos_431" value="V"/><!-- ⲥⲟⲟⲩⲛ -->
<feat xlink:href="#pos_432" value="CONJ"/><!-- ϫⲉ -->
<feat xlink:href="#pos_433" value="V"/><!-- ⲣⲉϥϩⲉⲧⲃ -->
<feat xlink:href="#pos_434" value="N"/><!-- ⲣⲱⲙⲉ -->
<feat xlink:href="#pos_435" value="PINT"/><!-- ⲛⲓⲙ -->
<feat xlink:href="#pos_436" value="EXIST"/><!-- ⲙⲛⲧ -->
<feat xlink:href="#pos_437" value="PPERO"/><!-- ϥ -->
<feat xlink:href="#pos_438" value="ADV"/><!-- ⲙⲙⲁⲩ -->
<feat xlink:href="#pos_439" value="PREP"/><!-- ⲙ -->
<feat xlink:href="#pos_440" value="ART"/><!-- ⲡ -->
<feat xlink:href="#pos_441" value="N"/><!-- ⲱⲛϩ -->
<feat xlink:href="#pos_442" value="ADV"/><!-- ⲛϣⲁ -->
<feat xlink:href="#pos_443" value="ADV"/><!-- ⲉⲛⲉϩ -->
<feat xlink:href="#pos_444" value="CCIRC"/><!-- ⲉ -->
<feat xlink:href="#pos_445" value="PPERS"/><!-- ϥ -->
<feat xlink:href="#pos_446" value="VSTAT"/><!-- ϣⲟⲟⲡ -->
<feat xlink:href="#pos_447" value="ADV"/><!-- ϩⲣⲁⲓ -->
<feat xlink:href="#pos_448" value="PREP"/><!-- ⲛϩⲏⲧ -->
<feat xlink:href="#pos_449" value="PPERO"/><!-- ϥ -->
<feat xlink:href="#pos_450" value="PREP"/><!-- ϩⲙ -->
<feat xlink:href="#pos_451" value="PDEM"/><!-- ⲡⲁⲓ -->
<feat xlink:href="#pos_452" value="APST"/><!-- ⲁ -->
<feat xlink:href="#pos_453" value="PPERS"/><!-- ⲛ -->
<feat xlink:href="#pos_454" value="V"/><!-- ⲉⲓⲙⲉ -->
<feat xlink:href="#pos_455" value="PREP"/><!-- ⲉ -->
<feat xlink:href="#pos_456" value="ART"/><!-- ⲧ -->
<feat xlink:href="#pos_457" value="N"/><!-- ⲁⲅⲁⲡⲏ -->
<feat xlink:href="#pos_458" value="CONJ"/><!-- ϫⲉ -->
<feat xlink:href="#pos_459" value="ART"/><!-- ⲡ -->
<feat xlink:href="#pos_460" value="CREL"/><!-- ⲉⲧ -->
<feat xlink:href="#pos_461" value="ADV"/><!-- ⲙⲙⲁⲩ -->
<feat xlink:href="#pos_462" value="ART"/><!-- ⲡ -->
<feat xlink:href="#pos_463" value="CREL"/><!-- ⲉⲛⲧ -->
<feat xlink:href="#pos_464" value="APST"/><!-- ⲁ -->
<feat xlink:href="#pos_465" value="PPERS"/><!-- ϥ -->
<feat xlink:href="#pos_466" value="V"/><!-- ⲕⲱ -->
<feat xlink:href="#pos_467" value="PREP"/><!-- ⲛ -->
<feat xlink:href="#pos_468" value="PPOS"/><!-- ⲧⲉϥ -->
<feat xlink:href="#pos_469" value="N"/><!-- ⲯⲩⲭⲏ -->
<feat xlink:href="#pos_470" value="PREP"/><!-- ϩⲁⲣⲟ -->
<feat xlink:href="#pos_471" value="PPERO"/><!-- ⲛ -->
<feat xlink:href="#pos_472" value="PPERI"/><!-- ⲁⲛⲟⲛ -->
<feat xlink:href="#pos_473" value="PTC"/><!-- ⲇⲉ -->
<feat xlink:href="#pos_474" value="IMOD"/><!-- ϩⲱⲱ -->
<feat xlink:href="#pos_475" value="PPERO"/><!-- ⲛ -->
<feat xlink:href="#pos_476" value="V"/><!-- ϣϣⲉ -->
<feat xlink:href="#pos_477" value="PREP"/><!-- ⲉⲣⲟ -->
<feat xlink:href="#pos_478" value="ART"/><!-- ⲛ -->
<feat xlink:href="#pos_479" value="CREL"/><!-- ⲉ -->
<feat xlink:href="#pos_480" value="V"/><!-- ⲕⲱ -->
<feat xlink:href="#pos_481" value="N"/><!-- ⲛⲛⲙⲯⲩⲭⲏ -->
<feat xlink:href="#pos_482" value="PREP"/><!-- ϩⲁ -->
<feat xlink:href="#pos_483" value="PPOS"/><!-- ⲛⲉⲛ -->
<feat xlink:href="#pos_484" value="N"/><!-- ⲥⲛⲏⲩ -->
<feat xlink:href="#pos_485" value="N"/><!-- ⲡⲉⲧⲉ -->
<feat xlink:href="#pos_486" value="EXIST"/><!-- ⲟⲩⲛⲧⲁ -->
<feat xlink:href="#pos_487" value="PPERO"/><!-- ϥ -->
<feat xlink:href="#pos_488" value="ADV"/><!-- ⲙⲙⲁⲩ -->
<feat xlink:href="#pos_489" value="PREP"/><!-- ⲙ -->
<feat xlink:href="#pos_490" value="ART"/><!-- ⲡ -->
<feat xlink:href="#pos_491" value="N"/><!-- ⲃⲓⲟⲥ -->
<feat xlink:href="#pos_492" value="PREP"/><!-- ⲙ -->
<feat xlink:href="#pos_493" value="PDEM"/><!-- ⲡⲉⲓ -->
<feat xlink:href="#pos_494" value="N"/><!-- ⲕⲟⲥⲙⲟⲥ -->
<feat xlink:href="#pos_495" value="ACONJ"/><!-- ⲛ -->
<feat xlink:href="#pos_496" value="PPERS"/><!-- ϥ -->
<feat xlink:href="#pos_497" value="V"/><!-- ⲛⲁⲩ -->
<feat xlink:href="#pos_498" value="PREP"/><!-- ⲉ -->
<feat xlink:href="#pos_499" value="PPOS"/><!-- ⲡⲉϥ -->
<feat xlink:href="#pos_500" value="N"/><!-- ⲥⲟⲛ -->
<feat xlink:href="#pos_501" value="V"/><!-- ⲉϥⲣϭⲣⲟϩ -->
<feat xlink:href="#pos_502" value="PREP"/><!-- ⲛ -->
<feat xlink:href="#pos_503" value="PPERO"/><!-- ϥ -->
<feat xlink:href="#pos_504" value="NEG"/><!-- ⲧⲙ -->
<feat xlink:href="#pos_505" value="V"/><!-- ϣ -->
<feat xlink:href="#pos_506" value="PREP"/><!-- ⲛ -->
<feat xlink:href="#pos_507" value="N"/><!-- ϩⲧⲏϥ -->
<feat xlink:href="#pos_508" value="ADV"/><!-- ⲉϩⲣⲁⲓ -->
<feat xlink:href="#pos_509" value="PREP"/><!-- ⲉϫⲱ -->
<feat xlink:href="#pos_510" value="PPERO"/><!-- ϥ -->
<feat xlink:href="#pos_511" value="PREP"/><!-- ⲛ -->
<feat xlink:href="#pos_512" value="PINT"/><!-- ⲁϣ -->
<feat xlink:href="#pos_513" value="PREP"/><!-- ⲉ -->
<feat xlink:href="#pos_514" value="ART"/><!-- ⲛ -->
<feat xlink:href="#pos_515" value="N"/><!-- ϩⲉ -->
<feat xlink:href="#pos_516" value="ART"/><!-- ⲧ -->
<feat xlink:href="#pos_517" value="N"/><!-- ⲁⲅⲁⲡⲏ -->
<feat xlink:href="#pos_518" value="PREP"/><!-- ⲙ -->
<feat xlink:href="#pos_519" value="ART"/><!-- ⲡ -->
<feat xlink:href="#pos_520" value="N"/><!-- ⲛⲟⲩⲧⲉ -->
<feat xlink:href="#pos_521" value="VSTAT"/><!-- ϣⲟⲟⲡ -->
<feat xlink:href="#pos_522" value="ADV"/><!-- ϩⲣⲁⲓ -->
<feat xlink:href="#pos_523" value="PREP"/><!-- ⲛϩⲏⲧ -->
<feat xlink:href="#pos_524" value="PPERO"/><!-- ϥ -->
<feat xlink:href="#pos_525" value="PUNCT"/><!-- . -->
<feat xlink:href="#pos_526" value="PREP"/><!-- ⲛⲁ -->
<feat xlink:href="#pos_527" value="N"/><!-- ϣⲏⲣⲉ -->
<feat xlink:href="#pos_528" value="N"/><!-- ⲙⲡⲉⲣⲧⲉⲣⲉⲛⲙⲉ -->
<feat xlink:href="#pos_529" value="PREP"/><!-- ϩⲙ -->
<feat xlink:href="#pos_530" value="ART"/><!-- ⲡ -->
<feat xlink:href="#pos_531" value="N"/><!-- ϣⲁϫⲉ -->
<feat xlink:href="#pos_532" value="CONJ"/><!-- ⲟⲩⲇⲉ -->
<feat xlink:href="#pos_533" value="PREP"/><!-- ϩⲙ -->
<feat xlink:href="#pos_534" value="ART"/><!-- ⲡ -->
<feat xlink:href="#pos_535" value="N"/><!-- ⲗⲁⲥ -->
<feat xlink:href="#pos_536" value="CONJ"/><!-- ⲁⲗⲗⲁ -->
<feat xlink:href="#pos_537" value="PREP"/><!-- ϩⲙ -->
<feat xlink:href="#pos_538" value="ART"/><!-- ⲡ -->
<feat xlink:href="#pos_539" value="N"/><!-- ϩⲱⲃ -->
<feat xlink:href="#pos_540" value="PREP"/><!-- ⲙⲛ -->
<feat xlink:href="#pos_541" value="ART"/><!-- ⲧ -->
<feat xlink:href="#pos_542" value="N"/><!-- ⲙⲉ -->
<feat xlink:href="#pos_543" value="CONJ"/><!-- ⲁⲩⲱ -->
<feat xlink:href="#pos_544" value="PREP"/><!-- ϩⲙ -->
<feat xlink:href="#pos_545" value="PDEM"/><!-- ⲡⲁⲓ -->
<feat xlink:href="#pos_546" value="N"/><!-- ⲧⲉⲛⲛⲁⲉⲓⲙⲉ -->
<feat xlink:href="#pos_547" value="CONJ"/><!-- ϫⲉ -->
<feat xlink:href="#pos_548" value="PPERI"/><!-- ⲁⲛⲟⲛ -->
<feat xlink:href="#pos_549" value="ART"/><!-- ϩⲉⲛ -->
<feat xlink:href="#pos_550" value="N"/><!-- ⲃⲟⲗ -->
<feat xlink:href="#pos_551" value="NPROP"/><!-- ⲏⲛ -->
<feat xlink:href="#pos_552" value="ART"/><!-- ⲧ -->
<feat xlink:href="#pos_553" value="N"/><!-- ⲙⲉ -->
<feat xlink:href="#pos_554" value="CONJ"/><!-- ⲁⲩⲱ -->
<feat xlink:href="#pos_555" value="PPERS"/><!-- ⲧⲛ -->
<feat xlink:href="#pos_556" value="FUT"/><!-- ⲛⲁ -->
<feat xlink:href="#pos_557" value="V"/><!-- ⲡⲉⲓⲑⲉ -->
<feat xlink:href="#pos_558" value="PREP"/><!-- ⲙ -->
<feat xlink:href="#pos_559" value="PPOS"/><!-- ⲡⲉⲛ -->
<feat xlink:href="#pos_560" value="N"/><!-- ϩⲏⲧ -->
<feat xlink:href="#pos_561" value="PREP"/><!-- ⲙ -->
<feat xlink:href="#pos_562" value="PPOS"/><!-- ⲡⲉϥ -->
<feat xlink:href="#pos_563" value="N"/><!-- ⲙⲧⲟ -->
<feat xlink:href="#pos_564" value="ADV"/><!-- ⲉⲃⲟⲗ -->
<feat xlink:href="#pos_565" value="CONJ"/><!-- ϫⲉ -->
<feat xlink:href="#pos_566" value="N"/><!-- ⲉⲣϣⲁⲛⲡⲉⲛϩⲏⲧ -->
<feat xlink:href="#pos_567" value="V"/><!-- ϭⲉⲛ -->
<feat xlink:href="#pos_568" value="PREP"/><!-- ⲛ -->
<feat xlink:href="#pos_569" value="N"/><!-- ⲁⲣⲓⲕⲉ -->
<feat xlink:href="#pos_570" value="PREP"/><!-- ⲉⲣⲟ -->
<feat xlink:href="#pos_571" value="ART"/><!-- ⲛ -->
<feat xlink:href="#pos_572" value="ART"/><!-- ⲡ -->
<feat xlink:href="#pos_573" value="N"/><!-- ⲛⲟⲩⲧⲉ -->
<feat xlink:href="#pos_574" value="VSTAT"/><!-- ⲟ -->
<feat xlink:href="#pos_575" value="PREP"/><!-- ⲛ -->
<feat xlink:href="#pos_576" value="N"/><!-- ⲛⲟϭ -->
<feat xlink:href="#pos_577" value="PREP"/><!-- ⲉ -->
<feat xlink:href="#pos_578" value="PPOS"/><!-- ⲡⲉⲛ -->
<feat xlink:href="#pos_579" value="N"/><!-- ϩⲏⲧ -->
<feat xlink:href="#pos_580" value="CONJ"/><!-- ⲁⲩⲱ -->
<feat xlink:href="#pos_581" value="PPERS"/><!-- ϥ -->
<feat xlink:href="#pos_582" value="V"/><!-- ⲥⲟⲟⲩⲛ -->
<feat xlink:href="#pos_583" value="PREP"/><!-- ⲛ -->
<feat xlink:href="#pos_584" value="N"/><!-- ϩⲱⲃ -->
<feat xlink:href="#pos_585" value="PINT"/><!-- ⲛⲓⲙ -->
<feat xlink:href="#pos_586" value="PREP"/><!-- ⲛⲁ -->
<feat xlink:href="#pos_587" value="N"/><!-- ⲙⲉⲣⲁⲧⲉ -->
<feat xlink:href="#pos_588" value="N"/><!-- ⲉⲣⲧⲙⲡⲉⲛϩⲏⲧ -->
<feat xlink:href="#pos_589" value="V"/><!-- ϭⲉⲛ -->
<feat xlink:href="#pos_590" value="PREP"/><!-- ⲛ -->
<feat xlink:href="#pos_591" value="N"/><!-- ⲁⲣⲓⲕⲉ -->
<feat xlink:href="#pos_592" value="PREP"/><!-- ⲉⲣⲟ -->
<feat xlink:href="#pos_593" value="ART"/><!-- ⲛ -->
<feat xlink:href="#pos_594" value="EXIST"/><!-- ⲟⲩⲛⲧⲁ -->
<feat xlink:href="#pos_595" value="PPERO"/><!-- ⲛ -->
<feat xlink:href="#pos_596" value="PREP"/><!-- ⲙⲙⲟ -->
<feat xlink:href="#pos_597" value="PPERO"/><!-- ⲟⲩ -->
<feat xlink:href="#pos_598" value="PREP"/><!-- ⲛ -->
<feat xlink:href="#pos_599" value="ART"/><!-- ⲟⲩ -->
<feat xlink:href="#pos_600" value="N"/><!-- ⲡⲁⲣⲣⲏⲥⲓⲁ -->
<feat xlink:href="#pos_601" value="PREP"/><!-- ⲛⲁϩⲣⲙ -->
<feat xlink:href="#pos_602" value="ART"/><!-- ⲡ -->
<feat xlink:href="#pos_603" value="N"/><!-- ⲛⲟⲩⲧⲉ -->
<feat xlink:href="#pos_604" value="CONJ"/><!-- ⲁⲩⲱ -->
<feat xlink:href="#pos_605" value="ART"/><!-- ⲡ -->
<feat xlink:href="#pos_606" value="CREL"/><!-- ⲉⲧ -->
<feat xlink:href="#pos_607" value="FUT"/><!-- ⲛⲁ -->
<feat xlink:href="#pos_608" value="V"/><!-- ⲁⲓⲧⲉⲓ -->
<feat xlink:href="#pos_609" value="PREP"/><!-- ⲙⲙⲟ -->
<feat xlink:href="#pos_610" value="PPERO"/><!-- ϥ -->
<feat xlink:href="#pos_611" value="PPERS"/><!-- ⲧⲛ -->
<feat xlink:href="#pos_612" value="FUT"/><!-- ⲛⲁ -->
<feat xlink:href="#pos_613" value="V"/><!-- ϫⲓⲧ -->
<feat xlink:href="#pos_614" value="PPERO"/><!-- ϥ -->
<feat xlink:href="#pos_615" value="ADV"/><!-- ⲉⲃⲟⲗ -->
<feat xlink:href="#pos_616" value="PREP"/><!-- ϩⲓⲧⲟⲟⲧ -->
<feat xlink:href="#pos_617" value="PPERO"/><!-- ϥ -->
<feat xlink:href="#pos_618" value="CONJ"/><!-- ϫⲉ -->
<feat xlink:href="#pos_619" value="PPERS"/><!-- ⲧⲛ -->
<feat xlink:href="#pos_620" value="V"/><!-- ϩⲁⲣⲉϩ -->
<feat xlink:href="#pos_621" value="PREP"/><!-- ⲛ -->
<feat xlink:href="#pos_622" value="PPOS"/><!-- ⲛⲉϥ -->
<feat xlink:href="#pos_623" value="N"/><!-- ⲉⲛⲧⲟⲗⲏ -->
<feat xlink:href="#pos_624" value="CONJ"/><!-- ⲁⲩⲱ -->
<feat xlink:href="#pos_625" value="N"/><!-- ⲧⲉⲛⲉⲓⲣⲉ -->
<feat xlink:href="#pos_626" value="PREP"/><!-- ⲙ -->
<feat xlink:href="#pos_627" value="ART"/><!-- ⲡ -->
<feat xlink:href="#pos_628" value="CREL"/><!-- ⲉⲧ -->
<feat xlink:href="#pos_629" value="V"/><!-- ⲉⲣ -->
<feat xlink:href="#pos_630" value="N"/><!-- ⲁⲛⲁϥ -->
<feat xlink:href="#pos_631" value="PREP"/><!-- ⲙ -->
<feat xlink:href="#pos_632" value="PPOS"/><!-- ⲡⲉϥ -->
<feat xlink:href="#pos_633" value="N"/><!-- ⲙⲧⲟ -->
<feat xlink:href="#pos_634" value="ADV"/><!-- ⲉⲃⲟⲗ -->
<feat xlink:href="#pos_635" value="CONJ"/><!-- ⲁⲩⲱ -->
<feat xlink:href="#pos_636" value="PDEM"/><!-- ⲧⲁⲓ -->
<feat xlink:href="#pos_637" value="COP"/><!-- ⲧⲉ -->
<feat xlink:href="#pos_638" value="PPOS"/><!-- ⲧⲉϥ -->
<feat xlink:href="#pos_639" value="N"/><!-- ⲉⲛⲧⲟⲗⲏ -->
<feat xlink:href="#pos_640" value="CONJ"/><!-- ϫⲉⲕⲁⲁⲥ -->
<feat xlink:href="#pos_641" value="V"/><!-- ⲉⲛⲁⲡⲓⲥⲧⲉⲩⲉ -->
<feat xlink:href="#pos_642" value="PREP"/><!-- ⲉ -->
<feat xlink:href="#pos_643" value="ART"/><!-- ⲡ -->
<feat xlink:href="#pos_644" value="N"/><!-- ⲣⲁⲛ -->
<feat xlink:href="#pos_645" value="PREP"/><!-- ⲙ -->
<feat xlink:href="#pos_646" value="PPOS"/><!-- ⲡⲉϥ -->
<feat xlink:href="#pos_647" value="N"/><!-- ϣⲏⲣⲉ -->
<feat xlink:href="#pos_648" value="NPROP"/><!-- ⲓⲏⲥⲟⲩⲥ -->
<feat xlink:href="#pos_649" value="ART"/><!-- ⲡⲉ -->
<feat xlink:href="#pos_650" value="N"/><!-- ⲭⲣⲓⲥⲧⲟⲥ -->
<feat xlink:href="#pos_651" value="CONJ"/><!-- ⲁⲩⲱ -->
<feat xlink:href="#pos_652" value="V"/><!-- ⲧⲉⲛⲙⲉⲣⲓ -->
<feat xlink:href="#pos_653" value="PPOS"/><!-- ⲛⲉⲛ -->
<feat xlink:href="#pos_654" value="N"/><!-- ⲉⲣⲏⲩ -->
<feat xlink:href="#pos_655" value="PREP"/><!-- ⲕⲁⲧⲁ -->
<feat xlink:href="#pos_656" value="ART"/><!-- ⲧ -->
<feat xlink:href="#pos_657" value="N"/><!-- ϩⲉ -->
<feat xlink:href="#pos_658" value="CREL"/><!-- ⲛⲧ -->
<feat xlink:href="#pos_659" value="APST"/><!-- ⲁ -->
<feat xlink:href="#pos_660" value="PPERS"/><!-- ϥ -->
<feat xlink:href="#pos_661" value="V"/><!-- ϩⲱⲛ -->
<feat xlink:href="#pos_662" value="PREP"/><!-- ⲉⲧⲟⲟⲧ -->
<feat xlink:href="#pos_663" value="PPERO"/><!-- ⲛ -->
<feat xlink:href="#pos_664" value="CONJ"/><!-- ⲁⲩⲱ -->
<feat xlink:href="#pos_665" value="ART"/><!-- ⲡ -->
<feat xlink:href="#pos_666" value="CREL"/><!-- ⲉⲧ -->
<feat xlink:href="#pos_667" value="FUT"/><!-- ⲛⲁ -->
<feat xlink:href="#pos_668" value="V"/><!-- ϩⲁⲣⲉϩ -->
<feat xlink:href="#pos_669" value="PREP"/><!-- ⲛ -->
<feat xlink:href="#pos_670" value="PPOS"/><!-- ⲛⲉϥ -->
<feat xlink:href="#pos_671" value="N"/><!-- ⲉⲛⲧⲟⲗⲏ -->
<feat xlink:href="#pos_672" value="PPERS"/><!-- ϥ -->
<feat xlink:href="#pos_673" value="VSTAT"/><!-- ϣⲟⲟⲡ -->
<feat xlink:href="#pos_674" value="ADV"/><!-- ϩⲣⲁⲓ -->
<feat xlink:href="#pos_675" value="PREP"/><!-- ⲛϩⲏⲧ -->
<feat xlink:href="#pos_676" value="PPERO"/><!-- ϥ -->
<feat xlink:href="#pos_677" value="CONJ"/><!-- ⲁⲩⲱ -->
<feat xlink:href="#pos_678" value="PREP"/><!-- ⲛ -->
<feat xlink:href="#pos_679" value="ART"/><!-- ⲧ -->
<feat xlink:href="#pos_680" value="N"/><!-- ⲁϥ -->
<feat xlink:href="#pos_681" value="IMOD"/><!-- ϩⲱⲱ -->
<feat xlink:href="#pos_682" value="PPERO"/><!-- ϥ -->
<feat xlink:href="#pos_683" value="PPERS"/><!-- ϥ -->
<feat xlink:href="#pos_684" value="VSTAT"/><!-- ⲟⲩⲏϩ -->
<feat xlink:href="#pos_685" value="ADV"/><!-- ⲉϩⲣⲁⲓ -->
<feat xlink:href="#pos_686" value="PREP"/><!-- ⲛϩⲏⲧ -->
<feat xlink:href="#pos_687" value="PPERO"/><!-- ϥ -->
<feat xlink:href="#pos_688" value="PREP"/><!-- ϩⲙ -->
<feat xlink:href="#pos_689" value="PDEM"/><!-- ⲡⲁⲓ -->
<feat xlink:href="#pos_690" value="N"/><!-- ⲧⲉⲛⲉⲓⲙⲉ -->
<feat xlink:href="#pos_691" value="CONJ"/><!-- ϫⲉ -->
<feat xlink:href="#pos_692" value="PPERS"/><!-- ϥ -->
<feat xlink:href="#pos_693" value="VSTAT"/><!-- ϣⲟⲟⲡ -->
<feat xlink:href="#pos_694" value="ADV"/><!-- ϩⲣⲁⲓ -->
<feat xlink:href="#pos_695" value="PREP"/><!-- ⲛϩⲏⲧ -->
<feat xlink:href="#pos_696" value="PPERO"/><!-- ⲛ -->
<feat xlink:href="#pos_697" value="ADV"/><!-- ⲉⲃⲟⲗ -->
<feat xlink:href="#pos_698" value="PREP"/><!-- ϩⲙ -->
<feat xlink:href="#pos_699" value="ART"/><!-- ⲡⲉ -->
<feat xlink:href="#pos_700" value="N"/><!-- ⲡⲛⲉⲩⲙⲁ -->
<feat xlink:href="#pos_701" value="CREL"/><!-- ⲛⲧ -->
<feat xlink:href="#pos_702" value="APST"/><!-- ⲁ -->
<feat xlink:href="#pos_703" value="PPERS"/><!-- ϥ -->
<feat xlink:href="#pos_704" value="V"/><!-- ⲧⲁⲁ -->
<feat xlink:href="#pos_705" value="PPERO"/><!-- ϥ -->
<feat xlink:href="#pos_706" value="PREP"/><!-- ⲛⲁ -->
<feat xlink:href="#pos_707" value="PPERO"/><!-- ⲛ -->
<feat xlink:href="#pos_708" value="PUNCT"/><!-- . -->
</featList>
</paula>
