<?xml version="1.0" encoding="UTF-8" standalone="no"?>

<!DOCTYPE paula SYSTEM "paula_feat.dtd">
<paula version="1.0">

<header paula_id="sahidica.nt.1_John_3_orig"/>

<featList xmlns:xlink="http://www.w3.org/1999/xlink" type="orig" xml:base="sahidica.nt.1_John_3.origSeg.xml">
<feat xlink:href="#orig_1" value="ⲁ"/><!-- ⲁ -->
<feat xlink:href="#orig_2" value="ⲛ"/><!-- ⲛ -->
<feat xlink:href="#orig_3" value="ⲛⲁⲩ"/><!-- ⲛⲁⲩ -->
<feat xlink:href="#orig_4" value="ϫⲉ"/><!-- ϫⲉ -->
<feat xlink:href="#orig_5" value="ⲟⲩⲁϣ"/><!-- ⲟⲩⲁϣ -->
<feat xlink:href="#orig_6" value="ⲛ"/><!-- ⲛ -->
<feat xlink:href="#orig_7" value="ϭⲟⲧ"/><!-- ϭⲟⲧ -->
<feat xlink:href="#orig_8" value="ⲧⲉ"/><!-- ⲧⲉ -->
<feat xlink:href="#orig_9" value="ⲧ"/><!-- ⲧ -->
<feat xlink:href="#orig_10" value="ⲁⲅⲁⲡⲏ"/><!-- ⲁⲅⲁⲡⲏ -->
<feat xlink:href="#orig_11" value="ⲛⲧ"/><!-- ⲛⲧ -->
<feat xlink:href="#orig_12" value="ⲁ"/><!-- ⲁ -->
<feat xlink:href="#orig_13" value="ⲡ"/><!-- ⲡ -->
<feat xlink:href="#orig_14" value="ⲉⲓⲱⲧ"/><!-- ⲉⲓⲱⲧ -->
<feat xlink:href="#orig_15" value="ⲧⲁ"/><!-- ⲧⲁ -->
<feat xlink:href="#orig_16" value="ⲁⲥ"/><!-- ⲁⲥ -->
<feat xlink:href="#orig_17" value="ⲛⲁ"/><!-- ⲛⲁ -->
<feat xlink:href="#orig_18" value="ⲛ"/><!-- ⲛ -->
<feat xlink:href="#orig_19" value="ϫⲉⲕⲁⲁⲥ"/><!-- ϫⲉⲕⲁⲁⲥ -->
<feat xlink:href="#orig_20" value="ⲉⲩⲉ"/><!-- ⲉⲩⲉ -->
<feat xlink:href="#orig_21" value="ⲙⲟⲩⲧⲉ"/><!-- ⲙⲟⲩⲧⲉ -->
<feat xlink:href="#orig_22" value="ⲉⲣⲟ"/><!-- ⲉⲣⲟ -->
<feat xlink:href="#orig_23" value="ⲛ"/><!-- ⲛ -->
<feat xlink:href="#orig_24" value="ϫⲉ"/><!-- ϫⲉ -->
<feat xlink:href="#orig_25" value="ⲛⲛⲉϣⲏⲣⲉ"/><!-- ⲛⲛⲉϣⲏⲣⲉ -->
<feat xlink:href="#orig_26" value="ⲙ"/><!-- ⲙ -->
<feat xlink:href="#orig_27" value="ⲡ"/><!-- ⲡ -->
<feat xlink:href="#orig_28" value="ⲛⲟⲩⲧⲉ"/><!-- ⲛⲟⲩⲧⲉ -->
<feat xlink:href="#orig_29" value="ⲁⲩⲱ"/><!-- ⲁⲩⲱ -->
<feat xlink:href="#orig_30" value="ⲁⲛⲟⲛ"/><!-- ⲁⲛⲟⲛ -->
<feat xlink:href="#orig_31" value="ⲡⲉ"/><!-- ⲡⲉ -->
<feat xlink:href="#orig_32" value="ⲉⲧⲃⲉ"/><!-- ⲉⲧⲃⲉ -->
<feat xlink:href="#orig_33" value="ⲡⲁⲓ"/><!-- ⲡⲁⲓ -->
<feat xlink:href="#orig_34" value="ⲙ"/><!-- ⲙ -->
<feat xlink:href="#orig_35" value="ⲡ"/><!-- ⲡ -->
<feat xlink:href="#orig_36" value="ⲕⲟⲥⲙⲟⲥ"/><!-- ⲕⲟⲥⲙⲟⲥ -->
<feat xlink:href="#orig_37" value="ⲥⲟⲟⲩⲛ"/><!-- ⲥⲟⲟⲩⲛ -->
<feat xlink:href="#orig_38" value="ⲙⲙⲟⲛ"/><!-- ⲙⲙⲟⲛ -->
<feat xlink:href="#orig_39" value="ⲁⲛ"/><!-- ⲁⲛ -->
<feat xlink:href="#orig_40" value="ϫⲉ"/><!-- ϫⲉ -->
<feat xlink:href="#orig_41" value="ⲙⲡⲉ"/><!-- ⲙⲡⲉ -->
<feat xlink:href="#orig_42" value="ϥ"/><!-- ϥ -->
<feat xlink:href="#orig_43" value="ⲥⲟⲩⲱⲛ"/><!-- ⲥⲟⲩⲱⲛ -->
<feat xlink:href="#orig_44" value="ϥ"/><!-- ϥ -->
<feat xlink:href="#orig_45" value="."/><!-- . -->
<feat xlink:href="#orig_46" value="ⲛⲁ"/><!-- ⲛⲁ -->
<feat xlink:href="#orig_47" value="ⲙⲉⲣⲁⲧⲉ"/><!-- ⲙⲉⲣⲁⲧⲉ -->
<feat xlink:href="#orig_48" value="ⲧⲉⲛⲟⲩ"/><!-- ⲧⲉⲛⲟⲩ -->
<feat xlink:href="#orig_49" value="ⲁⲛⲟⲛ"/><!-- ⲁⲛⲟⲛ -->
<feat xlink:href="#orig_50" value="ⲛⲉϣⲏⲣⲉ"/><!-- ⲛⲉϣⲏⲣⲉ -->
<feat xlink:href="#orig_51" value="ⲙ"/><!-- ⲙ -->
<feat xlink:href="#orig_52" value="ⲡ"/><!-- ⲡ -->
<feat xlink:href="#orig_53" value="ⲛⲟⲩⲧⲉ"/><!-- ⲛⲟⲩⲧⲉ -->
<feat xlink:href="#orig_54" value="ⲁⲩⲱ"/><!-- ⲁⲩⲱ -->
<feat xlink:href="#orig_55" value="ⲙⲡⲁⲧ"/><!-- ⲙⲡⲁⲧ -->
<feat xlink:href="#orig_56" value="ϥ"/><!-- ϥ -->
<feat xlink:href="#orig_57" value="ⲟⲩⲱⲛϩ"/><!-- ⲟⲩⲱⲛϩ -->
<feat xlink:href="#orig_58" value="ⲉⲃⲟⲗ"/><!-- ⲉⲃⲟⲗ -->
<feat xlink:href="#orig_59" value="ϫⲉ"/><!-- ϫⲉ -->
<feat xlink:href="#orig_60" value="ⲛ"/><!-- ⲛ -->
<feat xlink:href="#orig_61" value="ⲛⲁ"/><!-- ⲛⲁ -->
<feat xlink:href="#orig_62" value="ⲣ"/><!-- ⲣ -->
<feat xlink:href="#orig_63" value="ⲁϣ"/><!-- ⲁϣ -->
<feat xlink:href="#orig_64" value="ⲉ"/><!-- ⲉ -->
<feat xlink:href="#orig_65" value="ⲛ"/><!-- ⲛ -->
<feat xlink:href="#orig_66" value="ϩⲉ"/><!-- ϩⲉ -->
<feat xlink:href="#orig_67" value="ⲧⲉⲧⲛ"/><!-- ⲧⲉⲧⲛ -->
<feat xlink:href="#orig_68" value="ⲥⲟⲟⲩⲛ"/><!-- ⲥⲟⲟⲩⲛ -->
<feat xlink:href="#orig_69" value="ϫⲉ"/><!-- ϫⲉ -->
<feat xlink:href="#orig_70" value="ⲉϥϣⲁⲛ"/><!-- ⲉϥϣⲁⲛ -->
<feat xlink:href="#orig_71" value="ⲟⲩⲱⲛϩ"/><!-- ⲟⲩⲱⲛϩ -->
<feat xlink:href="#orig_72" value="ⲉⲃⲟⲗ"/><!-- ⲉⲃⲟⲗ -->
<feat xlink:href="#orig_73" value="ⲧⲉⲛⲛⲁϣⲱⲡⲉ"/><!-- ⲧⲉⲛⲛⲁϣⲱⲡⲉ -->
<feat xlink:href="#orig_74" value="ⲉ"/><!-- ⲉ -->
<feat xlink:href="#orig_75" value="ⲛ"/><!-- ⲛ -->
<feat xlink:href="#orig_76" value="ⲉⲓⲛⲉ"/><!-- ⲉⲓⲛⲉ -->
<feat xlink:href="#orig_77" value="ⲙⲙⲟ"/><!-- ⲙⲙⲟ -->
<feat xlink:href="#orig_78" value="ϥ"/><!-- ϥ -->
<feat xlink:href="#orig_79" value="ϫⲉ"/><!-- ϫⲉ -->
<feat xlink:href="#orig_80" value="ⲧⲛ"/><!-- ⲧⲛ -->
<feat xlink:href="#orig_81" value="ⲛⲁⲩ"/><!-- ⲛⲁⲩ -->
<feat xlink:href="#orig_82" value="ⲉⲣⲟ"/><!-- ⲉⲣⲟ -->
<feat xlink:href="#orig_83" value="ϥ"/><!-- ϥ -->
<feat xlink:href="#orig_84" value="ⲕⲁⲧⲁ"/><!-- ⲕⲁⲧⲁ -->
<feat xlink:href="#orig_85" value="ⲧ"/><!-- ⲧ -->
<feat xlink:href="#orig_86" value="ϩⲉ"/><!-- ϩⲉ -->
<feat xlink:href="#orig_87" value="ⲉⲧ"/><!-- ⲉⲧ -->
<feat xlink:href="#orig_88" value="ϥ"/><!-- ϥ -->
<feat xlink:href="#orig_89" value="ϣⲟⲟⲡ"/><!-- ϣⲟⲟⲡ -->
<feat xlink:href="#orig_90" value="ⲛϩⲏⲧ"/><!-- ⲛϩⲏⲧ -->
<feat xlink:href="#orig_91" value="ⲥ"/><!-- ⲥ -->
<feat xlink:href="#orig_92" value="ⲁⲩⲱ"/><!-- ⲁⲩⲱ -->
<feat xlink:href="#orig_93" value="ⲟⲩⲟⲛ"/><!-- ⲟⲩⲟⲛ -->
<feat xlink:href="#orig_94" value="ⲛⲓⲙ"/><!-- ⲛⲓⲙ -->
<feat xlink:href="#orig_95" value="ⲉⲧⲉ"/><!-- ⲉⲧⲉ -->
<feat xlink:href="#orig_96" value="ⲩⲛⲧⲁϥ"/><!-- ⲩⲛⲧⲁϥ -->
<feat xlink:href="#orig_97" value="ⲙⲙⲟ"/><!-- ⲙⲙⲟ -->
<feat xlink:href="#orig_98" value="ⲟⲩ"/><!-- ⲟⲩ -->
<feat xlink:href="#orig_99" value="ⲛ"/><!-- ⲛ -->
<feat xlink:href="#orig_100" value="ⲧⲉⲓ"/><!-- ⲧⲉⲓ -->
<feat xlink:href="#orig_101" value="ϩⲉⲗⲡⲓⲥ"/><!-- ϩⲉⲗⲡⲓⲥ -->
<feat xlink:href="#orig_102" value="ϣⲁ"/><!-- ϣⲁ -->
<feat xlink:href="#orig_103" value="ϥ"/><!-- ϥ -->
<feat xlink:href="#orig_104" value="ⲧⲃⲃⲟ"/><!-- ⲧⲃⲃⲟ -->
<feat xlink:href="#orig_105" value="ϥ"/><!-- ϥ -->
<feat xlink:href="#orig_106" value="ⲉϩⲣⲁⲓ"/><!-- ⲉϩⲣⲁⲓ -->
<feat xlink:href="#orig_107" value="ⲉϫⲱ"/><!-- ⲉϫⲱ -->
<feat xlink:href="#orig_108" value="ϥ"/><!-- ϥ -->
<feat xlink:href="#orig_109" value="ⲕⲁⲧⲁ"/><!-- ⲕⲁⲧⲁ -->
<feat xlink:href="#orig_110" value="ⲧ"/><!-- ⲧ -->
<feat xlink:href="#orig_111" value="ϩⲉ"/><!-- ϩⲉ -->
<feat xlink:href="#orig_112" value="ⲉⲧⲉⲣⲉⲡⲏ"/><!-- ⲉⲧⲉⲣⲉⲡⲏ -->
<feat xlink:href="#orig_113" value="ⲟⲩⲁⲁⲃ"/><!-- ⲟⲩⲁⲁⲃ -->
<feat xlink:href="#orig_114" value="ⲙⲙⲟ"/><!-- ⲙⲙⲟ -->
<feat xlink:href="#orig_115" value="ⲥ"/><!-- ⲥ -->
<feat xlink:href="#orig_116" value="ⲟⲩⲟⲛ"/><!-- ⲟⲩⲟⲛ -->
<feat xlink:href="#orig_117" value="ⲛⲓⲙ"/><!-- ⲛⲓⲙ -->
<feat xlink:href="#orig_118" value="ⲉⲧ"/><!-- ⲉⲧ -->
<feat xlink:href="#orig_119" value="ⲉⲓⲣⲉ"/><!-- ⲉⲓⲣⲉ -->
<feat xlink:href="#orig_120" value="ⲙ"/><!-- ⲙ -->
<feat xlink:href="#orig_121" value="ⲡ"/><!-- ⲡ -->
<feat xlink:href="#orig_122" value="ⲛⲟⲃⲉ"/><!-- ⲛⲟⲃⲉ -->
<feat xlink:href="#orig_123" value="ϥ"/><!-- ϥ -->
<feat xlink:href="#orig_124" value="ⲉⲓⲣⲉ"/><!-- ⲉⲓⲣⲉ -->
<feat xlink:href="#orig_125" value="ⲟⲛ"/><!-- ⲟⲛ -->
<feat xlink:href="#orig_126" value="ⲛⲧⲕⲉⲁⲛⲟⲙⲓⲁ"/><!-- ⲛⲧⲕⲉⲁⲛⲟⲙⲓⲁ -->
<feat xlink:href="#orig_127" value="ⲁⲩⲱ"/><!-- ⲁⲩⲱ -->
<feat xlink:href="#orig_128" value="ⲡ"/><!-- ⲡ -->
<feat xlink:href="#orig_129" value="ⲛⲟⲃⲉ"/><!-- ⲛⲟⲃⲉ -->
<feat xlink:href="#orig_130" value="ⲡⲉ"/><!-- ⲡⲉ -->
<feat xlink:href="#orig_131" value="ⲧ"/><!-- ⲧ -->
<feat xlink:href="#orig_132" value="ⲁⲛⲟⲙⲓⲁ"/><!-- ⲁⲛⲟⲙⲓⲁ -->
<feat xlink:href="#orig_133" value="ⲁⲩⲱ"/><!-- ⲁⲩⲱ -->
<feat xlink:href="#orig_134" value="ⲧⲛ"/><!-- ⲧⲛ -->
<feat xlink:href="#orig_135" value="ⲥⲟⲟⲩⲛ"/><!-- ⲥⲟⲟⲩⲛ -->
<feat xlink:href="#orig_136" value="ϫⲉ"/><!-- ϫⲉ -->
<feat xlink:href="#orig_137" value="ⲛⲧⲁⲡⲉⲧⲙⲙⲁⲩ"/><!-- ⲛⲧⲁⲡⲉⲧⲙⲙⲁⲩ -->
<feat xlink:href="#orig_138" value="ⲟⲩⲱⲛϩ"/><!-- ⲟⲩⲱⲛϩ -->
<feat xlink:href="#orig_139" value="ⲉⲃⲟⲗ"/><!-- ⲉⲃⲟⲗ -->
<feat xlink:href="#orig_140" value="ϫⲉⲕⲁⲁⲥ"/><!-- ϫⲉⲕⲁⲁⲥ -->
<feat xlink:href="#orig_141" value="ⲉϥϥⲉϥⲉⲓ"/><!-- ⲉϥϥⲉϥⲉⲓ -->
<feat xlink:href="#orig_142" value="ⲛⲛⲉⲛⲟⲃⲉ"/><!-- ⲛⲛⲉⲛⲟⲃⲉ -->
<feat xlink:href="#orig_143" value="ⲁⲩⲱ"/><!-- ⲁⲩⲱ -->
<feat xlink:href="#orig_144" value="ⲙⲙ"/><!-- ⲙⲙ -->
<feat xlink:href="#orig_145" value="ⲛⲟⲃⲉ"/><!-- ⲛⲟⲃⲉ -->
<feat xlink:href="#orig_146" value="ϣⲟⲟⲡ"/><!-- ϣⲟⲟⲡ -->
<feat xlink:href="#orig_147" value="ϩⲣⲁⲓ"/><!-- ϩⲣⲁⲓ -->
<feat xlink:href="#orig_148" value="ⲛϩⲏⲧ"/><!-- ⲛϩⲏⲧ -->
<feat xlink:href="#orig_149" value="ϥ"/><!-- ϥ -->
<feat xlink:href="#orig_150" value="ⲟⲩⲟⲛ"/><!-- ⲟⲩⲟⲛ -->
<feat xlink:href="#orig_151" value="ⲛⲓⲙ"/><!-- ⲛⲓⲙ -->
<feat xlink:href="#orig_152" value="ⲉⲧ"/><!-- ⲉⲧ -->
<feat xlink:href="#orig_153" value="ϣⲟⲟⲡ"/><!-- ϣⲟⲟⲡ -->
<feat xlink:href="#orig_154" value="ϩⲣⲁⲓ"/><!-- ϩⲣⲁⲓ -->
<feat xlink:href="#orig_155" value="ⲛϩⲏⲧ"/><!-- ⲛϩⲏⲧ -->
<feat xlink:href="#orig_156" value="ϥ"/><!-- ϥ -->
<feat xlink:href="#orig_157" value="ⲙⲉ"/><!-- ⲙⲉ -->
<feat xlink:href="#orig_158" value="ϥ"/><!-- ϥ -->
<feat xlink:href="#orig_159" value="ⲣ"/><!-- ⲣ -->
<feat xlink:href="#orig_160" value="ⲛⲟⲃⲉ"/><!-- ⲛⲟⲃⲉ -->
<feat xlink:href="#orig_161" value="ⲟⲩⲟⲛ"/><!-- ⲟⲩⲟⲛ -->
<feat xlink:href="#orig_162" value="ⲛⲓⲙ"/><!-- ⲛⲓⲙ -->
<feat xlink:href="#orig_163" value="ⲉⲧ"/><!-- ⲉⲧ -->
<feat xlink:href="#orig_164" value="ⲉⲣ"/><!-- ⲉⲣ -->
<feat xlink:href="#orig_165" value="ⲛⲟⲃⲉ"/><!-- ⲛⲟⲃⲉ -->
<feat xlink:href="#orig_166" value="ⲙ"/><!-- ⲙ -->
<feat xlink:href="#orig_167" value="ⲡⲉϥ"/><!-- ⲡⲉϥ -->
<feat xlink:href="#orig_168" value="ⲛⲁⲩ"/><!-- ⲛⲁⲩ -->
<feat xlink:href="#orig_169" value="ⲉⲣⲟ"/><!-- ⲉⲣⲟ -->
<feat xlink:href="#orig_170" value="ϥ"/><!-- ϥ -->
<feat xlink:href="#orig_171" value="ⲟⲩⲇⲉ"/><!-- ⲟⲩⲇⲉ -->
<feat xlink:href="#orig_172" value="ⲙⲡⲉ"/><!-- ⲙⲡⲉ -->
<feat xlink:href="#orig_173" value="ϥ"/><!-- ϥ -->
<feat xlink:href="#orig_174" value="ⲥⲟⲩⲱⲛ"/><!-- ⲥⲟⲩⲱⲛ -->
<feat xlink:href="#orig_175" value="ϥ"/><!-- ϥ -->
<feat xlink:href="#orig_176" value="ⲛⲁ"/><!-- ⲛⲁ -->
<feat xlink:href="#orig_177" value="ϣⲏⲣⲉ"/><!-- ϣⲏⲣⲉ -->
<feat xlink:href="#orig_178" value="ⲙⲡⲉⲣⲧⲉⲣⲉⲗⲁⲁⲩ"/><!-- ⲙⲡⲉⲣⲧⲉⲣⲉⲗⲁⲁⲩ -->
<feat xlink:href="#orig_179" value="ⲡⲗⲁⲛⲁ"/><!-- ⲡⲗⲁⲛⲁ -->
<feat xlink:href="#orig_180" value="ⲙⲙⲱ"/><!-- ⲙⲙⲱ -->
<feat xlink:href="#orig_181" value="ⲧⲛ"/><!-- ⲧⲛ -->
<feat xlink:href="#orig_182" value="ⲡ"/><!-- ⲡ -->
<feat xlink:href="#orig_183" value="ⲉⲧⲉⲣⲉ"/><!-- ⲉⲧⲉⲣⲉ -->
<feat xlink:href="#orig_184" value="ⲛ"/><!-- ⲛ -->
<feat xlink:href="#orig_185" value="ⲇⲓⲕⲁⲓⲟⲥⲩⲛⲏ"/><!-- ⲇⲓⲕⲁⲓⲟⲥⲩⲛⲏ -->
<feat xlink:href="#orig_186" value="ⲟⲩ"/><!-- ⲟⲩ -->
<feat xlink:href="#orig_187" value="ⲇⲓⲕⲁⲓⲟⲥ"/><!-- ⲇⲓⲕⲁⲓⲟⲥ -->
<feat xlink:href="#orig_188" value="ⲡⲉ"/><!-- ⲡⲉ -->
<feat xlink:href="#orig_189" value="ⲕⲁⲧⲁ"/><!-- ⲕⲁⲧⲁ -->
<feat xlink:href="#orig_190" value="ⲧ"/><!-- ⲧ -->
<feat xlink:href="#orig_191" value="ϩⲉ"/><!-- ϩⲉ -->
<feat xlink:href="#orig_192" value="ⲙ"/><!-- ⲙ -->
<feat xlink:href="#orig_193" value="ⲡ"/><!-- ⲡ -->
<feat xlink:href="#orig_194" value="ⲉⲧ"/><!-- ⲉⲧ -->
<feat xlink:href="#orig_195" value="ⲙⲙⲁⲩ"/><!-- ⲙⲙⲁⲩ -->
<feat xlink:href="#orig_196" value="ⲉ"/><!-- ⲉ -->
<feat xlink:href="#orig_197" value="ⲩ"/><!-- ⲩ -->
<feat xlink:href="#orig_198" value="ⲇⲓⲕⲁⲓⲟⲥ"/><!-- ⲇⲓⲕⲁⲓⲟⲥ -->
<feat xlink:href="#orig_199" value="ⲡⲉ"/><!-- ⲡⲉ -->
<feat xlink:href="#orig_200" value="."/><!-- . -->
<feat xlink:href="#orig_201" value="ⲡ"/><!-- ⲡ -->
<feat xlink:href="#orig_202" value="ⲉⲧ"/><!-- ⲉⲧ -->
<feat xlink:href="#orig_203" value="ⲉⲓⲣⲉ"/><!-- ⲉⲓⲣⲉ -->
<feat xlink:href="#orig_204" value="ⲙ"/><!-- ⲙ -->
<feat xlink:href="#orig_205" value="ⲡ"/><!-- ⲡ -->
<feat xlink:href="#orig_206" value="ⲛⲟⲃⲉ"/><!-- ⲛⲟⲃⲉ -->
<feat xlink:href="#orig_207" value="ⲟⲩⲉⲃⲟⲗ"/><!-- ⲟⲩⲉⲃⲟⲗ -->
<feat xlink:href="#orig_208" value="ϩⲙ"/><!-- ϩⲙ -->
<feat xlink:href="#orig_209" value="ⲡ"/><!-- ⲡ -->
<feat xlink:href="#orig_210" value="ⲇⲓⲁⲃⲟⲗⲟⲥ"/><!-- ⲇⲓⲁⲃⲟⲗⲟⲥ -->
<feat xlink:href="#orig_211" value="ⲡⲉ"/><!-- ⲡⲉ -->
<feat xlink:href="#orig_212" value="ϫⲉ"/><!-- ϫⲉ -->
<feat xlink:href="#orig_213" value="ϫⲓⲛ"/><!-- ϫⲓⲛ -->
<feat xlink:href="#orig_214" value="ⲧⲉϩⲟⲩⲉⲓⲧⲉ"/><!-- ⲧⲉϩⲟⲩⲉⲓⲧⲉ -->
<feat xlink:href="#orig_215" value="ⲡ"/><!-- ⲡ -->
<feat xlink:href="#orig_216" value="ⲇⲓⲁⲃⲟⲗⲟⲥ"/><!-- ⲇⲓⲁⲃⲟⲗⲟⲥ -->
<feat xlink:href="#orig_217" value="ⲉⲣ"/><!-- ⲉⲣ -->
<feat xlink:href="#orig_218" value="ⲛⲟⲃⲉ"/><!-- ⲛⲟⲃⲉ -->
<feat xlink:href="#orig_219" value="ⲉⲧⲃⲉ"/><!-- ⲉⲧⲃⲉ -->
<feat xlink:href="#orig_220" value="ⲡⲁⲓ"/><!-- ⲡⲁⲓ -->
<feat xlink:href="#orig_221" value="ⲁⲡϣⲏⲣⲉ"/><!-- ⲁⲡϣⲏⲣⲉ -->
<feat xlink:href="#orig_222" value="ⲙ"/><!-- ⲙ -->
<feat xlink:href="#orig_223" value="ⲡ"/><!-- ⲡ -->
<feat xlink:href="#orig_224" value="ⲛⲟⲩⲧⲉ"/><!-- ⲛⲟⲩⲧⲉ -->
<feat xlink:href="#orig_225" value="ⲟⲩⲱⲛϩ"/><!-- ⲟⲩⲱⲛϩ -->
<feat xlink:href="#orig_226" value="ⲉⲃⲟⲗ"/><!-- ⲉⲃⲟⲗ -->
<feat xlink:href="#orig_227" value="ϫⲉⲕⲁⲁⲥ"/><!-- ϫⲉⲕⲁⲁⲥ -->
<feat xlink:href="#orig_228" value="ⲉϥⲉ"/><!-- ⲉϥⲉ -->
<feat xlink:href="#orig_229" value="ⲃⲱⲗ"/><!-- ⲃⲱⲗ -->
<feat xlink:href="#orig_230" value="ⲉⲃⲟⲗ"/><!-- ⲉⲃⲟⲗ -->
<feat xlink:href="#orig_231" value="ⲛ"/><!-- ⲛ -->
<feat xlink:href="#orig_232" value="ⲛⲉ"/><!-- ⲛⲉ -->
<feat xlink:href="#orig_233" value="ϩⲃⲏⲩⲉ"/><!-- ϩⲃⲏⲩⲉ -->
<feat xlink:href="#orig_234" value="ⲙ"/><!-- ⲙ -->
<feat xlink:href="#orig_235" value="ⲡ"/><!-- ⲡ -->
<feat xlink:href="#orig_236" value="ⲇⲓⲁⲃⲟⲗⲟⲥ"/><!-- ⲇⲓⲁⲃⲟⲗⲟⲥ -->
<feat xlink:href="#orig_237" value="ⲟⲩⲟⲛ"/><!-- ⲟⲩⲟⲛ -->
<feat xlink:href="#orig_238" value="ⲛⲓⲙ"/><!-- ⲛⲓⲙ -->
<feat xlink:href="#orig_239" value="ⲛⲧ"/><!-- ⲛⲧ -->
<feat xlink:href="#orig_240" value="ⲁ"/><!-- ⲁ -->
<feat xlink:href="#orig_241" value="ⲩ"/><!-- ⲩ -->
<feat xlink:href="#orig_242" value="ϫⲡⲟ"/><!-- ϫⲡⲟ -->
<feat xlink:href="#orig_243" value="ϥ"/><!-- ϥ -->
<feat xlink:href="#orig_244" value="ⲉⲃⲟⲗ"/><!-- ⲉⲃⲟⲗ -->
<feat xlink:href="#orig_245" value="ϩⲙ"/><!-- ϩⲙ -->
<feat xlink:href="#orig_246" value="ⲡ"/><!-- ⲡ -->
<feat xlink:href="#orig_247" value="ⲛⲟⲩⲧⲉ"/><!-- ⲛⲟⲩⲧⲉ -->
<feat xlink:href="#orig_248" value="ⲙⲉ"/><!-- ⲙⲉ -->
<feat xlink:href="#orig_249" value="ϥ"/><!-- ϥ -->
<feat xlink:href="#orig_250" value="ⲣ"/><!-- ⲣ -->
<feat xlink:href="#orig_251" value="ⲛⲟⲃⲉ"/><!-- ⲛⲟⲃⲉ -->
<feat xlink:href="#orig_252" value="ϫⲉ"/><!-- ϫⲉ -->
<feat xlink:href="#orig_253" value="ⲡⲉϥ"/><!-- ⲡⲉϥ -->
<feat xlink:href="#orig_254" value="ⲥⲡⲉⲣⲙⲁ"/><!-- ⲥⲡⲉⲣⲙⲁ -->
<feat xlink:href="#orig_255" value="ϣⲟⲟⲡ"/><!-- ϣⲟⲟⲡ -->
<feat xlink:href="#orig_256" value="ϩⲣⲁⲓ"/><!-- ϩⲣⲁⲓ -->
<feat xlink:href="#orig_257" value="ⲛϩⲏⲧ"/><!-- ⲛϩⲏⲧ -->
<feat xlink:href="#orig_258" value="ϥ"/><!-- ϥ -->
<feat xlink:href="#orig_259" value="ⲁⲩⲱ"/><!-- ⲁⲩⲱ -->
<feat xlink:href="#orig_260" value="ⲙⲛ"/><!-- ⲙⲛ -->
<feat xlink:href="#orig_261" value="ϣ"/><!-- ϣ -->
<feat xlink:href="#orig_262" value="ϭⲟⲙ"/><!-- ϭⲟⲙ -->
<feat xlink:href="#orig_263" value="ⲙⲙⲟ"/><!-- ⲙⲙⲟ -->
<feat xlink:href="#orig_264" value="ϥ"/><!-- ϥ -->
<feat xlink:href="#orig_265" value="ⲉⲣ"/><!-- ⲉⲣ -->
<feat xlink:href="#orig_266" value="ⲛⲟⲃⲉ"/><!-- ⲛⲟⲃⲉ -->
<feat xlink:href="#orig_267" value="ϫⲉ"/><!-- ϫⲉ -->
<feat xlink:href="#orig_268" value="ⲛⲧ"/><!-- ⲛⲧ -->
<feat xlink:href="#orig_269" value="ⲁ"/><!-- ⲁ -->
<feat xlink:href="#orig_270" value="ⲩ"/><!-- ⲩ -->
<feat xlink:href="#orig_271" value="ϫⲡⲟ"/><!-- ϫⲡⲟ -->
<feat xlink:href="#orig_272" value="ϥ"/><!-- ϥ -->
<feat xlink:href="#orig_273" value="ⲉⲃⲟⲗ"/><!-- ⲉⲃⲟⲗ -->
<feat xlink:href="#orig_274" value="ϩⲙ"/><!-- ϩⲙ -->
<feat xlink:href="#orig_275" value="ⲡ"/><!-- ⲡ -->
<feat xlink:href="#orig_276" value="ⲛⲟⲩⲧⲉ"/><!-- ⲛⲟⲩⲧⲉ -->
<feat xlink:href="#orig_277" value="ϩⲙ"/><!-- ϩⲙ -->
<feat xlink:href="#orig_278" value="ⲡⲁⲓ"/><!-- ⲡⲁⲓ -->
<feat xlink:href="#orig_279" value="ⲥⲉ"/><!-- ⲥⲉ -->
<feat xlink:href="#orig_280" value="ⲟⲩⲟⲛϩ"/><!-- ⲟⲩⲟⲛϩ -->
<feat xlink:href="#orig_281" value="ⲉⲃⲟⲗ"/><!-- ⲉⲃⲟⲗ -->
<feat xlink:href="#orig_282" value="ⲛϭⲓ"/><!-- ⲛϭⲓ -->
<feat xlink:href="#orig_283" value="ⲛⲛⲉϣⲏⲣⲉ"/><!-- ⲛⲛⲉϣⲏⲣⲉ -->
<feat xlink:href="#orig_284" value="ⲙ"/><!-- ⲙ -->
<feat xlink:href="#orig_285" value="ⲡ"/><!-- ⲡ -->
<feat xlink:href="#orig_286" value="ⲛⲟⲩⲧⲉ"/><!-- ⲛⲟⲩⲧⲉ -->
<feat xlink:href="#orig_287" value="ⲙⲛ"/><!-- ⲙⲛ -->
<feat xlink:href="#orig_288" value="ⲛⲉϣⲏⲣⲉ"/><!-- ⲛⲉϣⲏⲣⲉ -->
<feat xlink:href="#orig_289" value="ⲙ"/><!-- ⲙ -->
<feat xlink:href="#orig_290" value="ⲡ"/><!-- ⲡ -->
<feat xlink:href="#orig_291" value="ⲇⲓⲁⲃⲟⲗⲟⲥ"/><!-- ⲇⲓⲁⲃⲟⲗⲟⲥ -->
<feat xlink:href="#orig_292" value="ⲟⲩⲟⲛ"/><!-- ⲟⲩⲟⲛ -->
<feat xlink:href="#orig_293" value="ⲛⲓⲙ"/><!-- ⲛⲓⲙ -->
<feat xlink:href="#orig_294" value="ⲉⲧⲉ"/><!-- ⲉⲧⲉ -->
<feat xlink:href="#orig_295" value="ⲛ"/><!-- ⲛ -->
<feat xlink:href="#orig_296" value="ⲟⲩ"/><!-- ⲟⲩ -->
<feat xlink:href="#orig_297" value="ⲇⲓⲕⲁⲓⲟⲥ"/><!-- ⲇⲓⲕⲁⲓⲟⲥ -->
<feat xlink:href="#orig_298" value="ⲁⲛ"/><!-- ⲁⲛ -->
<feat xlink:href="#orig_299" value="ⲡⲉ"/><!-- ⲡⲉ -->
<feat xlink:href="#orig_300" value="ⲛ"/><!-- ⲛ -->
<feat xlink:href="#orig_301" value="ⲟⲩ"/><!-- ⲟⲩ -->
<feat xlink:href="#orig_302" value="ⲃⲟⲗ"/><!-- ⲃⲟⲗ -->
<feat xlink:href="#orig_303" value="ⲁⲛ"/><!-- ⲁⲛ -->
<feat xlink:href="#orig_304" value="ⲡⲉ"/><!-- ⲡⲉ -->
<feat xlink:href="#orig_305" value="ϩⲙ"/><!-- ϩⲙ -->
<feat xlink:href="#orig_306" value="ⲡ"/><!-- ⲡ -->
<feat xlink:href="#orig_307" value="ⲛⲟⲩⲧⲉ"/><!-- ⲛⲟⲩⲧⲉ -->
<feat xlink:href="#orig_308" value="ⲁⲩⲱ"/><!-- ⲁⲩⲱ -->
<feat xlink:href="#orig_309" value="ⲡⲉⲧⲉ"/><!-- ⲡⲉⲧⲉ -->
<feat xlink:href="#orig_310" value="ⲛ"/><!-- ⲛ -->
<feat xlink:href="#orig_311" value="ϥ"/><!-- ϥ -->
<feat xlink:href="#orig_312" value="ⲙⲉ"/><!-- ⲙⲉ -->
<feat xlink:href="#orig_313" value="ⲁⲛ"/><!-- ⲁⲛ -->
<feat xlink:href="#orig_314" value="ⲙ"/><!-- ⲙ -->
<feat xlink:href="#orig_315" value="ⲡⲉϥ"/><!-- ⲡⲉϥ -->
<feat xlink:href="#orig_316" value="ⲥⲟⲛ"/><!-- ⲥⲟⲛ -->
<feat xlink:href="#orig_317" value="ϫⲉ"/><!-- ϫⲉ -->
<feat xlink:href="#orig_318" value="ⲡⲁⲓ"/><!-- ⲡⲁⲓ -->
<feat xlink:href="#orig_319" value="ⲡⲉ"/><!-- ⲡⲉ -->
<feat xlink:href="#orig_320" value="ⲡⲉⲣⲏⲧ"/><!-- ⲡⲉⲣⲏⲧ -->
<feat xlink:href="#orig_321" value="ⲛⲧ"/><!-- ⲛⲧ -->
<feat xlink:href="#orig_322" value="ⲁ"/><!-- ⲁ -->
<feat xlink:href="#orig_323" value="ⲛ"/><!-- ⲛ -->
<feat xlink:href="#orig_324" value="ⲥⲱⲧⲙ"/><!-- ⲥⲱⲧⲙ -->
<feat xlink:href="#orig_325" value="ⲉⲣⲟ"/><!-- ⲉⲣⲟ -->
<feat xlink:href="#orig_326" value="ϥ"/><!-- ϥ -->
<feat xlink:href="#orig_327" value="ϫⲓⲛ"/><!-- ϫⲓⲛ -->
<feat xlink:href="#orig_328" value="ϣⲟⲣⲡ"/><!-- ϣⲟⲣⲡ -->
<feat xlink:href="#orig_329" value="ϫⲉⲕⲁⲁⲥ"/><!-- ϫⲉⲕⲁⲁⲥ -->
<feat xlink:href="#orig_330" value="ⲉ"/><!-- ⲉ -->
<feat xlink:href="#orig_331" value="ⲛⲁ"/><!-- ⲛⲁ -->
<feat xlink:href="#orig_332" value="ⲙⲉ"/><!-- ⲙⲉ -->
<feat xlink:href="#orig_333" value="ⲣⲉ"/><!-- ⲣⲉ -->
<feat xlink:href="#orig_334" value="ⲛⲉⲛ"/><!-- ⲛⲉⲛ -->
<feat xlink:href="#orig_335" value="ⲉⲣⲏⲩ"/><!-- ⲉⲣⲏⲩ -->
<feat xlink:href="#orig_336" value="ⲕⲁⲧⲁ"/><!-- ⲕⲁⲧⲁ -->
<feat xlink:href="#orig_337" value="ⲧ"/><!-- ⲧ -->
<feat xlink:href="#orig_338" value="ϩⲉ"/><!-- ϩⲉ -->
<feat xlink:href="#orig_339" value="ⲁⲛ"/><!-- ⲁⲛ -->
<feat xlink:href="#orig_340" value="ⲛ"/><!-- ⲛ -->
<feat xlink:href="#orig_341" value="ⲕⲁⲓⲛ"/><!-- ⲕⲁⲓⲛ -->
<feat xlink:href="#orig_342" value="ⲉⲟⲩⲉ"/><!-- ⲉⲟⲩⲉ -->
<feat xlink:href="#orig_343" value="ⲃⲟⲗ"/><!-- ⲃⲟⲗ -->
<feat xlink:href="#orig_344" value="ϩⲙ"/><!-- ϩⲙ -->
<feat xlink:href="#orig_345" value="ⲡ"/><!-- ⲡ -->
<feat xlink:href="#orig_346" value="ⲡⲟⲛⲏⲣⲟⲥ"/><!-- ⲡⲟⲛⲏⲣⲟⲥ -->
<feat xlink:href="#orig_347" value="ⲡⲉ"/><!-- ⲡⲉ -->
<feat xlink:href="#orig_348" value="ⲛⲧ"/><!-- ⲛⲧ -->
<feat xlink:href="#orig_349" value="ⲁ"/><!-- ⲁ -->
<feat xlink:href="#orig_350" value="ϥ"/><!-- ϥ -->
<feat xlink:href="#orig_351" value="ⲕⲱⲛⲥ"/><!-- ⲕⲱⲛⲥ -->
<feat xlink:href="#orig_352" value="ⲡⲉϥ"/><!-- ⲡⲉϥ -->
<feat xlink:href="#orig_353" value="ⲥⲟⲛ"/><!-- ⲥⲟⲛ -->
<feat xlink:href="#orig_354" value="ⲁⲩⲱ"/><!-- ⲁⲩⲱ -->
<feat xlink:href="#orig_355" value="ⲉⲧⲃⲉ"/><!-- ⲉⲧⲃⲉ -->
<feat xlink:href="#orig_356" value="ⲟⲩ"/><!-- ⲟⲩ -->
<feat xlink:href="#orig_357" value="ⲁ"/><!-- ⲁ -->
<feat xlink:href="#orig_358" value="ϥ"/><!-- ϥ -->
<feat xlink:href="#orig_359" value="ⲕⲟⲛⲥ"/><!-- ⲕⲟⲛⲥ -->
<feat xlink:href="#orig_360" value="ϥ"/><!-- ϥ -->
<feat xlink:href="#orig_361" value="ⲉⲃⲟⲗ"/><!-- ⲉⲃⲟⲗ -->
<feat xlink:href="#orig_362" value="ϫⲉ"/><!-- ϫⲉ -->
<feat xlink:href="#orig_363" value="ⲛⲉϥ"/><!-- ⲛⲉϥ -->
<feat xlink:href="#orig_364" value="ϩⲃⲏⲩⲉ"/><!-- ϩⲃⲏⲩⲉ -->
<feat xlink:href="#orig_365" value="ϩⲉⲛ"/><!-- ϩⲉⲛ -->
<feat xlink:href="#orig_366" value="ⲡⲟⲛⲏⲣⲟⲛ"/><!-- ⲡⲟⲛⲏⲣⲟⲛ -->
<feat xlink:href="#orig_367" value="ⲛⲉ"/><!-- ⲛⲉ -->
<feat xlink:href="#orig_368" value="ϩⲃⲏⲩⲉ"/><!-- ϩⲃⲏⲩⲉ -->
<feat xlink:href="#orig_369" value="ⲇⲉ"/><!-- ⲇⲉ -->
<feat xlink:href="#orig_370" value="ⲙ"/><!-- ⲙ -->
<feat xlink:href="#orig_371" value="ⲡⲉϥ"/><!-- ⲡⲉϥ -->
<feat xlink:href="#orig_372" value="ⲥⲟⲛ"/><!-- ⲥⲟⲛ -->
<feat xlink:href="#orig_373" value="ϩⲉⲛ"/><!-- ϩⲉⲛ -->
<feat xlink:href="#orig_374" value="ⲇⲓⲕⲁⲓⲟⲛ"/><!-- ⲇⲓⲕⲁⲓⲟⲛ -->
<feat xlink:href="#orig_375" value="ⲛⲉ"/><!-- ⲛⲉ -->
<feat xlink:href="#orig_376" value="ⲙⲡⲣ"/><!-- ⲙⲡⲣ -->
<feat xlink:href="#orig_377" value="ⲣ"/><!-- ⲣ -->
<feat xlink:href="#orig_378" value="ϣⲡⲏⲣⲉ"/><!-- ϣⲡⲏⲣⲉ -->
<feat xlink:href="#orig_379" value="ⲛⲁ"/><!-- ⲛⲁ -->
<feat xlink:href="#orig_380" value="ⲥⲛⲏⲩ"/><!-- ⲥⲛⲏⲩ -->
<feat xlink:href="#orig_381" value="ϫⲉ"/><!-- ϫⲉ -->
<feat xlink:href="#orig_382" value="ⲡ"/><!-- ⲡ -->
<feat xlink:href="#orig_383" value="ⲕⲟⲥⲙⲟⲥ"/><!-- ⲕⲟⲥⲙⲟⲥ -->
<feat xlink:href="#orig_384" value="ⲙⲟⲥⲧⲉ"/><!-- ⲙⲟⲥⲧⲉ -->
<feat xlink:href="#orig_385" value="ⲙⲙⲟⲛ"/><!-- ⲙⲙⲟⲛ -->
<feat xlink:href="#orig_386" value="ⲁⲛⲟⲛ"/><!-- ⲁⲛⲟⲛ -->
<feat xlink:href="#orig_387" value="ⲧⲛ"/><!-- ⲧⲛ -->
<feat xlink:href="#orig_388" value="ⲥⲟⲟⲩⲛ"/><!-- ⲥⲟⲟⲩⲛ -->
<feat xlink:href="#orig_389" value="ϫⲉ"/><!-- ϫⲉ -->
<feat xlink:href="#orig_390" value="ⲁ"/><!-- ⲁ -->
<feat xlink:href="#orig_391" value="ⲛ"/><!-- ⲛ -->
<feat xlink:href="#orig_392" value="ⲡⲱⲱⲛⲉ"/><!-- ⲡⲱⲱⲛⲉ -->
<feat xlink:href="#orig_393" value="ⲉⲃⲟⲗ"/><!-- ⲉⲃⲟⲗ -->
<feat xlink:href="#orig_394" value="ϩⲙ"/><!-- ϩⲙ -->
<feat xlink:href="#orig_395" value="ⲡ"/><!-- ⲡ -->
<feat xlink:href="#orig_396" value="ⲙⲟⲩ"/><!-- ⲙⲟⲩ -->
<feat xlink:href="#orig_397" value="ⲉϩⲟⲩⲛ"/><!-- ⲉϩⲟⲩⲛ -->
<feat xlink:href="#orig_398" value="ⲉ"/><!-- ⲉ -->
<feat xlink:href="#orig_399" value="ⲡ"/><!-- ⲡ -->
<feat xlink:href="#orig_400" value="ⲱⲛϩ"/><!-- ⲱⲛϩ -->
<feat xlink:href="#orig_401" value="ϫⲉ"/><!-- ϫⲉ -->
<feat xlink:href="#orig_402" value="ⲧⲉⲛ"/><!-- ⲧⲉⲛ -->
<feat xlink:href="#orig_403" value="ⲙⲉ"/><!-- ⲙⲉ -->
<feat xlink:href="#orig_404" value="ⲛ"/><!-- ⲛ -->
<feat xlink:href="#orig_405" value="ⲛⲉⲛ"/><!-- ⲛⲉⲛ -->
<feat xlink:href="#orig_406" value="ⲥⲛⲏⲩ"/><!-- ⲥⲛⲏⲩ -->
<feat xlink:href="#orig_407" value="ⲡⲉⲧⲉ"/><!-- ⲡⲉⲧⲉ -->
<feat xlink:href="#orig_408" value="ⲛ"/><!-- ⲛ -->
<feat xlink:href="#orig_409" value="ϥ"/><!-- ϥ -->
<feat xlink:href="#orig_410" value="ⲙⲉ"/><!-- ⲙⲉ -->
<feat xlink:href="#orig_411" value="ⲁⲛ"/><!-- ⲁⲛ -->
<feat xlink:href="#orig_412" value="ϥ"/><!-- ϥ -->
<feat xlink:href="#orig_413" value="ϣⲟⲟⲡ"/><!-- ϣⲟⲟⲡ -->
<feat xlink:href="#orig_414" value="ϩⲣⲁⲓ"/><!-- ϩⲣⲁⲓ -->
<feat xlink:href="#orig_415" value="ϩⲙ"/><!-- ϩⲙ -->
<feat xlink:href="#orig_416" value="ⲡ"/><!-- ⲡ -->
<feat xlink:href="#orig_417" value="ⲙⲟⲩ"/><!-- ⲙⲟⲩ -->
<feat xlink:href="#orig_418" value="ⲟⲩⲟⲛ"/><!-- ⲟⲩⲟⲛ -->
<feat xlink:href="#orig_419" value="ⲇⲉ"/><!-- ⲇⲉ -->
<feat xlink:href="#orig_420" value="ⲛⲓⲙ"/><!-- ⲛⲓⲙ -->
<feat xlink:href="#orig_421" value="ⲉⲧ"/><!-- ⲉⲧ -->
<feat xlink:href="#orig_422" value="ⲙⲟⲥⲧⲉ"/><!-- ⲙⲟⲥⲧⲉ -->
<feat xlink:href="#orig_423" value="ⲙ"/><!-- ⲙ -->
<feat xlink:href="#orig_424" value="ⲡⲉϥ"/><!-- ⲡⲉϥ -->
<feat xlink:href="#orig_425" value="ⲥⲟⲛ"/><!-- ⲥⲟⲛ -->
<feat xlink:href="#orig_426" value="ⲟⲩⲣⲉϥϩⲉⲧⲃ"/><!-- ⲟⲩⲣⲉϥϩⲉⲧⲃ -->
<feat xlink:href="#orig_427" value="ⲣⲱⲙⲉ"/><!-- ⲣⲱⲙⲉ -->
<feat xlink:href="#orig_428" value="ⲡⲉ"/><!-- ⲡⲉ -->
<feat xlink:href="#orig_429" value="ⲁⲩⲱ"/><!-- ⲁⲩⲱ -->
<feat xlink:href="#orig_430" value="ⲧⲉⲧⲛ"/><!-- ⲧⲉⲧⲛ -->
<feat xlink:href="#orig_431" value="ⲥⲟⲟⲩⲛ"/><!-- ⲥⲟⲟⲩⲛ -->
<feat xlink:href="#orig_432" value="ϫⲉ"/><!-- ϫⲉ -->
<feat xlink:href="#orig_433" value="ⲣⲉϥϩⲉⲧⲃ"/><!-- ⲣⲉϥϩⲉⲧⲃ -->
<feat xlink:href="#orig_434" value="ⲣⲱⲙⲉ"/><!-- ⲣⲱⲙⲉ -->
<feat xlink:href="#orig_435" value="ⲛⲓⲙ"/><!-- ⲛⲓⲙ -->
<feat xlink:href="#orig_436" value="ⲙⲛⲧ"/><!-- ⲙⲛⲧ -->
<feat xlink:href="#orig_437" value="ϥ"/><!-- ϥ -->
<feat xlink:href="#orig_438" value="ⲙⲙⲁⲩ"/><!-- ⲙⲙⲁⲩ -->
<feat xlink:href="#orig_439" value="ⲙ"/><!-- ⲙ -->
<feat xlink:href="#orig_440" value="ⲡ"/><!-- ⲡ -->
<feat xlink:href="#orig_441" value="ⲱⲛϩ"/><!-- ⲱⲛϩ -->
<feat xlink:href="#orig_442" value="ⲛϣⲁ"/><!-- ⲛϣⲁ -->
<feat xlink:href="#orig_443" value="ⲉⲛⲉϩ"/><!-- ⲉⲛⲉϩ -->
<feat xlink:href="#orig_444" value="ⲉ"/><!-- ⲉ -->
<feat xlink:href="#orig_445" value="ϥ"/><!-- ϥ -->
<feat xlink:href="#orig_446" value="ϣⲟⲟⲡ"/><!-- ϣⲟⲟⲡ -->
<feat xlink:href="#orig_447" value="ϩⲣⲁⲓ"/><!-- ϩⲣⲁⲓ -->
<feat xlink:href="#orig_448" value="ⲛϩⲏⲧ"/><!-- ⲛϩⲏⲧ -->
<feat xlink:href="#orig_449" value="ϥ"/><!-- ϥ -->
<feat xlink:href="#orig_450" value="ϩⲙ"/><!-- ϩⲙ -->
<feat xlink:href="#orig_451" value="ⲡⲁⲓ"/><!-- ⲡⲁⲓ -->
<feat xlink:href="#orig_452" value="ⲁ"/><!-- ⲁ -->
<feat xlink:href="#orig_453" value="ⲛ"/><!-- ⲛ -->
<feat xlink:href="#orig_454" value="ⲉⲓⲙⲉ"/><!-- ⲉⲓⲙⲉ -->
<feat xlink:href="#orig_455" value="ⲉ"/><!-- ⲉ -->
<feat xlink:href="#orig_456" value="ⲧ"/><!-- ⲧ -->
<feat xlink:href="#orig_457" value="ⲁⲅⲁⲡⲏ"/><!-- ⲁⲅⲁⲡⲏ -->
<feat xlink:href="#orig_458" value="ϫⲉ"/><!-- ϫⲉ -->
<feat xlink:href="#orig_459" value="ⲡ"/><!-- ⲡ -->
<feat xlink:href="#orig_460" value="ⲉⲧ"/><!-- ⲉⲧ -->
<feat xlink:href="#orig_461" value="ⲙⲙⲁⲩ"/><!-- ⲙⲙⲁⲩ -->
<feat xlink:href="#orig_462" value="ⲡ"/><!-- ⲡ -->
<feat xlink:href="#orig_463" value="ⲉⲛⲧ"/><!-- ⲉⲛⲧ -->
<feat xlink:href="#orig_464" value="ⲁ"/><!-- ⲁ -->
<feat xlink:href="#orig_465" value="ϥ"/><!-- ϥ -->
<feat xlink:href="#orig_466" value="ⲕⲱ"/><!-- ⲕⲱ -->
<feat xlink:href="#orig_467" value="ⲛ"/><!-- ⲛ -->
<feat xlink:href="#orig_468" value="ⲧⲉϥ"/><!-- ⲧⲉϥ -->
<feat xlink:href="#orig_469" value="ⲯⲩⲭⲏ"/><!-- ⲯⲩⲭⲏ -->
<feat xlink:href="#orig_470" value="ϩⲁⲣⲟ"/><!-- ϩⲁⲣⲟ -->
<feat xlink:href="#orig_471" value="ⲛ"/><!-- ⲛ -->
<feat xlink:href="#orig_472" value="ⲁⲛⲟⲛ"/><!-- ⲁⲛⲟⲛ -->
<feat xlink:href="#orig_473" value="ⲇⲉ"/><!-- ⲇⲉ -->
<feat xlink:href="#orig_474" value="ϩⲱⲱ"/><!-- ϩⲱⲱ -->
<feat xlink:href="#orig_475" value="ⲛ"/><!-- ⲛ -->
<feat xlink:href="#orig_476" value="ϣϣⲉ"/><!-- ϣϣⲉ -->
<feat xlink:href="#orig_477" value="ⲉⲣⲟ"/><!-- ⲉⲣⲟ -->
<feat xlink:href="#orig_478" value="ⲛ"/><!-- ⲛ -->
<feat xlink:href="#orig_479" value="ⲉ"/><!-- ⲉ -->
<feat xlink:href="#orig_480" value="ⲕⲱ"/><!-- ⲕⲱ -->
<feat xlink:href="#orig_481" value="ⲛⲛⲙⲯⲩⲭⲏ"/><!-- ⲛⲛⲙⲯⲩⲭⲏ -->
<feat xlink:href="#orig_482" value="ϩⲁ"/><!-- ϩⲁ -->
<feat xlink:href="#orig_483" value="ⲛⲉⲛ"/><!-- ⲛⲉⲛ -->
<feat xlink:href="#orig_484" value="ⲥⲛⲏⲩ"/><!-- ⲥⲛⲏⲩ -->
<feat xlink:href="#orig_485" value="ⲡⲉⲧⲉ"/><!-- ⲡⲉⲧⲉ -->
<feat xlink:href="#orig_486" value="ⲟⲩⲛⲧⲁ"/><!-- ⲟⲩⲛⲧⲁ -->
<feat xlink:href="#orig_487" value="ϥ"/><!-- ϥ -->
<feat xlink:href="#orig_488" value="ⲙⲙⲁⲩ"/><!-- ⲙⲙⲁⲩ -->
<feat xlink:href="#orig_489" value="ⲙ"/><!-- ⲙ -->
<feat xlink:href="#orig_490" value="ⲡ"/><!-- ⲡ -->
<feat xlink:href="#orig_491" value="ⲃⲓⲟⲥ"/><!-- ⲃⲓⲟⲥ -->
<feat xlink:href="#orig_492" value="ⲙ"/><!-- ⲙ -->
<feat xlink:href="#orig_493" value="ⲡⲉⲓ"/><!-- ⲡⲉⲓ -->
<feat xlink:href="#orig_494" value="ⲕⲟⲥⲙⲟⲥ"/><!-- ⲕⲟⲥⲙⲟⲥ -->
<feat xlink:href="#orig_495" value="ⲛ"/><!-- ⲛ -->
<feat xlink:href="#orig_496" value="ϥ"/><!-- ϥ -->
<feat xlink:href="#orig_497" value="ⲛⲁⲩ"/><!-- ⲛⲁⲩ -->
<feat xlink:href="#orig_498" value="ⲉ"/><!-- ⲉ -->
<feat xlink:href="#orig_499" value="ⲡⲉϥ"/><!-- ⲡⲉϥ -->
<feat xlink:href="#orig_500" value="ⲥⲟⲛ"/><!-- ⲥⲟⲛ -->
<feat xlink:href="#orig_501" value="ⲉϥⲣϭⲣⲟϩ"/><!-- ⲉϥⲣϭⲣⲟϩ -->
<feat xlink:href="#orig_502" value="ⲛ"/><!-- ⲛ -->
<feat xlink:href="#orig_503" value="ϥ"/><!-- ϥ -->
<feat xlink:href="#orig_504" value="ⲧⲙ"/><!-- ⲧⲙ -->
<feat xlink:href="#orig_505" value="ϣ"/><!-- ϣ -->
<feat xlink:href="#orig_506" value="ⲛ"/><!-- ⲛ -->
<feat xlink:href="#orig_507" value="ϩⲧⲏϥ"/><!-- ϩⲧⲏϥ -->
<feat xlink:href="#orig_508" value="ⲉϩⲣⲁⲓ"/><!-- ⲉϩⲣⲁⲓ -->
<feat xlink:href="#orig_509" value="ⲉϫⲱ"/><!-- ⲉϫⲱ -->
<feat xlink:href="#orig_510" value="ϥ"/><!-- ϥ -->
<feat xlink:href="#orig_511" value="ⲛ"/><!-- ⲛ -->
<feat xlink:href="#orig_512" value="ⲁϣ"/><!-- ⲁϣ -->
<feat xlink:href="#orig_513" value="ⲉ"/><!-- ⲉ -->
<feat xlink:href="#orig_514" value="ⲛ"/><!-- ⲛ -->
<feat xlink:href="#orig_515" value="ϩⲉ"/><!-- ϩⲉ -->
<feat xlink:href="#orig_516" value="ⲧ"/><!-- ⲧ -->
<feat xlink:href="#orig_517" value="ⲁⲅⲁⲡⲏ"/><!-- ⲁⲅⲁⲡⲏ -->
<feat xlink:href="#orig_518" value="ⲙ"/><!-- ⲙ -->
<feat xlink:href="#orig_519" value="ⲡ"/><!-- ⲡ -->
<feat xlink:href="#orig_520" value="ⲛⲟⲩⲧⲉ"/><!-- ⲛⲟⲩⲧⲉ -->
<feat xlink:href="#orig_521" value="ϣⲟⲟⲡ"/><!-- ϣⲟⲟⲡ -->
<feat xlink:href="#orig_522" value="ϩⲣⲁⲓ"/><!-- ϩⲣⲁⲓ -->
<feat xlink:href="#orig_523" value="ⲛϩⲏⲧ"/><!-- ⲛϩⲏⲧ -->
<feat xlink:href="#orig_524" value="ϥ"/><!-- ϥ -->
<feat xlink:href="#orig_525" value="."/><!-- . -->
<feat xlink:href="#orig_526" value="ⲛⲁ"/><!-- ⲛⲁ -->
<feat xlink:href="#orig_527" value="ϣⲏⲣⲉ"/><!-- ϣⲏⲣⲉ -->
<feat xlink:href="#orig_528" value="ⲙⲡⲉⲣⲧⲉⲣⲉⲛⲙⲉ"/><!-- ⲙⲡⲉⲣⲧⲉⲣⲉⲛⲙⲉ -->
<feat xlink:href="#orig_529" value="ϩⲙ"/><!-- ϩⲙ -->
<feat xlink:href="#orig_530" value="ⲡ"/><!-- ⲡ -->
<feat xlink:href="#orig_531" value="ϣⲁϫⲉ"/><!-- ϣⲁϫⲉ -->
<feat xlink:href="#orig_532" value="ⲟⲩⲇⲉ"/><!-- ⲟⲩⲇⲉ -->
<feat xlink:href="#orig_533" value="ϩⲙ"/><!-- ϩⲙ -->
<feat xlink:href="#orig_534" value="ⲡ"/><!-- ⲡ -->
<feat xlink:href="#orig_535" value="ⲗⲁⲥ"/><!-- ⲗⲁⲥ -->
<feat xlink:href="#orig_536" value="ⲁⲗⲗⲁ"/><!-- ⲁⲗⲗⲁ -->
<feat xlink:href="#orig_537" value="ϩⲙ"/><!-- ϩⲙ -->
<feat xlink:href="#orig_538" value="ⲡ"/><!-- ⲡ -->
<feat xlink:href="#orig_539" value="ϩⲱⲃ"/><!-- ϩⲱⲃ -->
<feat xlink:href="#orig_540" value="ⲙⲛ"/><!-- ⲙⲛ -->
<feat xlink:href="#orig_541" value="ⲧ"/><!-- ⲧ -->
<feat xlink:href="#orig_542" value="ⲙⲉ"/><!-- ⲙⲉ -->
<feat xlink:href="#orig_543" value="ⲁⲩⲱ"/><!-- ⲁⲩⲱ -->
<feat xlink:href="#orig_544" value="ϩⲙ"/><!-- ϩⲙ -->
<feat xlink:href="#orig_545" value="ⲡⲁⲓ"/><!-- ⲡⲁⲓ -->
<feat xlink:href="#orig_546" value="ⲧⲉⲛⲛⲁⲉⲓⲙⲉ"/><!-- ⲧⲉⲛⲛⲁⲉⲓⲙⲉ -->
<feat xlink:href="#orig_547" value="ϫⲉ"/><!-- ϫⲉ -->
<feat xlink:href="#orig_548" value="ⲁⲛⲟⲛ"/><!-- ⲁⲛⲟⲛ -->
<feat xlink:href="#orig_549" value="ϩⲉⲛ"/><!-- ϩⲉⲛ -->
<feat xlink:href="#orig_550" value="ⲃⲟⲗ"/><!-- ⲃⲟⲗ -->
<feat xlink:href="#orig_551" value="ⲏⲛ"/><!-- ⲏⲛ -->
<feat xlink:href="#orig_552" value="ⲧ"/><!-- ⲧ -->
<feat xlink:href="#orig_553" value="ⲙⲉ"/><!-- ⲙⲉ -->
<feat xlink:href="#orig_554" value="ⲁⲩⲱ"/><!-- ⲁⲩⲱ -->
<feat xlink:href="#orig_555" value="ⲧⲛ"/><!-- ⲧⲛ -->
<feat xlink:href="#orig_556" value="ⲛⲁ"/><!-- ⲛⲁ -->
<feat xlink:href="#orig_557" value="ⲡⲉⲓⲑⲉ"/><!-- ⲡⲉⲓⲑⲉ -->
<feat xlink:href="#orig_558" value="ⲙ"/><!-- ⲙ -->
<feat xlink:href="#orig_559" value="ⲡⲉⲛ"/><!-- ⲡⲉⲛ -->
<feat xlink:href="#orig_560" value="ϩⲏⲧ"/><!-- ϩⲏⲧ -->
<feat xlink:href="#orig_561" value="ⲙ"/><!-- ⲙ -->
<feat xlink:href="#orig_562" value="ⲡⲉϥ"/><!-- ⲡⲉϥ -->
<feat xlink:href="#orig_563" value="ⲙⲧⲟ"/><!-- ⲙⲧⲟ -->
<feat xlink:href="#orig_564" value="ⲉⲃⲟⲗ"/><!-- ⲉⲃⲟⲗ -->
<feat xlink:href="#orig_565" value="ϫⲉ"/><!-- ϫⲉ -->
<feat xlink:href="#orig_566" value="ⲉⲣϣⲁⲛⲡⲉⲛϩⲏⲧ"/><!-- ⲉⲣϣⲁⲛⲡⲉⲛϩⲏⲧ -->
<feat xlink:href="#orig_567" value="ϭⲉⲛ"/><!-- ϭⲉⲛ -->
<feat xlink:href="#orig_568" value="ⲛ"/><!-- ⲛ -->
<feat xlink:href="#orig_569" value="ⲁⲣⲓⲕⲉ"/><!-- ⲁⲣⲓⲕⲉ -->
<feat xlink:href="#orig_570" value="ⲉⲣⲟ"/><!-- ⲉⲣⲟ -->
<feat xlink:href="#orig_571" value="ⲛ"/><!-- ⲛ -->
<feat xlink:href="#orig_572" value="ⲡ"/><!-- ⲡ -->
<feat xlink:href="#orig_573" value="ⲛⲟⲩⲧⲉ"/><!-- ⲛⲟⲩⲧⲉ -->
<feat xlink:href="#orig_574" value="ⲟ"/><!-- ⲟ -->
<feat xlink:href="#orig_575" value="ⲛ"/><!-- ⲛ -->
<feat xlink:href="#orig_576" value="ⲛⲟϭ"/><!-- ⲛⲟϭ -->
<feat xlink:href="#orig_577" value="ⲉ"/><!-- ⲉ -->
<feat xlink:href="#orig_578" value="ⲡⲉⲛ"/><!-- ⲡⲉⲛ -->
<feat xlink:href="#orig_579" value="ϩⲏⲧ"/><!-- ϩⲏⲧ -->
<feat xlink:href="#orig_580" value="ⲁⲩⲱ"/><!-- ⲁⲩⲱ -->
<feat xlink:href="#orig_581" value="ϥ"/><!-- ϥ -->
<feat xlink:href="#orig_582" value="ⲥⲟⲟⲩⲛ"/><!-- ⲥⲟⲟⲩⲛ -->
<feat xlink:href="#orig_583" value="ⲛ"/><!-- ⲛ -->
<feat xlink:href="#orig_584" value="ϩⲱⲃ"/><!-- ϩⲱⲃ -->
<feat xlink:href="#orig_585" value="ⲛⲓⲙ"/><!-- ⲛⲓⲙ -->
<feat xlink:href="#orig_586" value="ⲛⲁ"/><!-- ⲛⲁ -->
<feat xlink:href="#orig_587" value="ⲙⲉⲣⲁⲧⲉ"/><!-- ⲙⲉⲣⲁⲧⲉ -->
<feat xlink:href="#orig_588" value="ⲉⲣⲧⲙⲡⲉⲛϩⲏⲧ"/><!-- ⲉⲣⲧⲙⲡⲉⲛϩⲏⲧ -->
<feat xlink:href="#orig_589" value="ϭⲉⲛ"/><!-- ϭⲉⲛ -->
<feat xlink:href="#orig_590" value="ⲛ"/><!-- ⲛ -->
<feat xlink:href="#orig_591" value="ⲁⲣⲓⲕⲉ"/><!-- ⲁⲣⲓⲕⲉ -->
<feat xlink:href="#orig_592" value="ⲉⲣⲟ"/><!-- ⲉⲣⲟ -->
<feat xlink:href="#orig_593" value="ⲛ"/><!-- ⲛ -->
<feat xlink:href="#orig_594" value="ⲟⲩⲛⲧⲁ"/><!-- ⲟⲩⲛⲧⲁ -->
<feat xlink:href="#orig_595" value="ⲛ"/><!-- ⲛ -->
<feat xlink:href="#orig_596" value="ⲙⲙⲟ"/><!-- ⲙⲙⲟ -->
<feat xlink:href="#orig_597" value="ⲟⲩ"/><!-- ⲟⲩ -->
<feat xlink:href="#orig_598" value="ⲛ"/><!-- ⲛ -->
<feat xlink:href="#orig_599" value="ⲟⲩ"/><!-- ⲟⲩ -->
<feat xlink:href="#orig_600" value="ⲡⲁⲣⲣⲏⲥⲓⲁ"/><!-- ⲡⲁⲣⲣⲏⲥⲓⲁ -->
<feat xlink:href="#orig_601" value="ⲛⲁϩⲣⲙ"/><!-- ⲛⲁϩⲣⲙ -->
<feat xlink:href="#orig_602" value="ⲡ"/><!-- ⲡ -->
<feat xlink:href="#orig_603" value="ⲛⲟⲩⲧⲉ"/><!-- ⲛⲟⲩⲧⲉ -->
<feat xlink:href="#orig_604" value="ⲁⲩⲱ"/><!-- ⲁⲩⲱ -->
<feat xlink:href="#orig_605" value="ⲡ"/><!-- ⲡ -->
<feat xlink:href="#orig_606" value="ⲉⲧ"/><!-- ⲉⲧ -->
<feat xlink:href="#orig_607" value="ⲛⲁ"/><!-- ⲛⲁ -->
<feat xlink:href="#orig_608" value="ⲁⲓⲧⲉⲓ"/><!-- ⲁⲓⲧⲉⲓ -->
<feat xlink:href="#orig_609" value="ⲙⲙⲟ"/><!-- ⲙⲙⲟ -->
<feat xlink:href="#orig_610" value="ϥ"/><!-- ϥ -->
<feat xlink:href="#orig_611" value="ⲧⲛ"/><!-- ⲧⲛ -->
<feat xlink:href="#orig_612" value="ⲛⲁ"/><!-- ⲛⲁ -->
<feat xlink:href="#orig_613" value="ϫⲓⲧ"/><!-- ϫⲓⲧ -->
<feat xlink:href="#orig_614" value="ϥ"/><!-- ϥ -->
<feat xlink:href="#orig_615" value="ⲉⲃⲟⲗ"/><!-- ⲉⲃⲟⲗ -->
<feat xlink:href="#orig_616" value="ϩⲓⲧⲟⲟⲧ"/><!-- ϩⲓⲧⲟⲟⲧ -->
<feat xlink:href="#orig_617" value="ϥ"/><!-- ϥ -->
<feat xlink:href="#orig_618" value="ϫⲉ"/><!-- ϫⲉ -->
<feat xlink:href="#orig_619" value="ⲧⲛ"/><!-- ⲧⲛ -->
<feat xlink:href="#orig_620" value="ϩⲁⲣⲉϩ"/><!-- ϩⲁⲣⲉϩ -->
<feat xlink:href="#orig_621" value="ⲛ"/><!-- ⲛ -->
<feat xlink:href="#orig_622" value="ⲛⲉϥ"/><!-- ⲛⲉϥ -->
<feat xlink:href="#orig_623" value="ⲉⲛⲧⲟⲗⲏ"/><!-- ⲉⲛⲧⲟⲗⲏ -->
<feat xlink:href="#orig_624" value="ⲁⲩⲱ"/><!-- ⲁⲩⲱ -->
<feat xlink:href="#orig_625" value="ⲧⲉⲛⲉⲓⲣⲉ"/><!-- ⲧⲉⲛⲉⲓⲣⲉ -->
<feat xlink:href="#orig_626" value="ⲙ"/><!-- ⲙ -->
<feat xlink:href="#orig_627" value="ⲡ"/><!-- ⲡ -->
<feat xlink:href="#orig_628" value="ⲉⲧ"/><!-- ⲉⲧ -->
<feat xlink:href="#orig_629" value="ⲉⲣ"/><!-- ⲉⲣ -->
<feat xlink:href="#orig_630" value="ⲁⲛⲁϥ"/><!-- ⲁⲛⲁϥ -->
<feat xlink:href="#orig_631" value="ⲙ"/><!-- ⲙ -->
<feat xlink:href="#orig_632" value="ⲡⲉϥ"/><!-- ⲡⲉϥ -->
<feat xlink:href="#orig_633" value="ⲙⲧⲟ"/><!-- ⲙⲧⲟ -->
<feat xlink:href="#orig_634" value="ⲉⲃⲟⲗ"/><!-- ⲉⲃⲟⲗ -->
<feat xlink:href="#orig_635" value="ⲁⲩⲱ"/><!-- ⲁⲩⲱ -->
<feat xlink:href="#orig_636" value="ⲧⲁⲓ"/><!-- ⲧⲁⲓ -->
<feat xlink:href="#orig_637" value="ⲧⲉ"/><!-- ⲧⲉ -->
<feat xlink:href="#orig_638" value="ⲧⲉϥ"/><!-- ⲧⲉϥ -->
<feat xlink:href="#orig_639" value="ⲉⲛⲧⲟⲗⲏ"/><!-- ⲉⲛⲧⲟⲗⲏ -->
<feat xlink:href="#orig_640" value="ϫⲉⲕⲁⲁⲥ"/><!-- ϫⲉⲕⲁⲁⲥ -->
<feat xlink:href="#orig_641" value="ⲉⲛⲁⲡⲓⲥⲧⲉⲩⲉ"/><!-- ⲉⲛⲁⲡⲓⲥⲧⲉⲩⲉ -->
<feat xlink:href="#orig_642" value="ⲉ"/><!-- ⲉ -->
<feat xlink:href="#orig_643" value="ⲡ"/><!-- ⲡ -->
<feat xlink:href="#orig_644" value="ⲣⲁⲛ"/><!-- ⲣⲁⲛ -->
<feat xlink:href="#orig_645" value="ⲙ"/><!-- ⲙ -->
<feat xlink:href="#orig_646" value="ⲡⲉϥ"/><!-- ⲡⲉϥ -->
<feat xlink:href="#orig_647" value="ϣⲏⲣⲉ"/><!-- ϣⲏⲣⲉ -->
<feat xlink:href="#orig_648" value="ⲓⲏⲥⲟⲩⲥ"/><!-- ⲓⲏⲥⲟⲩⲥ -->
<feat xlink:href="#orig_649" value="ⲡⲉ"/><!-- ⲡⲉ -->
<feat xlink:href="#orig_650" value="ⲭⲣⲓⲥⲧⲟⲥ"/><!-- ⲭⲣⲓⲥⲧⲟⲥ -->
<feat xlink:href="#orig_651" value="ⲁⲩⲱ"/><!-- ⲁⲩⲱ -->
<feat xlink:href="#orig_652" value="ⲧⲉⲛⲙⲉⲣⲓ"/><!-- ⲧⲉⲛⲙⲉⲣⲓ -->
<feat xlink:href="#orig_653" value="ⲛⲉⲛ"/><!-- ⲛⲉⲛ -->
<feat xlink:href="#orig_654" value="ⲉⲣⲏⲩ"/><!-- ⲉⲣⲏⲩ -->
<feat xlink:href="#orig_655" value="ⲕⲁⲧⲁ"/><!-- ⲕⲁⲧⲁ -->
<feat xlink:href="#orig_656" value="ⲧ"/><!-- ⲧ -->
<feat xlink:href="#orig_657" value="ϩⲉ"/><!-- ϩⲉ -->
<feat xlink:href="#orig_658" value="ⲛⲧ"/><!-- ⲛⲧ -->
<feat xlink:href="#orig_659" value="ⲁ"/><!-- ⲁ -->
<feat xlink:href="#orig_660" value="ϥ"/><!-- ϥ -->
<feat xlink:href="#orig_661" value="ϩⲱⲛ"/><!-- ϩⲱⲛ -->
<feat xlink:href="#orig_662" value="ⲉⲧⲟⲟⲧ"/><!-- ⲉⲧⲟⲟⲧ -->
<feat xlink:href="#orig_663" value="ⲛ"/><!-- ⲛ -->
<feat xlink:href="#orig_664" value="ⲁⲩⲱ"/><!-- ⲁⲩⲱ -->
<feat xlink:href="#orig_665" value="ⲡ"/><!-- ⲡ -->
<feat xlink:href="#orig_666" value="ⲉⲧ"/><!-- ⲉⲧ -->
<feat xlink:href="#orig_667" value="ⲛⲁ"/><!-- ⲛⲁ -->
<feat xlink:href="#orig_668" value="ϩⲁⲣⲉϩ"/><!-- ϩⲁⲣⲉϩ -->
<feat xlink:href="#orig_669" value="ⲛ"/><!-- ⲛ -->
<feat xlink:href="#orig_670" value="ⲛⲉϥ"/><!-- ⲛⲉϥ -->
<feat xlink:href="#orig_671" value="ⲉⲛⲧⲟⲗⲏ"/><!-- ⲉⲛⲧⲟⲗⲏ -->
<feat xlink:href="#orig_672" value="ϥ"/><!-- ϥ -->
<feat xlink:href="#orig_673" value="ϣⲟⲟⲡ"/><!-- ϣⲟⲟⲡ -->
<feat xlink:href="#orig_674" value="ϩⲣⲁⲓ"/><!-- ϩⲣⲁⲓ -->
<feat xlink:href="#orig_675" value="ⲛϩⲏⲧ"/><!-- ⲛϩⲏⲧ -->
<feat xlink:href="#orig_676" value="ϥ"/><!-- ϥ -->
<feat xlink:href="#orig_677" value="ⲁⲩⲱ"/><!-- ⲁⲩⲱ -->
<feat xlink:href="#orig_678" value="ⲛ"/><!-- ⲛ -->
<feat xlink:href="#orig_679" value="ⲧ"/><!-- ⲧ -->
<feat xlink:href="#orig_680" value="ⲁϥ"/><!-- ⲁϥ -->
<feat xlink:href="#orig_681" value="ϩⲱⲱ"/><!-- ϩⲱⲱ -->
<feat xlink:href="#orig_682" value="ϥ"/><!-- ϥ -->
<feat xlink:href="#orig_683" value="ϥ"/><!-- ϥ -->
<feat xlink:href="#orig_684" value="ⲟⲩⲏϩ"/><!-- ⲟⲩⲏϩ -->
<feat xlink:href="#orig_685" value="ⲉϩⲣⲁⲓ"/><!-- ⲉϩⲣⲁⲓ -->
<feat xlink:href="#orig_686" value="ⲛϩⲏⲧ"/><!-- ⲛϩⲏⲧ -->
<feat xlink:href="#orig_687" value="ϥ"/><!-- ϥ -->
<feat xlink:href="#orig_688" value="ϩⲙ"/><!-- ϩⲙ -->
<feat xlink:href="#orig_689" value="ⲡⲁⲓ"/><!-- ⲡⲁⲓ -->
<feat xlink:href="#orig_690" value="ⲧⲉⲛⲉⲓⲙⲉ"/><!-- ⲧⲉⲛⲉⲓⲙⲉ -->
<feat xlink:href="#orig_691" value="ϫⲉ"/><!-- ϫⲉ -->
<feat xlink:href="#orig_692" value="ϥ"/><!-- ϥ -->
<feat xlink:href="#orig_693" value="ϣⲟⲟⲡ"/><!-- ϣⲟⲟⲡ -->
<feat xlink:href="#orig_694" value="ϩⲣⲁⲓ"/><!-- ϩⲣⲁⲓ -->
<feat xlink:href="#orig_695" value="ⲛϩⲏⲧ"/><!-- ⲛϩⲏⲧ -->
<feat xlink:href="#orig_696" value="ⲛ"/><!-- ⲛ -->
<feat xlink:href="#orig_697" value="ⲉⲃⲟⲗ"/><!-- ⲉⲃⲟⲗ -->
<feat xlink:href="#orig_698" value="ϩⲙ"/><!-- ϩⲙ -->
<feat xlink:href="#orig_699" value="ⲡⲉ"/><!-- ⲡⲉ -->
<feat xlink:href="#orig_700" value="ⲡⲛⲉⲩⲙⲁ"/><!-- ⲡⲛⲉⲩⲙⲁ -->
<feat xlink:href="#orig_701" value="ⲛⲧ"/><!-- ⲛⲧ -->
<feat xlink:href="#orig_702" value="ⲁ"/><!-- ⲁ -->
<feat xlink:href="#orig_703" value="ϥ"/><!-- ϥ -->
<feat xlink:href="#orig_704" value="ⲧⲁⲁ"/><!-- ⲧⲁⲁ -->
<feat xlink:href="#orig_705" value="ϥ"/><!-- ϥ -->
<feat xlink:href="#orig_706" value="ⲛⲁ"/><!-- ⲛⲁ -->
<feat xlink:href="#orig_707" value="ⲛ"/><!-- ⲛ -->
<feat xlink:href="#orig_708" value="."/><!-- . -->
</featList>
</paula>
