<?xml version="1.0" encoding="UTF-8" standalone="no"?>

<!DOCTYPE paula SYSTEM "paula_mark.dtd">
<paula version="1.0">

<header paula_id="sahidica.nt.1_John_2_translationSeg"/>

<markList xmlns:xlink="http://www.w3.org/1999/xlink" type="translationSeg" xml:base="sahidica.nt.1_John_2.tok.xml">
<mark id="translation_1" xlink:href="#xpointer(id('tok_1')/range-to(id('tok_37')))"/><!-- ⲛⲁ...ⲇⲓⲕⲁⲓⲟⲥ -->
<mark id="translation_38" xlink:href="#xpointer(id('tok_38')/range-to(id('tok_62')))"/><!-- ⲁⲩⲱ.... -->
<mark id="translation_63" xlink:href="#xpointer(id('tok_63')/range-to(id('tok_77')))"/><!-- ⲁⲩⲱ...ⲉⲛⲧⲟⲗⲏ -->
<mark id="translation_78" xlink:href="#xpointer(id('tok_78')/range-to(id('tok_103')))"/><!-- ⲡ...ⲡⲁⲓ -->
<mark id="translation_104" xlink:href="#xpointer(id('tok_104')/range-to(id('tok_130')))"/><!-- ⲡ...ϥ -->
<mark id="translation_131" xlink:href="#xpointer(id('tok_131')/range-to(id('tok_155')))"/><!-- ⲡ.... -->
<mark id="translation_156" xlink:href="#xpointer(id('tok_156')/range-to(id('tok_189')))"/><!-- ⲛⲁ...ϥ -->
<mark id="translation_190" xlink:href="#xpointer(id('tok_190')/range-to(id('tok_226')))"/><!-- ⲡⲁⲗⲓⲛ.... -->
<mark id="translation_227" xlink:href="#xpointer(id('tok_227')/range-to(id('tok_249')))"/><!-- ⲡ...ⲉⲧⲉⲛⲟⲩ -->
<mark id="translation_250" xlink:href="#xpointer(id('tok_250')/range-to(id('tok_270')))"/><!-- ⲡ...ϥ -->
<mark id="translation_271" xlink:href="#xpointer(id('tok_271')/range-to(id('tok_306')))"/><!-- ⲡ...ⲃⲁⲗ -->
<mark id="translation_307" xlink:href="#xpointer(id('tok_307')/range-to(id('tok_326')))"/><!-- ϯ...ⲣⲁⲛ -->
<mark id="translation_327" xlink:href="#xpointer(id('tok_327')/range-to(id('tok_352')))"/><!-- ϯ...ⲡⲟⲛⲏⲣⲟⲥ -->
<mark id="translation_353" xlink:href="#xpointer(id('tok_353')/range-to(id('tok_405')))"/><!-- ⲁ...ⲡⲟⲛⲏⲣⲟⲥ -->
<mark id="translation_406" xlink:href="#xpointer(id('tok_406')/range-to(id('tok_431')))"/><!-- ⲙⲡⲉⲣⲙⲉⲣⲓ.... -->
<mark id="translation_432" xlink:href="#xpointer(id('tok_432')/range-to(id('tok_463')))"/><!-- ϫⲉ...ⲕⲟⲥⲙⲟⲥ -->
<mark id="translation_464" xlink:href="#xpointer(id('tok_464')/range-to(id('tok_494')))"/><!-- ⲁⲩⲱ.... -->
<mark id="translation_495" xlink:href="#xpointer(id('tok_495')/range-to(id('tok_529')))"/><!-- ⲛⲁ.... -->
<mark id="translation_530" xlink:href="#xpointer(id('tok_530')/range-to(id('tok_570')))"/><!-- ⲛⲧ...ⲛⲉ -->
<mark id="translation_571" xlink:href="#xpointer(id('tok_571')/range-to(id('tok_588')))"/><!-- ⲁⲩⲱ...ⲧⲛ -->
<mark id="translation_589" xlink:href="#xpointer(id('tok_589')/range-to(id('tok_619')))"/><!-- ⲛⲧ...ⲛⲉ -->
<mark id="translation_620" xlink:href="#xpointer(id('tok_620')/range-to(id('tok_647')))"/><!-- ⲛⲓⲙ...ϣⲏⲣⲉ -->
<mark id="translation_648" xlink:href="#xpointer(id('tok_648')/range-to(id('tok_674')))"/><!-- ⲟⲩⲟⲛ...ⲉⲓⲱⲧ -->
<mark id="translation_675" xlink:href="#xpointer(id('tok_675')/range-to(id('tok_710')))"/><!-- ⲛⲧⲱⲧⲛ...ⲉⲓⲱⲧ -->
<mark id="translation_711" xlink:href="#xpointer(id('tok_711')/range-to(id('tok_726')))"/><!-- ⲁⲩⲱ...ⲉⲛⲉϩ -->
<mark id="translation_727" xlink:href="#xpointer(id('tok_727')/range-to(id('tok_740')))"/><!-- ⲛⲁⲓ...ⲧⲛ -->
<mark id="translation_741" xlink:href="#xpointer(id('tok_741')/range-to(id('tok_810')))"/><!-- ⲁⲩⲱ...ϥ -->
<mark id="translation_811" xlink:href="#xpointer(id('tok_811')/range-to(id('tok_835')))"/><!-- ⲧⲉⲛⲟⲩ...ⲧⲉϥⲡⲁⲣϩⲟⲩⲥⲓⲁ -->
<mark id="translation_836" xlink:href="#xpointer(id('tok_836')/range-to(id('tok_866')))"/><!-- ⲉϣⲱⲡⲉ.... -->
</markList>
</paula>
