<?xml version="1.0" encoding="UTF-8" standalone="no"?>

<!DOCTYPE paula SYSTEM "paula_mark.dtd">
<paula version="1.0">

<header paula_id="sahidica.nt.1_John_2_norm_groupSeg"/>

<markList xmlns:xlink="http://www.w3.org/1999/xlink" type="norm_groupSeg" xml:base="sahidica.nt.1_John_2.tok.xml">
<mark id="norm_group_1" xlink:href="#xpointer(id('tok_1')/range-to(id('tok_2')))"/><!-- ⲛⲁ...ϣⲏⲣⲉ -->
<mark id="norm_group_3" xlink:href="#tok_3"/><!-- ⲛⲁⲓ -->
<mark id="norm_group_4" xlink:href="#xpointer(id('tok_4')/range-to(id('tok_6')))"/><!-- ⲉ...ⲥϩⲁⲓ -->
<mark id="norm_group_7" xlink:href="#xpointer(id('tok_7')/range-to(id('tok_8')))"/><!-- ⲙⲙⲟ...ⲟⲩ -->
<mark id="norm_group_9" xlink:href="#xpointer(id('tok_9')/range-to(id('tok_10')))"/><!-- ⲛⲏ...ⲧⲛ -->
<mark id="norm_group_11" xlink:href="#tok_11"/><!-- ϫⲉⲕⲁⲁⲥ -->
<mark id="norm_group_12" xlink:href="#xpointer(id('tok_12')/range-to(id('tok_14')))"/><!-- ⲛ...ⲣ -->
<mark id="norm_group_15" xlink:href="#tok_15"/><!-- ⲛⲟⲃⲉ -->
<mark id="norm_group_16" xlink:href="#tok_16"/><!-- ⲁⲩⲱ -->
<mark id="norm_group_17" xlink:href="#tok_17"/><!-- ⲉϣⲱⲡⲉ -->
<mark id="norm_group_18" xlink:href="#xpointer(id('tok_18')/range-to(id('tok_19')))"/><!-- ⲉⲛϣⲁⲛ...ⲣ -->
<mark id="norm_group_20" xlink:href="#tok_20"/><!-- ⲛⲟⲃⲉ -->
<mark id="norm_group_21" xlink:href="#xpointer(id('tok_21')/range-to(id('tok_22')))"/><!-- ⲟⲩⲛⲧⲁ...ⲛ -->
<mark id="norm_group_23" xlink:href="#tok_23"/><!-- ⲙⲙⲁⲩ -->
<mark id="norm_group_24" xlink:href="#xpointer(id('tok_24')/range-to(id('tok_27')))"/><!-- ⲙ...ⲥⲟⲡⲥ -->
<mark id="norm_group_28" xlink:href="#xpointer(id('tok_28')/range-to(id('tok_29')))"/><!-- ⲉϫⲱ...ⲛ -->
<mark id="norm_group_30" xlink:href="#tok_30"/><!-- ⲛⲁϩⲣⲙ -->
<mark id="norm_group_31" xlink:href="#xpointer(id('tok_31')/range-to(id('tok_32')))"/><!-- ⲡ...ⲉⲓⲱⲧ -->
<mark id="norm_group_33" xlink:href="#tok_33"/><!-- ⲓⲏⲥⲟⲩⲥ -->
<mark id="norm_group_34" xlink:href="#xpointer(id('tok_34')/range-to(id('tok_35')))"/><!-- ⲡⲉ...ⲭⲣⲓⲥⲧⲟⲥ -->
<mark id="norm_group_36" xlink:href="#xpointer(id('tok_36')/range-to(id('tok_37')))"/><!-- ⲡ...ⲇⲓⲕⲁⲓⲟⲥ -->
<mark id="norm_group_38" xlink:href="#tok_38"/><!-- ⲁⲩⲱ -->
<mark id="norm_group_39" xlink:href="#tok_39"/><!-- ⲛⲧⲟϥ -->
<mark id="norm_group_40" xlink:href="#tok_40"/><!-- ⲡⲉ -->
<mark id="norm_group_41" xlink:href="#xpointer(id('tok_41')/range-to(id('tok_43')))"/><!-- ⲡ...ⲥⲟⲡⲥ -->
<mark id="norm_group_44" xlink:href="#tok_44"/><!-- ⲉⲧⲃⲉ -->
<mark id="norm_group_45" xlink:href="#xpointer(id('tok_45')/range-to(id('tok_47')))"/><!-- ⲛⲉ...ⲟⲃⲉ -->
<mark id="norm_group_48" xlink:href="#tok_48"/><!-- ⲉⲧⲃⲉ -->
<mark id="norm_group_49" xlink:href="#xpointer(id('tok_49')/range-to(id('tok_51')))"/><!-- ⲛ...ⲟⲩⲛ -->
<mark id="norm_group_52" xlink:href="#tok_52"/><!-- ⲇⲉ -->
<mark id="norm_group_53" xlink:href="#xpointer(id('tok_53')/range-to(id('tok_54')))"/><!-- ⲙⲁⲩⲁⲁ...ⲛ -->
<mark id="norm_group_55" xlink:href="#tok_55"/><!-- ⲁⲛ -->
<mark id="norm_group_56" xlink:href="#tok_56"/><!-- ⲁⲗⲗⲁ -->
<mark id="norm_group_57" xlink:href="#tok_57"/><!-- ⲉⲧⲃⲉ -->
<mark id="norm_group_58" xlink:href="#tok_58"/><!-- ⲛⲁ -->
<mark id="norm_group_59" xlink:href="#xpointer(id('tok_59')/range-to(id('tok_60')))"/><!-- ⲡ...ⲕⲟⲥⲙⲟⲥ -->
<mark id="norm_group_61" xlink:href="#tok_61"/><!-- ⲧⲏⲣϥ -->
<mark id="norm_group_62" xlink:href="#tok_62"/><!-- . -->
<mark id="norm_group_63" xlink:href="#tok_63"/><!-- ⲁⲩⲱ -->
<mark id="norm_group_64" xlink:href="#tok_64"/><!-- ϩⲙ -->
<mark id="norm_group_65" xlink:href="#tok_65"/><!-- ⲡⲁⲓ -->
<mark id="norm_group_66" xlink:href="#tok_66"/><!-- ⲧⲉⲛⲉⲓⲙⲉ -->
<mark id="norm_group_67" xlink:href="#tok_67"/><!-- ϫⲉ -->
<mark id="norm_group_68" xlink:href="#xpointer(id('tok_68')/range-to(id('tok_71')))"/><!-- ⲁ...ϥ -->
<mark id="norm_group_72" xlink:href="#tok_72"/><!-- ⲉϣⲱⲡⲉ -->
<mark id="norm_group_73" xlink:href="#xpointer(id('tok_73')/range-to(id('tok_74')))"/><!-- ⲉⲛϣⲁⲛ...ϩⲁⲣⲉϩ -->
<mark id="norm_group_75" xlink:href="#xpointer(id('tok_75')/range-to(id('tok_77')))"/><!-- ⲛ...ⲉⲛⲧⲟⲗⲏ -->
<mark id="norm_group_78" xlink:href="#xpointer(id('tok_78')/range-to(id('tok_80')))"/><!-- ⲡ...ϫⲱ -->
<mark id="norm_group_81" xlink:href="#xpointer(id('tok_81')/range-to(id('tok_82')))"/><!-- ⲙⲙⲟ...ⲥ -->
<mark id="norm_group_83" xlink:href="#tok_83"/><!-- ϫⲉ -->
<mark id="norm_group_84" xlink:href="#xpointer(id('tok_84')/range-to(id('tok_87')))"/><!-- ⲁ...ϥ -->
<mark id="norm_group_88" xlink:href="#xpointer(id('tok_88')/range-to(id('tok_90')))"/><!-- ⲛ...ϩⲁⲣⲉϩ -->
<mark id="norm_group_91" xlink:href="#tok_91"/><!-- ⲁⲛ -->
<mark id="norm_group_92" xlink:href="#xpointer(id('tok_92')/range-to(id('tok_94')))"/><!-- ⲛ...ⲉⲛⲧⲟⲗⲏ -->
<mark id="norm_group_95" xlink:href="#tok_95"/><!-- ⲟⲩⲣⲉϥϫⲓ -->
<mark id="norm_group_96" xlink:href="#tok_96"/><!-- ϭⲟⲗ -->
<mark id="norm_group_97" xlink:href="#tok_97"/><!-- ⲡⲉ -->
<mark id="norm_group_98" xlink:href="#tok_98"/><!-- ⲁⲩⲱ -->
<mark id="norm_group_99" xlink:href="#xpointer(id('tok_99')/range-to(id('tok_100')))"/><!-- ⲧ...ⲙⲉ -->
<mark id="norm_group_101" xlink:href="#tok_101"/><!-- ϣⲟⲟⲡ -->
<mark id="norm_group_102" xlink:href="#tok_102"/><!-- ϩⲙ -->
<mark id="norm_group_103" xlink:href="#tok_103"/><!-- ⲡⲁⲓ -->
<mark id="norm_group_104" xlink:href="#xpointer(id('tok_104')/range-to(id('tok_107')))"/><!-- ⲡ...ϩⲁⲣⲉϩ -->
<mark id="norm_group_108" xlink:href="#tok_108"/><!-- ⲇⲉ -->
<mark id="norm_group_109" xlink:href="#xpointer(id('tok_109')/range-to(id('tok_111')))"/><!-- ⲉ...ϣⲁϫⲉ -->
<mark id="norm_group_112" xlink:href="#tok_112"/><!-- ⲛⲁⲙⲉ -->
<mark id="norm_group_113" xlink:href="#tok_113"/><!-- ⲁⲧⲁⲅⲁⲡⲏ -->
<mark id="norm_group_114" xlink:href="#xpointer(id('tok_114')/range-to(id('tok_116')))"/><!-- ⲙ...ⲛⲟⲩⲧⲉ -->
<mark id="norm_group_117" xlink:href="#xpointer(id('tok_117')/range-to(id('tok_118')))"/><!-- ϫⲱ...ⲕ -->
<mark id="norm_group_119" xlink:href="#tok_119"/><!-- ⲉⲃⲟⲗ -->
<mark id="norm_group_120" xlink:href="#tok_120"/><!-- ϩⲙ -->
<mark id="norm_group_121" xlink:href="#tok_121"/><!-- ⲡⲁⲓ -->
<mark id="norm_group_122" xlink:href="#tok_122"/><!-- ⲁⲩⲱ -->
<mark id="norm_group_123" xlink:href="#tok_123"/><!-- ϩⲙ -->
<mark id="norm_group_124" xlink:href="#tok_124"/><!-- ⲡⲉⲓ -->
<mark id="norm_group_125" xlink:href="#tok_125"/><!-- ⲧⲉⲛⲉⲓⲙⲉ -->
<mark id="norm_group_126" xlink:href="#tok_126"/><!-- ϫⲉ -->
<mark id="norm_group_127" xlink:href="#tok_127"/><!-- ⲧⲉⲛϣⲟⲟⲡ -->
<mark id="norm_group_128" xlink:href="#tok_128"/><!-- ϩⲣⲁⲓ -->
<mark id="norm_group_129" xlink:href="#xpointer(id('tok_129')/range-to(id('tok_130')))"/><!-- ⲛϩⲏⲧ...ϥ -->
<mark id="norm_group_131" xlink:href="#xpointer(id('tok_131')/range-to(id('tok_133')))"/><!-- ⲡ...ϫⲱ -->
<mark id="norm_group_134" xlink:href="#xpointer(id('tok_134')/range-to(id('tok_135')))"/><!-- ⲙⲙⲟ...ⲥ -->
<mark id="norm_group_136" xlink:href="#tok_136"/><!-- ϫⲉ -->
<mark id="norm_group_137" xlink:href="#tok_137"/><!-- ϯⲥⲟⲟⲡ -->
<mark id="norm_group_138" xlink:href="#tok_138"/><!-- ϩⲣⲁⲓ -->
<mark id="norm_group_139" xlink:href="#xpointer(id('tok_139')/range-to(id('tok_140')))"/><!-- ⲛϩⲏⲧ...ϥ -->
<mark id="norm_group_141" xlink:href="#tok_141"/><!-- ϣϣⲉ -->
<mark id="norm_group_142" xlink:href="#xpointer(id('tok_142')/range-to(id('tok_143')))"/><!-- ⲉⲣⲟ...ϥ -->
<mark id="norm_group_144" xlink:href="#xpointer(id('tok_144')/range-to(id('tok_145')))"/><!-- ϩⲱⲱ...ϥ -->
<mark id="norm_group_146" xlink:href="#xpointer(id('tok_146')/range-to(id('tok_147')))"/><!-- ⲉ...ⲙⲟⲟϣⲉ -->
<mark id="norm_group_148" xlink:href="#tok_148"/><!-- ⲕⲁⲧⲁ -->
<mark id="norm_group_149" xlink:href="#xpointer(id('tok_149')/range-to(id('tok_150')))"/><!-- ⲧ...ϩⲉ -->
<mark id="norm_group_151" xlink:href="#tok_151"/><!-- ⲉⲧⲉⲣⲉⲡⲏ -->
<mark id="norm_group_152" xlink:href="#tok_152"/><!-- ⲙⲟⲟϣⲉ -->
<mark id="norm_group_153" xlink:href="#xpointer(id('tok_153')/range-to(id('tok_154')))"/><!-- ⲙⲙⲟ...ⲥ -->
<mark id="norm_group_155" xlink:href="#tok_155"/><!-- . -->
<mark id="norm_group_156" xlink:href="#xpointer(id('tok_156')/range-to(id('tok_157')))"/><!-- ⲛⲁ...ⲙⲉⲣⲁⲧⲉ -->
<mark id="norm_group_158" xlink:href="#xpointer(id('tok_158')/range-to(id('tok_160')))"/><!-- ⲛ...ⲉⲛⲧⲟⲗⲏ -->
<mark id="norm_group_161" xlink:href="#xpointer(id('tok_161')/range-to(id('tok_162')))"/><!-- ⲛ...ⲃⲣⲣⲉ -->
<mark id="norm_group_163" xlink:href="#tok_163"/><!-- ⲁⲛ -->
<mark id="norm_group_164" xlink:href="#tok_164"/><!-- ⲧⲉϯⲥϩⲁⲓ -->
<mark id="norm_group_165" xlink:href="#xpointer(id('tok_165')/range-to(id('tok_166')))"/><!-- ⲙⲙⲟ...ⲥ -->
<mark id="norm_group_167" xlink:href="#xpointer(id('tok_167')/range-to(id('tok_168')))"/><!-- ⲛⲏ...ⲧⲛ -->
<mark id="norm_group_169" xlink:href="#tok_169"/><!-- ⲁⲗⲗⲁ -->
<mark id="norm_group_170" xlink:href="#xpointer(id('tok_170')/range-to(id('tok_171')))"/><!-- ⲟⲩ...ⲉⲛⲧⲟⲗⲏ -->
<mark id="norm_group_172" xlink:href="#xpointer(id('tok_172')/range-to(id('tok_173')))"/><!-- ⲛⲁ...ⲥ -->
<mark id="norm_group_174" xlink:href="#tok_174"/><!-- ⲧⲉ -->
<mark id="norm_group_175" xlink:href="#tok_175"/><!-- ⲧⲁⲓ -->
<mark id="norm_group_176" xlink:href="#tok_176"/><!-- ⲉⲧⲉ -->
<mark id="norm_group_177" xlink:href="#tok_177"/><!-- ⲟⲩⲛⲧⲏⲧⲛⲥ -->
<mark id="norm_group_178" xlink:href="#tok_178"/><!-- ⲛϫⲓⲛ -->
<mark id="norm_group_179" xlink:href="#tok_179"/><!-- ⲧⲉϩⲟⲩⲉⲓⲧⲉ -->
<mark id="norm_group_180" xlink:href="#xpointer(id('tok_180')/range-to(id('tok_181')))"/><!-- ⲧ...ⲉⲛⲧⲟⲗⲏ -->
<mark id="norm_group_182" xlink:href="#xpointer(id('tok_182')/range-to(id('tok_183')))"/><!-- ⲛⲁ...ⲥ -->
<mark id="norm_group_184" xlink:href="#tok_184"/><!-- ⲡⲉ -->
<mark id="norm_group_185" xlink:href="#xpointer(id('tok_185')/range-to(id('tok_186')))"/><!-- ⲡ...ϣⲁϫⲉ -->
<mark id="norm_group_187" xlink:href="#tok_187"/><!-- ⲛⲧⲁⲧⲉⲛⲥⲱⲧⲙ -->
<mark id="norm_group_188" xlink:href="#xpointer(id('tok_188')/range-to(id('tok_189')))"/><!-- ⲉⲣⲟ...ϥ -->
<mark id="norm_group_190" xlink:href="#tok_190"/><!-- ⲡⲁⲗⲓⲛ -->
<mark id="norm_group_191" xlink:href="#tok_191"/><!-- ⲟⲛ -->
<mark id="norm_group_192" xlink:href="#xpointer(id('tok_192')/range-to(id('tok_194')))"/><!-- ⲛ...ⲉⲛⲧⲟⲗⲏ -->
<mark id="norm_group_195" xlink:href="#xpointer(id('tok_195')/range-to(id('tok_196')))"/><!-- ⲛ...ⲃⲣⲣⲉ -->
<mark id="norm_group_197" xlink:href="#tok_197"/><!-- ⲁⲛ -->
<mark id="norm_group_198" xlink:href="#tok_198"/><!-- ⲧⲉϯⲥϩⲁⲓ -->
<mark id="norm_group_199" xlink:href="#xpointer(id('tok_199')/range-to(id('tok_200')))"/><!-- ⲙⲙⲟ...ⲥ -->
<mark id="norm_group_201" xlink:href="#xpointer(id('tok_201')/range-to(id('tok_202')))"/><!-- ⲛⲏ...ⲧⲛ -->
<mark id="norm_group_203" xlink:href="#tok_203"/><!-- ⲡⲁⲓ -->
<mark id="norm_group_204" xlink:href="#xpointer(id('tok_204')/range-to(id('tok_205')))"/><!-- ⲟⲩ...ⲙⲉ -->
<mark id="norm_group_206" xlink:href="#tok_206"/><!-- ⲡⲉ -->
<mark id="norm_group_207" xlink:href="#xpointer(id('tok_207')/range-to(id('tok_208')))"/><!-- ⲛϩⲏⲧ...ϥ -->
<mark id="norm_group_209" xlink:href="#tok_209"/><!-- ⲁⲩⲱ -->
<mark id="norm_group_210" xlink:href="#tok_210"/><!-- ⲛϩⲏⲧ -->
<mark id="norm_group_211" xlink:href="#tok_211"/><!-- ⲧⲏⲩⲧⲛ -->
<mark id="norm_group_212" xlink:href="#tok_212"/><!-- ϫⲉ -->
<mark id="norm_group_213" xlink:href="#xpointer(id('tok_213')/range-to(id('tok_214')))"/><!-- ⲡ...ⲕⲁⲕⲉ -->
<mark id="norm_group_215" xlink:href="#tok_215"/><!-- ⲛⲁⲡⲁⲣⲁⲕⲉ -->
<mark id="norm_group_216" xlink:href="#tok_216"/><!-- ⲁⲩⲱ -->
<mark id="norm_group_217" xlink:href="#xpointer(id('tok_217')/range-to(id('tok_218')))"/><!-- ⲡ...ⲟⲩⲟⲉⲓⲛ -->
<mark id="norm_group_219" xlink:href="#xpointer(id('tok_219')/range-to(id('tok_220')))"/><!-- ⲙ...ⲙⲉ -->
<mark id="norm_group_221" xlink:href="#tok_221"/><!-- ϫⲓⲛ -->
<mark id="norm_group_222" xlink:href="#tok_222"/><!-- ⲧⲉⲛⲟⲩ -->
<mark id="norm_group_223" xlink:href="#xpointer(id('tok_223')/range-to(id('tok_224')))"/><!-- ϥ...ⲣ -->
<mark id="norm_group_225" xlink:href="#tok_225"/><!-- ⲟⲩⲟⲉⲓⲛ -->
<mark id="norm_group_226" xlink:href="#tok_226"/><!-- . -->
<mark id="norm_group_227" xlink:href="#xpointer(id('tok_227')/range-to(id('tok_229')))"/><!-- ⲡ...ϫⲱ -->
<mark id="norm_group_230" xlink:href="#xpointer(id('tok_230')/range-to(id('tok_231')))"/><!-- ⲙⲙⲟ...ⲥ -->
<mark id="norm_group_232" xlink:href="#tok_232"/><!-- ϫⲉ -->
<mark id="norm_group_233" xlink:href="#xpointer(id('tok_233')/range-to(id('tok_234')))"/><!-- ϯ...ϣⲟⲟⲡ -->
<mark id="norm_group_235" xlink:href="#tok_235"/><!-- ϩⲙ -->
<mark id="norm_group_236" xlink:href="#tok_236"/><!-- ⲡⲟⲩ -->
<mark id="norm_group_237" xlink:href="#tok_237"/><!-- ⲁⲩⲱ -->
<mark id="norm_group_238" xlink:href="#xpointer(id('tok_238')/range-to(id('tok_239')))"/><!-- ϥ...ⲙⲟⲥⲧⲉ -->
<mark id="norm_group_240" xlink:href="#xpointer(id('tok_240')/range-to(id('tok_242')))"/><!-- ⲙ...ⲥⲟⲛ -->
<mark id="norm_group_243" xlink:href="#xpointer(id('tok_243')/range-to(id('tok_244')))"/><!-- ϥ...ϣⲟⲟⲡ -->
<mark id="norm_group_245" xlink:href="#tok_245"/><!-- ϩⲙ -->
<mark id="norm_group_246" xlink:href="#xpointer(id('tok_246')/range-to(id('tok_247')))"/><!-- ⲡ...ⲕⲁⲕⲉ -->
<mark id="norm_group_248" xlink:href="#tok_248"/><!-- ϣⲁϩⲣⲁⲓ -->
<mark id="norm_group_249" xlink:href="#tok_249"/><!-- ⲉⲧⲉⲛⲟⲩ -->
<mark id="norm_group_250" xlink:href="#xpointer(id('tok_250')/range-to(id('tok_252')))"/><!-- ⲡ...ⲙⲉ -->
<mark id="norm_group_253" xlink:href="#tok_253"/><!-- ⲇⲉ -->
<mark id="norm_group_254" xlink:href="#tok_254"/><!-- ⲛⲧⲟϥ -->
<mark id="norm_group_255" xlink:href="#xpointer(id('tok_255')/range-to(id('tok_257')))"/><!-- ⲙ...ⲥⲟⲛ -->
<mark id="norm_group_258" xlink:href="#xpointer(id('tok_258')/range-to(id('tok_259')))"/><!-- ϥ...ϣⲟⲟⲡ -->
<mark id="norm_group_260" xlink:href="#tok_260"/><!-- ϩⲣⲁⲓ -->
<mark id="norm_group_261" xlink:href="#tok_261"/><!-- ϩⲙ -->
<mark id="norm_group_262" xlink:href="#xpointer(id('tok_262')/range-to(id('tok_263')))"/><!-- ⲡ...ⲟⲩⲟⲉⲓⲛ -->
<mark id="norm_group_264" xlink:href="#tok_264"/><!-- ⲁⲩⲱ -->
<mark id="norm_group_265" xlink:href="#tok_265"/><!-- ⲙⲛ -->
<mark id="norm_group_266" xlink:href="#tok_266"/><!-- ⲥⲕⲁⲛⲧⲁⲗⲗⲟⲛ -->
<mark id="norm_group_267" xlink:href="#tok_267"/><!-- ϣⲟⲟⲡ -->
<mark id="norm_group_268" xlink:href="#tok_268"/><!-- ϩⲣⲁⲓ -->
<mark id="norm_group_269" xlink:href="#xpointer(id('tok_269')/range-to(id('tok_270')))"/><!-- ⲛϩⲏⲧ...ϥ -->
<mark id="norm_group_271" xlink:href="#xpointer(id('tok_271')/range-to(id('tok_273')))"/><!-- ⲡ...ⲙⲟⲥⲧⲉ -->
<mark id="norm_group_274" xlink:href="#tok_274"/><!-- ⲇⲉ -->
<mark id="norm_group_275" xlink:href="#xpointer(id('tok_275')/range-to(id('tok_277')))"/><!-- ⲙ...ⲥⲟⲛ -->
<mark id="norm_group_278" xlink:href="#xpointer(id('tok_278')/range-to(id('tok_279')))"/><!-- ϥ...ϣⲟⲟⲡ -->
<mark id="norm_group_280" xlink:href="#tok_280"/><!-- ϩⲣⲁⲓ -->
<mark id="norm_group_281" xlink:href="#tok_281"/><!-- ϩⲙ -->
<mark id="norm_group_282" xlink:href="#xpointer(id('tok_282')/range-to(id('tok_283')))"/><!-- ⲡ...ⲕⲁⲕⲉ -->
<mark id="norm_group_284" xlink:href="#tok_284"/><!-- ⲁⲩⲱ -->
<mark id="norm_group_285" xlink:href="#xpointer(id('tok_285')/range-to(id('tok_287')))"/><!-- ⲉ...ⲙⲟⲟϣⲉ -->
<mark id="norm_group_288" xlink:href="#tok_288"/><!-- ϩⲙ -->
<mark id="norm_group_289" xlink:href="#xpointer(id('tok_289')/range-to(id('tok_290')))"/><!-- ⲡ...ⲕⲁⲕⲉ -->
<mark id="norm_group_291" xlink:href="#xpointer(id('tok_291')/range-to(id('tok_293')))"/><!-- ⲛ...ⲥⲟⲟⲩⲛ -->
<mark id="norm_group_294" xlink:href="#tok_294"/><!-- ⲁⲛ -->
<mark id="norm_group_295" xlink:href="#tok_295"/><!-- ϫⲉ -->
<mark id="norm_group_296" xlink:href="#xpointer(id('tok_296')/range-to(id('tok_298')))"/><!-- ⲉ...ⲃⲏⲕ -->
<mark id="norm_group_299" xlink:href="#xpointer(id('tok_299')/range-to(id('tok_300')))"/><!-- ⲉ...ⲧⲱⲛ -->
<mark id="norm_group_301" xlink:href="#tok_301"/><!-- ϫⲉ -->
<mark id="norm_group_302" xlink:href="#tok_302"/><!-- ⲁⲡⲕⲁⲕⲉ -->
<mark id="norm_group_303" xlink:href="#tok_303"/><!-- ⲧⲱⲙ -->
<mark id="norm_group_304" xlink:href="#xpointer(id('tok_304')/range-to(id('tok_306')))"/><!-- ⲛ...ⲃⲁⲗ -->
<mark id="norm_group_307" xlink:href="#xpointer(id('tok_307')/range-to(id('tok_308')))"/><!-- ϯ...ⲥϩⲁⲓ -->
<mark id="norm_group_309" xlink:href="#xpointer(id('tok_309')/range-to(id('tok_310')))"/><!-- ⲛⲏ...ⲧⲛ -->
<mark id="norm_group_311" xlink:href="#xpointer(id('tok_311')/range-to(id('tok_312')))"/><!-- ⲛ...ϣⲏⲣⲉ -->
<mark id="norm_group_313" xlink:href="#tok_313"/><!-- ϣⲏⲙ -->
<mark id="norm_group_314" xlink:href="#tok_314"/><!-- ϫⲉ -->
<mark id="norm_group_315" xlink:href="#xpointer(id('tok_315')/range-to(id('tok_317')))"/><!-- ⲁ...ⲕⲱ -->
<mark id="norm_group_318" xlink:href="#xpointer(id('tok_318')/range-to(id('tok_319')))"/><!-- ⲛⲏ...ⲧⲛ -->
<mark id="norm_group_320" xlink:href="#tok_320"/><!-- ⲉⲃⲟⲗ -->
<mark id="norm_group_321" xlink:href="#xpointer(id('tok_321')/range-to(id('tok_323')))"/><!-- ⲛ...ⲛⲟⲃⲉ -->
<mark id="norm_group_324" xlink:href="#tok_324"/><!-- ⲉⲧⲃⲉ -->
<mark id="norm_group_325" xlink:href="#xpointer(id('tok_325')/range-to(id('tok_326')))"/><!-- ⲡⲉϥ...ⲣⲁⲛ -->
<mark id="norm_group_327" xlink:href="#xpointer(id('tok_327')/range-to(id('tok_328')))"/><!-- ϯ...ⲥϩⲁⲓ -->
<mark id="norm_group_329" xlink:href="#xpointer(id('tok_329')/range-to(id('tok_330')))"/><!-- ⲛⲏ...ⲧⲛ -->
<mark id="norm_group_331" xlink:href="#xpointer(id('tok_331')/range-to(id('tok_332')))"/><!-- ⲛ...ⲉⲓⲟⲧⲉ -->
<mark id="norm_group_333" xlink:href="#tok_333"/><!-- ϫⲉ -->
<mark id="norm_group_334" xlink:href="#xpointer(id('tok_334')/range-to(id('tok_336')))"/><!-- ⲁ...ⲥⲟⲩⲉⲛ -->
<mark id="norm_group_337" xlink:href="#xpointer(id('tok_337')/range-to(id('tok_339')))"/><!-- ⲡ...ϣⲟⲟⲡ -->
<mark id="norm_group_340" xlink:href="#tok_340"/><!-- ⲛϫⲓⲛ -->
<mark id="norm_group_341" xlink:href="#tok_341"/><!-- ϣⲟⲣⲡ -->
<mark id="norm_group_342" xlink:href="#xpointer(id('tok_342')/range-to(id('tok_343')))"/><!-- ϯ...ⲥϩⲁⲓ -->
<mark id="norm_group_344" xlink:href="#xpointer(id('tok_344')/range-to(id('tok_345')))"/><!-- ⲛⲏ...ⲧⲛ -->
<mark id="norm_group_346" xlink:href="#tok_346"/><!-- ⲛϩⲓⲣϣⲉⲣⲉ -->
<mark id="norm_group_347" xlink:href="#tok_347"/><!-- ϫⲉ -->
<mark id="norm_group_348" xlink:href="#xpointer(id('tok_348')/range-to(id('tok_350')))"/><!-- ⲁ...ϫⲣⲟ -->
<mark id="norm_group_351" xlink:href="#xpointer(id('tok_351')/range-to(id('tok_352')))"/><!-- ⲉ...ⲡⲟⲛⲏⲣⲟⲥ -->
<mark id="norm_group_353" xlink:href="#xpointer(id('tok_353')/range-to(id('tok_355')))"/><!-- ⲁ...ⲥϩⲁⲓ -->
<mark id="norm_group_356" xlink:href="#xpointer(id('tok_356')/range-to(id('tok_357')))"/><!-- ⲛⲏ...ⲧⲛ -->
<mark id="norm_group_358" xlink:href="#xpointer(id('tok_358')/range-to(id('tok_359')))"/><!-- ⲛ...ϣⲏⲣⲉ -->
<mark id="norm_group_360" xlink:href="#tok_360"/><!-- ϣⲏⲙ -->
<mark id="norm_group_361" xlink:href="#tok_361"/><!-- ϫⲉ -->
<mark id="norm_group_362" xlink:href="#xpointer(id('tok_362')/range-to(id('tok_364')))"/><!-- ⲁ...ⲥⲟⲩⲉⲛ -->
<mark id="norm_group_365" xlink:href="#xpointer(id('tok_365')/range-to(id('tok_366')))"/><!-- ⲡ...ⲉⲓⲱⲧ -->
<mark id="norm_group_367" xlink:href="#tok_367"/><!-- . -->
<mark id="norm_group_368" xlink:href="#xpointer(id('tok_368')/range-to(id('tok_370')))"/><!-- ⲁ...ⲥϩⲁⲓ -->
<mark id="norm_group_371" xlink:href="#xpointer(id('tok_371')/range-to(id('tok_372')))"/><!-- ⲛⲏ...ⲧⲛ -->
<mark id="norm_group_373" xlink:href="#xpointer(id('tok_373')/range-to(id('tok_374')))"/><!-- ⲛ...ⲉⲓⲟⲧⲉ -->
<mark id="norm_group_375" xlink:href="#tok_375"/><!-- ϫⲉ -->
<mark id="norm_group_376" xlink:href="#xpointer(id('tok_376')/range-to(id('tok_378')))"/><!-- ⲁ...ⲥⲟⲩⲉⲛ -->
<mark id="norm_group_379" xlink:href="#xpointer(id('tok_379')/range-to(id('tok_381')))"/><!-- ⲡ...ϣⲟⲟⲡ -->
<mark id="norm_group_382" xlink:href="#tok_382"/><!-- ⲛϫⲓⲛ -->
<mark id="norm_group_383" xlink:href="#tok_383"/><!-- ⲧⲉϩⲟⲩⲉⲓⲧⲉ -->
<mark id="norm_group_384" xlink:href="#xpointer(id('tok_384')/range-to(id('tok_386')))"/><!-- ⲁ...ⲥϩⲁⲓ -->
<mark id="norm_group_387" xlink:href="#xpointer(id('tok_387')/range-to(id('tok_388')))"/><!-- ⲛⲏ...ⲧⲛ -->
<mark id="norm_group_389" xlink:href="#tok_389"/><!-- ⲛϩⲓⲣϣⲉⲣⲓ -->
<mark id="norm_group_390" xlink:href="#tok_390"/><!-- ϫⲉ -->
<mark id="norm_group_391" xlink:href="#xpointer(id('tok_391')/range-to(id('tok_392')))"/><!-- ⲧⲉⲧⲛ...ϫⲟⲟⲣ -->
<mark id="norm_group_393" xlink:href="#tok_393"/><!-- . -->
<mark id="norm_group_394" xlink:href="#tok_394"/><!-- ⲁⲩⲱ -->
<mark id="norm_group_395" xlink:href="#xpointer(id('tok_395')/range-to(id('tok_396')))"/><!-- ⲡ...ϣⲁϫⲉ -->
<mark id="norm_group_397" xlink:href="#tok_397"/><!-- ϣⲟⲟⲡ -->
<mark id="norm_group_398" xlink:href="#tok_398"/><!-- ⲛϩⲏⲧ -->
<mark id="norm_group_399" xlink:href="#tok_399"/><!-- ⲧⲏⲩⲧⲛ -->
<mark id="norm_group_400" xlink:href="#tok_400"/><!-- ⲁⲩⲱ -->
<mark id="norm_group_401" xlink:href="#xpointer(id('tok_401')/range-to(id('tok_403')))"/><!-- ⲁ...ϫⲣⲟ -->
<mark id="norm_group_404" xlink:href="#xpointer(id('tok_404')/range-to(id('tok_405')))"/><!-- ⲉ...ⲡⲟⲛⲏⲣⲟⲥ -->
<mark id="norm_group_406" xlink:href="#tok_406"/><!-- ⲙⲡⲉⲣⲙⲉⲣⲓ -->
<mark id="norm_group_407" xlink:href="#xpointer(id('tok_407')/range-to(id('tok_408')))"/><!-- ⲡ...ⲕⲟⲥⲙⲟⲥ -->
<mark id="norm_group_409" xlink:href="#tok_409"/><!-- ⲟⲩⲇⲉ -->
<mark id="norm_group_410" xlink:href="#tok_410"/><!-- ⲛⲉⲧϩⲙ -->
<mark id="norm_group_411" xlink:href="#xpointer(id('tok_411')/range-to(id('tok_412')))"/><!-- ⲡ...ⲕⲟⲥⲙⲟⲥ -->
<mark id="norm_group_413" xlink:href="#tok_413"/><!-- ⲉϣⲱⲡⲉ -->
<mark id="norm_group_414" xlink:href="#tok_414"/><!-- ⲉⲣⲉϣⲁⲛⲟⲩⲁ -->
<mark id="norm_group_415" xlink:href="#xpointer(id('tok_415')/range-to(id('tok_416')))"/><!-- ⲙⲉⲣ...ⲓ -->
<mark id="norm_group_417" xlink:href="#xpointer(id('tok_417')/range-to(id('tok_418')))"/><!-- ⲡ...ⲕⲟⲥⲙⲟⲥ -->
<mark id="norm_group_419" xlink:href="#tok_419"/><!-- ⲉⲓⲉ -->
<mark id="norm_group_420" xlink:href="#xpointer(id('tok_420')/range-to(id('tok_422')))"/><!-- ⲛ...ⲁⲅⲁⲡⲏ -->
<mark id="norm_group_423" xlink:href="#xpointer(id('tok_423')/range-to(id('tok_425')))"/><!-- ⲙ...ⲉⲓⲱⲧ -->
<mark id="norm_group_426" xlink:href="#tok_426"/><!-- ϣⲟⲟⲡ -->
<mark id="norm_group_427" xlink:href="#tok_427"/><!-- ⲁⲛ -->
<mark id="norm_group_428" xlink:href="#tok_428"/><!-- ⲉϩⲣⲁⲓ -->
<mark id="norm_group_429" xlink:href="#xpointer(id('tok_429')/range-to(id('tok_430')))"/><!-- ⲛϩⲏⲧ...ϥ -->
<mark id="norm_group_431" xlink:href="#tok_431"/><!-- . -->
<mark id="norm_group_432" xlink:href="#tok_432"/><!-- ϫⲉ -->
<mark id="norm_group_433" xlink:href="#tok_433"/><!-- ϩⲱⲃ -->
<mark id="norm_group_434" xlink:href="#tok_434"/><!-- ⲛⲓⲙ -->
<mark id="norm_group_435" xlink:href="#xpointer(id('tok_435')/range-to(id('tok_436')))"/><!-- ⲉⲧ...ϩⲙ -->
<mark id="norm_group_437" xlink:href="#xpointer(id('tok_437')/range-to(id('tok_438')))"/><!-- ⲡ...ⲕⲟⲥⲙⲟⲥ -->
<mark id="norm_group_439" xlink:href="#tok_439"/><!-- ⲧⲉⲡⲉⲓⲑⲩⲙⲉⲓⲁ -->
<mark id="norm_group_440" xlink:href="#xpointer(id('tok_440')/range-to(id('tok_442')))"/><!-- ⲛ...ⲥⲁⲣⲝ -->
<mark id="norm_group_443" xlink:href="#tok_443"/><!-- ⲙⲛ -->
<mark id="norm_group_444" xlink:href="#tok_444"/><!-- ⲧⲉⲡⲉⲓⲑⲩⲙⲉⲓⲁ -->
<mark id="norm_group_445" xlink:href="#tok_445"/><!-- ⲛⲛⲉⲃⲁⲗ -->
<mark id="norm_group_446" xlink:href="#tok_446"/><!-- ⲙⲛ -->
<mark id="norm_group_447" xlink:href="#xpointer(id('tok_447')/range-to(id('tok_448')))"/><!-- ⲡ...ϣⲟⲩϣⲟⲩ -->
<mark id="norm_group_449" xlink:href="#xpointer(id('tok_449')/range-to(id('tok_451')))"/><!-- ⲙ...ⲃⲓⲟⲥ -->
<mark id="norm_group_452" xlink:href="#tok_452"/><!-- ⲛϩⲉⲛⲛⲉⲃⲁⲗ -->
<mark id="norm_group_453" xlink:href="#tok_453"/><!-- ⲁⲛ -->
<mark id="norm_group_454" xlink:href="#tok_454"/><!-- ⲛⲉ -->
<mark id="norm_group_455" xlink:href="#tok_455"/><!-- ϩⲙ -->
<mark id="norm_group_456" xlink:href="#xpointer(id('tok_456')/range-to(id('tok_457')))"/><!-- ⲡ...ⲉⲓⲱⲧ -->
<mark id="norm_group_458" xlink:href="#tok_458"/><!-- ⲁⲗⲗⲁ -->
<mark id="norm_group_459" xlink:href="#tok_459"/><!-- ϩⲉⲛⲛⲉⲃⲟⲗ -->
<mark id="norm_group_460" xlink:href="#tok_460"/><!-- ⲛⲉ -->
<mark id="norm_group_461" xlink:href="#tok_461"/><!-- ϩⲙ -->
<mark id="norm_group_462" xlink:href="#xpointer(id('tok_462')/range-to(id('tok_463')))"/><!-- ⲡ...ⲕⲟⲥⲙⲟⲥ -->
<mark id="norm_group_464" xlink:href="#tok_464"/><!-- ⲁⲩⲱ -->
<mark id="norm_group_465" xlink:href="#xpointer(id('tok_465')/range-to(id('tok_466')))"/><!-- ⲡ...ⲕⲟⲥⲙⲟⲥ -->
<mark id="norm_group_467" xlink:href="#xpointer(id('tok_467')/range-to(id('tok_468')))"/><!-- ⲛⲁ...ⲡⲁⲣⲁⲅⲉ -->
<mark id="norm_group_469" xlink:href="#tok_469"/><!-- ⲙⲛ -->
<mark id="norm_group_470" xlink:href="#tok_470"/><!-- ⲧⲉϥⲉⲉⲡⲉⲓⲑⲩⲙⲓⲁ -->
<mark id="norm_group_471" xlink:href="#xpointer(id('tok_471')/range-to(id('tok_473')))"/><!-- ⲡ...ⲉⲓⲣⲉ -->
<mark id="norm_group_474" xlink:href="#tok_474"/><!-- ⲇⲉ -->
<mark id="norm_group_475" xlink:href="#xpointer(id('tok_475')/range-to(id('tok_477')))"/><!-- ⲙ...ⲟⲩⲱϣ -->
<mark id="norm_group_478" xlink:href="#xpointer(id('tok_478')/range-to(id('tok_480')))"/><!-- ⲙ...ⲛⲟⲩⲧⲉ -->
<mark id="norm_group_481" xlink:href="#xpointer(id('tok_481')/range-to(id('tok_483')))"/><!-- ϥ...ϣⲱⲡⲉ -->
<mark id="norm_group_484" xlink:href="#tok_484"/><!-- ⲛϣⲁ -->
<mark id="norm_group_485" xlink:href="#tok_485"/><!-- ⲉⲛⲉϩ -->
<mark id="norm_group_486" xlink:href="#tok_486"/><!-- ⲕⲁⲧⲁ -->
<mark id="norm_group_487" xlink:href="#xpointer(id('tok_487')/range-to(id('tok_488')))"/><!-- ⲧ...ϩⲉ -->
<mark id="norm_group_489" xlink:href="#tok_489"/><!-- ⲙⲡⲏ -->
<mark id="norm_group_490" xlink:href="#xpointer(id('tok_490')/range-to(id('tok_491')))"/><!-- ⲉⲧ...ϣⲟⲟⲡ -->
<mark id="norm_group_492" xlink:href="#tok_492"/><!-- ⲛϣⲁ -->
<mark id="norm_group_493" xlink:href="#tok_493"/><!-- ⲉⲛⲉϩ -->
<mark id="norm_group_494" xlink:href="#tok_494"/><!-- . -->
<mark id="norm_group_495" xlink:href="#xpointer(id('tok_495')/range-to(id('tok_496')))"/><!-- ⲛⲁ...ϣⲏⲣⲉ -->
<mark id="norm_group_497" xlink:href="#xpointer(id('tok_497')/range-to(id('tok_498')))"/><!-- ⲧ...ϩⲁⲏ -->
<mark id="norm_group_499" xlink:href="#xpointer(id('tok_499')/range-to(id('tok_501')))"/><!-- ⲛ...ⲛⲟⲩ -->
<mark id="norm_group_502" xlink:href="#tok_502"/><!-- ⲧⲉ -->
<mark id="norm_group_503" xlink:href="#tok_503"/><!-- ⲁⲩⲱ -->
<mark id="norm_group_504" xlink:href="#tok_504"/><!-- ⲕⲁⲧⲁ -->
<mark id="norm_group_505" xlink:href="#xpointer(id('tok_505')/range-to(id('tok_506')))"/><!-- ⲧ...ϩⲉ -->
<mark id="norm_group_507" xlink:href="#xpointer(id('tok_507')/range-to(id('tok_510')))"/><!-- ⲛⲧ...ⲥⲱⲧⲙ -->
<mark id="norm_group_511" xlink:href="#tok_511"/><!-- ϫⲉ -->
<mark id="norm_group_512" xlink:href="#tok_512"/><!-- ⲡⲁⲛⲇⲓⲭⲣⲏⲥⲧⲟⲥ -->
<mark id="norm_group_513" xlink:href="#xpointer(id('tok_513')/range-to(id('tok_514')))"/><!-- ⲛⲏ...ⲩ -->
<mark id="norm_group_515" xlink:href="#tok_515"/><!-- ⲧⲉⲛⲟⲩ -->
<mark id="norm_group_516" xlink:href="#tok_516"/><!-- ⲁϩⲁϩ -->
<mark id="norm_group_517" xlink:href="#tok_517"/><!-- ⲛⲁⲛⲇⲓⲭⲣⲏⲥⲧⲟⲥ -->
<mark id="norm_group_518" xlink:href="#tok_518"/><!-- ϣⲱⲡⲉ -->
<mark id="norm_group_519" xlink:href="#tok_519"/><!-- ϩⲙ -->
<mark id="norm_group_520" xlink:href="#tok_520"/><!-- ⲡⲁⲓ -->
<mark id="norm_group_521" xlink:href="#tok_521"/><!-- ⲧⲉⲛⲉⲓⲙⲉ -->
<mark id="norm_group_522" xlink:href="#tok_522"/><!-- ϫⲉ -->
<mark id="norm_group_523" xlink:href="#xpointer(id('tok_523')/range-to(id('tok_524')))"/><!-- ⲧ...ϩⲁⲏ -->
<mark id="norm_group_525" xlink:href="#xpointer(id('tok_525')/range-to(id('tok_527')))"/><!-- ⲛ...ⲛⲟⲩ -->
<mark id="norm_group_528" xlink:href="#tok_528"/><!-- ⲧⲉ -->
<mark id="norm_group_529" xlink:href="#tok_529"/><!-- . -->
<mark id="norm_group_530" xlink:href="#xpointer(id('tok_530')/range-to(id('tok_533')))"/><!-- ⲛⲧ...ⲉⲓ -->
<mark id="norm_group_534" xlink:href="#tok_534"/><!-- ⲉⲃⲟⲗ -->
<mark id="norm_group_535" xlink:href="#xpointer(id('tok_535')/range-to(id('tok_536')))"/><!-- ⲛϩⲏⲧ...ⲛ -->
<mark id="norm_group_537" xlink:href="#tok_537"/><!-- ⲁⲗⲗⲁ -->
<mark id="norm_group_538" xlink:href="#tok_538"/><!-- ⲛϩⲉⲛⲛⲉⲃⲁⲗ -->
<mark id="norm_group_539" xlink:href="#xpointer(id('tok_539')/range-to(id('tok_540')))"/><!-- ⲛϩⲏⲧ...ⲛ -->
<mark id="norm_group_541" xlink:href="#tok_541"/><!-- ⲁⲛ -->
<mark id="norm_group_542" xlink:href="#tok_542"/><!-- ⲛⲉ -->
<mark id="norm_group_543" xlink:href="#tok_543"/><!-- ⲉⲛⲉϩ -->
<mark id="norm_group_544" xlink:href="#tok_544"/><!-- ⲉⲛⲛⲉϩⲉⲛⲛⲉⲃⲁⲗ -->
<mark id="norm_group_545" xlink:href="#tok_545"/><!-- ⲅⲁⲣ -->
<mark id="norm_group_546" xlink:href="#xpointer(id('tok_546')/range-to(id('tok_547')))"/><!-- ⲛϩⲏⲧ...ⲛ -->
<mark id="norm_group_548" xlink:href="#tok_548"/><!-- ⲛⲉ -->
<mark id="norm_group_549" xlink:href="#xpointer(id('tok_549')/range-to(id('tok_552')))"/><!-- ⲛⲉ...ϭⲱ -->
<mark id="norm_group_553" xlink:href="#tok_553"/><!-- ⲛⲙⲙⲟⲛ -->
<mark id="norm_group_554" xlink:href="#tok_554"/><!-- ⲡⲉ -->
<mark id="norm_group_555" xlink:href="#tok_555"/><!-- ⲁⲗⲗⲁ -->
<mark id="norm_group_556" xlink:href="#tok_556"/><!-- ϫⲉⲕⲁⲁⲥ -->
<mark id="norm_group_557" xlink:href="#xpointer(id('tok_557')/range-to(id('tok_561')))"/><!-- ⲉ...ⲱⲛϩ -->
<mark id="norm_group_562" xlink:href="#tok_562"/><!-- ⲉⲃⲟⲗ -->
<mark id="norm_group_563" xlink:href="#tok_563"/><!-- ϫⲉ -->
<mark id="norm_group_564" xlink:href="#tok_564"/><!-- ϩⲉⲛⲛⲉⲃⲟⲗ -->
<mark id="norm_group_565" xlink:href="#xpointer(id('tok_565')/range-to(id('tok_566')))"/><!-- ⲛϩⲏⲧ...ⲛ -->
<mark id="norm_group_567" xlink:href="#xpointer(id('tok_567')/range-to(id('tok_568')))"/><!-- ⲧⲏⲣ...ⲟⲩ -->
<mark id="norm_group_569" xlink:href="#tok_569"/><!-- ⲁⲛ -->
<mark id="norm_group_570" xlink:href="#tok_570"/><!-- ⲛⲉ -->
<mark id="norm_group_571" xlink:href="#tok_571"/><!-- ⲁⲩⲱ -->
<mark id="norm_group_572" xlink:href="#tok_572"/><!-- ⲛⲧⲱⲧⲛ -->
<mark id="norm_group_573" xlink:href="#tok_573"/><!-- ϩⲱⲱ -->
<mark id="norm_group_574" xlink:href="#tok_574"/><!-- ⲧⲏⲩⲧⲛ -->
<mark id="norm_group_575" xlink:href="#tok_575"/><!-- ⲟⲩⲛⲧⲏⲧⲛ -->
<mark id="norm_group_576" xlink:href="#xpointer(id('tok_576')/range-to(id('tok_577')))"/><!-- ⲙⲙⲟ...ⲩ -->
<mark id="norm_group_578" xlink:href="#xpointer(id('tok_578')/range-to(id('tok_581')))"/><!-- ⲛ...ⲥ -->
<mark id="norm_group_582" xlink:href="#tok_582"/><!-- ⲉⲃⲟⲗ -->
<mark id="norm_group_583" xlink:href="#tok_583"/><!-- ϩⲓⲧⲙ -->
<mark id="norm_group_584" xlink:href="#tok_584"/><!-- ⲡⲡⲉⲧⲟⲩⲁⲁⲃ -->
<mark id="norm_group_585" xlink:href="#xpointer(id('tok_585')/range-to(id('tok_586')))"/><!-- ⲧⲉⲧⲛ...ⲥⲟⲟⲩⲛ -->
<mark id="norm_group_587" xlink:href="#xpointer(id('tok_587')/range-to(id('tok_588')))"/><!-- ⲧⲏⲣ...ⲧⲛ -->
<mark id="norm_group_589" xlink:href="#xpointer(id('tok_589')/range-to(id('tok_592')))"/><!-- ⲛⲧ...ⲥϩⲁⲓ -->
<mark id="norm_group_593" xlink:href="#xpointer(id('tok_593')/range-to(id('tok_594')))"/><!-- ⲛⲏ...ⲧⲛ -->
<mark id="norm_group_595" xlink:href="#tok_595"/><!-- ⲁⲛ -->
<mark id="norm_group_596" xlink:href="#tok_596"/><!-- ϫⲉ -->
<mark id="norm_group_597" xlink:href="#xpointer(id('tok_597')/range-to(id('tok_599')))"/><!-- ⲛ...ⲥⲟⲟⲩⲛ -->
<mark id="norm_group_600" xlink:href="#tok_600"/><!-- ⲁⲛ -->
<mark id="norm_group_601" xlink:href="#xpointer(id('tok_601')/range-to(id('tok_603')))"/><!-- ⲉ...ⲙⲉ -->
<mark id="norm_group_604" xlink:href="#tok_604"/><!-- ⲁⲗⲗⲁ -->
<mark id="norm_group_605" xlink:href="#tok_605"/><!-- ϫⲉ -->
<mark id="norm_group_606" xlink:href="#xpointer(id('tok_606')/range-to(id('tok_607')))"/><!-- ⲧⲉⲧⲛ...ⲥⲟⲟⲩⲛ -->
<mark id="norm_group_608" xlink:href="#xpointer(id('tok_608')/range-to(id('tok_609')))"/><!-- ⲙⲙⲟ...ⲥ -->
<mark id="norm_group_610" xlink:href="#tok_610"/><!-- ⲁⲩⲱ -->
<mark id="norm_group_611" xlink:href="#tok_611"/><!-- ϫⲉ -->
<mark id="norm_group_612" xlink:href="#tok_612"/><!-- ϭⲟⲗ -->
<mark id="norm_group_613" xlink:href="#tok_613"/><!-- ⲛⲓⲙ -->
<mark id="norm_group_614" xlink:href="#tok_614"/><!-- ϩⲉⲛⲛⲉⲃⲟⲗ -->
<mark id="norm_group_615" xlink:href="#tok_615"/><!-- ⲏⲛ -->
<mark id="norm_group_616" xlink:href="#xpointer(id('tok_616')/range-to(id('tok_617')))"/><!-- ⲧ...ⲙⲉ -->
<mark id="norm_group_618" xlink:href="#tok_618"/><!-- ⲁⲛ -->
<mark id="norm_group_619" xlink:href="#tok_619"/><!-- ⲛⲉ -->
<mark id="norm_group_620" xlink:href="#tok_620"/><!-- ⲛⲓⲙ -->
<mark id="norm_group_621" xlink:href="#tok_621"/><!-- ⲡⲉ -->
<mark id="norm_group_622" xlink:href="#tok_622"/><!-- ⲡⲣⲉϥϫⲓ -->
<mark id="norm_group_623" xlink:href="#tok_623"/><!-- ϭⲟⲗ -->
<mark id="norm_group_624" xlink:href="#xpointer(id('tok_624')/range-to(id('tok_625')))"/><!-- ⲉ...ⲓ -->
<mark id="norm_group_626" xlink:href="#tok_626"/><!-- ⲙⲏⲧⲉⲓ -->
<mark id="norm_group_627" xlink:href="#xpointer(id('tok_627')/range-to(id('tok_629')))"/><!-- ⲡ...ⲁⲣⲛⲁ -->
<mark id="norm_group_630" xlink:href="#tok_630"/><!-- ϫⲉ -->
<mark id="norm_group_631" xlink:href="#tok_631"/><!-- ⲓⲏⲥⲟⲩⲥ -->
<mark id="norm_group_632" xlink:href="#tok_632"/><!-- ⲁⲛ -->
<mark id="norm_group_633" xlink:href="#tok_633"/><!-- ⲡⲉ -->
<mark id="norm_group_634" xlink:href="#xpointer(id('tok_634')/range-to(id('tok_635')))"/><!-- ⲡⲉ...ⲭⲣⲓⲥⲧⲟⲥ -->
<mark id="norm_group_636" xlink:href="#tok_636"/><!-- ⲡⲁⲓ -->
<mark id="norm_group_637" xlink:href="#tok_637"/><!-- ⲡⲉ -->
<mark id="norm_group_638" xlink:href="#tok_638"/><!-- ⲡⲁⲛⲇⲓⲭⲣⲏⲥⲧⲟⲥ -->
<mark id="norm_group_639" xlink:href="#xpointer(id('tok_639')/range-to(id('tok_641')))"/><!-- ⲡ...ⲁⲣⲛⲁ -->
<mark id="norm_group_642" xlink:href="#xpointer(id('tok_642')/range-to(id('tok_644')))"/><!-- ⲙ...ⲉⲓⲱⲧ -->
<mark id="norm_group_645" xlink:href="#tok_645"/><!-- ⲁⲩⲱ -->
<mark id="norm_group_646" xlink:href="#xpointer(id('tok_646')/range-to(id('tok_647')))"/><!-- ⲡ...ϣⲏⲣⲉ -->
<mark id="norm_group_648" xlink:href="#tok_648"/><!-- ⲟⲩⲟⲛ -->
<mark id="norm_group_649" xlink:href="#tok_649"/><!-- ⲛⲓⲙ -->
<mark id="norm_group_650" xlink:href="#xpointer(id('tok_650')/range-to(id('tok_651')))"/><!-- ⲉⲧ...ⲁⲣⲛⲁ -->
<mark id="norm_group_652" xlink:href="#xpointer(id('tok_652')/range-to(id('tok_654')))"/><!-- ⲙ...ϣⲏⲣⲉ -->
<mark id="norm_group_655" xlink:href="#xpointer(id('tok_655')/range-to(id('tok_657')))"/><!-- ⲙⲛ...ⲁϥ -->
<mark id="norm_group_658" xlink:href="#tok_658"/><!-- ⲟⲛ -->
<mark id="norm_group_659" xlink:href="#tok_659"/><!-- ⲙⲙⲁⲩ -->
<mark id="norm_group_660" xlink:href="#xpointer(id('tok_660')/range-to(id('tok_662')))"/><!-- ⲙ...ⲉⲓⲱⲧ -->
<mark id="norm_group_663" xlink:href="#xpointer(id('tok_663')/range-to(id('tok_665')))"/><!-- ⲡ...ϩⲟⲙⲟⲗⲟⲅⲉⲓ -->
<mark id="norm_group_666" xlink:href="#xpointer(id('tok_666')/range-to(id('tok_668')))"/><!-- ⲙ...ϣⲏⲣⲉ -->
<mark id="norm_group_669" xlink:href="#xpointer(id('tok_669')/range-to(id('tok_670')))"/><!-- ⲟⲩⲛⲧⲁ...ϥ -->
<mark id="norm_group_671" xlink:href="#tok_671"/><!-- ⲙⲙⲁⲩ -->
<mark id="norm_group_672" xlink:href="#xpointer(id('tok_672')/range-to(id('tok_674')))"/><!-- ⲙ...ⲉⲓⲱⲧ -->
<mark id="norm_group_675" xlink:href="#tok_675"/><!-- ⲛⲧⲱⲧⲛ -->
<mark id="norm_group_676" xlink:href="#tok_676"/><!-- ⲇⲉ -->
<mark id="norm_group_677" xlink:href="#tok_677"/><!-- ⲡⲉⲛⲧⲁⲧⲛⲥⲱⲧⲙ -->
<mark id="norm_group_678" xlink:href="#xpointer(id('tok_678')/range-to(id('tok_679')))"/><!-- ⲉⲣⲟ...ϥ -->
<mark id="norm_group_680" xlink:href="#tok_680"/><!-- ϫⲓⲛ -->
<mark id="norm_group_681" xlink:href="#tok_681"/><!-- ϣⲟⲣⲡ -->
<mark id="norm_group_682" xlink:href="#xpointer(id('tok_682')/range-to(id('tok_684')))"/><!-- ⲙⲁⲣⲉ...ϣⲱⲡⲉ -->
<mark id="norm_group_685" xlink:href="#tok_685"/><!-- ⲉϩⲣⲁⲓ -->
<mark id="norm_group_686" xlink:href="#tok_686"/><!-- ⲛϩⲏⲧ -->
<mark id="norm_group_687" xlink:href="#tok_687"/><!-- ⲧⲏⲩⲧⲛ -->
<mark id="norm_group_688" xlink:href="#tok_688"/><!-- ⲉϣⲱⲡⲉ -->
<mark id="norm_group_689" xlink:href="#xpointer(id('tok_689')/range-to(id('tok_690')))"/><!-- ⲉϥϣⲁⲛ...ϭⲱ -->
<mark id="norm_group_691" xlink:href="#tok_691"/><!-- ⲉϩⲣⲁⲓ -->
<mark id="norm_group_692" xlink:href="#tok_692"/><!-- ⲛϩⲏⲧ -->
<mark id="norm_group_693" xlink:href="#tok_693"/><!-- ⲧⲏⲩⲧⲛ -->
<mark id="norm_group_694" xlink:href="#tok_694"/><!-- ⲛϭⲓ -->
<mark id="norm_group_695" xlink:href="#tok_695"/><!-- ⲡⲉⲛⲧⲁⲧⲉⲧⲛⲥⲱⲧⲙⲉϥ -->
<mark id="norm_group_696" xlink:href="#tok_696"/><!-- ⲛϫⲓⲛ -->
<mark id="norm_group_697" xlink:href="#tok_697"/><!-- ϣⲟⲣⲡ -->
<mark id="norm_group_698" xlink:href="#tok_698"/><!-- ⲛⲧⲱⲧⲛ -->
<mark id="norm_group_699" xlink:href="#tok_699"/><!-- ϭⲱⲱ -->
<mark id="norm_group_700" xlink:href="#tok_700"/><!-- ⲧⲏⲩⲧⲛ -->
<mark id="norm_group_701" xlink:href="#xpointer(id('tok_701')/range-to(id('tok_703')))"/><!-- ⲧⲉⲧⲛ...ϣⲱⲡⲉ -->
<mark id="norm_group_704" xlink:href="#tok_704"/><!-- ϩⲙ -->
<mark id="norm_group_705" xlink:href="#xpointer(id('tok_705')/range-to(id('tok_706')))"/><!-- ⲡ...ϣⲏⲣⲉ -->
<mark id="norm_group_707" xlink:href="#tok_707"/><!-- ⲁⲩⲱ -->
<mark id="norm_group_708" xlink:href="#tok_708"/><!-- ϩⲙ -->
<mark id="norm_group_709" xlink:href="#xpointer(id('tok_709')/range-to(id('tok_710')))"/><!-- ⲡ...ⲉⲓⲱⲧ -->
<mark id="norm_group_711" xlink:href="#tok_711"/><!-- ⲁⲩⲱ -->
<mark id="norm_group_712" xlink:href="#tok_712"/><!-- ⲡⲁⲓ -->
<mark id="norm_group_713" xlink:href="#tok_713"/><!-- ⲡⲉ -->
<mark id="norm_group_714" xlink:href="#tok_714"/><!-- ⲡⲉⲣⲏⲧ -->
<mark id="norm_group_715" xlink:href="#xpointer(id('tok_715')/range-to(id('tok_718')))"/><!-- ⲛⲧ...ⲉⲣⲏⲧ -->
<mark id="norm_group_719" xlink:href="#xpointer(id('tok_719')/range-to(id('tok_720')))"/><!-- ⲙⲙⲟ...ϥ -->
<mark id="norm_group_721" xlink:href="#xpointer(id('tok_721')/range-to(id('tok_722')))"/><!-- ⲛⲁ...ⲛ -->
<mark id="norm_group_723" xlink:href="#xpointer(id('tok_723')/range-to(id('tok_724')))"/><!-- ⲡ...ⲱⲛϩ -->
<mark id="norm_group_725" xlink:href="#tok_725"/><!-- ϣⲁ -->
<mark id="norm_group_726" xlink:href="#tok_726"/><!-- ⲉⲛⲉϩ -->
<mark id="norm_group_727" xlink:href="#tok_727"/><!-- ⲛⲁⲓ -->
<mark id="norm_group_728" xlink:href="#xpointer(id('tok_728')/range-to(id('tok_730')))"/><!-- ⲉ...ⲥϩⲁⲓ -->
<mark id="norm_group_731" xlink:href="#xpointer(id('tok_731')/range-to(id('tok_732')))"/><!-- ⲙⲙⲟ...ⲟⲩ -->
<mark id="norm_group_733" xlink:href="#xpointer(id('tok_733')/range-to(id('tok_734')))"/><!-- ⲛⲏ...ⲧⲛ -->
<mark id="norm_group_735" xlink:href="#tok_735"/><!-- ⲉⲧⲃⲉ -->
<mark id="norm_group_736" xlink:href="#xpointer(id('tok_736')/range-to(id('tok_738')))"/><!-- ⲛ...ⲡⲗⲁⲛⲁ -->
<mark id="norm_group_739" xlink:href="#xpointer(id('tok_739')/range-to(id('tok_740')))"/><!-- ⲙⲙⲱ...ⲧⲛ -->
<mark id="norm_group_741" xlink:href="#tok_741"/><!-- ⲁⲩⲱ -->
<mark id="norm_group_742" xlink:href="#tok_742"/><!-- ⲛⲧⲱⲧⲛ -->
<mark id="norm_group_743" xlink:href="#tok_743"/><!-- ⲡⲧⲱϩⲥ -->
<mark id="norm_group_744" xlink:href="#xpointer(id('tok_744')/range-to(id('tok_748')))"/><!-- ⲛⲧ...ϥ -->
<mark id="norm_group_749" xlink:href="#tok_749"/><!-- ⲉⲃⲟⲗ -->
<mark id="norm_group_750" xlink:href="#xpointer(id('tok_750')/range-to(id('tok_751')))"/><!-- ϩⲓⲧⲟⲟⲧ...ϥ -->
<mark id="norm_group_752" xlink:href="#xpointer(id('tok_752')/range-to(id('tok_753')))"/><!-- ϥ...ϣⲟⲟⲡ -->
<mark id="norm_group_754" xlink:href="#tok_754"/><!-- ⲛϩⲏⲧ -->
<mark id="norm_group_755" xlink:href="#tok_755"/><!-- ⲧⲏⲩⲧⲛ -->
<mark id="norm_group_756" xlink:href="#tok_756"/><!-- ⲁⲩⲱ -->
<mark id="norm_group_757" xlink:href="#xpointer(id('tok_757')/range-to(id('tok_759')))"/><!-- ⲛ...ⲣ -->
<mark id="norm_group_760" xlink:href="#tok_760"/><!-- ⲭⲣⲓⲁ -->
<mark id="norm_group_761" xlink:href="#tok_761"/><!-- ⲁⲛ -->
<mark id="norm_group_762" xlink:href="#tok_762"/><!-- ϫⲉⲕⲁⲁⲥ -->
<mark id="norm_group_763" xlink:href="#tok_763"/><!-- ⲉⲣⲉⲟⲩⲁ -->
<mark id="norm_group_764" xlink:href="#tok_764"/><!-- ϯ -->
<mark id="norm_group_765" xlink:href="#tok_765"/><!-- ⲥⲃⲱ -->
<mark id="norm_group_766" xlink:href="#xpointer(id('tok_766')/range-to(id('tok_767')))"/><!-- ⲛⲏ...ⲧⲛ -->
<mark id="norm_group_768" xlink:href="#tok_768"/><!-- ⲁⲗⲗⲁ -->
<mark id="norm_group_769" xlink:href="#xpointer(id('tok_769')/range-to(id('tok_771')))"/><!-- ⲛ...ϩⲉ -->
<mark id="norm_group_772" xlink:href="#xpointer(id('tok_772')/range-to(id('tok_775')))"/><!-- ⲙⲡⲉ...ⲥ -->
<mark id="norm_group_776" xlink:href="#xpointer(id('tok_776')/range-to(id('tok_778')))"/><!-- ⲉ...ϯ -->
<mark id="norm_group_779" xlink:href="#tok_779"/><!-- ⲥⲃⲱ -->
<mark id="norm_group_780" xlink:href="#xpointer(id('tok_780')/range-to(id('tok_781')))"/><!-- ⲛⲏ...ⲧⲛ -->
<mark id="norm_group_782" xlink:href="#tok_782"/><!-- ⲉⲧⲃⲉ -->
<mark id="norm_group_783" xlink:href="#tok_783"/><!-- ϩⲱⲃ -->
<mark id="norm_group_784" xlink:href="#tok_784"/><!-- ⲛⲓⲙ -->
<mark id="norm_group_785" xlink:href="#tok_785"/><!-- ⲁⲩⲱ -->
<mark id="norm_group_786" xlink:href="#xpointer(id('tok_786')/range-to(id('tok_787')))"/><!-- ⲟⲩ...ⲙⲉ -->
<mark id="norm_group_788" xlink:href="#tok_788"/><!-- ⲡⲉ -->
<mark id="norm_group_789" xlink:href="#tok_789"/><!-- ⲁⲩⲱ -->
<mark id="norm_group_790" xlink:href="#tok_790"/><!-- ⲙⲛ -->
<mark id="norm_group_791" xlink:href="#tok_791"/><!-- ϭⲟⲗ -->
<mark id="norm_group_792" xlink:href="#tok_792"/><!-- ϣⲟⲟⲡ -->
<mark id="norm_group_793" xlink:href="#tok_793"/><!-- ϩⲣⲁⲓ -->
<mark id="norm_group_794" xlink:href="#xpointer(id('tok_794')/range-to(id('tok_795')))"/><!-- ⲛϩⲏⲧ...ϥ -->
<mark id="norm_group_796" xlink:href="#tok_796"/><!-- ⲕⲁⲧⲁ -->
<mark id="norm_group_797" xlink:href="#xpointer(id('tok_797')/range-to(id('tok_798')))"/><!-- ⲧ...ϩⲉ -->
<mark id="norm_group_799" xlink:href="#xpointer(id('tok_799')/range-to(id('tok_802')))"/><!-- ⲛⲧ...ϯ -->
<mark id="norm_group_803" xlink:href="#tok_803"/><!-- ⲥⲃⲱ -->
<mark id="norm_group_804" xlink:href="#xpointer(id('tok_804')/range-to(id('tok_805')))"/><!-- ⲛⲏ...ⲧⲛ -->
<mark id="norm_group_806" xlink:href="#xpointer(id('tok_806')/range-to(id('tok_807')))"/><!-- ⲧⲉⲧⲛ...ϭⲉⲉⲧ -->
<mark id="norm_group_808" xlink:href="#tok_808"/><!-- ϩⲣⲁⲓ -->
<mark id="norm_group_809" xlink:href="#xpointer(id('tok_809')/range-to(id('tok_810')))"/><!-- ⲛϩⲏⲧ...ϥ -->
<mark id="norm_group_811" xlink:href="#tok_811"/><!-- ⲧⲉⲛⲟⲩ -->
<mark id="norm_group_812" xlink:href="#tok_812"/><!-- ⲟⲛ -->
<mark id="norm_group_813" xlink:href="#xpointer(id('tok_813')/range-to(id('tok_814')))"/><!-- ⲛⲁ...ϣⲏⲣⲉ -->
<mark id="norm_group_815" xlink:href="#tok_815"/><!-- ϭⲱ -->
<mark id="norm_group_816" xlink:href="#tok_816"/><!-- ⲉϩⲣⲁⲓ -->
<mark id="norm_group_817" xlink:href="#xpointer(id('tok_817')/range-to(id('tok_818')))"/><!-- ⲛϩⲏⲧ...ϥ -->
<mark id="norm_group_819" xlink:href="#tok_819"/><!-- ϫⲉⲕⲁⲁⲥ -->
<mark id="norm_group_820" xlink:href="#xpointer(id('tok_820')/range-to(id('tok_821')))"/><!-- ⲉϥϣⲁⲛ...ⲟⲩⲱⲛϩ -->
<mark id="norm_group_822" xlink:href="#tok_822"/><!-- ⲉⲃⲟⲗ -->
<mark id="norm_group_823" xlink:href="#xpointer(id('tok_823')/range-to(id('tok_824')))"/><!-- ⲉⲛⲉ...ϫⲓ -->
<mark id="norm_group_825" xlink:href="#xpointer(id('tok_825')/range-to(id('tok_827')))"/><!-- ⲛ...ⲡⲁⲣⲣⲏⲥⲓⲁ -->
<mark id="norm_group_828" xlink:href="#tok_828"/><!-- ⲁⲩⲱ -->
<mark id="norm_group_829" xlink:href="#tok_829"/><!-- ⲛⲧⲛⲧⲙϫⲓ -->
<mark id="norm_group_830" xlink:href="#tok_830"/><!-- ϣⲓⲡⲉ -->
<mark id="norm_group_831" xlink:href="#tok_831"/><!-- ⲉⲃⲟⲗ -->
<mark id="norm_group_832" xlink:href="#xpointer(id('tok_832')/range-to(id('tok_833')))"/><!-- ϩⲓⲧⲟⲟⲧ...ϥ -->
<mark id="norm_group_834" xlink:href="#tok_834"/><!-- ϩⲛ -->
<mark id="norm_group_835" xlink:href="#tok_835"/><!-- ⲧⲉϥⲡⲁⲣϩⲟⲩⲥⲓⲁ -->
<mark id="norm_group_836" xlink:href="#tok_836"/><!-- ⲉϣⲱⲡⲉ -->
<mark id="norm_group_837" xlink:href="#tok_837"/><!-- ⲇⲉ -->
<mark id="norm_group_838" xlink:href="#xpointer(id('tok_838')/range-to(id('tok_839')))"/><!-- ⲉⲧⲉⲧⲛϣⲁⲛ...ⲉⲓⲙⲉ -->
<mark id="norm_group_840" xlink:href="#tok_840"/><!-- ϫⲉ -->
<mark id="norm_group_841" xlink:href="#xpointer(id('tok_841')/range-to(id('tok_842')))"/><!-- ⲟⲩ...ⲇⲓⲕⲁⲓⲟⲥ -->
<mark id="norm_group_843" xlink:href="#tok_843"/><!-- ⲡⲉ -->
<mark id="norm_group_844" xlink:href="#xpointer(id('tok_844')/range-to(id('tok_845')))"/><!-- ⲉ...ⲓ -->
<mark id="norm_group_846" xlink:href="#xpointer(id('tok_846')/range-to(id('tok_848')))"/><!-- ⲧⲉⲧⲛ...ⲉⲓⲙⲉ -->
<mark id="norm_group_849" xlink:href="#tok_849"/><!-- ⲟⲛ -->
<mark id="norm_group_850" xlink:href="#tok_850"/><!-- ϫⲉ -->
<mark id="norm_group_851" xlink:href="#tok_851"/><!-- ⲟⲩⲟⲛ -->
<mark id="norm_group_852" xlink:href="#tok_852"/><!-- ⲛⲓⲙ -->
<mark id="norm_group_853" xlink:href="#xpointer(id('tok_853')/range-to(id('tok_854')))"/><!-- ⲉⲧ...ⲉⲓⲣⲉ -->
<mark id="norm_group_855" xlink:href="#xpointer(id('tok_855')/range-to(id('tok_857')))"/><!-- ⲛ...ⲇⲓⲕⲁⲓⲟⲥⲩⲛⲏ -->
<mark id="norm_group_858" xlink:href="#xpointer(id('tok_858')/range-to(id('tok_862')))"/><!-- ⲛⲧ...ϥ -->
<mark id="norm_group_863" xlink:href="#tok_863"/><!-- ⲉⲃⲟⲗ -->
<mark id="norm_group_864" xlink:href="#xpointer(id('tok_864')/range-to(id('tok_865')))"/><!-- ⲛϩⲏⲧ...ϥ -->
<mark id="norm_group_866" xlink:href="#tok_866"/><!-- . -->
</markList>
</paula>
