<?xml version="1.0" encoding="UTF-8" standalone="no"?>

<!DOCTYPE paula SYSTEM "paula_mark.dtd">
<paula version="1.0">

<header paula_id="sahidica.nt.1_Corinthians_5_origSeg"/>

<markList xmlns:xlink="http://www.w3.org/1999/xlink" type="origSeg" xml:base="sahidica.nt.1_Corinthians_5.tok.xml">
<mark id="orig_1" xlink:href="#tok_1"/><!-- ⲥⲉ -->
<mark id="orig_2" xlink:href="#tok_2"/><!-- ⲥⲱⲧⲙ -->
<mark id="orig_3" xlink:href="#tok_3"/><!-- ⲣⲱ -->
<mark id="orig_4" xlink:href="#tok_4"/><!-- ⲉ -->
<mark id="orig_5" xlink:href="#tok_5"/><!-- ⲩ -->
<mark id="orig_6" xlink:href="#tok_6"/><!-- ⲡⲟⲣⲛⲉⲓⲁ -->
<mark id="orig_7" xlink:href="#tok_7"/><!-- ⲛϩⲏⲧ -->
<mark id="orig_8" xlink:href="#tok_8"/><!-- ⲧⲏⲩⲧⲛ -->
<mark id="orig_9" xlink:href="#tok_9"/><!-- ⲁⲩⲱ -->
<mark id="orig_10" xlink:href="#tok_10"/><!-- ⲟⲩ -->
<mark id="orig_11" xlink:href="#tok_11"/><!-- ⲡⲟⲣⲛⲉⲓⲁ -->
<mark id="orig_12" xlink:href="#tok_12"/><!-- ⲛⲧⲉⲉⲓⲙⲓⲛⲉ -->
<mark id="orig_13" xlink:href="#tok_13"/><!-- ⲉⲛⲥϩⲛ -->
<mark id="orig_14" xlink:href="#tok_14"/><!-- ⲛ -->
<mark id="orig_15" xlink:href="#tok_15"/><!-- ⲕⲉ -->
<mark id="orig_16" xlink:href="#tok_16"/><!-- ϩⲉⲑⲛⲟⲥ -->
<mark id="orig_17" xlink:href="#tok_17"/><!-- ⲁⲛ -->
<mark id="orig_18" xlink:href="#tok_18"/><!-- . -->
<mark id="orig_19" xlink:href="#tok_19"/><!-- ϩⲱⲥⲧⲉ -->
<mark id="orig_20" xlink:href="#tok_20"/><!-- ⲉⲧ -->
<mark id="orig_21" xlink:href="#tok_21"/><!-- ⲣⲉ -->
<mark id="orig_22" xlink:href="#tok_22"/><!-- ⲟⲩⲁ -->
<mark id="orig_23" xlink:href="#tok_23"/><!-- ϫⲓⲑⲓⲙⲉ -->
<mark id="orig_24" xlink:href="#tok_24"/><!-- ⲙ -->
<mark id="orig_25" xlink:href="#tok_25"/><!-- ⲡⲉϥ -->
<mark id="orig_26" xlink:href="#tok_26"/><!-- ⲉⲓⲱⲧ -->
<mark id="orig_27" xlink:href="#tok_27"/><!-- . -->
<mark id="orig_28" xlink:href="#tok_28"/><!-- ⲁⲩⲱ -->
<mark id="orig_29" xlink:href="#tok_29"/><!-- ⲛⲧⲱⲧⲛ -->
<mark id="orig_30" xlink:href="#tok_30"/><!-- ⲧⲉⲧⲛ -->
<mark id="orig_31" xlink:href="#tok_31"/><!-- ϫⲟⲥⲉ -->
<mark id="orig_32" xlink:href="#tok_32"/><!-- ⲛϩⲏⲧ -->
<mark id="orig_33" xlink:href="#tok_33"/><!-- ⲁⲩⲱ -->
<mark id="orig_34" xlink:href="#tok_34"/><!-- ⲛⲧ -->
<mark id="orig_35" xlink:href="#tok_35"/><!-- ⲁ -->
<mark id="orig_36" xlink:href="#tok_36"/><!-- ⲧⲉⲧⲛ -->
<mark id="orig_37" xlink:href="#tok_37"/><!-- ⲣ -->
<mark id="orig_38" xlink:href="#tok_38"/><!-- ϩⲏⲃⲉ -->
<mark id="orig_39" xlink:href="#tok_39"/><!-- ⲁⲛ -->
<mark id="orig_40" xlink:href="#tok_40"/><!-- ⲛϩⲟⲩⲟ -->
<mark id="orig_41" xlink:href="#tok_41"/><!-- . -->
<mark id="orig_42" xlink:href="#tok_42"/><!-- ϫⲉⲕⲁⲁⲥ -->
<mark id="orig_43" xlink:href="#tok_43"/><!-- ⲉⲩⲉ -->
<mark id="orig_44" xlink:href="#tok_44"/><!-- ϥⲓ -->
<mark id="orig_45" xlink:href="#tok_45"/><!-- ϩⲛ -->
<mark id="orig_46" xlink:href="#tok_46"/><!-- ⲧⲉⲧⲛ -->
<mark id="orig_47" xlink:href="#tok_47"/><!-- ⲙⲏⲧⲉ -->
<mark id="orig_48" xlink:href="#tok_48"/><!-- ⲙⲡⲉⲛⲧⲁϥⲉⲓⲣⲉ -->
<mark id="orig_49" xlink:href="#tok_49"/><!-- ⲙⲡⲉⲉⲓϩⲱⲃ -->
<mark id="orig_50" xlink:href="#tok_50"/><!-- . -->
<mark id="orig_51" xlink:href="#tok_51"/><!-- ⲁⲛⲟⲕ -->
<mark id="orig_52" xlink:href="#tok_52"/><!-- ⲅⲁⲣ -->
<mark id="orig_53" xlink:href="#tok_53"/><!-- ⲉⲛϯϩⲁⲧⲉⲧⲏⲩⲧⲛ -->
<mark id="orig_54" xlink:href="#tok_54"/><!-- ⲁⲛ -->
<mark id="orig_55" xlink:href="#tok_55"/><!-- ϩⲙ -->
<mark id="orig_56" xlink:href="#tok_56"/><!-- ⲡ -->
<mark id="orig_57" xlink:href="#tok_57"/><!-- ⲥⲱⲙⲁ -->
<mark id="orig_58" xlink:href="#tok_58"/><!-- . -->
<mark id="orig_59" xlink:href="#tok_59"/><!-- ⲉⲓϩⲁⲧⲉⲧⲏⲩⲧⲛ -->
<mark id="orig_60" xlink:href="#tok_60"/><!-- ⲇⲉ -->
<mark id="orig_61" xlink:href="#tok_61"/><!-- ϩⲙ -->
<mark id="orig_62" xlink:href="#tok_62"/><!-- ⲡⲉ -->
<mark id="orig_63" xlink:href="#tok_63"/><!-- ⲡⲛⲉⲩⲙⲁ -->
<mark id="orig_64" xlink:href="#tok_64"/><!-- . -->
<mark id="orig_65" xlink:href="#tok_65"/><!-- ⲁ -->
<mark id="orig_66" xlink:href="#tok_66"/><!-- ⲓ -->
<mark id="orig_67" xlink:href="#tok_67"/><!-- ⲟⲩⲱ -->
<mark id="orig_68" xlink:href="#tok_68"/><!-- ⲉ -->
<mark id="orig_69" xlink:href="#tok_69"/><!-- ⲓ -->
<mark id="orig_70" xlink:href="#tok_70"/><!-- ⲕⲣⲓⲛⲉ -->
<mark id="orig_71" xlink:href="#tok_71"/><!-- ϩⲱⲥ -->
<mark id="orig_72" xlink:href="#tok_72"/><!-- ⲉⲓϩⲁⲧⲛⲧⲏⲩⲧⲛ -->
<mark id="orig_73" xlink:href="#tok_73"/><!-- ⲙⲡⲉⲛⲧⲁϥⲉⲓⲣⲉ -->
<mark id="orig_74" xlink:href="#tok_74"/><!-- ⲙⲡⲉⲉⲓϩⲱⲃ -->
<mark id="orig_75" xlink:href="#tok_75"/><!-- ⲛ -->
<mark id="orig_76" xlink:href="#tok_76"/><!-- ⲧⲉⲓ -->
<mark id="orig_77" xlink:href="#tok_77"/><!-- ϩⲉ -->
<mark id="orig_78" xlink:href="#tok_78"/><!-- . -->
<mark id="orig_79" xlink:href="#tok_79"/><!-- ⲉ -->
<mark id="orig_80" xlink:href="#tok_80"/><!-- ⲁ -->
<mark id="orig_81" xlink:href="#tok_81"/><!-- ⲧⲉⲧⲛ -->
<mark id="orig_82" xlink:href="#tok_82"/><!-- ⲥⲱⲟⲩϩ -->
<mark id="orig_83" xlink:href="#tok_83"/><!-- ⲉϩⲟⲩⲛ -->
<mark id="orig_84" xlink:href="#tok_84"/><!-- ⲉ -->
<mark id="orig_85" xlink:href="#tok_85"/><!-- ⲛⲉⲧⲛ -->
<mark id="orig_86" xlink:href="#tok_86"/><!-- ⲉⲣⲏⲩ -->
<mark id="orig_87" xlink:href="#tok_87"/><!-- ϩⲙ -->
<mark id="orig_88" xlink:href="#tok_88"/><!-- ⲡ -->
<mark id="orig_89" xlink:href="#tok_89"/><!-- ⲣⲁⲛ -->
<mark id="orig_90" xlink:href="#tok_90"/><!-- ⲙ -->
<mark id="orig_91" xlink:href="#tok_91"/><!-- ⲡⲉⲛ -->
<mark id="orig_92" xlink:href="#tok_92"/><!-- ϫⲟⲉⲓⲥ -->
<mark id="orig_93" xlink:href="#tok_93"/><!-- ⲓⲏⲥⲟⲩⲥ -->
<mark id="orig_94" xlink:href="#tok_94"/><!-- ⲡⲉ -->
<mark id="orig_95" xlink:href="#tok_95"/><!-- ⲭⲣⲓⲥⲧⲟⲥ -->
<mark id="orig_96" xlink:href="#tok_96"/><!-- ⲙⲛ -->
<mark id="orig_97" xlink:href="#tok_97"/><!-- ⲡⲁ -->
<mark id="orig_98" xlink:href="#tok_98"/><!-- ⲡⲛⲉⲩⲙⲁ -->
<mark id="orig_99" xlink:href="#tok_99"/><!-- ⲙⲛ -->
<mark id="orig_100" xlink:href="#tok_100"/><!-- ⲧ -->
<mark id="orig_101" xlink:href="#tok_101"/><!-- ϭⲟⲙ -->
<mark id="orig_102" xlink:href="#tok_102"/><!-- ⲙ -->
<mark id="orig_103" xlink:href="#tok_103"/><!-- ⲡⲉⲛ -->
<mark id="orig_104" xlink:href="#tok_104"/><!-- ϫⲟⲉⲓⲥ -->
<mark id="orig_105" xlink:href="#tok_105"/><!-- ⲓⲏⲥⲟⲩⲥ -->
<mark id="orig_106" xlink:href="#tok_106"/><!-- . -->
<mark id="orig_107" xlink:href="#tok_107"/><!-- ⲉ -->
<mark id="orig_108" xlink:href="#tok_108"/><!-- ϯ -->
<mark id="orig_109" xlink:href="#tok_109"/><!-- ⲙ -->
<mark id="orig_110" xlink:href="#tok_110"/><!-- ⲡⲁⲓ -->
<mark id="orig_111" xlink:href="#tok_111"/><!-- ⲛⲧⲉⲉⲓⲙⲓⲛⲉ -->
<mark id="orig_112" xlink:href="#tok_112"/><!-- ⲙ -->
<mark id="orig_113" xlink:href="#tok_113"/><!-- ⲡ -->
<mark id="orig_114" xlink:href="#tok_114"/><!-- ⲥⲁⲧⲁⲛⲁⲥ -->
<mark id="orig_115" xlink:href="#tok_115"/><!-- ⲉ -->
<mark id="orig_116" xlink:href="#tok_116"/><!-- ⲩ -->
<mark id="orig_117" xlink:href="#tok_117"/><!-- ⲧⲁⲕⲟ -->
<mark id="orig_118" xlink:href="#tok_118"/><!-- ⲛ -->
<mark id="orig_119" xlink:href="#tok_119"/><!-- ⲧ -->
<mark id="orig_120" xlink:href="#tok_120"/><!-- ⲥⲁⲣⲝ -->
<mark id="orig_121" xlink:href="#tok_121"/><!-- . -->
<mark id="orig_122" xlink:href="#tok_122"/><!-- ϫⲉ -->
<mark id="orig_123" xlink:href="#tok_123"/><!-- ⲉⲣⲉ -->
<mark id="orig_124" xlink:href="#tok_124"/><!-- ⲡⲉ -->
<mark id="orig_125" xlink:href="#tok_125"/><!-- ⲡⲛⲉⲩⲙⲁ -->
<mark id="orig_126" xlink:href="#tok_126"/><!-- ⲟⲩϫⲁⲓ -->
<mark id="orig_127" xlink:href="#tok_127"/><!-- ϩⲙ -->
<mark id="orig_128" xlink:href="#tok_128"/><!-- ⲡⲉ -->
<mark id="orig_129" xlink:href="#tok_129"/><!-- ϩⲟⲟⲩ -->
<mark id="orig_130" xlink:href="#tok_130"/><!-- ⲙ -->
<mark id="orig_131" xlink:href="#tok_131"/><!-- ⲡⲉⲛ -->
<mark id="orig_132" xlink:href="#tok_132"/><!-- ϫⲟⲉⲓⲥ -->
<mark id="orig_133" xlink:href="#tok_133"/><!-- ⲓⲏⲥⲟⲩⲥ -->
<mark id="orig_134" xlink:href="#tok_134"/><!-- ⲡⲉ -->
<mark id="orig_135" xlink:href="#tok_135"/><!-- ⲭⲣⲓⲥⲧⲟⲥ -->
<mark id="orig_136" xlink:href="#tok_136"/><!-- . -->
<mark id="orig_137" xlink:href="#tok_137"/><!-- ⲛⲛⲁⲛⲟⲩ -->
<mark id="orig_138" xlink:href="#tok_138"/><!-- ⲡⲉⲧⲛ -->
<mark id="orig_139" xlink:href="#tok_139"/><!-- ϣⲟⲩϣⲟⲩ -->
<mark id="orig_140" xlink:href="#tok_140"/><!-- ⲁⲛ -->
<mark id="orig_141" xlink:href="#tok_141"/><!-- . -->
<mark id="orig_142" xlink:href="#tok_142"/><!-- ⲛⲧⲉⲧⲛ -->
<mark id="orig_143" xlink:href="#tok_143"/><!-- ⲥⲟⲟⲩⲛ -->
<mark id="orig_144" xlink:href="#tok_144"/><!-- ⲁⲛ -->
<mark id="orig_145" xlink:href="#tok_145"/><!-- ϫⲉ -->
<mark id="orig_146" xlink:href="#tok_146"/><!-- ϣⲁⲣⲉ -->
<mark id="orig_147" xlink:href="#tok_147"/><!-- ⲟⲩ -->
<mark id="orig_148" xlink:href="#tok_148"/><!-- ⲕⲟⲩⲓ -->
<mark id="orig_149" xlink:href="#tok_149"/><!-- ⲛ -->
<mark id="orig_150" xlink:href="#tok_150"/><!-- ⲑⲁⲃ -->
<mark id="orig_151" xlink:href="#tok_151"/><!-- ⲧⲣⲉ -->
<mark id="orig_152" xlink:href="#tok_152"/><!-- ⲡⲟⲩⲱϣⲙ -->
<mark id="orig_153" xlink:href="#tok_153"/><!-- ⲧⲏⲣϥ -->
<mark id="orig_154" xlink:href="#tok_154"/><!-- ϥⲓ -->
<mark id="orig_155" xlink:href="#tok_155"/><!-- . -->
<mark id="orig_156" xlink:href="#tok_156"/><!-- ϥⲓ -->
<mark id="orig_157" xlink:href="#tok_157"/><!-- ⲙ -->
<mark id="orig_158" xlink:href="#tok_158"/><!-- ⲡⲓ -->
<mark id="orig_159" xlink:href="#tok_159"/><!-- ⲑⲁⲃ -->
<mark id="orig_160" xlink:href="#tok_160"/><!-- ⲛⲁ -->
<mark id="orig_161" xlink:href="#tok_161"/><!-- ⲥ -->
<mark id="orig_162" xlink:href="#tok_162"/><!-- ⲉⲃⲟⲗ -->
<mark id="orig_163" xlink:href="#tok_163"/><!-- ⲛϩⲏⲧ -->
<mark id="orig_164" xlink:href="#tok_164"/><!-- ⲧⲏⲩⲧⲛ -->
<mark id="orig_165" xlink:href="#tok_165"/><!-- ϫⲉ -->
<mark id="orig_166" xlink:href="#tok_166"/><!-- ⲉⲧⲉⲧⲛⲉ -->
<mark id="orig_167" xlink:href="#tok_167"/><!-- ϣⲱⲡⲉ -->
<mark id="orig_168" xlink:href="#tok_168"/><!-- ⲛ -->
<mark id="orig_169" xlink:href="#tok_169"/><!-- ⲟⲩ -->
<mark id="orig_170" xlink:href="#tok_170"/><!-- ⲟⲩⲱϣⲙ -->
<mark id="orig_171" xlink:href="#tok_171"/><!-- ⲛ -->
<mark id="orig_172" xlink:href="#tok_172"/><!-- ⲃⲣⲣⲉ -->
<mark id="orig_173" xlink:href="#tok_173"/><!-- ⲕⲁⲧⲁ -->
<mark id="orig_174" xlink:href="#tok_174"/><!-- ⲧ -->
<mark id="orig_175" xlink:href="#tok_175"/><!-- ϩⲉ -->
<mark id="orig_176" xlink:href="#tok_176"/><!-- ⲉⲛⲧⲉⲧⲛϩⲉⲛⲁⲑⲁⲃ -->
<mark id="orig_177" xlink:href="#tok_177"/><!-- . -->
<mark id="orig_178" xlink:href="#tok_178"/><!-- ⲕⲁⲓⲅⲁⲣ -->
<mark id="orig_179" xlink:href="#tok_179"/><!-- ⲁ -->
<mark id="orig_180" xlink:href="#tok_180"/><!-- ⲩ -->
<mark id="orig_181" xlink:href="#tok_181"/><!-- ϣⲱⲱⲧ -->
<mark id="orig_182" xlink:href="#tok_182"/><!-- ⲙ -->
<mark id="orig_183" xlink:href="#tok_183"/><!-- ⲡⲉⲛ -->
<mark id="orig_184" xlink:href="#tok_184"/><!-- ⲡⲁⲥⲭⲁ -->
<mark id="orig_185" xlink:href="#tok_185"/><!-- ϩⲁⲣⲟ -->
<mark id="orig_186" xlink:href="#tok_186"/><!-- ⲛ -->
<mark id="orig_187" xlink:href="#tok_187"/><!-- ⲡⲉ -->
<mark id="orig_188" xlink:href="#tok_188"/><!-- ⲭⲣⲓⲥⲧⲟⲥ -->
<mark id="orig_189" xlink:href="#tok_189"/><!-- . -->
<mark id="orig_190" xlink:href="#tok_190"/><!-- ϩⲱⲥⲧⲉ -->
<mark id="orig_191" xlink:href="#tok_191"/><!-- ⲙⲁⲣⲛⲣϣⲁ -->
<mark id="orig_192" xlink:href="#tok_192"/><!-- ϩⲛ -->
<mark id="orig_193" xlink:href="#tok_193"/><!-- ⲟⲩ -->
<mark id="orig_194" xlink:href="#tok_194"/><!-- ⲑⲁⲃ -->
<mark id="orig_195" xlink:href="#tok_195"/><!-- ⲁⲛ -->
<mark id="orig_196" xlink:href="#tok_196"/><!-- ⲛⲁ -->
<mark id="orig_197" xlink:href="#tok_197"/><!-- ⲥ -->
<mark id="orig_198" xlink:href="#tok_198"/><!-- . -->
<mark id="orig_199" xlink:href="#tok_199"/><!-- ⲟⲩⲇⲉ -->
<mark id="orig_200" xlink:href="#tok_200"/><!-- ϩⲛ -->
<mark id="orig_201" xlink:href="#tok_201"/><!-- ⲟⲩ -->
<mark id="orig_202" xlink:href="#tok_202"/><!-- ⲑⲁⲃ -->
<mark id="orig_203" xlink:href="#tok_203"/><!-- ⲁⲛ -->
<mark id="orig_204" xlink:href="#tok_204"/><!-- ⲛ -->
<mark id="orig_205" xlink:href="#tok_205"/><!-- ⲕⲁⲕⲓⲁ -->
<mark id="orig_206" xlink:href="#tok_206"/><!-- ϩⲓ -->
<mark id="orig_207" xlink:href="#tok_207"/><!-- ⲡⲟⲛⲏⲣⲓⲁ -->
<mark id="orig_208" xlink:href="#tok_208"/><!-- . -->
<mark id="orig_209" xlink:href="#tok_209"/><!-- ⲁⲗⲗⲁ -->
<mark id="orig_210" xlink:href="#tok_210"/><!-- ϩⲛ -->
<mark id="orig_211" xlink:href="#tok_211"/><!-- ϩⲉⲛⲁⲑⲁⲃ -->
<mark id="orig_212" xlink:href="#tok_212"/><!-- ⲛ -->
<mark id="orig_213" xlink:href="#tok_213"/><!-- ⲧⲃⲃⲟ -->
<mark id="orig_214" xlink:href="#tok_214"/><!-- ϩⲓⲙⲉ -->
<mark id="orig_215" xlink:href="#tok_215"/><!-- . -->
<mark id="orig_216" xlink:href="#tok_216"/><!-- ⲁ -->
<mark id="orig_217" xlink:href="#tok_217"/><!-- ⲓ -->
<mark id="orig_218" xlink:href="#tok_218"/><!-- ⲥϩⲁⲓ -->
<mark id="orig_219" xlink:href="#tok_219"/><!-- ⲛⲏ -->
<mark id="orig_220" xlink:href="#tok_220"/><!-- ⲧⲛ -->
<mark id="orig_221" xlink:href="#tok_221"/><!-- ϩⲛ -->
<mark id="orig_222" xlink:href="#tok_222"/><!-- ⲧ -->
<mark id="orig_223" xlink:href="#tok_223"/><!-- ⲉⲡⲓⲥⲧⲟⲗⲏ -->
<mark id="orig_224" xlink:href="#tok_224"/><!-- ϫⲉ -->
<mark id="orig_225" xlink:href="#tok_225"/><!-- ⲙⲡⲣ -->
<mark id="orig_226" xlink:href="#tok_226"/><!-- ⲧⲱϩ -->
<mark id="orig_227" xlink:href="#tok_227"/><!-- ⲙⲛ -->
<mark id="orig_228" xlink:href="#tok_228"/><!-- ⲡⲟⲣⲛⲟⲥ -->
<mark id="orig_229" xlink:href="#tok_229"/><!-- . -->
<mark id="orig_230" xlink:href="#tok_230"/><!-- ⲟⲩ -->
<mark id="orig_231" xlink:href="#tok_231"/><!-- ⲡⲁⲛⲧⲱⲥ -->
<mark id="orig_232" xlink:href="#tok_232"/><!-- ⲉ -->
<mark id="orig_233" xlink:href="#tok_233"/><!-- ⲓ -->
<mark id="orig_234" xlink:href="#tok_234"/><!-- ϫⲱ -->
<mark id="orig_235" xlink:href="#tok_235"/><!-- ⲙⲙⲟ -->
<mark id="orig_236" xlink:href="#tok_236"/><!-- ⲥ -->
<mark id="orig_237" xlink:href="#tok_237"/><!-- ϫⲉ -->
<mark id="orig_238" xlink:href="#tok_238"/><!-- ⲙ -->
<mark id="orig_239" xlink:href="#tok_239"/><!-- ⲡⲟⲣⲛⲟⲥ -->
<mark id="orig_240" xlink:href="#tok_240"/><!-- ⲙ -->
<mark id="orig_241" xlink:href="#tok_241"/><!-- ⲡⲉⲓ -->
<mark id="orig_242" xlink:href="#tok_242"/><!-- ⲕⲟⲥⲙⲟⲥ -->
<mark id="orig_243" xlink:href="#tok_243"/><!-- ⲏⲙⲙⲁⲓⲧⲟ -->
<mark id="orig_244" xlink:href="#tok_244"/><!-- ⲛϩⲟⲩⲟ -->
<mark id="orig_245" xlink:href="#tok_245"/><!-- ⲏⲛⲣⲉϥⲧⲱⲣⲡ -->
<mark id="orig_246" xlink:href="#tok_246"/><!-- ⲏⲛⲣⲉϥϣⲙϣⲉ -->
<mark id="orig_247" xlink:href="#tok_247"/><!-- ⲉⲓⲇⲱⲗⲟⲛ -->
<mark id="orig_248" xlink:href="#tok_248"/><!-- ⲉϣϫⲉ -->
<mark id="orig_249" xlink:href="#tok_249"/><!-- ⲉϩⲉ -->
<mark id="orig_250" xlink:href="#tok_250"/><!-- ⲉⲓⲉ -->
<mark id="orig_251" xlink:href="#tok_251"/><!-- ϣϣⲉ -->
<mark id="orig_252" xlink:href="#tok_252"/><!-- ⲉⲣⲱ -->
<mark id="orig_253" xlink:href="#tok_253"/><!-- ⲧⲛ -->
<mark id="orig_254" xlink:href="#tok_254"/><!-- ⲉ -->
<mark id="orig_255" xlink:href="#tok_255"/><!-- ⲉⲓ -->
<mark id="orig_256" xlink:href="#tok_256"/><!-- ⲉⲃⲟⲗ -->
<mark id="orig_257" xlink:href="#tok_257"/><!-- ϩⲙ -->
<mark id="orig_258" xlink:href="#tok_258"/><!-- ⲡ -->
<mark id="orig_259" xlink:href="#tok_259"/><!-- ⲕⲟⲥⲙⲟⲥ -->
<mark id="orig_260" xlink:href="#tok_260"/><!-- . -->
<mark id="orig_261" xlink:href="#tok_261"/><!-- ⲧⲉⲛⲟⲩ -->
<mark id="orig_262" xlink:href="#tok_262"/><!-- ⲇⲉ -->
<mark id="orig_263" xlink:href="#tok_263"/><!-- ⲛⲧ -->
<mark id="orig_264" xlink:href="#tok_264"/><!-- ⲁ -->
<mark id="orig_265" xlink:href="#tok_265"/><!-- ⲓ -->
<mark id="orig_266" xlink:href="#tok_266"/><!-- ⲥϩⲁⲓ -->
<mark id="orig_267" xlink:href="#tok_267"/><!-- ⲛⲏ -->
<mark id="orig_268" xlink:href="#tok_268"/><!-- ⲧⲛ -->
<mark id="orig_269" xlink:href="#tok_269"/><!-- ϫⲉ -->
<mark id="orig_270" xlink:href="#tok_270"/><!-- ⲙⲡⲣ -->
<mark id="orig_271" xlink:href="#tok_271"/><!-- ⲧⲱϩ -->
<mark id="orig_272" xlink:href="#tok_272"/><!-- ⲙⲛ -->
<mark id="orig_273" xlink:href="#tok_273"/><!-- ⲟⲩⲁ -->
<mark id="orig_274" xlink:href="#tok_274"/><!-- ⲉ -->
<mark id="orig_275" xlink:href="#tok_275"/><!-- ⲩ -->
<mark id="orig_276" xlink:href="#tok_276"/><!-- ⲙⲟⲩⲧⲉ -->
<mark id="orig_277" xlink:href="#tok_277"/><!-- ⲉⲣⲟ -->
<mark id="orig_278" xlink:href="#tok_278"/><!-- ϥ -->
<mark id="orig_279" xlink:href="#tok_279"/><!-- ϫⲉ -->
<mark id="orig_280" xlink:href="#tok_280"/><!-- ⲟⲩ -->
<mark id="orig_281" xlink:href="#tok_281"/><!-- ⲥⲟⲛ -->
<mark id="orig_282" xlink:href="#tok_282"/><!-- ⲡⲉ -->
<mark id="orig_283" xlink:href="#tok_283"/><!-- ⲉϣⲱⲡⲉ -->
<mark id="orig_284" xlink:href="#tok_284"/><!-- ⲟⲩ -->
<mark id="orig_285" xlink:href="#tok_285"/><!-- ⲡⲟⲣⲛⲟⲥ -->
<mark id="orig_286" xlink:href="#tok_286"/><!-- ⲡⲉ -->
<mark id="orig_287" xlink:href="#tok_287"/><!-- ⲏⲛⲣⲉϥϣⲙϣⲉ -->
<mark id="orig_288" xlink:href="#tok_288"/><!-- ⲉⲓⲇⲱⲗⲟⲛ -->
<mark id="orig_289" xlink:href="#tok_289"/><!-- ⲏⲙⲙⲁⲓⲧⲟ -->
<mark id="orig_290" xlink:href="#tok_290"/><!-- ⲛϩⲟⲩⲟ -->
<mark id="orig_291" xlink:href="#tok_291"/><!-- ⲏⲛⲣⲉϥⲥⲁϩⲟⲩ -->
<mark id="orig_292" xlink:href="#tok_292"/><!-- ⲏⲛⲣⲉϥϯϩⲉ -->
<mark id="orig_293" xlink:href="#tok_293"/><!-- ⲏⲛⲣⲉϥⲧⲱⲣⲡ -->
<mark id="orig_294" xlink:href="#tok_294"/><!-- ⲡⲁⲓ -->
<mark id="orig_295" xlink:href="#tok_295"/><!-- ⲛⲧⲉⲉⲓⲙⲓ -->
<mark id="orig_296" xlink:href="#tok_296"/><!-- ⲛⲉ -->
<mark id="orig_297" xlink:href="#tok_297"/><!-- ⲟⲩⲇⲉ -->
<mark id="orig_298" xlink:href="#tok_298"/><!-- ⲙⲡⲣ -->
<mark id="orig_299" xlink:href="#tok_299"/><!-- ⲟⲩⲱⲙ -->
<mark id="orig_300" xlink:href="#tok_300"/><!-- ⲛⲙⲙⲁ -->
<mark id="orig_301" xlink:href="#tok_301"/><!-- ϥ -->
<mark id="orig_302" xlink:href="#tok_302"/><!-- . -->
<mark id="orig_303" xlink:href="#tok_303"/><!-- ⲟⲩ -->
<mark id="orig_304" xlink:href="#tok_304"/><!-- ⲅⲁⲣ -->
<mark id="orig_305" xlink:href="#tok_305"/><!-- ⲉⲣⲟ -->
<mark id="orig_306" xlink:href="#tok_306"/><!-- ⲓ -->
<mark id="orig_307" xlink:href="#tok_307"/><!-- ⲡⲉ -->
<mark id="orig_308" xlink:href="#tok_308"/><!-- ⲉ -->
<mark id="orig_309" xlink:href="#tok_309"/><!-- ⲕⲣⲓⲛⲉ -->
<mark id="orig_310" xlink:href="#tok_310"/><!-- ⲛ -->
<mark id="orig_311" xlink:href="#tok_311"/><!-- ⲛ -->
<mark id="orig_312" xlink:href="#tok_312"/><!-- ⲉⲧ -->
<mark id="orig_313" xlink:href="#tok_313"/><!-- ϩⲓⲃⲟⲗ -->
<mark id="orig_314" xlink:href="#tok_314"/><!-- . -->
<mark id="orig_315" xlink:href="#tok_315"/><!-- ⲁⲩⲱ -->
<mark id="orig_316" xlink:href="#tok_316"/><!-- ⲛ -->
<mark id="orig_317" xlink:href="#tok_317"/><!-- ⲛ -->
<mark id="orig_318" xlink:href="#tok_318"/><!-- ⲉⲧ -->
<mark id="orig_319" xlink:href="#tok_319"/><!-- ϩⲓϩⲟⲩⲛ -->
<mark id="orig_320" xlink:href="#tok_320"/><!-- ⲁⲛ -->
<mark id="orig_321" xlink:href="#tok_321"/><!-- . -->
<mark id="orig_322" xlink:href="#tok_322"/><!-- ⲛⲧⲱⲧⲛ -->
<mark id="orig_323" xlink:href="#tok_323"/><!-- ⲕⲣⲓⲛⲉ -->
<mark id="orig_324" xlink:href="#tok_324"/><!-- ⲛⲛⲉⲧϩⲓ -->
<mark id="orig_325" xlink:href="#tok_325"/><!-- ϩⲟⲩⲛ -->
<mark id="orig_326" xlink:href="#tok_326"/><!-- ⲡ -->
<mark id="orig_327" xlink:href="#tok_327"/><!-- ⲛⲟⲩⲧⲉ -->
<mark id="orig_328" xlink:href="#tok_328"/><!-- ⲇⲉ -->
<mark id="orig_329" xlink:href="#tok_329"/><!-- ⲛⲁ -->
<mark id="orig_330" xlink:href="#tok_330"/><!-- ⲕⲣⲓⲛⲉ -->
<mark id="orig_331" xlink:href="#tok_331"/><!-- ⲛ -->
<mark id="orig_332" xlink:href="#tok_332"/><!-- ⲛ -->
<mark id="orig_333" xlink:href="#tok_333"/><!-- ⲉⲧ -->
<mark id="orig_334" xlink:href="#tok_334"/><!-- ϩⲓⲃⲟⲗ -->
<mark id="orig_335" xlink:href="#tok_335"/><!-- ϥⲓ -->
<mark id="orig_336" xlink:href="#tok_336"/><!-- ⲙ -->
<mark id="orig_337" xlink:href="#tok_337"/><!-- ⲡ -->
<mark id="orig_338" xlink:href="#tok_338"/><!-- ⲡⲟⲛⲏⲣⲟⲥ -->
<mark id="orig_339" xlink:href="#tok_339"/><!-- ⲉⲃⲟⲗ -->
<mark id="orig_340" xlink:href="#tok_340"/><!-- ⲛϩⲏⲧ -->
<mark id="orig_341" xlink:href="#tok_341"/><!-- ⲧⲏⲩⲧⲛ -->
<mark id="orig_342" xlink:href="#tok_342"/><!-- . -->
</markList>
</paula>
