<?xml version="1.0" encoding="UTF-8" standalone="no"?>

<!DOCTYPE paula SYSTEM "paula_mark.dtd">
<paula version="1.0">

<header paula_id="sahidica.nt.1_Corinthians_5_verseSeg"/>

<markList xmlns:xlink="http://www.w3.org/1999/xlink" type="verseSeg" xml:base="sahidica.nt.1_Corinthians_5.tok.xml">
<mark id="verse_1" xlink:href="#xpointer(id('tok_1')/range-to(id('tok_27')))"/><!-- ⲥⲉ.... -->
<mark id="verse_28" xlink:href="#xpointer(id('tok_28')/range-to(id('tok_50')))"/><!-- ⲁⲩⲱ.... -->
<mark id="verse_51" xlink:href="#xpointer(id('tok_51')/range-to(id('tok_78')))"/><!-- ⲁⲛⲟⲕ.... -->
<mark id="verse_79" xlink:href="#xpointer(id('tok_79')/range-to(id('tok_106')))"/><!-- ⲉ.... -->
<mark id="verse_107" xlink:href="#xpointer(id('tok_107')/range-to(id('tok_136')))"/><!-- ⲉ.... -->
<mark id="verse_137" xlink:href="#xpointer(id('tok_137')/range-to(id('tok_155')))"/><!-- ⲛⲛⲁⲛⲟⲩ.... -->
<mark id="verse_156" xlink:href="#xpointer(id('tok_156')/range-to(id('tok_189')))"/><!-- ϥⲓ.... -->
<mark id="verse_190" xlink:href="#xpointer(id('tok_190')/range-to(id('tok_215')))"/><!-- ϩⲱⲥⲧⲉ.... -->
<mark id="verse_216" xlink:href="#xpointer(id('tok_216')/range-to(id('tok_229')))"/><!-- ⲁ.... -->
<mark id="verse_230" xlink:href="#xpointer(id('tok_230')/range-to(id('tok_260')))"/><!-- ⲟⲩ.... -->
<mark id="verse_261" xlink:href="#xpointer(id('tok_261')/range-to(id('tok_302')))"/><!-- ⲧⲉⲛⲟⲩ.... -->
<mark id="verse_303" xlink:href="#xpointer(id('tok_303')/range-to(id('tok_325')))"/><!-- ⲟⲩ...ϩⲟⲩⲛ -->
<mark id="verse_326" xlink:href="#xpointer(id('tok_326')/range-to(id('tok_342')))"/><!-- ⲡ.... -->
</markList>
</paula>
