<?xml version="1.0" encoding="UTF-8" standalone="no"?>

<!DOCTYPE paula SYSTEM "paula_feat.dtd">
<paula version="1.0">

<header paula_id="sahidica.nt.1_Corinthians_5_pos"/>

<featList xmlns:xlink="http://www.w3.org/1999/xlink" type="pos" xml:base="sahidica.nt.1_Corinthians_5.posSeg.xml">
<feat xlink:href="#pos_1" value="PPERS"/><!-- ⲥⲉ -->
<feat xlink:href="#pos_2" value="V"/><!-- ⲥⲱⲧⲙ -->
<feat xlink:href="#pos_3" value="N"/><!-- ⲣⲱ -->
<feat xlink:href="#pos_4" value="PREP"/><!-- ⲉ -->
<feat xlink:href="#pos_5" value="ART"/><!-- ⲩ -->
<feat xlink:href="#pos_6" value="N"/><!-- ⲡⲟⲣⲛⲉⲓⲁ -->
<feat xlink:href="#pos_7" value="PREP"/><!-- ⲛϩⲏⲧ -->
<feat xlink:href="#pos_8" value="PPERO"/><!-- ⲧⲏⲩⲧⲛ -->
<feat xlink:href="#pos_9" value="CONJ"/><!-- ⲁⲩⲱ -->
<feat xlink:href="#pos_10" value="ART"/><!-- ⲟⲩ -->
<feat xlink:href="#pos_11" value="N"/><!-- ⲡⲟⲣⲛⲉⲓⲁ -->
<feat xlink:href="#pos_12" value="V"/><!-- ⲛⲧⲉⲉⲓⲙⲓⲛⲉ -->
<feat xlink:href="#pos_13" value="N"/><!-- ⲉⲛⲥϩⲛ -->
<feat xlink:href="#pos_14" value="PREP"/><!-- ⲛ -->
<feat xlink:href="#pos_15" value="ART"/><!-- ⲕⲉ -->
<feat xlink:href="#pos_16" value="N"/><!-- ϩⲉⲑⲛⲟⲥ -->
<feat xlink:href="#pos_17" value="NEG"/><!-- ⲁⲛ -->
<feat xlink:href="#pos_18" value="PUNCT"/><!-- . -->
<feat xlink:href="#pos_19" value="CONJ"/><!-- ϩⲱⲥⲧⲉ -->
<feat xlink:href="#pos_20" value="CREL"/><!-- ⲉⲧ -->
<feat xlink:href="#pos_21" value="V"/><!-- ⲣⲉ -->
<feat xlink:href="#pos_22" value="NUM"/><!-- ⲟⲩⲁ -->
<feat xlink:href="#pos_23" value="V"/><!-- ϫⲓⲑⲓⲙⲉ -->
<feat xlink:href="#pos_24" value="PREP"/><!-- ⲙ -->
<feat xlink:href="#pos_25" value="PPOS"/><!-- ⲡⲉϥ -->
<feat xlink:href="#pos_26" value="N"/><!-- ⲉⲓⲱⲧ -->
<feat xlink:href="#pos_27" value="PUNCT"/><!-- . -->
<feat xlink:href="#pos_28" value="CONJ"/><!-- ⲁⲩⲱ -->
<feat xlink:href="#pos_29" value="PPERI"/><!-- ⲛⲧⲱⲧⲛ -->
<feat xlink:href="#pos_30" value="PPERS"/><!-- ⲧⲉⲧⲛ -->
<feat xlink:href="#pos_31" value="VSTAT"/><!-- ϫⲟⲥⲉ -->
<feat xlink:href="#pos_32" value="PREP"/><!-- ⲛϩⲏⲧ -->
<feat xlink:href="#pos_33" value="CONJ"/><!-- ⲁⲩⲱ -->
<feat xlink:href="#pos_34" value="CREL"/><!-- ⲛⲧ -->
<feat xlink:href="#pos_35" value="APST"/><!-- ⲁ -->
<feat xlink:href="#pos_36" value="PPERS"/><!-- ⲧⲉⲧⲛ -->
<feat xlink:href="#pos_37" value="V"/><!-- ⲣ -->
<feat xlink:href="#pos_38" value="N"/><!-- ϩⲏⲃⲉ -->
<feat xlink:href="#pos_39" value="NEG"/><!-- ⲁⲛ -->
<feat xlink:href="#pos_40" value="ADV"/><!-- ⲛϩⲟⲩⲟ -->
<feat xlink:href="#pos_41" value="PUNCT"/><!-- . -->
<feat xlink:href="#pos_42" value="CONJ"/><!-- ϫⲉⲕⲁⲁⲥ -->
<feat xlink:href="#pos_43" value="AOPT_PPERS"/><!-- ⲉⲩⲉ -->
<feat xlink:href="#pos_44" value="V"/><!-- ϥⲓ -->
<feat xlink:href="#pos_45" value="PREP"/><!-- ϩⲛ -->
<feat xlink:href="#pos_46" value="PPOS"/><!-- ⲧⲉⲧⲛ -->
<feat xlink:href="#pos_47" value="N"/><!-- ⲙⲏⲧⲉ -->
<feat xlink:href="#pos_48" value="V"/><!-- ⲙⲡⲉⲛⲧⲁϥⲉⲓⲣⲉ -->
<feat xlink:href="#pos_49" value="N"/><!-- ⲙⲡⲉⲉⲓϩⲱⲃ -->
<feat xlink:href="#pos_50" value="PUNCT"/><!-- . -->
<feat xlink:href="#pos_51" value="PPERI"/><!-- ⲁⲛⲟⲕ -->
<feat xlink:href="#pos_52" value="PTC"/><!-- ⲅⲁⲣ -->
<feat xlink:href="#pos_53" value="V"/><!-- ⲉⲛϯϩⲁⲧⲉⲧⲏⲩⲧⲛ -->
<feat xlink:href="#pos_54" value="NEG"/><!-- ⲁⲛ -->
<feat xlink:href="#pos_55" value="PREP"/><!-- ϩⲙ -->
<feat xlink:href="#pos_56" value="ART"/><!-- ⲡ -->
<feat xlink:href="#pos_57" value="N"/><!-- ⲥⲱⲙⲁ -->
<feat xlink:href="#pos_58" value="PUNCT"/><!-- . -->
<feat xlink:href="#pos_59" value="NPROP"/><!-- ⲉⲓϩⲁⲧⲉⲧⲏⲩⲧⲛ -->
<feat xlink:href="#pos_60" value="PTC"/><!-- ⲇⲉ -->
<feat xlink:href="#pos_61" value="PREP"/><!-- ϩⲙ -->
<feat xlink:href="#pos_62" value="ART"/><!-- ⲡⲉ -->
<feat xlink:href="#pos_63" value="N"/><!-- ⲡⲛⲉⲩⲙⲁ -->
<feat xlink:href="#pos_64" value="PUNCT"/><!-- . -->
<feat xlink:href="#pos_65" value="APST"/><!-- ⲁ -->
<feat xlink:href="#pos_66" value="PPERS"/><!-- ⲓ -->
<feat xlink:href="#pos_67" value="V"/><!-- ⲟⲩⲱ -->
<feat xlink:href="#pos_68" value="CCIRC"/><!-- ⲉ -->
<feat xlink:href="#pos_69" value="PPERS"/><!-- ⲓ -->
<feat xlink:href="#pos_70" value="V"/><!-- ⲕⲣⲓⲛⲉ -->
<feat xlink:href="#pos_71" value="CONJ"/><!-- ϩⲱⲥ -->
<feat xlink:href="#pos_72" value="V"/><!-- ⲉⲓϩⲁⲧⲛⲧⲏⲩⲧⲛ -->
<feat xlink:href="#pos_73" value="N"/><!-- ⲙⲡⲉⲛⲧⲁϥⲉⲓⲣⲉ -->
<feat xlink:href="#pos_74" value="N"/><!-- ⲙⲡⲉⲉⲓϩⲱⲃ -->
<feat xlink:href="#pos_75" value="PREP"/><!-- ⲛ -->
<feat xlink:href="#pos_76" value="PDEM"/><!-- ⲧⲉⲓ -->
<feat xlink:href="#pos_77" value="N"/><!-- ϩⲉ -->
<feat xlink:href="#pos_78" value="PUNCT"/><!-- . -->
<feat xlink:href="#pos_79" value="CCIRC"/><!-- ⲉ -->
<feat xlink:href="#pos_80" value="APST"/><!-- ⲁ -->
<feat xlink:href="#pos_81" value="PPERS"/><!-- ⲧⲉⲧⲛ -->
<feat xlink:href="#pos_82" value="V"/><!-- ⲥⲱⲟⲩϩ -->
<feat xlink:href="#pos_83" value="ADV"/><!-- ⲉϩⲟⲩⲛ -->
<feat xlink:href="#pos_84" value="PREP"/><!-- ⲉ -->
<feat xlink:href="#pos_85" value="PPOS"/><!-- ⲛⲉⲧⲛ -->
<feat xlink:href="#pos_86" value="N"/><!-- ⲉⲣⲏⲩ -->
<feat xlink:href="#pos_87" value="PREP"/><!-- ϩⲙ -->
<feat xlink:href="#pos_88" value="ART"/><!-- ⲡ -->
<feat xlink:href="#pos_89" value="N"/><!-- ⲣⲁⲛ -->
<feat xlink:href="#pos_90" value="PREP"/><!-- ⲙ -->
<feat xlink:href="#pos_91" value="PPOS"/><!-- ⲡⲉⲛ -->
<feat xlink:href="#pos_92" value="N"/><!-- ϫⲟⲉⲓⲥ -->
<feat xlink:href="#pos_93" value="NPROP"/><!-- ⲓⲏⲥⲟⲩⲥ -->
<feat xlink:href="#pos_94" value="ART"/><!-- ⲡⲉ -->
<feat xlink:href="#pos_95" value="N"/><!-- ⲭⲣⲓⲥⲧⲟⲥ -->
<feat xlink:href="#pos_96" value="PREP"/><!-- ⲙⲛ -->
<feat xlink:href="#pos_97" value="PPOS"/><!-- ⲡⲁ -->
<feat xlink:href="#pos_98" value="N"/><!-- ⲡⲛⲉⲩⲙⲁ -->
<feat xlink:href="#pos_99" value="PREP"/><!-- ⲙⲛ -->
<feat xlink:href="#pos_100" value="ART"/><!-- ⲧ -->
<feat xlink:href="#pos_101" value="N"/><!-- ϭⲟⲙ -->
<feat xlink:href="#pos_102" value="PREP"/><!-- ⲙ -->
<feat xlink:href="#pos_103" value="PPOS"/><!-- ⲡⲉⲛ -->
<feat xlink:href="#pos_104" value="N"/><!-- ϫⲟⲉⲓⲥ -->
<feat xlink:href="#pos_105" value="NPROP"/><!-- ⲓⲏⲥⲟⲩⲥ -->
<feat xlink:href="#pos_106" value="PUNCT"/><!-- . -->
<feat xlink:href="#pos_107" value="CCIRC"/><!-- ⲉ -->
<feat xlink:href="#pos_108" value="PPERS"/><!-- ϯ -->
<feat xlink:href="#pos_109" value="PREP"/><!-- ⲙ -->
<feat xlink:href="#pos_110" value="PDEM"/><!-- ⲡⲁⲓ -->
<feat xlink:href="#pos_111" value="N"/><!-- ⲛⲧⲉⲉⲓⲙⲓⲛⲉ -->
<feat xlink:href="#pos_112" value="PREP"/><!-- ⲙ -->
<feat xlink:href="#pos_113" value="ART"/><!-- ⲡ -->
<feat xlink:href="#pos_114" value="NPROP"/><!-- ⲥⲁⲧⲁⲛⲁⲥ -->
<feat xlink:href="#pos_115" value="CCIRC"/><!-- ⲉ -->
<feat xlink:href="#pos_116" value="PPERS"/><!-- ⲩ -->
<feat xlink:href="#pos_117" value="V"/><!-- ⲧⲁⲕⲟ -->
<feat xlink:href="#pos_118" value="PREP"/><!-- ⲛ -->
<feat xlink:href="#pos_119" value="ART"/><!-- ⲧ -->
<feat xlink:href="#pos_120" value="N"/><!-- ⲥⲁⲣⲝ -->
<feat xlink:href="#pos_121" value="PUNCT"/><!-- . -->
<feat xlink:href="#pos_122" value="CONJ"/><!-- ϫⲉ -->
<feat xlink:href="#pos_123" value="CCIRC"/><!-- ⲉⲣⲉ -->
<feat xlink:href="#pos_124" value="ART"/><!-- ⲡⲉ -->
<feat xlink:href="#pos_125" value="N"/><!-- ⲡⲛⲉⲩⲙⲁ -->
<feat xlink:href="#pos_126" value="V"/><!-- ⲟⲩϫⲁⲓ -->
<feat xlink:href="#pos_127" value="PREP"/><!-- ϩⲙ -->
<feat xlink:href="#pos_128" value="ART"/><!-- ⲡⲉ -->
<feat xlink:href="#pos_129" value="N"/><!-- ϩⲟⲟⲩ -->
<feat xlink:href="#pos_130" value="PREP"/><!-- ⲙ -->
<feat xlink:href="#pos_131" value="PPOS"/><!-- ⲡⲉⲛ -->
<feat xlink:href="#pos_132" value="N"/><!-- ϫⲟⲉⲓⲥ -->
<feat xlink:href="#pos_133" value="NPROP"/><!-- ⲓⲏⲥⲟⲩⲥ -->
<feat xlink:href="#pos_134" value="ART"/><!-- ⲡⲉ -->
<feat xlink:href="#pos_135" value="N"/><!-- ⲭⲣⲓⲥⲧⲟⲥ -->
<feat xlink:href="#pos_136" value="PUNCT"/><!-- . -->
<feat xlink:href="#pos_137" value="NPROP"/><!-- ⲛⲛⲁⲛⲟⲩ -->
<feat xlink:href="#pos_138" value="PPOS"/><!-- ⲡⲉⲧⲛ -->
<feat xlink:href="#pos_139" value="N"/><!-- ϣⲟⲩϣⲟⲩ -->
<feat xlink:href="#pos_140" value="NEG"/><!-- ⲁⲛ -->
<feat xlink:href="#pos_141" value="PUNCT"/><!-- . -->
<feat xlink:href="#pos_142" value="PPERI"/><!-- ⲛⲧⲉⲧⲛ -->
<feat xlink:href="#pos_143" value="V"/><!-- ⲥⲟⲟⲩⲛ -->
<feat xlink:href="#pos_144" value="NEG"/><!-- ⲁⲛ -->
<feat xlink:href="#pos_145" value="CONJ"/><!-- ϫⲉ -->
<feat xlink:href="#pos_146" value="V"/><!-- ϣⲁⲣⲉ -->
<feat xlink:href="#pos_147" value="ART"/><!-- ⲟⲩ -->
<feat xlink:href="#pos_148" value="N"/><!-- ⲕⲟⲩⲓ -->
<feat xlink:href="#pos_149" value="PREP"/><!-- ⲛ -->
<feat xlink:href="#pos_150" value="N"/><!-- ⲑⲁⲃ -->
<feat xlink:href="#pos_151" value="ACAUS"/><!-- ⲧⲣⲉ -->
<feat xlink:href="#pos_152" value="V"/><!-- ⲡⲟⲩⲱϣⲙ -->
<feat xlink:href="#pos_153" value="N"/><!-- ⲧⲏⲣϥ -->
<feat xlink:href="#pos_154" value="V"/><!-- ϥⲓ -->
<feat xlink:href="#pos_155" value="PUNCT"/><!-- . -->
<feat xlink:href="#pos_156" value="V"/><!-- ϥⲓ -->
<feat xlink:href="#pos_157" value="PREP"/><!-- ⲙ -->
<feat xlink:href="#pos_158" value="PDEM"/><!-- ⲡⲓ -->
<feat xlink:href="#pos_159" value="N"/><!-- ⲑⲁⲃ -->
<feat xlink:href="#pos_160" value="PREP"/><!-- ⲛⲁ -->
<feat xlink:href="#pos_161" value="PPERO"/><!-- ⲥ -->
<feat xlink:href="#pos_162" value="ADV"/><!-- ⲉⲃⲟⲗ -->
<feat xlink:href="#pos_163" value="PREP"/><!-- ⲛϩⲏⲧ -->
<feat xlink:href="#pos_164" value="PPERO"/><!-- ⲧⲏⲩⲧⲛ -->
<feat xlink:href="#pos_165" value="CONJ"/><!-- ϫⲉ -->
<feat xlink:href="#pos_166" value="N"/><!-- ⲉⲧⲉⲧⲛⲉ -->
<feat xlink:href="#pos_167" value="V"/><!-- ϣⲱⲡⲉ -->
<feat xlink:href="#pos_168" value="PREP"/><!-- ⲛ -->
<feat xlink:href="#pos_169" value="ART"/><!-- ⲟⲩ -->
<feat xlink:href="#pos_170" value="N"/><!-- ⲟⲩⲱϣⲙ -->
<feat xlink:href="#pos_171" value="PREP"/><!-- ⲛ -->
<feat xlink:href="#pos_172" value="N"/><!-- ⲃⲣⲣⲉ -->
<feat xlink:href="#pos_173" value="PREP"/><!-- ⲕⲁⲧⲁ -->
<feat xlink:href="#pos_174" value="ART"/><!-- ⲧ -->
<feat xlink:href="#pos_175" value="N"/><!-- ϩⲉ -->
<feat xlink:href="#pos_176" value="NPROP"/><!-- ⲉⲛⲧⲉⲧⲛϩⲉⲛⲁⲑⲁⲃ -->
<feat xlink:href="#pos_177" value="PUNCT"/><!-- . -->
<feat xlink:href="#pos_178" value="CONJ"/><!-- ⲕⲁⲓⲅⲁⲣ -->
<feat xlink:href="#pos_179" value="APST"/><!-- ⲁ -->
<feat xlink:href="#pos_180" value="PPERS"/><!-- ⲩ -->
<feat xlink:href="#pos_181" value="V"/><!-- ϣⲱⲱⲧ -->
<feat xlink:href="#pos_182" value="PREP"/><!-- ⲙ -->
<feat xlink:href="#pos_183" value="PPOS"/><!-- ⲡⲉⲛ -->
<feat xlink:href="#pos_184" value="N"/><!-- ⲡⲁⲥⲭⲁ -->
<feat xlink:href="#pos_185" value="PREP"/><!-- ϩⲁⲣⲟ -->
<feat xlink:href="#pos_186" value="ART"/><!-- ⲛ -->
<feat xlink:href="#pos_187" value="ART"/><!-- ⲡⲉ -->
<feat xlink:href="#pos_188" value="N"/><!-- ⲭⲣⲓⲥⲧⲟⲥ -->
<feat xlink:href="#pos_189" value="PUNCT"/><!-- . -->
<feat xlink:href="#pos_190" value="CONJ"/><!-- ϩⲱⲥⲧⲉ -->
<feat xlink:href="#pos_191" value="N"/><!-- ⲙⲁⲣⲛⲣϣⲁ -->
<feat xlink:href="#pos_192" value="PREP"/><!-- ϩⲛ -->
<feat xlink:href="#pos_193" value="ART"/><!-- ⲟⲩ -->
<feat xlink:href="#pos_194" value="N"/><!-- ⲑⲁⲃ -->
<feat xlink:href="#pos_195" value="NEG"/><!-- ⲁⲛ -->
<feat xlink:href="#pos_196" value="PREP"/><!-- ⲛⲁ -->
<feat xlink:href="#pos_197" value="PPERO"/><!-- ⲥ -->
<feat xlink:href="#pos_198" value="PUNCT"/><!-- . -->
<feat xlink:href="#pos_199" value="CONJ"/><!-- ⲟⲩⲇⲉ -->
<feat xlink:href="#pos_200" value="PREP"/><!-- ϩⲛ -->
<feat xlink:href="#pos_201" value="ART"/><!-- ⲟⲩ -->
<feat xlink:href="#pos_202" value="N"/><!-- ⲑⲁⲃ -->
<feat xlink:href="#pos_203" value="NEG"/><!-- ⲁⲛ -->
<feat xlink:href="#pos_204" value="PREP"/><!-- ⲛ -->
<feat xlink:href="#pos_205" value="N"/><!-- ⲕⲁⲕⲓⲁ -->
<feat xlink:href="#pos_206" value="PREP"/><!-- ϩⲓ -->
<feat xlink:href="#pos_207" value="N"/><!-- ⲡⲟⲛⲏⲣⲓⲁ -->
<feat xlink:href="#pos_208" value="PUNCT"/><!-- . -->
<feat xlink:href="#pos_209" value="CONJ"/><!-- ⲁⲗⲗⲁ -->
<feat xlink:href="#pos_210" value="PREP"/><!-- ϩⲛ -->
<feat xlink:href="#pos_211" value="N"/><!-- ϩⲉⲛⲁⲑⲁⲃ -->
<feat xlink:href="#pos_212" value="PREP"/><!-- ⲛ -->
<feat xlink:href="#pos_213" value="V"/><!-- ⲧⲃⲃⲟ -->
<feat xlink:href="#pos_214" value="N"/><!-- ϩⲓⲙⲉ -->
<feat xlink:href="#pos_215" value="PUNCT"/><!-- . -->
<feat xlink:href="#pos_216" value="APST"/><!-- ⲁ -->
<feat xlink:href="#pos_217" value="PPERS"/><!-- ⲓ -->
<feat xlink:href="#pos_218" value="V"/><!-- ⲥϩⲁⲓ -->
<feat xlink:href="#pos_219" value="PREP"/><!-- ⲛⲏ -->
<feat xlink:href="#pos_220" value="PPERO"/><!-- ⲧⲛ -->
<feat xlink:href="#pos_221" value="PREP"/><!-- ϩⲛ -->
<feat xlink:href="#pos_222" value="ART"/><!-- ⲧ -->
<feat xlink:href="#pos_223" value="N"/><!-- ⲉⲡⲓⲥⲧⲟⲗⲏ -->
<feat xlink:href="#pos_224" value="CONJ"/><!-- ϫⲉ -->
<feat xlink:href="#pos_225" value="VIMP"/><!-- ⲙⲡⲣ -->
<feat xlink:href="#pos_226" value="V"/><!-- ⲧⲱϩ -->
<feat xlink:href="#pos_227" value="PREP"/><!-- ⲙⲛ -->
<feat xlink:href="#pos_228" value="N"/><!-- ⲡⲟⲣⲛⲟⲥ -->
<feat xlink:href="#pos_229" value="PUNCT"/><!-- . -->
<feat xlink:href="#pos_230" value="PINT"/><!-- ⲟⲩ -->
<feat xlink:href="#pos_231" value="ADV"/><!-- ⲡⲁⲛⲧⲱⲥ -->
<feat xlink:href="#pos_232" value="CCIRC"/><!-- ⲉ -->
<feat xlink:href="#pos_233" value="PPERS"/><!-- ⲓ -->
<feat xlink:href="#pos_234" value="V"/><!-- ϫⲱ -->
<feat xlink:href="#pos_235" value="PREP"/><!-- ⲙⲙⲟ -->
<feat xlink:href="#pos_236" value="PPERO"/><!-- ⲥ -->
<feat xlink:href="#pos_237" value="CONJ"/><!-- ϫⲉ -->
<feat xlink:href="#pos_238" value="PREP"/><!-- ⲙ -->
<feat xlink:href="#pos_239" value="N"/><!-- ⲡⲟⲣⲛⲟⲥ -->
<feat xlink:href="#pos_240" value="PREP"/><!-- ⲙ -->
<feat xlink:href="#pos_241" value="PDEM"/><!-- ⲡⲉⲓ -->
<feat xlink:href="#pos_242" value="N"/><!-- ⲕⲟⲥⲙⲟⲥ -->
<feat xlink:href="#pos_243" value="V"/><!-- ⲏⲙⲙⲁⲓⲧⲟ -->
<feat xlink:href="#pos_244" value="ADV"/><!-- ⲛϩⲟⲩⲟ -->
<feat xlink:href="#pos_245" value="N"/><!-- ⲏⲛⲣⲉϥⲧⲱⲣⲡ -->
<feat xlink:href="#pos_246" value="V"/><!-- ⲏⲛⲣⲉϥϣⲙϣⲉ -->
<feat xlink:href="#pos_247" value="N"/><!-- ⲉⲓⲇⲱⲗⲟⲛ -->
<feat xlink:href="#pos_248" value="CONJ"/><!-- ⲉϣϫⲉ -->
<feat xlink:href="#pos_249" value="N"/><!-- ⲉϩⲉ -->
<feat xlink:href="#pos_250" value="PTC"/><!-- ⲉⲓⲉ -->
<feat xlink:href="#pos_251" value="V"/><!-- ϣϣⲉ -->
<feat xlink:href="#pos_252" value="PREP"/><!-- ⲉⲣⲱ -->
<feat xlink:href="#pos_253" value="PPERO"/><!-- ⲧⲛ -->
<feat xlink:href="#pos_254" value="CCIRC"/><!-- ⲉ -->
<feat xlink:href="#pos_255" value="V"/><!-- ⲉⲓ -->
<feat xlink:href="#pos_256" value="ADV"/><!-- ⲉⲃⲟⲗ -->
<feat xlink:href="#pos_257" value="PREP"/><!-- ϩⲙ -->
<feat xlink:href="#pos_258" value="ART"/><!-- ⲡ -->
<feat xlink:href="#pos_259" value="N"/><!-- ⲕⲟⲥⲙⲟⲥ -->
<feat xlink:href="#pos_260" value="PUNCT"/><!-- . -->
<feat xlink:href="#pos_261" value="ADV"/><!-- ⲧⲉⲛⲟⲩ -->
<feat xlink:href="#pos_262" value="PTC"/><!-- ⲇⲉ -->
<feat xlink:href="#pos_263" value="CREL"/><!-- ⲛⲧ -->
<feat xlink:href="#pos_264" value="APST"/><!-- ⲁ -->
<feat xlink:href="#pos_265" value="PPERS"/><!-- ⲓ -->
<feat xlink:href="#pos_266" value="V"/><!-- ⲥϩⲁⲓ -->
<feat xlink:href="#pos_267" value="PREP"/><!-- ⲛⲏ -->
<feat xlink:href="#pos_268" value="PPERO"/><!-- ⲧⲛ -->
<feat xlink:href="#pos_269" value="CONJ"/><!-- ϫⲉ -->
<feat xlink:href="#pos_270" value="VIMP"/><!-- ⲙⲡⲣ -->
<feat xlink:href="#pos_271" value="V"/><!-- ⲧⲱϩ -->
<feat xlink:href="#pos_272" value="PREP"/><!-- ⲙⲛ -->
<feat xlink:href="#pos_273" value="NUM"/><!-- ⲟⲩⲁ -->
<feat xlink:href="#pos_274" value="CCIRC"/><!-- ⲉ -->
<feat xlink:href="#pos_275" value="PPERS"/><!-- ⲩ -->
<feat xlink:href="#pos_276" value="V"/><!-- ⲙⲟⲩⲧⲉ -->
<feat xlink:href="#pos_277" value="PREP"/><!-- ⲉⲣⲟ -->
<feat xlink:href="#pos_278" value="PPERO"/><!-- ϥ -->
<feat xlink:href="#pos_279" value="CONJ"/><!-- ϫⲉ -->
<feat xlink:href="#pos_280" value="ART"/><!-- ⲟⲩ -->
<feat xlink:href="#pos_281" value="N"/><!-- ⲥⲟⲛ -->
<feat xlink:href="#pos_282" value="COP"/><!-- ⲡⲉ -->
<feat xlink:href="#pos_283" value="CONJ"/><!-- ⲉϣⲱⲡⲉ -->
<feat xlink:href="#pos_284" value="ART"/><!-- ⲟⲩ -->
<feat xlink:href="#pos_285" value="N"/><!-- ⲡⲟⲣⲛⲟⲥ -->
<feat xlink:href="#pos_286" value="ART"/><!-- ⲡⲉ -->
<feat xlink:href="#pos_287" value="N"/><!-- ⲏⲛⲣⲉϥϣⲙϣⲉ -->
<feat xlink:href="#pos_288" value="N"/><!-- ⲉⲓⲇⲱⲗⲟⲛ -->
<feat xlink:href="#pos_289" value="V"/><!-- ⲏⲙⲙⲁⲓⲧⲟ -->
<feat xlink:href="#pos_290" value="ADV"/><!-- ⲛϩⲟⲩⲟ -->
<feat xlink:href="#pos_291" value="N"/><!-- ⲏⲛⲣⲉϥⲥⲁϩⲟⲩ -->
<feat xlink:href="#pos_292" value="V"/><!-- ⲏⲛⲣⲉϥϯϩⲉ -->
<feat xlink:href="#pos_293" value="N"/><!-- ⲏⲛⲣⲉϥⲧⲱⲣⲡ -->
<feat xlink:href="#pos_294" value="PDEM"/><!-- ⲡⲁⲓ -->
<feat xlink:href="#pos_295" value="N"/><!-- ⲛⲧⲉⲉⲓⲙⲓ -->
<feat xlink:href="#pos_296" value="COP"/><!-- ⲛⲉ -->
<feat xlink:href="#pos_297" value="CONJ"/><!-- ⲟⲩⲇⲉ -->
<feat xlink:href="#pos_298" value="VIMP"/><!-- ⲙⲡⲣ -->
<feat xlink:href="#pos_299" value="V"/><!-- ⲟⲩⲱⲙ -->
<feat xlink:href="#pos_300" value="PREP"/><!-- ⲛⲙⲙⲁ -->
<feat xlink:href="#pos_301" value="PPERO"/><!-- ϥ -->
<feat xlink:href="#pos_302" value="PUNCT"/><!-- . -->
<feat xlink:href="#pos_303" value="PINT"/><!-- ⲟⲩ -->
<feat xlink:href="#pos_304" value="PTC"/><!-- ⲅⲁⲣ -->
<feat xlink:href="#pos_305" value="PREP"/><!-- ⲉⲣⲟ -->
<feat xlink:href="#pos_306" value="PPERO"/><!-- ⲓ -->
<feat xlink:href="#pos_307" value="COP"/><!-- ⲡⲉ -->
<feat xlink:href="#pos_308" value="CCIRC"/><!-- ⲉ -->
<feat xlink:href="#pos_309" value="V"/><!-- ⲕⲣⲓⲛⲉ -->
<feat xlink:href="#pos_310" value="PREP"/><!-- ⲛ -->
<feat xlink:href="#pos_311" value="ART"/><!-- ⲛ -->
<feat xlink:href="#pos_312" value="CREL"/><!-- ⲉⲧ -->
<feat xlink:href="#pos_313" value="ADV"/><!-- ϩⲓⲃⲟⲗ -->
<feat xlink:href="#pos_314" value="PUNCT"/><!-- . -->
<feat xlink:href="#pos_315" value="CONJ"/><!-- ⲁⲩⲱ -->
<feat xlink:href="#pos_316" value="PREP"/><!-- ⲛ -->
<feat xlink:href="#pos_317" value="ART"/><!-- ⲛ -->
<feat xlink:href="#pos_318" value="CREL"/><!-- ⲉⲧ -->
<feat xlink:href="#pos_319" value="V"/><!-- ϩⲓϩⲟⲩⲛ -->
<feat xlink:href="#pos_320" value="NEG"/><!-- ⲁⲛ -->
<feat xlink:href="#pos_321" value="PUNCT"/><!-- . -->
<feat xlink:href="#pos_322" value="PPERI"/><!-- ⲛⲧⲱⲧⲛ -->
<feat xlink:href="#pos_323" value="V"/><!-- ⲕⲣⲓⲛⲉ -->
<feat xlink:href="#pos_324" value="N"/><!-- ⲛⲛⲉⲧϩⲓ -->
<feat xlink:href="#pos_325" value="N"/><!-- ϩⲟⲩⲛ -->
<feat xlink:href="#pos_326" value="ART"/><!-- ⲡ -->
<feat xlink:href="#pos_327" value="N"/><!-- ⲛⲟⲩⲧⲉ -->
<feat xlink:href="#pos_328" value="PTC"/><!-- ⲇⲉ -->
<feat xlink:href="#pos_329" value="FUT"/><!-- ⲛⲁ -->
<feat xlink:href="#pos_330" value="V"/><!-- ⲕⲣⲓⲛⲉ -->
<feat xlink:href="#pos_331" value="PREP"/><!-- ⲛ -->
<feat xlink:href="#pos_332" value="ART"/><!-- ⲛ -->
<feat xlink:href="#pos_333" value="CREL"/><!-- ⲉⲧ -->
<feat xlink:href="#pos_334" value="ADV"/><!-- ϩⲓⲃⲟⲗ -->
<feat xlink:href="#pos_335" value="V"/><!-- ϥⲓ -->
<feat xlink:href="#pos_336" value="PREP"/><!-- ⲙ -->
<feat xlink:href="#pos_337" value="ART"/><!-- ⲡ -->
<feat xlink:href="#pos_338" value="N"/><!-- ⲡⲟⲛⲏⲣⲟⲥ -->
<feat xlink:href="#pos_339" value="ADV"/><!-- ⲉⲃⲟⲗ -->
<feat xlink:href="#pos_340" value="PREP"/><!-- ⲛϩⲏⲧ -->
<feat xlink:href="#pos_341" value="PPERO"/><!-- ⲧⲏⲩⲧⲛ -->
<feat xlink:href="#pos_342" value="PUNCT"/><!-- . -->
</featList>
</paula>
