<?xml version="1.0" encoding="UTF-8" standalone="no"?>

<!DOCTYPE paula SYSTEM "paula_feat.dtd">
<paula version="1.0">

<header paula_id="sahidica.nt.1_Corinthians_10_norm"/>

<featList xmlns:xlink="http://www.w3.org/1999/xlink" type="norm" xml:base="sahidica.nt.1_Corinthians_10.normSeg.xml">
<feat xlink:href="#norm_1" value="ϯ"/><!-- ϯ -->
<feat xlink:href="#norm_2" value="ⲟⲩⲱϣ"/><!-- ⲟⲩⲱϣ -->
<feat xlink:href="#norm_3" value="ⲅⲁⲣ"/><!-- ⲅⲁⲣ -->
<feat xlink:href="#norm_4" value="ⲉ"/><!-- ⲉ -->
<feat xlink:href="#norm_5" value="ⲧⲣⲉ"/><!-- ⲧⲣⲉ -->
<feat xlink:href="#norm_6" value="ⲧⲛ"/><!-- ⲧⲛ -->
<feat xlink:href="#norm_7" value="ⲉⲓⲙⲉ"/><!-- ⲉⲓⲙⲉ -->
<feat xlink:href="#norm_8" value="ⲛⲁ"/><!-- ⲛⲁ -->
<feat xlink:href="#norm_9" value="ⲥⲛⲏⲩ"/><!-- ⲥⲛⲏⲩ -->
<feat xlink:href="#norm_10" value="ϫⲉ"/><!-- ϫⲉ -->
<feat xlink:href="#norm_11" value="ⲛⲉⲛ"/><!-- ⲛⲉⲛ -->
<feat xlink:href="#norm_12" value="ⲉⲓⲟⲧⲉ"/><!-- ⲉⲓⲟⲧⲉ -->
<feat xlink:href="#norm_13" value="ⲧⲏⲣ"/><!-- ⲧⲏⲣ -->
<feat xlink:href="#norm_14" value="ⲟⲩ"/><!-- ⲟⲩ -->
<feat xlink:href="#norm_15" value="ⲛⲉ"/><!-- ⲛⲉ -->
<feat xlink:href="#norm_16" value="ⲩ"/><!-- ⲩ -->
<feat xlink:href="#norm_17" value="ϣⲟⲟⲡ"/><!-- ϣⲟⲟⲡ -->
<feat xlink:href="#norm_18" value="ⲡⲉ"/><!-- ⲡⲉ -->
<feat xlink:href="#norm_19" value="ϩⲁ"/><!-- ϩⲁ -->
<feat xlink:href="#norm_20" value="ⲧⲉ"/><!-- ⲧⲉ -->
<feat xlink:href="#norm_21" value="ⲕⲗⲟⲟⲗⲉ"/><!-- ⲕⲗⲟⲟⲗⲉ -->
<feat xlink:href="#norm_22" value="."/><!-- . -->
<feat xlink:href="#norm_23" value="ⲁⲩⲱ"/><!-- ⲁⲩⲱ -->
<feat xlink:href="#norm_24" value="ⲁ"/><!-- ⲁ -->
<feat xlink:href="#norm_25" value="ⲩ"/><!-- ⲩ -->
<feat xlink:href="#norm_26" value="ⲉⲓ"/><!-- ⲉⲓ -->
<feat xlink:href="#norm_27" value="ⲉⲃⲟⲗ"/><!-- ⲉⲃⲟⲗ -->
<feat xlink:href="#norm_28" value="ⲧⲏⲣ"/><!-- ⲧⲏⲣ -->
<feat xlink:href="#norm_29" value="ⲟⲩ"/><!-- ⲟⲩ -->
<feat xlink:href="#norm_30" value="ϩⲓⲧⲛ"/><!-- ϩⲓⲧⲛ -->
<feat xlink:href="#norm_31" value="ⲑⲁⲗⲁⲥⲥⲁ"/><!-- ⲑⲁⲗⲁⲥⲥⲁ -->
<feat xlink:href="#norm_32" value="."/><!-- . -->
<feat xlink:href="#norm_33" value="ⲁⲩⲱ"/><!-- ⲁⲩⲱ -->
<feat xlink:href="#norm_34" value="ⲛⲧⲟⲟⲩ"/><!-- ⲛⲧⲟⲟⲩ -->
<feat xlink:href="#norm_35" value="ⲧⲏⲣ"/><!-- ⲧⲏⲣ -->
<feat xlink:href="#norm_36" value="ⲟⲩ"/><!-- ⲟⲩ -->
<feat xlink:href="#norm_37" value="ⲁ"/><!-- ⲁ -->
<feat xlink:href="#norm_38" value="ⲩ"/><!-- ⲩ -->
<feat xlink:href="#norm_39" value="ⲃⲁⲡⲧⲓⲍⲉ"/><!-- ⲃⲁⲡⲧⲓⲍⲉ -->
<feat xlink:href="#norm_40" value="ⲉ"/><!-- ⲉ -->
<feat xlink:href="#norm_41" value="ⲙⲱⲩⲥⲏⲥ"/><!-- ⲙⲱⲩⲥⲏⲥ -->
<feat xlink:href="#norm_42" value="ϩⲛ"/><!-- ϩⲛ -->
<feat xlink:href="#norm_43" value="ⲧⲉ"/><!-- ⲧⲉ -->
<feat xlink:href="#norm_44" value="ⲕⲗⲟⲟⲗⲉ"/><!-- ⲕⲗⲟⲟⲗⲉ -->
<feat xlink:href="#norm_45" value="ⲙⲛ"/><!-- ⲙⲛ -->
<feat xlink:href="#norm_46" value="ⲑⲁⲗⲁⲥⲥⲁ"/><!-- ⲑⲁⲗⲁⲥⲥⲁ -->
<feat xlink:href="#norm_47" value="."/><!-- . -->
<feat xlink:href="#norm_48" value="ⲁⲩⲱ"/><!-- ⲁⲩⲱ -->
<feat xlink:href="#norm_49" value="ⲛⲧⲟⲟⲩ"/><!-- ⲛⲧⲟⲟⲩ -->
<feat xlink:href="#norm_50" value="ⲧⲏⲣ"/><!-- ⲧⲏⲣ -->
<feat xlink:href="#norm_51" value="ⲟⲩ"/><!-- ⲟⲩ -->
<feat xlink:href="#norm_52" value="ⲁ"/><!-- ⲁ -->
<feat xlink:href="#norm_53" value="ⲩ"/><!-- ⲩ -->
<feat xlink:href="#norm_54" value="ⲟⲩⲱⲙ"/><!-- ⲟⲩⲱⲙ -->
<feat xlink:href="#norm_55" value="ⲛ"/><!-- ⲛ -->
<feat xlink:href="#norm_56" value="ⲟⲩ"/><!-- ⲟⲩ -->
<feat xlink:href="#norm_57" value="ϩⲣⲉ"/><!-- ϩⲣⲉ -->
<feat xlink:href="#norm_58" value="ⲛ"/><!-- ⲛ -->
<feat xlink:href="#norm_59" value="ⲟⲩⲱⲧ"/><!-- ⲟⲩⲱⲧ -->
<feat xlink:href="#norm_60" value="ⲙ"/><!-- ⲙ -->
<feat xlink:href="#norm_61" value="ⲡⲛⲉⲩⲙⲁⲧⲓⲕⲟⲛ"/><!-- ⲡⲛⲉⲩⲙⲁⲧⲓⲕⲟⲛ -->
<feat xlink:href="#norm_62" value="."/><!-- . -->
<feat xlink:href="#norm_63" value="ⲁⲩⲱ"/><!-- ⲁⲩⲱ -->
<feat xlink:href="#norm_64" value="ⲛⲧⲟⲟⲩ"/><!-- ⲛⲧⲟⲟⲩ -->
<feat xlink:href="#norm_65" value="ⲧⲏⲣ"/><!-- ⲧⲏⲣ -->
<feat xlink:href="#norm_66" value="ⲟⲩ"/><!-- ⲟⲩ -->
<feat xlink:href="#norm_67" value="ⲁ"/><!-- ⲁ -->
<feat xlink:href="#norm_68" value="ⲩ"/><!-- ⲩ -->
<feat xlink:href="#norm_69" value="ⲥⲱ"/><!-- ⲥⲱ -->
<feat xlink:href="#norm_70" value="ⲛ"/><!-- ⲛ -->
<feat xlink:href="#norm_71" value="ⲟⲩ"/><!-- ⲟⲩ -->
<feat xlink:href="#norm_72" value="ⲥⲱ"/><!-- ⲥⲱ -->
<feat xlink:href="#norm_73" value="ⲛ"/><!-- ⲛ -->
<feat xlink:href="#norm_74" value="ⲟⲩⲱⲧ"/><!-- ⲟⲩⲱⲧ -->
<feat xlink:href="#norm_75" value="ⲙ"/><!-- ⲙ -->
<feat xlink:href="#norm_76" value="ⲡⲛⲉⲩⲙⲁⲧⲓⲕⲟⲛ"/><!-- ⲡⲛⲉⲩⲙⲁⲧⲓⲕⲟⲛ -->
<feat xlink:href="#norm_77" value="."/><!-- . -->
<feat xlink:href="#norm_78" value="ⲁ"/><!-- ⲁ -->
<feat xlink:href="#norm_79" value="ⲩ"/><!-- ⲩ -->
<feat xlink:href="#norm_80" value="ⲥⲱ"/><!-- ⲥⲱ -->
<feat xlink:href="#norm_81" value="ⲅⲁⲣ"/><!-- ⲅⲁⲣ -->
<feat xlink:href="#norm_82" value="ⲉⲃⲟⲗ"/><!-- ⲉⲃⲟⲗ -->
<feat xlink:href="#norm_83" value="ϩⲛ"/><!-- ϩⲛ -->
<feat xlink:href="#norm_84" value="ⲟⲩⲡⲛⲉⲩⲙⲁⲧⲓⲕⲏ"/><!-- ⲟⲩⲡⲛⲉⲩⲙⲁⲧⲓⲕⲏ -->
<feat xlink:href="#norm_85" value="ⲙ"/><!-- ⲙ -->
<feat xlink:href="#norm_86" value="ⲡⲉⲧⲣⲁ"/><!-- ⲡⲉⲧⲣⲁ -->
<feat xlink:href="#norm_87" value="ⲉ"/><!-- ⲉ -->
<feat xlink:href="#norm_88" value="ⲥ"/><!-- ⲥ -->
<feat xlink:href="#norm_89" value="ⲟⲩⲏϩ"/><!-- ⲟⲩⲏϩ -->
<feat xlink:href="#norm_90" value="ⲛⲥⲱ"/><!-- ⲛⲥⲱ -->
<feat xlink:href="#norm_91" value="ⲟⲩ"/><!-- ⲟⲩ -->
<feat xlink:href="#norm_92" value="."/><!-- . -->
<feat xlink:href="#norm_93" value="ⲧⲡⲉⲧⲣⲁ"/><!-- ⲧⲡⲉⲧⲣⲁ -->
<feat xlink:href="#norm_94" value="ⲇⲉ"/><!-- ⲇⲉ -->
<feat xlink:href="#norm_95" value="ⲛⲉ"/><!-- ⲛⲉ -->
<feat xlink:href="#norm_96" value="ⲡⲉ"/><!-- ⲡⲉ -->
<feat xlink:href="#norm_97" value="ⲭⲣⲓⲥⲧⲟⲥ"/><!-- ⲭⲣⲓⲥⲧⲟⲥ -->
<feat xlink:href="#norm_98" value="ⲡⲉ"/><!-- ⲡⲉ -->
<feat xlink:href="#norm_99" value="."/><!-- . -->
<feat xlink:href="#norm_100" value="ⲁⲗⲗⲁ"/><!-- ⲁⲗⲗⲁ -->
<feat xlink:href="#norm_101" value="ⲙⲡⲉ"/><!-- ⲙⲡⲉ -->
<feat xlink:href="#norm_102" value="ⲡ"/><!-- ⲡ -->
<feat xlink:href="#norm_103" value="ⲛⲟⲩⲧⲉ"/><!-- ⲛⲟⲩⲧⲉ -->
<feat xlink:href="#norm_104" value="ⲱⲕ"/><!-- ⲱⲕ -->
<feat xlink:href="#norm_105" value="ⲛϩⲏⲧ"/><!-- ⲛϩⲏⲧ -->
<feat xlink:href="#norm_106" value="ⲙⲛ"/><!-- ⲙⲛ -->
<feat xlink:href="#norm_107" value="ⲡⲉⲩ"/><!-- ⲡⲉⲩ -->
<feat xlink:href="#norm_108" value="ϩⲟⲩⲟ"/><!-- ϩⲟⲩⲟ -->
<feat xlink:href="#norm_109" value="."/><!-- . -->
<feat xlink:href="#norm_110" value="ⲁⲩⲡⲟⲣϣⲟⲩ"/><!-- ⲁⲩⲡⲟⲣϣⲟⲩ -->
<feat xlink:href="#norm_111" value="ⲅⲁⲣ"/><!-- ⲅⲁⲣ -->
<feat xlink:href="#norm_112" value="ϩⲙ"/><!-- ϩⲙ -->
<feat xlink:href="#norm_113" value="ⲡ"/><!-- ⲡ -->
<feat xlink:href="#norm_114" value="ϫⲁⲓⲉ"/><!-- ϫⲁⲓⲉ -->
<feat xlink:href="#norm_115" value="."/><!-- . -->
<feat xlink:href="#norm_116" value="ⲛⲁⲓ"/><!-- ⲛⲁⲓ -->
<feat xlink:href="#norm_117" value="ⲇⲉ"/><!-- ⲇⲉ -->
<feat xlink:href="#norm_118" value="ⲉⲛⲧ"/><!-- ⲉⲛⲧ -->
<feat xlink:href="#norm_119" value="ⲁ"/><!-- ⲁ -->
<feat xlink:href="#norm_120" value="ⲩ"/><!-- ⲩ -->
<feat xlink:href="#norm_121" value="ϣⲱⲡⲉ"/><!-- ϣⲱⲡⲉ -->
<feat xlink:href="#norm_122" value="ⲛⲁ"/><!-- ⲛⲁ -->
<feat xlink:href="#norm_123" value="ⲛ"/><!-- ⲛ -->
<feat xlink:href="#norm_124" value="ⲛ"/><!-- ⲛ -->
<feat xlink:href="#norm_125" value="ⲥⲙⲟⲧ"/><!-- ⲥⲙⲟⲧ -->
<feat xlink:href="#norm_126" value="ⲉ"/><!-- ⲉ -->
<feat xlink:href="#norm_127" value="ⲧⲙ"/><!-- ⲧⲙ -->
<feat xlink:href="#norm_128" value="ⲧⲣⲉ"/><!-- ⲧⲣⲉ -->
<feat xlink:href="#norm_129" value="ⲛ"/><!-- ⲛ -->
<feat xlink:href="#norm_130" value="ϣⲱⲡⲉ"/><!-- ϣⲱⲡⲉ -->
<feat xlink:href="#norm_131" value="ⲛⲣⲉϥⲉⲡⲓⲑⲩⲙⲓ"/><!-- ⲛⲣⲉϥⲉⲡⲓⲑⲩⲙⲓ -->
<feat xlink:href="#norm_132" value="ⲉⲛⲉⲑⲟⲟⲩ"/><!-- ⲉⲛⲉⲑⲟⲟⲩ -->
<feat xlink:href="#norm_133" value="ⲕⲁⲧⲁ"/><!-- ⲕⲁⲧⲁ -->
<feat xlink:href="#norm_134" value="ⲧ"/><!-- ⲧ -->
<feat xlink:href="#norm_135" value="ϩⲉ"/><!-- ϩⲉ -->
<feat xlink:href="#norm_136" value="ⲉⲛⲧⲁ"/><!-- ⲉⲛⲧⲁ -->
<feat xlink:href="#norm_137" value="ⲛⲏ"/><!-- ⲛⲏ -->
<feat xlink:href="#norm_138" value="ⲉⲡⲓⲑⲩⲙⲉⲓ"/><!-- ⲉⲡⲓⲑⲩⲙⲉⲓ -->
<feat xlink:href="#norm_139" value="."/><!-- . -->
<feat xlink:href="#norm_140" value="ⲟⲩⲇⲉ"/><!-- ⲟⲩⲇⲉ -->
<feat xlink:href="#norm_141" value="ⲙⲡⲣ"/><!-- ⲙⲡⲣ -->
<feat xlink:href="#norm_142" value="ϣⲱⲡⲉ"/><!-- ϣⲱⲡⲉ -->
<feat xlink:href="#norm_143" value="ⲛⲣⲉϥϣⲙϣⲉ"/><!-- ⲛⲣⲉϥϣⲙϣⲉ -->
<feat xlink:href="#norm_144" value="ⲉⲓⲇⲱⲗⲟⲛ"/><!-- ⲉⲓⲇⲱⲗⲟⲛ -->
<feat xlink:href="#norm_145" value="ⲕⲁⲧⲁ"/><!-- ⲕⲁⲧⲁ -->
<feat xlink:href="#norm_146" value="ⲧ"/><!-- ⲧ -->
<feat xlink:href="#norm_147" value="ϩⲉ"/><!-- ϩⲉ -->
<feat xlink:href="#norm_148" value="ⲛ"/><!-- ⲛ -->
<feat xlink:href="#norm_149" value="ϩⲟⲓⲛⲉ"/><!-- ϩⲟⲓⲛⲉ -->
<feat xlink:href="#norm_150" value="ⲙⲙⲟ"/><!-- ⲙⲙⲟ -->
<feat xlink:href="#norm_151" value="ⲟⲩ"/><!-- ⲟⲩ -->
<feat xlink:href="#norm_152" value="."/><!-- . -->
<feat xlink:href="#norm_153" value="ⲛ"/><!-- ⲛ -->
<feat xlink:href="#norm_154" value="ⲧ"/><!-- ⲧ -->
<feat xlink:href="#norm_155" value="ϩⲉ"/><!-- ϩⲉ -->
<feat xlink:href="#norm_156" value="ⲉⲧ"/><!-- ⲉⲧ -->
<feat xlink:href="#norm_157" value="ⲥⲏϩ"/><!-- ⲥⲏϩ -->
<feat xlink:href="#norm_158" value="ϫⲉ"/><!-- ϫⲉ -->
<feat xlink:href="#norm_159" value="ⲁ"/><!-- ⲁ -->
<feat xlink:href="#norm_160" value="ϥ"/><!-- ϥ -->
<feat xlink:href="#norm_161" value="ϩⲙⲟⲟⲥ"/><!-- ϩⲙⲟⲟⲥ -->
<feat xlink:href="#norm_162" value="ⲛϭⲓ"/><!-- ⲛϭⲓ -->
<feat xlink:href="#norm_163" value="ⲡ"/><!-- ⲡ -->
<feat xlink:href="#norm_164" value="ⲗⲁⲟⲥ"/><!-- ⲗⲁⲟⲥ -->
<feat xlink:href="#norm_165" value="ⲉ"/><!-- ⲉ -->
<feat xlink:href="#norm_166" value="ⲟⲩⲱⲙ"/><!-- ⲟⲩⲱⲙ -->
<feat xlink:href="#norm_167" value="ⲉ"/><!-- ⲉ -->
<feat xlink:href="#norm_168" value="ⲥⲱ"/><!-- ⲥⲱ -->
<feat xlink:href="#norm_169" value="."/><!-- . -->
<feat xlink:href="#norm_170" value="ⲁⲩⲱ"/><!-- ⲁⲩⲱ -->
<feat xlink:href="#norm_171" value="ⲁ"/><!-- ⲁ -->
<feat xlink:href="#norm_172" value="ⲩ"/><!-- ⲩ -->
<feat xlink:href="#norm_173" value="ⲧⲱⲟⲩⲛ"/><!-- ⲧⲱⲟⲩⲛ -->
<feat xlink:href="#norm_174" value="ⲉ"/><!-- ⲉ -->
<feat xlink:href="#norm_175" value="ⲥⲱⲃⲉ"/><!-- ⲥⲱⲃⲉ -->
<feat xlink:href="#norm_176" value="."/><!-- . -->
<feat xlink:href="#norm_177" value="ⲟⲩⲇⲉ"/><!-- ⲟⲩⲇⲉ -->
<feat xlink:href="#norm_178" value="ⲙⲡⲣⲧⲣⲉ"/><!-- ⲙⲡⲣⲧⲣⲉ -->
<feat xlink:href="#norm_179" value="ⲛ"/><!-- ⲛ -->
<feat xlink:href="#norm_180" value="ⲡⲟⲣⲛⲉⲩⲉ"/><!-- ⲡⲟⲣⲛⲉⲩⲉ -->
<feat xlink:href="#norm_181" value="ⲛ"/><!-- ⲛ -->
<feat xlink:href="#norm_182" value="ⲧ"/><!-- ⲧ -->
<feat xlink:href="#norm_183" value="ϩⲉ"/><!-- ϩⲉ -->
<feat xlink:href="#norm_184" value="ⲉⲛⲧⲁ"/><!-- ⲉⲛⲧⲁ -->
<feat xlink:href="#norm_185" value="ϩⲟⲓⲛⲉ"/><!-- ϩⲟⲓⲛⲉ -->
<feat xlink:href="#norm_186" value="ⲙⲙⲟ"/><!-- ⲙⲙⲟ -->
<feat xlink:href="#norm_187" value="ⲟⲩ"/><!-- ⲟⲩ -->
<feat xlink:href="#norm_188" value="ⲡⲟⲣⲛⲉⲩⲉ"/><!-- ⲡⲟⲣⲛⲉⲩⲉ -->
<feat xlink:href="#norm_189" value="."/><!-- . -->
<feat xlink:href="#norm_190" value="ⲁⲩⲱ"/><!-- ⲁⲩⲱ -->
<feat xlink:href="#norm_191" value="ⲁ"/><!-- ⲁ -->
<feat xlink:href="#norm_192" value="ⲩ"/><!-- ⲩ -->
<feat xlink:href="#norm_193" value="ϩⲉ"/><!-- ϩⲉ -->
<feat xlink:href="#norm_194" value="ⲛ"/><!-- ⲛ -->
<feat xlink:href="#norm_195" value="ⲟⲩ"/><!-- ⲟⲩ -->
<feat xlink:href="#norm_196" value="ϩⲟⲟⲩ"/><!-- ϩⲟⲟⲩ -->
<feat xlink:href="#norm_197" value="ⲛ"/><!-- ⲛ -->
<feat xlink:href="#norm_198" value="ⲟⲩⲱⲧ"/><!-- ⲟⲩⲱⲧ -->
<feat xlink:href="#norm_199" value="ⲛϭⲓ"/><!-- ⲛϭⲓ -->
<feat xlink:href="#norm_200" value="ϫⲟⲩⲧϣⲟⲙⲧⲉ"/><!-- ϫⲟⲩⲧϣⲟⲙⲧⲉ -->
<feat xlink:href="#norm_201" value="ⲛ"/><!-- ⲛ -->
<feat xlink:href="#norm_202" value="ϣⲟ"/><!-- ϣⲟ -->
<feat xlink:href="#norm_203" value="."/><!-- . -->
<feat xlink:href="#norm_204" value="ⲟⲩⲇⲉ"/><!-- ⲟⲩⲇⲉ -->
<feat xlink:href="#norm_205" value="ⲙⲡⲣⲧⲣⲉ"/><!-- ⲙⲡⲣⲧⲣⲉ -->
<feat xlink:href="#norm_206" value="ⲛ"/><!-- ⲛ -->
<feat xlink:href="#norm_207" value="ⲡⲉⲓⲣⲁⲍⲉ"/><!-- ⲡⲉⲓⲣⲁⲍⲉ -->
<feat xlink:href="#norm_208" value="ⲙ"/><!-- ⲙ -->
<feat xlink:href="#norm_209" value="ⲡⲉ"/><!-- ⲡⲉ -->
<feat xlink:href="#norm_210" value="ⲭⲣⲓⲥⲧⲟⲥ"/><!-- ⲭⲣⲓⲥⲧⲟⲥ -->
<feat xlink:href="#norm_211" value="ⲕⲁⲧⲁ"/><!-- ⲕⲁⲧⲁ -->
<feat xlink:href="#norm_212" value="ⲧ"/><!-- ⲧ -->
<feat xlink:href="#norm_213" value="ϩⲉ"/><!-- ϩⲉ -->
<feat xlink:href="#norm_214" value="ⲉⲛⲧⲁ"/><!-- ⲉⲛⲧⲁ -->
<feat xlink:href="#norm_215" value="ϩⲟⲓⲛⲉ"/><!-- ϩⲟⲓⲛⲉ -->
<feat xlink:href="#norm_216" value="ⲙⲙⲟ"/><!-- ⲙⲙⲟ -->
<feat xlink:href="#norm_217" value="ⲟⲩ"/><!-- ⲟⲩ -->
<feat xlink:href="#norm_218" value="ⲡⲉⲓⲣⲁⲍⲉ"/><!-- ⲡⲉⲓⲣⲁⲍⲉ -->
<feat xlink:href="#norm_219" value="."/><!-- . -->
<feat xlink:href="#norm_220" value="ⲁⲩⲱ"/><!-- ⲁⲩⲱ -->
<feat xlink:href="#norm_221" value="ⲁ"/><!-- ⲁ -->
<feat xlink:href="#norm_222" value="ⲩ"/><!-- ⲩ -->
<feat xlink:href="#norm_223" value="ϩⲉ"/><!-- ϩⲉ -->
<feat xlink:href="#norm_224" value="ⲉⲃⲟⲗ"/><!-- ⲉⲃⲟⲗ -->
<feat xlink:href="#norm_225" value="ϩⲓⲧⲛ"/><!-- ϩⲓⲧⲛ -->
<feat xlink:href="#norm_226" value="ⲛ"/><!-- ⲛ -->
<feat xlink:href="#norm_227" value="ϩⲟϥ"/><!-- ϩⲟϥ -->
<feat xlink:href="#norm_228" value="."/><!-- . -->
<feat xlink:href="#norm_229" value="ⲟⲩⲇⲉ"/><!-- ⲟⲩⲇⲉ -->
<feat xlink:href="#norm_230" value="ⲙⲡⲣⲕⲣⲙⲣⲙ"/><!-- ⲙⲡⲣⲕⲣⲙⲣⲙ -->
<feat xlink:href="#norm_231" value="ⲕⲁⲧⲁ"/><!-- ⲕⲁⲧⲁ -->
<feat xlink:href="#norm_232" value="ⲧ"/><!-- ⲧ -->
<feat xlink:href="#norm_233" value="ϩⲉ"/><!-- ϩⲉ -->
<feat xlink:href="#norm_234" value="ⲉⲛⲧⲁ"/><!-- ⲉⲛⲧⲁ -->
<feat xlink:href="#norm_235" value="ϩⲟⲓⲛⲉ"/><!-- ϩⲟⲓⲛⲉ -->
<feat xlink:href="#norm_236" value="ⲙⲙⲟ"/><!-- ⲙⲙⲟ -->
<feat xlink:href="#norm_237" value="ⲟⲩ"/><!-- ⲟⲩ -->
<feat xlink:href="#norm_238" value="ⲕⲣⲙⲣⲙ"/><!-- ⲕⲣⲙⲣⲙ -->
<feat xlink:href="#norm_239" value="ⲁⲩⲱ"/><!-- ⲁⲩⲱ -->
<feat xlink:href="#norm_240" value="ⲁ"/><!-- ⲁ -->
<feat xlink:href="#norm_241" value="ⲩ"/><!-- ⲩ -->
<feat xlink:href="#norm_242" value="ϩⲉ"/><!-- ϩⲉ -->
<feat xlink:href="#norm_243" value="ⲉⲃⲟⲗ"/><!-- ⲉⲃⲟⲗ -->
<feat xlink:href="#norm_244" value="ϩⲓⲧⲙ"/><!-- ϩⲓⲧⲙ -->
<feat xlink:href="#norm_245" value="ⲡⲉϣⲁϥⲧⲁⲕⲟ"/><!-- ⲡⲉϣⲁϥⲧⲁⲕⲟ -->
<feat xlink:href="#norm_246" value="."/><!-- . -->
<feat xlink:href="#norm_247" value="ⲛⲁⲓ"/><!-- ⲛⲁⲓ -->
<feat xlink:href="#norm_248" value="ⲇⲉ"/><!-- ⲇⲉ -->
<feat xlink:href="#norm_249" value="ϩⲉⲛ"/><!-- ϩⲉⲛ -->
<feat xlink:href="#norm_250" value="ⲧⲩⲡⲟⲥ"/><!-- ⲧⲩⲡⲟⲥ -->
<feat xlink:href="#norm_251" value="ⲛⲉ"/><!-- ⲛⲉ -->
<feat xlink:href="#norm_252" value="ⲛ"/><!-- ⲛ -->
<feat xlink:href="#norm_253" value="ⲧ"/><!-- ⲧ -->
<feat xlink:href="#norm_254" value="ϩⲉ"/><!-- ϩⲉ -->
<feat xlink:href="#norm_255" value="ⲉⲛⲧ"/><!-- ⲉⲛⲧ -->
<feat xlink:href="#norm_256" value="ⲁ"/><!-- ⲁ -->
<feat xlink:href="#norm_257" value="ⲩ"/><!-- ⲩ -->
<feat xlink:href="#norm_258" value="ϣⲱⲡⲉ"/><!-- ϣⲱⲡⲉ -->
<feat xlink:href="#norm_259" value="ⲛⲛⲏ"/><!-- ⲛⲛⲏ -->
<feat xlink:href="#norm_260" value="."/><!-- . -->
<feat xlink:href="#norm_261" value="ⲁ"/><!-- ⲁ -->
<feat xlink:href="#norm_262" value="ⲩ"/><!-- ⲩ -->
<feat xlink:href="#norm_263" value="ⲥϩⲁⲓ"/><!-- ⲥϩⲁⲓ -->
<feat xlink:href="#norm_264" value="ⲥⲟⲩ"/><!-- ⲥⲟⲩ -->
<feat xlink:href="#norm_265" value="ⲇⲉ"/><!-- ⲇⲉ -->
<feat xlink:href="#norm_266" value="ⲛⲁ"/><!-- ⲛⲁ -->
<feat xlink:href="#norm_267" value="ⲛ"/><!-- ⲛ -->
<feat xlink:href="#norm_268" value="ⲉ"/><!-- ⲉ -->
<feat xlink:href="#norm_269" value="ⲩ"/><!-- ⲩ -->
<feat xlink:href="#norm_270" value="ⲥⲃⲱ"/><!-- ⲥⲃⲱ -->
<feat xlink:href="#norm_271" value="ⲛⲁⲓ"/><!-- ⲛⲁⲓ -->
<feat xlink:href="#norm_272" value="ⲉⲛⲧⲁⲑⲁⲏ"/><!-- ⲉⲛⲧⲁⲑⲁⲏ -->
<feat xlink:href="#norm_273" value="ⲛ"/><!-- ⲛ -->
<feat xlink:href="#norm_274" value="ⲛ"/><!-- ⲛ -->
<feat xlink:href="#norm_275" value="ⲁⲓⲱⲛ"/><!-- ⲁⲓⲱⲛ -->
<feat xlink:href="#norm_276" value="ⲕⲁⲧⲁⲛⲧⲁ"/><!-- ⲕⲁⲧⲁⲛⲧⲁ -->
<feat xlink:href="#norm_277" value="ⲉⲣⲟ"/><!-- ⲉⲣⲟ -->
<feat xlink:href="#norm_278" value="ⲟⲩ"/><!-- ⲟⲩ -->
<feat xlink:href="#norm_279" value="."/><!-- . -->
<feat xlink:href="#norm_280" value="ϩⲱⲥⲧⲉ"/><!-- ϩⲱⲥⲧⲉ -->
<feat xlink:href="#norm_281" value="ⲡ"/><!-- ⲡ -->
<feat xlink:href="#norm_282" value="ⲉⲧ"/><!-- ⲉⲧ -->
<feat xlink:href="#norm_283" value="ϫⲱ"/><!-- ϫⲱ -->
<feat xlink:href="#norm_284" value="ⲙⲙⲟ"/><!-- ⲙⲙⲟ -->
<feat xlink:href="#norm_285" value="ⲥ"/><!-- ⲥ -->
<feat xlink:href="#norm_286" value="ϫⲉ"/><!-- ϫⲉ -->
<feat xlink:href="#norm_287" value="ϯ"/><!-- ϯ -->
<feat xlink:href="#norm_288" value="ⲁϩⲉⲣⲁⲧ"/><!-- ⲁϩⲉⲣⲁⲧ -->
<feat xlink:href="#norm_289" value="ⲙⲁⲣⲉ"/><!-- ⲙⲁⲣⲉ -->
<feat xlink:href="#norm_290" value="ϥ"/><!-- ϥ -->
<feat xlink:href="#norm_291" value="ϭⲱϣⲧ"/><!-- ϭⲱϣⲧ -->
<feat xlink:href="#norm_292" value="ⲙⲏⲡⲱⲥ"/><!-- ⲙⲏⲡⲱⲥ -->
<feat xlink:href="#norm_293" value="ⲛ"/><!-- ⲛ -->
<feat xlink:href="#norm_294" value="ϥ"/><!-- ϥ -->
<feat xlink:href="#norm_295" value="ϩⲉ"/><!-- ϩⲉ -->
<feat xlink:href="#norm_296" value="."/><!-- . -->
<feat xlink:href="#norm_297" value="ⲙⲡⲉ"/><!-- ⲙⲡⲉ -->
<feat xlink:href="#norm_298" value="ⲡⲉⲓⲣⲁⲥⲙⲟⲥ"/><!-- ⲡⲉⲓⲣⲁⲥⲙⲟⲥ -->
<feat xlink:href="#norm_299" value="ⲧⲁϩⲱⲧⲛ"/><!-- ⲧⲁϩⲱⲧⲛ -->
<feat xlink:href="#norm_300" value="ⲛⲥⲁ"/><!-- ⲛⲥⲁ -->
<feat xlink:href="#norm_301" value="ⲡⲉⲓⲣⲁⲥⲙⲟⲥ"/><!-- ⲡⲉⲓⲣⲁⲥⲙⲟⲥ -->
<feat xlink:href="#norm_302" value="ⲛ"/><!-- ⲛ -->
<feat xlink:href="#norm_303" value="ⲣⲱⲙⲉ"/><!-- ⲣⲱⲙⲉ -->
<feat xlink:href="#norm_304" value="."/><!-- . -->
<feat xlink:href="#norm_305" value="ⲟⲩ"/><!-- ⲟⲩ -->
<feat xlink:href="#norm_306" value="ⲡⲓⲥⲧⲟⲥ"/><!-- ⲡⲓⲥⲧⲟⲥ -->
<feat xlink:href="#norm_307" value="ⲇⲉ"/><!-- ⲇⲉ -->
<feat xlink:href="#norm_308" value="ⲡⲉ"/><!-- ⲡⲉ -->
<feat xlink:href="#norm_309" value="ⲡ"/><!-- ⲡ -->
<feat xlink:href="#norm_310" value="ⲛⲟⲩⲧⲉ"/><!-- ⲛⲟⲩⲧⲉ -->
<feat xlink:href="#norm_311" value="ⲡⲁⲓ"/><!-- ⲡⲁⲓ -->
<feat xlink:href="#norm_312" value="ⲉⲧⲉⲛϥⲛⲁⲕⲁⲁⲩ"/><!-- ⲉⲧⲉⲛϥⲛⲁⲕⲁⲁⲩ -->
<feat xlink:href="#norm_313" value="ⲁⲛ"/><!-- ⲁⲛ -->
<feat xlink:href="#norm_314" value="ⲉ"/><!-- ⲉ -->
<feat xlink:href="#norm_315" value="ⲡⲉⲓⲣⲁⲍⲉ"/><!-- ⲡⲉⲓⲣⲁⲍⲉ -->
<feat xlink:href="#norm_316" value="ⲙⲙⲱ"/><!-- ⲙⲙⲱ -->
<feat xlink:href="#norm_317" value="ⲧⲛ"/><!-- ⲧⲛ -->
<feat xlink:href="#norm_318" value="ⲛϩⲟⲩⲟ"/><!-- ⲛϩⲟⲩⲟ -->
<feat xlink:href="#norm_319" value="ⲉ"/><!-- ⲉ -->
<feat xlink:href="#norm_320" value="ⲧⲉⲧⲛ"/><!-- ⲧⲉⲧⲛ -->
<feat xlink:href="#norm_321" value="ϭⲟⲙ"/><!-- ϭⲟⲙ -->
<feat xlink:href="#norm_322" value="."/><!-- . -->
<feat xlink:href="#norm_323" value="ⲁⲗⲗⲁ"/><!-- ⲁⲗⲗⲁ -->
<feat xlink:href="#norm_324" value="ϩⲙ"/><!-- ϩⲙ -->
<feat xlink:href="#norm_325" value="ⲡ"/><!-- ⲡ -->
<feat xlink:href="#norm_326" value="ⲡⲉⲓⲣⲁⲥⲙⲟⲥ"/><!-- ⲡⲉⲓⲣⲁⲥⲙⲟⲥ -->
<feat xlink:href="#norm_327" value="ϥ"/><!-- ϥ -->
<feat xlink:href="#norm_328" value="ⲛⲁ"/><!-- ⲛⲁ -->
<feat xlink:href="#norm_329" value="ϯⲑⲉ"/><!-- ϯⲑⲉ -->
<feat xlink:href="#norm_330" value="ⲛⲏ"/><!-- ⲛⲏ -->
<feat xlink:href="#norm_331" value="ⲧⲛ"/><!-- ⲧⲛ -->
<feat xlink:href="#norm_332" value="ⲉ"/><!-- ⲉ -->
<feat xlink:href="#norm_333" value="ⲉⲓ"/><!-- ⲉⲓ -->
<feat xlink:href="#norm_334" value="ⲉⲃⲟⲗ"/><!-- ⲉⲃⲟⲗ -->
<feat xlink:href="#norm_335" value="ϩⲁⲣⲟ"/><!-- ϩⲁⲣⲟ -->
<feat xlink:href="#norm_336" value="ϥ"/><!-- ϥ -->
<feat xlink:href="#norm_337" value="ⲉⲡⲧⲣⲉⲧⲛⲉϣϭⲙϭⲟⲙ"/><!-- ⲉⲡⲧⲣⲉⲧⲛⲉϣϭⲙϭⲟⲙ -->
<feat xlink:href="#norm_338" value="ⲉ"/><!-- ⲉ -->
<feat xlink:href="#norm_339" value="ϥ"/><!-- ϥ -->
<feat xlink:href="#norm_340" value="ⲓ"/><!-- ⲓ -->
<feat xlink:href="#norm_341" value="."/><!-- . -->
<feat xlink:href="#norm_342" value="ⲉⲧⲃⲉ"/><!-- ⲉⲧⲃⲉ -->
<feat xlink:href="#norm_343" value="ⲡⲁⲓ"/><!-- ⲡⲁⲓ -->
<feat xlink:href="#norm_344" value="ϭⲉ"/><!-- ϭⲉ -->
<feat xlink:href="#norm_345" value="ⲛⲁ"/><!-- ⲛⲁ -->
<feat xlink:href="#norm_346" value="ⲙⲉⲣⲁⲧⲉ"/><!-- ⲙⲉⲣⲁⲧⲉ -->
<feat xlink:href="#norm_347" value="ⲡⲱⲧ"/><!-- ⲡⲱⲧ -->
<feat xlink:href="#norm_348" value="ⲉⲃⲟⲗ"/><!-- ⲉⲃⲟⲗ -->
<feat xlink:href="#norm_349" value="ⲛⲧⲙⲛⲧⲣⲉϥϣⲙϣⲉ"/><!-- ⲛⲧⲙⲛⲧⲣⲉϥϣⲙϣⲉ -->
<feat xlink:href="#norm_350" value="ⲉⲓⲇⲱⲗⲟⲛ"/><!-- ⲉⲓⲇⲱⲗⲟⲛ -->
<feat xlink:href="#norm_351" value="."/><!-- . -->
<feat xlink:href="#norm_352" value="ⲉ"/><!-- ⲉ -->
<feat xlink:href="#norm_353" value="ⲓ"/><!-- ⲓ -->
<feat xlink:href="#norm_354" value="ϫⲱ"/><!-- ϫⲱ -->
<feat xlink:href="#norm_355" value="ⲙⲙⲟ"/><!-- ⲙⲙⲟ -->
<feat xlink:href="#norm_356" value="ⲥ"/><!-- ⲥ -->
<feat xlink:href="#norm_357" value="ⲛⲏ"/><!-- ⲛⲏ -->
<feat xlink:href="#norm_358" value="ⲧⲛ"/><!-- ⲧⲛ -->
<feat xlink:href="#norm_359" value="ϩⲱⲥ"/><!-- ϩⲱⲥ -->
<feat xlink:href="#norm_360" value="ⲥⲁⲃⲉⲉⲩ"/><!-- ⲥⲁⲃⲉⲉⲩ -->
<feat xlink:href="#norm_361" value="."/><!-- . -->
<feat xlink:href="#norm_362" value="ⲕⲣⲓⲛⲉ"/><!-- ⲕⲣⲓⲛⲉ -->
<feat xlink:href="#norm_363" value="ⲛⲧⲱⲧⲛ"/><!-- ⲛⲧⲱⲧⲛ -->
<feat xlink:href="#norm_364" value="ⲙⲡⲉϯⲛⲁϫⲟⲟϥ"/><!-- ⲙⲡⲉϯⲛⲁϫⲟⲟϥ -->
<feat xlink:href="#norm_365" value="."/><!-- . -->
<feat xlink:href="#norm_366" value="ⲡ"/><!-- ⲡ -->
<feat xlink:href="#norm_367" value="ⲁⲡⲟⲧ"/><!-- ⲁⲡⲟⲧ -->
<feat xlink:href="#norm_368" value="ⲙ"/><!-- ⲙ -->
<feat xlink:href="#norm_369" value="ⲡⲉⲥ"/><!-- ⲡⲉⲥ -->
<feat xlink:href="#norm_370" value="ⲙⲟⲩ"/><!-- ⲙⲟⲩ -->
<feat xlink:href="#norm_371" value="ⲉϣⲁⲛⲥⲙⲟⲩ"/><!-- ⲉϣⲁⲛⲥⲙⲟⲩ -->
<feat xlink:href="#norm_372" value="ⲉⲣⲟ"/><!-- ⲉⲣⲟ -->
<feat xlink:href="#norm_373" value="ϥ"/><!-- ϥ -->
<feat xlink:href="#norm_374" value="ⲙⲏ"/><!-- ⲙⲏ -->
<feat xlink:href="#norm_375" value="ⲛ"/><!-- ⲛ -->
<feat xlink:href="#norm_376" value="ⲧ"/><!-- ⲧ -->
<feat xlink:href="#norm_377" value="ⲕⲟⲓⲛⲱⲛⲓⲁ"/><!-- ⲕⲟⲓⲛⲱⲛⲓⲁ -->
<feat xlink:href="#norm_378" value="ⲁⲛ"/><!-- ⲁⲛ -->
<feat xlink:href="#norm_379" value="ⲡⲉ"/><!-- ⲡⲉ -->
<feat xlink:href="#norm_380" value="ⲙ"/><!-- ⲙ -->
<feat xlink:href="#norm_381" value="ⲡⲉ"/><!-- ⲡⲉ -->
<feat xlink:href="#norm_382" value="ⲥⲛⲟϥ"/><!-- ⲥⲛⲟϥ -->
<feat xlink:href="#norm_383" value="ⲙ"/><!-- ⲙ -->
<feat xlink:href="#norm_384" value="ⲡⲉ"/><!-- ⲡⲉ -->
<feat xlink:href="#norm_385" value="ⲭⲣⲓⲥⲧⲟⲥ"/><!-- ⲭⲣⲓⲥⲧⲟⲥ -->
<feat xlink:href="#norm_386" value="."/><!-- . -->
<feat xlink:href="#norm_387" value="ⲡ"/><!-- ⲡ -->
<feat xlink:href="#norm_388" value="ⲟⲉⲓⲕ"/><!-- ⲟⲉⲓⲕ -->
<feat xlink:href="#norm_389" value="ⲉϣⲁⲛⲡⲟϣϥ"/><!-- ⲉϣⲁⲛⲡⲟϣϥ -->
<feat xlink:href="#norm_390" value="ⲙⲏ"/><!-- ⲙⲏ -->
<feat xlink:href="#norm_391" value="ⲛ"/><!-- ⲛ -->
<feat xlink:href="#norm_392" value="ⲧ"/><!-- ⲧ -->
<feat xlink:href="#norm_393" value="ⲕⲟⲓⲛⲱⲛⲓⲁ"/><!-- ⲕⲟⲓⲛⲱⲛⲓⲁ -->
<feat xlink:href="#norm_394" value="ⲁⲛ"/><!-- ⲁⲛ -->
<feat xlink:href="#norm_395" value="ⲡⲉ"/><!-- ⲡⲉ -->
<feat xlink:href="#norm_396" value="ⲙ"/><!-- ⲙ -->
<feat xlink:href="#norm_397" value="ⲡ"/><!-- ⲡ -->
<feat xlink:href="#norm_398" value="ⲥⲱⲙⲁ"/><!-- ⲥⲱⲙⲁ -->
<feat xlink:href="#norm_399" value="ⲙ"/><!-- ⲙ -->
<feat xlink:href="#norm_400" value="ⲡⲉ"/><!-- ⲡⲉ -->
<feat xlink:href="#norm_401" value="ⲭⲣⲓⲥⲧⲟⲥ"/><!-- ⲭⲣⲓⲥⲧⲟⲥ -->
<feat xlink:href="#norm_402" value="."/><!-- . -->
<feat xlink:href="#norm_403" value="ϫⲉ"/><!-- ϫⲉ -->
<feat xlink:href="#norm_404" value="ⲟⲩ"/><!-- ⲟⲩ -->
<feat xlink:href="#norm_405" value="ⲟⲉⲓⲕ"/><!-- ⲟⲉⲓⲕ -->
<feat xlink:href="#norm_406" value="ⲛ"/><!-- ⲛ -->
<feat xlink:href="#norm_407" value="ⲟⲩⲱⲧ"/><!-- ⲟⲩⲱⲧ -->
<feat xlink:href="#norm_408" value="ⲡⲉ"/><!-- ⲡⲉ -->
<feat xlink:href="#norm_409" value="."/><!-- . -->
<feat xlink:href="#norm_410" value="ⲟⲩ"/><!-- ⲟⲩ -->
<feat xlink:href="#norm_411" value="ⲥⲱⲙⲁ"/><!-- ⲥⲱⲙⲁ -->
<feat xlink:href="#norm_412" value="ⲛ"/><!-- ⲛ -->
<feat xlink:href="#norm_413" value="ⲟⲩⲱⲧ"/><!-- ⲟⲩⲱⲧ -->
<feat xlink:href="#norm_414" value="ⲡⲉ"/><!-- ⲡⲉ -->
<feat xlink:href="#norm_415" value="ⲁⲛⲟⲛ"/><!-- ⲁⲛⲟⲛ -->
<feat xlink:href="#norm_416" value="ⲧⲏⲣ"/><!-- ⲧⲏⲣ -->
<feat xlink:href="#norm_417" value="ⲛ"/><!-- ⲛ -->
<feat xlink:href="#norm_418" value="."/><!-- . -->
<feat xlink:href="#norm_419" value="ⲁⲛⲟⲛ"/><!-- ⲁⲛⲟⲛ -->
<feat xlink:href="#norm_420" value="ⲅⲁⲣ"/><!-- ⲅⲁⲣ -->
<feat xlink:href="#norm_421" value="ⲧⲏⲣ"/><!-- ⲧⲏⲣ -->
<feat xlink:href="#norm_422" value="ⲛ"/><!-- ⲛ -->
<feat xlink:href="#norm_423" value="ⲧⲛ"/><!-- ⲧⲛ -->
<feat xlink:href="#norm_424" value="ϫⲓ"/><!-- ϫⲓ -->
<feat xlink:href="#norm_425" value="ⲉⲃⲟⲗ"/><!-- ⲉⲃⲟⲗ -->
<feat xlink:href="#norm_426" value="ϩⲙ"/><!-- ϩⲙ -->
<feat xlink:href="#norm_427" value="ⲡⲓ"/><!-- ⲡⲓ -->
<feat xlink:href="#norm_428" value="ⲟⲉⲓⲕ"/><!-- ⲟⲉⲓⲕ -->
<feat xlink:href="#norm_429" value="ⲛ"/><!-- ⲛ -->
<feat xlink:href="#norm_430" value="ⲟⲩⲱⲧ"/><!-- ⲟⲩⲱⲧ -->
<feat xlink:href="#norm_431" value="."/><!-- . -->
<feat xlink:href="#norm_432" value="ϭⲱϣⲧ"/><!-- ϭⲱϣⲧ -->
<feat xlink:href="#norm_433" value="ⲉⲡⲓⲥⲣⲁⲏⲗ"/><!-- ⲉⲡⲓⲥⲣⲁⲏⲗ -->
<feat xlink:href="#norm_434" value="ⲕⲁⲧⲁ"/><!-- ⲕⲁⲧⲁ -->
<feat xlink:href="#norm_435" value="ⲥⲁⲣⲝ"/><!-- ⲥⲁⲣⲝ -->
<feat xlink:href="#norm_436" value="."/><!-- . -->
<feat xlink:href="#norm_437" value="ⲙⲏ"/><!-- ⲙⲏ -->
<feat xlink:href="#norm_438" value="ⲛ"/><!-- ⲛ -->
<feat xlink:href="#norm_439" value="ⲉⲧ"/><!-- ⲉⲧ -->
<feat xlink:href="#norm_440" value="ⲟⲩⲱⲙ"/><!-- ⲟⲩⲱⲙ -->
<feat xlink:href="#norm_441" value="ⲁⲛ"/><!-- ⲁⲛ -->
<feat xlink:href="#norm_442" value="ⲛ"/><!-- ⲛ -->
<feat xlink:href="#norm_443" value="ⲛⲉ"/><!-- ⲛⲉ -->
<feat xlink:href="#norm_444" value="ⲑⲩⲥⲓⲁ"/><!-- ⲑⲩⲥⲓⲁ -->
<feat xlink:href="#norm_445" value="ⲛⲉ"/><!-- ⲛⲉ -->
<feat xlink:href="#norm_446" value="ⲛ"/><!-- ⲛ -->
<feat xlink:href="#norm_447" value="ⲕⲟⲓⲛⲱⲛⲟⲥ"/><!-- ⲕⲟⲓⲛⲱⲛⲟⲥ -->
<feat xlink:href="#norm_448" value="ⲙ"/><!-- ⲙ -->
<feat xlink:href="#norm_449" value="ⲡⲉ"/><!-- ⲡⲉ -->
<feat xlink:href="#norm_450" value="ⲑⲩⲥⲓⲁⲥⲧⲏⲣⲓⲟⲛ"/><!-- ⲑⲩⲥⲓⲁⲥⲧⲏⲣⲓⲟⲛ -->
<feat xlink:href="#norm_451" value="."/><!-- . -->
<feat xlink:href="#norm_452" value="ⲟⲩ"/><!-- ⲟⲩ -->
<feat xlink:href="#norm_453" value="ϭⲉ"/><!-- ϭⲉ -->
<feat xlink:href="#norm_454" value="ⲡⲉϯϫⲱ"/><!-- ⲡⲉϯϫⲱ -->
<feat xlink:href="#norm_455" value="ⲙⲙⲟ"/><!-- ⲙⲙⲟ -->
<feat xlink:href="#norm_456" value="ϥ"/><!-- ϥ -->
<feat xlink:href="#norm_457" value="."/><!-- . -->
<feat xlink:href="#norm_458" value="ⲙⲏ"/><!-- ⲙⲏ -->
<feat xlink:href="#norm_459" value="ⲉ"/><!-- ⲉ -->
<feat xlink:href="#norm_460" value="ⲓ"/><!-- ⲓ -->
<feat xlink:href="#norm_461" value="ϫⲱ"/><!-- ϫⲱ -->
<feat xlink:href="#norm_462" value="ⲙⲙⲟ"/><!-- ⲙⲙⲟ -->
<feat xlink:href="#norm_463" value="ⲥ"/><!-- ⲥ -->
<feat xlink:href="#norm_464" value="ϫⲉ"/><!-- ϫⲉ -->
<feat xlink:href="#norm_465" value="ⲟⲩⲛϣⲱⲱⲧ"/><!-- ⲟⲩⲛϣⲱⲱⲧ -->
<feat xlink:href="#norm_466" value="ⲛ"/><!-- ⲛ -->
<feat xlink:href="#norm_467" value="ⲉⲓⲇⲱⲗⲟⲛ"/><!-- ⲉⲓⲇⲱⲗⲟⲛ -->
<feat xlink:href="#norm_468" value="ϣⲟⲟⲡ"/><!-- ϣⲟⲟⲡ -->
<feat xlink:href="#norm_469" value="."/><!-- . -->
<feat xlink:href="#norm_470" value="ⲏϫⲉ"/><!-- ⲏϫⲉ -->
<feat xlink:href="#norm_471" value="ⲟⲩⲛ"/><!-- ⲟⲩⲛ -->
<feat xlink:href="#norm_472" value="ⲉⲓⲇⲱⲗⲟⲛ"/><!-- ⲉⲓⲇⲱⲗⲟⲛ -->
<feat xlink:href="#norm_473" value="ϣⲟⲟⲡ"/><!-- ϣⲟⲟⲡ -->
<feat xlink:href="#norm_474" value="."/><!-- . -->
<feat xlink:href="#norm_475" value="ⲁⲗⲗⲁ"/><!-- ⲁⲗⲗⲁ -->
<feat xlink:href="#norm_476" value="ϫⲉ"/><!-- ϫⲉ -->
<feat xlink:href="#norm_477" value="ⲛ"/><!-- ⲛ -->
<feat xlink:href="#norm_478" value="ⲉⲧⲉⲣⲉ"/><!-- ⲉⲧⲉⲣⲉ -->
<feat xlink:href="#norm_479" value="ⲛ"/><!-- ⲛ -->
<feat xlink:href="#norm_480" value="ϩⲉⲑⲛⲟⲥ"/><!-- ϩⲉⲑⲛⲟⲥ -->
<feat xlink:href="#norm_481" value="ϣⲱⲱⲧ"/><!-- ϣⲱⲱⲧ -->
<feat xlink:href="#norm_482" value="ⲙⲙⲟ"/><!-- ⲙⲙⲟ -->
<feat xlink:href="#norm_483" value="ⲟⲩ"/><!-- ⲟⲩ -->
<feat xlink:href="#norm_484" value="ⲉ"/><!-- ⲉ -->
<feat xlink:href="#norm_485" value="ⲩ"/><!-- ⲩ -->
<feat xlink:href="#norm_486" value="ϣⲱⲱⲧ"/><!-- ϣⲱⲱⲧ -->
<feat xlink:href="#norm_487" value="ⲙⲙⲟ"/><!-- ⲙⲙⲟ -->
<feat xlink:href="#norm_488" value="ⲟⲩ"/><!-- ⲟⲩ -->
<feat xlink:href="#norm_489" value="ⲛ"/><!-- ⲛ -->
<feat xlink:href="#norm_490" value="ⲛ"/><!-- ⲛ -->
<feat xlink:href="#norm_491" value="ⲇⲁⲓⲙⲱⲛⲓⲟⲛ"/><!-- ⲇⲁⲓⲙⲱⲛⲓⲟⲛ -->
<feat xlink:href="#norm_492" value="ⲙ"/><!-- ⲙ -->
<feat xlink:href="#norm_493" value="ⲡ"/><!-- ⲡ -->
<feat xlink:href="#norm_494" value="ⲛⲟⲩⲧⲉ"/><!-- ⲛⲟⲩⲧⲉ -->
<feat xlink:href="#norm_495" value="ⲁⲛ"/><!-- ⲁⲛ -->
<feat xlink:href="#norm_496" value="."/><!-- . -->
<feat xlink:href="#norm_497" value="ⲛ"/><!-- ⲛ -->
<feat xlink:href="#norm_498" value="ϯ"/><!-- ϯ -->
<feat xlink:href="#norm_499" value="ⲟⲩⲱϣ"/><!-- ⲟⲩⲱϣ -->
<feat xlink:href="#norm_500" value="ⲇⲉ"/><!-- ⲇⲉ -->
<feat xlink:href="#norm_501" value="ⲁⲛ"/><!-- ⲁⲛ -->
<feat xlink:href="#norm_502" value="ⲉⲧⲣⲉⲧⲛⲣⲕⲟⲓⲛⲱⲛⲟⲥ"/><!-- ⲉⲧⲣⲉⲧⲛⲣⲕⲟⲓⲛⲱⲛⲟⲥ -->
<feat xlink:href="#norm_503" value="ⲛ"/><!-- ⲛ -->
<feat xlink:href="#norm_504" value="ⲛ"/><!-- ⲛ -->
<feat xlink:href="#norm_505" value="ⲇⲁⲓⲙⲱⲛⲓⲟⲛ"/><!-- ⲇⲁⲓⲙⲱⲛⲓⲟⲛ -->
<feat xlink:href="#norm_506" value="."/><!-- . -->
<feat xlink:href="#norm_507" value="ⲙⲛ"/><!-- ⲙⲛ -->
<feat xlink:href="#norm_508" value="ϣϭⲟⲙ"/><!-- ϣϭⲟⲙ -->
<feat xlink:href="#norm_509" value="ⲙⲙⲱ"/><!-- ⲙⲙⲱ -->
<feat xlink:href="#norm_510" value="ⲧⲛ"/><!-- ⲧⲛ -->
<feat xlink:href="#norm_511" value="ⲉⲥⲉ"/><!-- ⲉⲥⲉ -->
<feat xlink:href="#norm_512" value="ⲡ"/><!-- ⲡ -->
<feat xlink:href="#norm_513" value="ⲁⲡⲟⲧ"/><!-- ⲁⲡⲟⲧ -->
<feat xlink:href="#norm_514" value="ⲙ"/><!-- ⲙ -->
<feat xlink:href="#norm_515" value="ⲡ"/><!-- ⲡ -->
<feat xlink:href="#norm_516" value="ϫⲟⲉⲓⲥ"/><!-- ϫⲟⲉⲓⲥ -->
<feat xlink:href="#norm_517" value="ⲁⲩⲱ"/><!-- ⲁⲩⲱ -->
<feat xlink:href="#norm_518" value="ⲡ"/><!-- ⲡ -->
<feat xlink:href="#norm_519" value="ⲁⲡⲟⲧ"/><!-- ⲁⲡⲟⲧ -->
<feat xlink:href="#norm_520" value="ⲛ"/><!-- ⲛ -->
<feat xlink:href="#norm_521" value="ⲛ"/><!-- ⲛ -->
<feat xlink:href="#norm_522" value="ⲇⲁⲓⲙⲱⲛⲓⲟⲛ"/><!-- ⲇⲁⲓⲙⲱⲛⲓⲟⲛ -->
<feat xlink:href="#norm_523" value="ⲙⲛ"/><!-- ⲙⲛ -->
<feat xlink:href="#norm_524" value="ϣϭⲟⲙ"/><!-- ϣϭⲟⲙ -->
<feat xlink:href="#norm_525" value="ⲙⲙⲱ"/><!-- ⲙⲙⲱ -->
<feat xlink:href="#norm_526" value="ⲧⲛ"/><!-- ⲧⲛ -->
<feat xlink:href="#norm_527" value="ⲉ"/><!-- ⲉ -->
<feat xlink:href="#norm_528" value="ϫⲓ"/><!-- ϫⲓ -->
<feat xlink:href="#norm_529" value="ⲛ"/><!-- ⲛ -->
<feat xlink:href="#norm_530" value="ⲧⲉ"/><!-- ⲧⲉ -->
<feat xlink:href="#norm_531" value="ⲧⲣⲁⲡⲉⲍⲁ"/><!-- ⲧⲣⲁⲡⲉⲍⲁ -->
<feat xlink:href="#norm_532" value="ⲙ"/><!-- ⲙ -->
<feat xlink:href="#norm_533" value="ⲡ"/><!-- ⲡ -->
<feat xlink:href="#norm_534" value="ϫⲟⲉⲓⲥ"/><!-- ϫⲟⲉⲓⲥ -->
<feat xlink:href="#norm_535" value="ⲁⲩⲱ"/><!-- ⲁⲩⲱ -->
<feat xlink:href="#norm_536" value="ⲧⲉ"/><!-- ⲧⲉ -->
<feat xlink:href="#norm_537" value="ⲧⲣⲁⲡⲉⲍⲁ"/><!-- ⲧⲣⲁⲡⲉⲍⲁ -->
<feat xlink:href="#norm_538" value="ⲛ"/><!-- ⲛ -->
<feat xlink:href="#norm_539" value="ⲛ"/><!-- ⲛ -->
<feat xlink:href="#norm_540" value="ⲇⲁⲓⲙⲱⲛⲓⲟⲛ"/><!-- ⲇⲁⲓⲙⲱⲛⲓⲟⲛ -->
<feat xlink:href="#norm_541" value="."/><!-- . -->
<feat xlink:href="#norm_542" value="ⲏⲉⲛⲛⲁϯⲕⲱϩ"/><!-- ⲏⲉⲛⲛⲁϯⲕⲱϩ -->
<feat xlink:href="#norm_543" value="ⲙ"/><!-- ⲙ -->
<feat xlink:href="#norm_544" value="ⲡ"/><!-- ⲡ -->
<feat xlink:href="#norm_545" value="ϫⲟⲉⲓⲥ"/><!-- ϫⲟⲉⲓⲥ -->
<feat xlink:href="#norm_546" value="."/><!-- . -->
<feat xlink:href="#norm_547" value="ⲙⲏ"/><!-- ⲙⲏ -->
<feat xlink:href="#norm_548" value="ⲉ"/><!-- ⲉ -->
<feat xlink:href="#norm_549" value="ⲛ"/><!-- ⲛ -->
<feat xlink:href="#norm_550" value="ϫⲟⲟⲣ"/><!-- ϫⲟⲟⲣ -->
<feat xlink:href="#norm_551" value="ⲉⲣⲟ"/><!-- ⲉⲣⲟ -->
<feat xlink:href="#norm_552" value="ϥ"/><!-- ϥ -->
<feat xlink:href="#norm_553" value="."/><!-- . -->
<feat xlink:href="#norm_554" value="ⲉⲝⲉⲥⲧⲉⲓ"/><!-- ⲉⲝⲉⲥⲧⲉⲓ -->
<feat xlink:href="#norm_555" value="ⲉ"/><!-- ⲉ -->
<feat xlink:href="#norm_556" value="ⲣϩⲱⲃ"/><!-- ⲣϩⲱⲃ -->
<feat xlink:href="#norm_557" value="ⲛⲓⲙ"/><!-- ⲛⲓⲙ -->
<feat xlink:href="#norm_558" value="ⲁⲗⲗⲁ"/><!-- ⲁⲗⲗⲁ -->
<feat xlink:href="#norm_559" value="ϩⲱⲃ"/><!-- ϩⲱⲃ -->
<feat xlink:href="#norm_560" value="ⲛⲓⲙ"/><!-- ⲛⲓⲙ -->
<feat xlink:href="#norm_561" value="ⲣⲛⲟϥⲣⲉ"/><!-- ⲣⲛⲟϥⲣⲉ -->
<feat xlink:href="#norm_562" value="ⲁⲛ"/><!-- ⲁⲛ -->
<feat xlink:href="#norm_563" value="."/><!-- . -->
<feat xlink:href="#norm_564" value="ⲉⲝⲉⲥⲧⲓ"/><!-- ⲉⲝⲉⲥⲧⲓ -->
<feat xlink:href="#norm_565" value="ⲉ"/><!-- ⲉ -->
<feat xlink:href="#norm_566" value="ⲣϩⲱⲃ"/><!-- ⲣϩⲱⲃ -->
<feat xlink:href="#norm_567" value="ⲛⲓⲙ"/><!-- ⲛⲓⲙ -->
<feat xlink:href="#norm_568" value="."/><!-- . -->
<feat xlink:href="#norm_569" value="ⲁⲗⲗⲁ"/><!-- ⲁⲗⲗⲁ -->
<feat xlink:href="#norm_570" value="ϩⲱⲃ"/><!-- ϩⲱⲃ -->
<feat xlink:href="#norm_571" value="ⲛⲓⲙ"/><!-- ⲛⲓⲙ -->
<feat xlink:href="#norm_572" value="ⲕⲱⲧ"/><!-- ⲕⲱⲧ -->
<feat xlink:href="#norm_573" value="ⲁⲛ"/><!-- ⲁⲛ -->
<feat xlink:href="#norm_574" value="."/><!-- . -->
<feat xlink:href="#norm_575" value="ⲙⲡⲣⲧⲣⲉ"/><!-- ⲙⲡⲣⲧⲣⲉ -->
<feat xlink:href="#norm_576" value="ⲗⲁⲁⲩ"/><!-- ⲗⲁⲁⲩ -->
<feat xlink:href="#norm_577" value="ϣⲓⲛⲉ"/><!-- ϣⲓⲛⲉ -->
<feat xlink:href="#norm_578" value="ⲛⲥⲁ"/><!-- ⲛⲥⲁ -->
<feat xlink:href="#norm_579" value="ⲧⲉϥ"/><!-- ⲧⲉϥ -->
<feat xlink:href="#norm_580" value="ⲛⲟϥⲣⲉ"/><!-- ⲛⲟϥⲣⲉ -->
<feat xlink:href="#norm_581" value="."/><!-- . -->
<feat xlink:href="#norm_582" value="ⲁⲗⲗⲁ"/><!-- ⲁⲗⲗⲁ -->
<feat xlink:href="#norm_583" value="ⲧⲁ"/><!-- ⲧⲁ -->
<feat xlink:href="#norm_584" value="ⲕⲉ"/><!-- ⲕⲉ -->
<feat xlink:href="#norm_585" value="ⲟⲩⲁ"/><!-- ⲟⲩⲁ -->
<feat xlink:href="#norm_586" value="ⲛⲕⲁ"/><!-- ⲛⲕⲁ -->
<feat xlink:href="#norm_587" value="ⲛⲓⲙ"/><!-- ⲛⲓⲙ -->
<feat xlink:href="#norm_588" value="ⲉⲧ"/><!-- ⲉⲧ -->
<feat xlink:href="#norm_589" value="ⲟⲩ"/><!-- ⲟⲩ -->
<feat xlink:href="#norm_590" value="ϯ"/><!-- ϯ -->
<feat xlink:href="#norm_591" value="ⲙⲙⲟ"/><!-- ⲙⲙⲟ -->
<feat xlink:href="#norm_592" value="ⲟⲩ"/><!-- ⲟⲩ -->
<feat xlink:href="#norm_593" value="ⲉⲃⲟⲗ"/><!-- ⲉⲃⲟⲗ -->
<feat xlink:href="#norm_594" value="ϩⲙ"/><!-- ϩⲙ -->
<feat xlink:href="#norm_595" value="ⲡⲙⲁⲕⲉⲗⲗⲟⲥ"/><!-- ⲡⲙⲁⲕⲉⲗⲗⲟⲥ -->
<feat xlink:href="#norm_596" value="ⲟⲩⲟⲙ"/><!-- ⲟⲩⲟⲙ -->
<feat xlink:href="#norm_597" value="ⲟⲩ"/><!-- ⲟⲩ -->
<feat xlink:href="#norm_598" value="ⲉⲛⲧⲉⲧⲛⲁⲛⲁⲕⲣⲓⲛⲉ"/><!-- ⲉⲛⲧⲉⲧⲛⲁⲛⲁⲕⲣⲓⲛⲉ -->
<feat xlink:href="#norm_599" value="ⲗⲁⲁⲩ"/><!-- ⲗⲁⲁⲩ -->
<feat xlink:href="#norm_600" value="ⲁⲛ"/><!-- ⲁⲛ -->
<feat xlink:href="#norm_601" value="ⲉⲧⲃⲉ"/><!-- ⲉⲧⲃⲉ -->
<feat xlink:href="#norm_602" value="ⲧⲥⲩⲛⲓⲇⲏⲥⲓⲥ"/><!-- ⲧⲥⲩⲛⲓⲇⲏⲥⲓⲥ -->
<feat xlink:href="#norm_603" value="."/><!-- . -->
<feat xlink:href="#norm_604" value="ⲡⲁ"/><!-- ⲡⲁ -->
<feat xlink:href="#norm_605" value="ⲡ"/><!-- ⲡ -->
<feat xlink:href="#norm_606" value="ϫⲟⲉⲓⲥ"/><!-- ϫⲟⲉⲓⲥ -->
<feat xlink:href="#norm_607" value="ⲅⲁⲣ"/><!-- ⲅⲁⲣ -->
<feat xlink:href="#norm_608" value="ⲡⲉ"/><!-- ⲡⲉ -->
<feat xlink:href="#norm_609" value="ⲡ"/><!-- ⲡ -->
<feat xlink:href="#norm_610" value="ⲕⲁϩ"/><!-- ⲕⲁϩ -->
<feat xlink:href="#norm_611" value="ⲙⲛ"/><!-- ⲙⲛ -->
<feat xlink:href="#norm_612" value="ⲡⲉϥϫⲱⲕ"/><!-- ⲡⲉϥϫⲱⲕ -->
<feat xlink:href="#norm_613" value="ⲉⲃⲟⲗ"/><!-- ⲉⲃⲟⲗ -->
<feat xlink:href="#norm_614" value="."/><!-- . -->
<feat xlink:href="#norm_615" value="ⲉⲣϣⲁⲛ"/><!-- ⲉⲣϣⲁⲛ -->
<feat xlink:href="#norm_616" value="ⲟⲩⲁ"/><!-- ⲟⲩⲁ -->
<feat xlink:href="#norm_617" value="ⲛ"/><!-- ⲛ -->
<feat xlink:href="#norm_618" value="ⲛ"/><!-- ⲛ -->
<feat xlink:href="#norm_619" value="ⲁⲡⲓⲥⲧⲟⲥ"/><!-- ⲁⲡⲓⲥⲧⲟⲥ -->
<feat xlink:href="#norm_620" value="ⲧⲉϩⲙ"/><!-- ⲧⲉϩⲙ -->
<feat xlink:href="#norm_621" value="ⲧⲏⲩⲧⲛ"/><!-- ⲧⲏⲩⲧⲛ -->
<feat xlink:href="#norm_622" value="ⲉⲩⲇⲓⲡⲛⲟⲛ"/><!-- ⲉⲩⲇⲓⲡⲛⲟⲛ -->
<feat xlink:href="#norm_623" value="ⲛⲧⲉⲧⲛ"/><!-- ⲛⲧⲉⲧⲛ -->
<feat xlink:href="#norm_624" value="ⲟⲩⲱϣ"/><!-- ⲟⲩⲱϣ -->
<feat xlink:href="#norm_625" value="ⲉ"/><!-- ⲉ -->
<feat xlink:href="#norm_626" value="ⲃⲱⲕ"/><!-- ⲃⲱⲕ -->
<feat xlink:href="#norm_627" value="."/><!-- . -->
<feat xlink:href="#norm_628" value="ⲛⲕⲁ"/><!-- ⲛⲕⲁ -->
<feat xlink:href="#norm_629" value="ⲛⲓⲙ"/><!-- ⲛⲓⲙ -->
<feat xlink:href="#norm_630" value="ⲉⲧ"/><!-- ⲉⲧ -->
<feat xlink:href="#norm_631" value="ⲟⲩ"/><!-- ⲟⲩ -->
<feat xlink:href="#norm_632" value="ⲛⲁ"/><!-- ⲛⲁ -->
<feat xlink:href="#norm_633" value="ⲕⲁⲁ"/><!-- ⲕⲁⲁ -->
<feat xlink:href="#norm_634" value="ⲩ"/><!-- ⲩ -->
<feat xlink:href="#norm_635" value="ϩⲁⲣⲱ"/><!-- ϩⲁⲣⲱ -->
<feat xlink:href="#norm_636" value="ⲧⲛ"/><!-- ⲧⲛ -->
<feat xlink:href="#norm_637" value="ⲟⲩⲟⲙ"/><!-- ⲟⲩⲟⲙ -->
<feat xlink:href="#norm_638" value="ⲟⲩ"/><!-- ⲟⲩ -->
<feat xlink:href="#norm_639" value="ⲉⲛⲧⲉⲧⲛⲁⲛⲁⲕⲣⲓⲛⲉ"/><!-- ⲉⲛⲧⲉⲧⲛⲁⲛⲁⲕⲣⲓⲛⲉ -->
<feat xlink:href="#norm_640" value="ⲗⲁⲁⲩ"/><!-- ⲗⲁⲁⲩ -->
<feat xlink:href="#norm_641" value="ⲁⲛ"/><!-- ⲁⲛ -->
<feat xlink:href="#norm_642" value="ⲉⲧⲃⲉ"/><!-- ⲉⲧⲃⲉ -->
<feat xlink:href="#norm_643" value="ⲧⲥⲩⲛⲓⲇⲏⲥⲓⲥ"/><!-- ⲧⲥⲩⲛⲓⲇⲏⲥⲓⲥ -->
<feat xlink:href="#norm_644" value="."/><!-- . -->
<feat xlink:href="#norm_645" value="ⲉⲣϣⲁⲛ"/><!-- ⲉⲣϣⲁⲛ -->
<feat xlink:href="#norm_646" value="ⲟⲩⲁ"/><!-- ⲟⲩⲁ -->
<feat xlink:href="#norm_647" value="ⲇⲉ"/><!-- ⲇⲉ -->
<feat xlink:href="#norm_648" value="ϫⲟⲟ"/><!-- ϫⲟⲟ -->
<feat xlink:href="#norm_649" value="ⲥ"/><!-- ⲥ -->
<feat xlink:href="#norm_650" value="ⲛⲏ"/><!-- ⲛⲏ -->
<feat xlink:href="#norm_651" value="ⲧⲛ"/><!-- ⲧⲛ -->
<feat xlink:href="#norm_652" value="ϫⲉ"/><!-- ϫⲉ -->
<feat xlink:href="#norm_653" value="ⲡⲁⲓ"/><!-- ⲡⲁⲓ -->
<feat xlink:href="#norm_654" value="ⲟⲩϣⲱⲱⲧ"/><!-- ⲟⲩϣⲱⲱⲧ -->
<feat xlink:href="#norm_655" value="ⲛ"/><!-- ⲛ -->
<feat xlink:href="#norm_656" value="ⲣⲡⲉ"/><!-- ⲣⲡⲉ -->
<feat xlink:href="#norm_657" value="ⲡⲉ"/><!-- ⲡⲉ -->
<feat xlink:href="#norm_658" value="ⲙⲡⲣⲟⲩⲟⲙϥ"/><!-- ⲙⲡⲣⲟⲩⲟⲙϥ -->
<feat xlink:href="#norm_659" value="ⲉⲧⲃⲉ"/><!-- ⲉⲧⲃⲉ -->
<feat xlink:href="#norm_660" value="ⲡⲏ"/><!-- ⲡⲏ -->
<feat xlink:href="#norm_661" value="ⲉⲛⲧ"/><!-- ⲉⲛⲧ -->
<feat xlink:href="#norm_662" value="ⲁ"/><!-- ⲁ -->
<feat xlink:href="#norm_663" value="ϥ"/><!-- ϥ -->
<feat xlink:href="#norm_664" value="ϫⲟⲟ"/><!-- ϫⲟⲟ -->
<feat xlink:href="#norm_665" value="ⲥ"/><!-- ⲥ -->
<feat xlink:href="#norm_666" value="ⲛⲏ"/><!-- ⲛⲏ -->
<feat xlink:href="#norm_667" value="ⲧⲛ"/><!-- ⲧⲛ -->
<feat xlink:href="#norm_668" value="ⲙⲛ"/><!-- ⲙⲛ -->
<feat xlink:href="#norm_669" value="ⲧⲥⲩⲛⲓⲇⲏⲥⲓⲥ"/><!-- ⲧⲥⲩⲛⲓⲇⲏⲥⲓⲥ -->
<feat xlink:href="#norm_670" value="."/><!-- . -->
<feat xlink:href="#norm_671" value="ⲧⲥⲩⲛⲓⲇⲏⲥⲓⲥ"/><!-- ⲧⲥⲩⲛⲓⲇⲏⲥⲓⲥ -->
<feat xlink:href="#norm_672" value="ⲇⲉ"/><!-- ⲇⲉ -->
<feat xlink:href="#norm_673" value="ⲉ"/><!-- ⲉ -->
<feat xlink:href="#norm_674" value="ϯ"/><!-- ϯ -->
<feat xlink:href="#norm_675" value="ϫⲱ"/><!-- ϫⲱ -->
<feat xlink:href="#norm_676" value="ⲙⲙⲟ"/><!-- ⲙⲙⲟ -->
<feat xlink:href="#norm_677" value="ⲥ"/><!-- ⲥ -->
<feat xlink:href="#norm_678" value="ⲛⲧⲱⲕ"/><!-- ⲛⲧⲱⲕ -->
<feat xlink:href="#norm_679" value="ⲁⲛ"/><!-- ⲁⲛ -->
<feat xlink:href="#norm_680" value="ⲧⲉ"/><!-- ⲧⲉ -->
<feat xlink:href="#norm_681" value="."/><!-- . -->
<feat xlink:href="#norm_682" value="ⲁⲗⲗⲁ"/><!-- ⲁⲗⲗⲁ -->
<feat xlink:href="#norm_683" value="ⲧⲁⲡⲏ"/><!-- ⲧⲁⲡⲏ -->
<feat xlink:href="#norm_684" value="."/><!-- . -->
<feat xlink:href="#norm_685" value="ⲉⲧⲃⲉ"/><!-- ⲉⲧⲃⲉ -->
<feat xlink:href="#norm_686" value="ⲟⲩ"/><!-- ⲟⲩ -->
<feat xlink:href="#norm_687" value="ⲅⲁⲣ"/><!-- ⲅⲁⲣ -->
<feat xlink:href="#norm_688" value="ⲥⲉ"/><!-- ⲥⲉ -->
<feat xlink:href="#norm_689" value="ⲕⲣⲓⲛⲉ"/><!-- ⲕⲣⲓⲛⲉ -->
<feat xlink:href="#norm_690" value="ⲛ"/><!-- ⲛ -->
<feat xlink:href="#norm_691" value="ⲧⲁ"/><!-- ⲧⲁ -->
<feat xlink:href="#norm_692" value="ⲙⲛⲧⲣⲙϩⲉ"/><!-- ⲙⲛⲧⲣⲙϩⲉ -->
<feat xlink:href="#norm_693" value="ϩⲓⲧⲛ"/><!-- ϩⲓⲧⲛ -->
<feat xlink:href="#norm_694" value="ⲕⲉⲥⲩⲛⲓⲇⲏⲥⲓⲥ"/><!-- ⲕⲉⲥⲩⲛⲓⲇⲏⲥⲓⲥ -->
<feat xlink:href="#norm_695" value="."/><!-- . -->
<feat xlink:href="#norm_696" value="ⲉϣϫⲉ"/><!-- ⲉϣϫⲉ -->
<feat xlink:href="#norm_697" value="ⲁⲛⲟⲕ"/><!-- ⲁⲛⲟⲕ -->
<feat xlink:href="#norm_698" value="ϯ"/><!-- ϯ -->
<feat xlink:href="#norm_699" value="ⲙⲉⲧⲉⲭⲉ"/><!-- ⲙⲉⲧⲉⲭⲉ -->
<feat xlink:href="#norm_700" value="ⲉ"/><!-- ⲉ -->
<feat xlink:href="#norm_701" value="ⲩ"/><!-- ⲩ -->
<feat xlink:href="#norm_702" value="ⲭⲁⲣⲓⲥ"/><!-- ⲭⲁⲣⲓⲥ -->
<feat xlink:href="#norm_703" value="."/><!-- . -->
<feat xlink:href="#norm_704" value="ϫⲉ"/><!-- ϫⲉ -->
<feat xlink:href="#norm_705" value="ⲟⲩ"/><!-- ⲟⲩ -->
<feat xlink:href="#norm_706" value="ⲥⲉ"/><!-- ⲥⲉ -->
<feat xlink:href="#norm_707" value="ϫⲓⲟⲩⲁ"/><!-- ϫⲓⲟⲩⲁ -->
<feat xlink:href="#norm_708" value="ⲉⲣⲟ"/><!-- ⲉⲣⲟ -->
<feat xlink:href="#norm_709" value="ⲓ"/><!-- ⲓ -->
<feat xlink:href="#norm_710" value="ϩⲙ"/><!-- ϩⲙ -->
<feat xlink:href="#norm_711" value="ⲡⲉϯϣⲡϩⲙⲟⲧ"/><!-- ⲡⲉϯϣⲡϩⲙⲟⲧ -->
<feat xlink:href="#norm_712" value="ⲁⲛⲟⲕ"/><!-- ⲁⲛⲟⲕ -->
<feat xlink:href="#norm_713" value="ϩⲁⲣⲟ"/><!-- ϩⲁⲣⲟ -->
<feat xlink:href="#norm_714" value="ϥ"/><!-- ϥ -->
<feat xlink:href="#norm_715" value="."/><!-- . -->
<feat xlink:href="#norm_716" value="ⲉⲓⲧⲉ"/><!-- ⲉⲓⲧⲉ -->
<feat xlink:href="#norm_717" value="ϭⲉ"/><!-- ϭⲉ -->
<feat xlink:href="#norm_718" value="ⲉ"/><!-- ⲉ -->
<feat xlink:href="#norm_719" value="ⲧⲉⲧⲛ"/><!-- ⲧⲉⲧⲛ -->
<feat xlink:href="#norm_720" value="ⲟⲩⲱⲙ"/><!-- ⲟⲩⲱⲙ -->
<feat xlink:href="#norm_721" value="."/><!-- . -->
<feat xlink:href="#norm_722" value="ⲉⲓⲧⲉ"/><!-- ⲉⲓⲧⲉ -->
<feat xlink:href="#norm_723" value="ⲉ"/><!-- ⲉ -->
<feat xlink:href="#norm_724" value="ⲧⲉⲧⲛ"/><!-- ⲧⲉⲧⲛ -->
<feat xlink:href="#norm_725" value="ⲥⲱ"/><!-- ⲥⲱ -->
<feat xlink:href="#norm_726" value="."/><!-- . -->
<feat xlink:href="#norm_727" value="ⲉⲓⲧⲉ"/><!-- ⲉⲓⲧⲉ -->
<feat xlink:href="#norm_728" value="ⲡⲉⲧⲉⲧⲛⲉⲓⲣⲉ"/><!-- ⲡⲉⲧⲉⲧⲛⲉⲓⲣⲉ -->
<feat xlink:href="#norm_729" value="ⲙⲙⲟ"/><!-- ⲙⲙⲟ -->
<feat xlink:href="#norm_730" value="ϥ"/><!-- ϥ -->
<feat xlink:href="#norm_731" value="ϩⲱⲃ"/><!-- ϩⲱⲃ -->
<feat xlink:href="#norm_732" value="ⲛⲓⲙ"/><!-- ⲛⲓⲙ -->
<feat xlink:href="#norm_733" value="ⲁⲣⲓⲥⲟⲩ"/><!-- ⲁⲣⲓⲥⲟⲩ -->
<feat xlink:href="#norm_734" value="ⲉ"/><!-- ⲉ -->
<feat xlink:href="#norm_735" value="ⲩ"/><!-- ⲩ -->
<feat xlink:href="#norm_736" value="ⲉⲟⲟⲩ"/><!-- ⲉⲟⲟⲩ -->
<feat xlink:href="#norm_737" value="ⲙ"/><!-- ⲙ -->
<feat xlink:href="#norm_738" value="ⲡ"/><!-- ⲡ -->
<feat xlink:href="#norm_739" value="ⲛⲟⲩⲧⲉ"/><!-- ⲛⲟⲩⲧⲉ -->
<feat xlink:href="#norm_740" value="."/><!-- . -->
<feat xlink:href="#norm_741" value="ϣⲱⲡⲉ"/><!-- ϣⲱⲡⲉ -->
<feat xlink:href="#norm_742" value="ⲁϫⲛ"/><!-- ⲁϫⲛ -->
<feat xlink:href="#norm_743" value="ϫⲣⲟⲡ"/><!-- ϫⲣⲟⲡ -->
<feat xlink:href="#norm_744" value="ⲛ"/><!-- ⲛ -->
<feat xlink:href="#norm_745" value="ⲛ"/><!-- ⲛ -->
<feat xlink:href="#norm_746" value="ⲓⲟⲩⲇⲁⲓ"/><!-- ⲓⲟⲩⲇⲁⲓ -->
<feat xlink:href="#norm_747" value="ⲙⲛ"/><!-- ⲙⲛ -->
<feat xlink:href="#norm_748" value="ⲛ"/><!-- ⲛ -->
<feat xlink:href="#norm_749" value="ϩⲉⲗⲗⲏⲛ"/><!-- ϩⲉⲗⲗⲏⲛ -->
<feat xlink:href="#norm_750" value="ⲙⲛ"/><!-- ⲙⲛ -->
<feat xlink:href="#norm_751" value="ⲧ"/><!-- ⲧ -->
<feat xlink:href="#norm_752" value="ⲉⲕⲕⲗⲏⲥⲓⲁ"/><!-- ⲉⲕⲕⲗⲏⲥⲓⲁ -->
<feat xlink:href="#norm_753" value="ⲙ"/><!-- ⲙ -->
<feat xlink:href="#norm_754" value="ⲡ"/><!-- ⲡ -->
<feat xlink:href="#norm_755" value="ⲛⲟⲩⲧⲉ"/><!-- ⲛⲟⲩⲧⲉ -->
<feat xlink:href="#norm_756" value="."/><!-- . -->
<feat xlink:href="#norm_757" value="ⲕⲁⲧⲁ"/><!-- ⲕⲁⲧⲁ -->
<feat xlink:href="#norm_758" value="ⲧ"/><!-- ⲧ -->
<feat xlink:href="#norm_759" value="ϩⲉ"/><!-- ϩⲉ -->
<feat xlink:href="#norm_760" value="ϩⲱ"/><!-- ϩⲱ -->
<feat xlink:href="#norm_761" value="ⲉϯⲁⲣⲉⲥⲕⲉ"/><!-- ⲉϯⲁⲣⲉⲥⲕⲉ -->
<feat xlink:href="#norm_762" value="ⲛ"/><!-- ⲛ -->
<feat xlink:href="#norm_763" value="ⲟⲩⲟⲛ"/><!-- ⲟⲩⲟⲛ -->
<feat xlink:href="#norm_764" value="ⲛⲓⲙ"/><!-- ⲛⲓⲙ -->
<feat xlink:href="#norm_765" value="ϩⲛ"/><!-- ϩⲛ -->
<feat xlink:href="#norm_766" value="ϩⲱⲃ"/><!-- ϩⲱⲃ -->
<feat xlink:href="#norm_767" value="ⲛⲓⲙ"/><!-- ⲛⲓⲙ -->
<feat xlink:href="#norm_768" value="ⲉ"/><!-- ⲉ -->
<feat xlink:href="#norm_769" value="ⲛ"/><!-- ⲛ -->
<feat xlink:href="#norm_770" value="ϯ"/><!-- ϯ -->
<feat xlink:href="#norm_771" value="ϣⲓⲛⲉ"/><!-- ϣⲓⲛⲉ -->
<feat xlink:href="#norm_772" value="ⲁⲛ"/><!-- ⲁⲛ -->
<feat xlink:href="#norm_773" value="ⲛⲥⲁ"/><!-- ⲛⲥⲁ -->
<feat xlink:href="#norm_774" value="ⲧⲁ"/><!-- ⲧⲁ -->
<feat xlink:href="#norm_775" value="ⲛⲟϥⲣⲉ"/><!-- ⲛⲟϥⲣⲉ -->
<feat xlink:href="#norm_776" value="."/><!-- . -->
<feat xlink:href="#norm_777" value="ⲁⲗⲗⲁ"/><!-- ⲁⲗⲗⲁ -->
<feat xlink:href="#norm_778" value="ⲧⲁ"/><!-- ⲧⲁ -->
<feat xlink:href="#norm_779" value="ϩⲁϩ"/><!-- ϩⲁϩ -->
<feat xlink:href="#norm_780" value="ϫⲉ"/><!-- ϫⲉ -->
<feat xlink:href="#norm_781" value="ⲉⲩⲉ"/><!-- ⲉⲩⲉ -->
<feat xlink:href="#norm_782" value="ⲟⲩϫⲁⲓ"/><!-- ⲟⲩϫⲁⲓ -->
<feat xlink:href="#norm_783" value="."/><!-- . -->
</featList>
</paula>
