<?xml version="1.0" encoding="UTF-8" standalone="no"?>

<!DOCTYPE paula SYSTEM "paula_feat.dtd">
<paula version="1.0">

<header paula_id="sahidica.nt.1_Corinthians_10_translation"/>

<featList xmlns:xlink="http://www.w3.org/1999/xlink" type="translation" xml:base="sahidica.nt.1_Corinthians_10.translationSeg.xml">
<feat xlink:href="#translation_1" value="Now I would not have you ignorant, brothers, that our fathers were all under the cloud, and all passed through the sea;"/><!-- ϯ.... -->
<feat xlink:href="#translation_33" value="and were all baptized into Moses in the cloud and in the sea;"/><!-- ⲁⲩⲱ.... -->
<feat xlink:href="#translation_48" value="and all ate the same spiritual food;"/><!-- ⲁⲩⲱ.... -->
<feat xlink:href="#translation_63" value="and all drank the same spiritual drink. For they drank of a spiritual rock that followed them, and the rock was Christ."/><!-- ⲁⲩⲱ.... -->
<feat xlink:href="#translation_100" value="However with most of them, God was not well pleased, for they were overthrown in the wilderness."/><!-- ⲁⲗⲗⲁ.... -->
<feat xlink:href="#translation_116" value="Now these things were our examples, to the intent we should not lust after evil things, as they also lusted."/><!-- ⲛⲁⲓ.... -->
<feat xlink:href="#translation_140" value="Neither be idolaters, as some of them were. As it is written, &apos;The people sat down to eat and drink, and rose up to play.&apos;"/><!-- ⲟⲩⲇⲉ.... -->
<feat xlink:href="#translation_177" value="Neither let us commit sexual immorality, as some of them committed, and in one day twenty-three thousand fell."/><!-- ⲟⲩⲇⲉ.... -->
<feat xlink:href="#translation_204" value="Neither let us test the Lord, as some of them tested, and perished by the serpents."/><!-- ⲟⲩⲇⲉ.... -->
<feat xlink:href="#translation_229" value="Neither grumble, as some of them also grumbled, and perished by the destroyer."/><!-- ⲟⲩⲇⲉ.... -->
<feat xlink:href="#translation_247" value="Now all these things happened to them by way of example, and they were written for our admonition, on whom the ends of the ages have come."/><!-- ⲛⲁⲓ.... -->
<feat xlink:href="#translation_280" value="Therefore let him who thinks he stands be careful that he doesn&apos;t fall."/><!-- ϩⲱⲥⲧⲉ.... -->
<feat xlink:href="#translation_297" value="No temptation has taken you except what is common to man. God is faithful, who will not allow you to be tempted above what you are able, but will with the temptation also make the way of escape, that you may be able to endure it."/><!-- ⲙⲡⲉ.... -->
<feat xlink:href="#translation_342" value="Therefore, my beloved, flee from idolatry."/><!-- ⲉⲧⲃⲉ.... -->
<feat xlink:href="#translation_352" value="I speak as to wise men. Judge what I say."/><!-- ⲉ.... -->
<feat xlink:href="#translation_366" value="The cup of blessing which we bless, isn&apos;t it a sharing of the blood of Christ? The bread which we break, isn&apos;t it a sharing of the body of Christ?"/><!-- ⲡ.... -->
<feat xlink:href="#translation_403" value="Because there is one loaf of bread, we, who are many, are one body; for we all partake of the one loaf of bread."/><!-- ϫⲉ.... -->
<feat xlink:href="#translation_432" value="Consider Israel according to the flesh. Don&apos;t those who eat the sacrifices participate in the altar?"/><!-- ϭⲱϣⲧ.... -->
<feat xlink:href="#translation_452" value="What am I saying then? That a thing sacrificed to idols is anything, or that an idol is anything?"/><!-- ⲟⲩ.... -->
<feat xlink:href="#translation_475" value="But I say that the things which the Gentiles sacrifice, they sacrifice to demons, and not to God, and I don&apos;t desire that you would have fellowship with demons."/><!-- ⲁⲗⲗⲁ.... -->
<feat xlink:href="#translation_507" value="You can&apos;t both drink the cup of the Lord and the cup of demons. You can&apos;t both partake of the table of the Lord, and of the table of demons."/><!-- ⲙⲛ.... -->
<feat xlink:href="#translation_542" value="Or do we provoke the Lord to jealousy? Are we stronger than he?"/><!-- ⲏⲉⲛⲛⲁϯⲕⲱϩ.... -->
<feat xlink:href="#translation_554" value="&apos;All things are lawful for me,&apos; but not all things are profitable. &apos;All things are lawful for me,&apos; but not all things build up."/><!-- ⲉⲝⲉⲥⲧⲉⲓ.... -->
<feat xlink:href="#translation_575" value="Let no one seek his own, but each one his neighbor&apos;s good."/><!-- ⲙⲡⲣⲧⲣⲉ...ⲟⲩⲁ -->
<feat xlink:href="#translation_586" value="Whatever is sold in the butcher shop, eat, asking no question for the sake of conscience,"/><!-- ⲛⲕⲁ.... -->
<feat xlink:href="#translation_604" value="for &apos;the earth is the Lord&apos;s, and its fullness.&apos;"/><!-- ⲡⲁ.... -->
<feat xlink:href="#translation_615" value="But if one of those who don&apos;t believe invites you to a meal, and you are inclined to go, eat whatever is set before you, asking no questions for the sake of conscience."/><!-- ⲉⲣϣⲁⲛ.... -->
<feat xlink:href="#translation_645" value="But if anyone says to you, &apos;This was offered to idols,&apos; don&apos;t eat it for the sake of the one who told you, and for the sake of conscience. For &apos;the earth is the Lord&apos;s, and all its fullness.&apos;"/><!-- ⲉⲣϣⲁⲛ.... -->
<feat xlink:href="#translation_671" value="Conscience, I say, not your own, but the other&apos;s conscience. For why is my liberty judged by another conscience?"/><!-- ⲧⲥⲩⲛⲓⲇⲏⲥⲓⲥ.... -->
<feat xlink:href="#translation_696" value="If I partake with thankfulness, why am I denounced for that for which I give thanks?"/><!-- ⲉϣϫⲉ.... -->
<feat xlink:href="#translation_716" value="Whether therefore you eat, or drink, or whatever you do, do all to the glory of God."/><!-- ⲉⲓⲧⲉ.... -->
<feat xlink:href="#translation_741" value="Give no occasions for stumbling, either to Jews, or to Greeks, or to the assembly of God;"/><!-- ϣⲱⲡⲉ.... -->
<feat xlink:href="#translation_757" value="even as I also please all men in all things, not seeking my own profit, but the profit of the many, that they may be saved."/><!-- ⲕⲁⲧⲁ.... -->
</featList>
</paula>
