<?xml version="1.0" standalone="no"?>

<!DOCTYPE paula SYSTEM "paula_mark.dtd">
<paula version="1.0">

<header paula_id="sahidica.nt.1_Corinthians_12_tok"/>

<markList xmlns:xlink="http://www.w3.org/1999/xlink" type="tok" xml:base="sahidica.nt.1_Corinthians_12.text.xml">
<mark id="tok_1" xlink:href="#xpointer(string-range(//body,'',1,4))"/><!-- ⲉⲧⲃⲉ -->
<mark id="tok_2" xlink:href="#xpointer(string-range(//body,'',6,2))"/><!-- ⲛⲉ -->
<mark id="tok_3" xlink:href="#xpointer(string-range(//body,'',9,11))"/><!-- ⲡⲛⲉⲩⲙⲁⲧⲓⲕⲟⲛ -->
<mark id="tok_4" xlink:href="#xpointer(string-range(//body,'',21,2))"/><!-- ⲇⲉ -->
<mark id="tok_5" xlink:href="#xpointer(string-range(//body,'',24,2))"/><!-- ⲛⲉ -->
<mark id="tok_6" xlink:href="#xpointer(string-range(//body,'',27,1))"/><!-- ⲥ -->
<mark id="tok_7" xlink:href="#xpointer(string-range(//body,'',29,3))"/><!-- ⲛⲏⲩ -->
<mark id="tok_8" xlink:href="#xpointer(string-range(//body,'',33,1))"/><!-- ⲛ -->
<mark id="tok_9" xlink:href="#xpointer(string-range(//body,'',35,1))"/><!-- ϯ -->
<mark id="tok_10" xlink:href="#xpointer(string-range(//body,'',37,4))"/><!-- ⲟⲩⲱϣ -->
<mark id="tok_11" xlink:href="#xpointer(string-range(//body,'',42,2))"/><!-- ⲁⲛ -->
<mark id="tok_12" xlink:href="#xpointer(string-range(//body,'',45,14))"/><!-- ⲉⲧⲣⲉⲧⲛⲣⲁⲧⲥⲟⲟⲩⲛ -->
<mark id="tok_13" xlink:href="#xpointer(string-range(//body,'',60,4))"/><!-- ⲧⲉⲧⲛ -->
<mark id="tok_14" xlink:href="#xpointer(string-range(//body,'',65,5))"/><!-- ⲥⲟⲟⲩⲛ -->
<mark id="tok_15" xlink:href="#xpointer(string-range(//body,'',71,3))"/><!-- ⲅⲁⲣ -->
<mark id="tok_16" xlink:href="#xpointer(string-range(//body,'',75,2))"/><!-- ϫⲉ -->
<mark id="tok_17" xlink:href="#xpointer(string-range(//body,'',78,2))"/><!-- ⲛⲉ -->
<mark id="tok_18" xlink:href="#xpointer(string-range(//body,'',81,4))"/><!-- ⲧⲉⲧⲛ -->
<mark id="tok_19" xlink:href="#xpointer(string-range(//body,'',86,1))"/><!-- ⲟ -->
<mark id="tok_20" xlink:href="#xpointer(string-range(//body,'',88,1))"/><!-- ⲛ -->
<mark id="tok_21" xlink:href="#xpointer(string-range(//body,'',90,6))"/><!-- ϩⲉⲑⲛⲟⲥ -->
<mark id="tok_22" xlink:href="#xpointer(string-range(//body,'',97,2))"/><!-- ⲡⲉ -->
<mark id="tok_23" xlink:href="#xpointer(string-range(//body,'',100,1))"/><!-- . -->
<mark id="tok_24" xlink:href="#xpointer(string-range(//body,'',102,1))"/><!-- ⲉ -->
<mark id="tok_25" xlink:href="#xpointer(string-range(//body,'',104,4))"/><!-- ⲧⲉⲧⲛ -->
<mark id="tok_26" xlink:href="#xpointer(string-range(//body,'',109,3))"/><!-- ⲃⲏⲕ -->
<mark id="tok_27" xlink:href="#xpointer(string-range(//body,'',113,6))"/><!-- ⲉⲣⲁⲧⲟⲩ -->
<mark id="tok_28" xlink:href="#xpointer(string-range(//body,'',120,1))"/><!-- ⲛ -->
<mark id="tok_29" xlink:href="#xpointer(string-range(//body,'',122,1))"/><!-- ⲛ -->
<mark id="tok_30" xlink:href="#xpointer(string-range(//body,'',124,7))"/><!-- ⲉⲓⲇⲱⲗⲟⲛ -->
<mark id="tok_31" xlink:href="#xpointer(string-range(//body,'',132,10))"/><!-- ⲉⲧⲉⲙⲉⲩϣⲁϫⲉ -->
<mark id="tok_32" xlink:href="#xpointer(string-range(//body,'',143,1))"/><!-- ⲛ -->
<mark id="tok_33" xlink:href="#xpointer(string-range(//body,'',145,1))"/><!-- ⲧ -->
<mark id="tok_34" xlink:href="#xpointer(string-range(//body,'',147,2))"/><!-- ϩⲉ -->
<mark id="tok_35" xlink:href="#xpointer(string-range(//body,'',150,3))"/><!-- ⲉⲛⲧ -->
<mark id="tok_36" xlink:href="#xpointer(string-range(//body,'',154,1))"/><!-- ⲁ -->
<mark id="tok_37" xlink:href="#xpointer(string-range(//body,'',156,1))"/><!-- ⲩ -->
<mark id="tok_38" xlink:href="#xpointer(string-range(//body,'',158,1))"/><!-- ⲛ -->
<mark id="tok_39" xlink:href="#xpointer(string-range(//body,'',160,5))"/><!-- ⲧⲏⲩⲧⲛ -->
<mark id="tok_40" xlink:href="#xpointer(string-range(//body,'',166,5))"/><!-- ⲉϩⲣⲁⲓ -->
<mark id="tok_41" xlink:href="#xpointer(string-range(//body,'',172,4))"/><!-- ϩⲓⲱⲱ -->
<mark id="tok_42" xlink:href="#xpointer(string-range(//body,'',177,1))"/><!-- ⲥ -->
<mark id="tok_43" xlink:href="#xpointer(string-range(//body,'',179,1))"/><!-- . -->
<mark id="tok_44" xlink:href="#xpointer(string-range(//body,'',181,4))"/><!-- ⲉⲧⲃⲉ -->
<mark id="tok_45" xlink:href="#xpointer(string-range(//body,'',186,3))"/><!-- ⲡⲁⲓ -->
<mark id="tok_46" xlink:href="#xpointer(string-range(//body,'',190,1))"/><!-- ϯ -->
<mark id="tok_47" xlink:href="#xpointer(string-range(//body,'',192,4))"/><!-- ⲧⲁⲙⲟ -->
<mark id="tok_48" xlink:href="#xpointer(string-range(//body,'',197,3))"/><!-- ⲙⲙⲱ -->
<mark id="tok_49" xlink:href="#xpointer(string-range(//body,'',201,2))"/><!-- ⲧⲛ -->
<mark id="tok_50" xlink:href="#xpointer(string-range(//body,'',204,2))"/><!-- ϫⲉ -->
<mark id="tok_51" xlink:href="#xpointer(string-range(//body,'',207,4))"/><!-- ⲙⲉⲣⲉ -->
<mark id="tok_52" xlink:href="#xpointer(string-range(//body,'',212,4))"/><!-- ⲗⲁⲁⲩ -->
<mark id="tok_53" xlink:href="#xpointer(string-range(//body,'',217,1))"/><!-- ⲉ -->
<mark id="tok_54" xlink:href="#xpointer(string-range(//body,'',219,1))"/><!-- ϥ -->
<mark id="tok_55" xlink:href="#xpointer(string-range(//body,'',221,4))"/><!-- ϣⲁϫⲉ -->
<mark id="tok_56" xlink:href="#xpointer(string-range(//body,'',226,2))"/><!-- ϩⲛ -->
<mark id="tok_57" xlink:href="#xpointer(string-range(//body,'',229,2))"/><!-- ⲟⲩ -->
<mark id="tok_58" xlink:href="#xpointer(string-range(//body,'',232,6))"/><!-- ⲡⲛⲉⲩⲙⲁ -->
<mark id="tok_59" xlink:href="#xpointer(string-range(//body,'',239,3))"/><!-- ⲛⲧⲉ -->
<mark id="tok_60" xlink:href="#xpointer(string-range(//body,'',243,1))"/><!-- ⲡ -->
<mark id="tok_61" xlink:href="#xpointer(string-range(//body,'',245,5))"/><!-- ⲛⲟⲩⲧⲉ -->
<mark id="tok_62" xlink:href="#xpointer(string-range(//body,'',251,3))"/><!-- ϫⲟⲟ -->
<mark id="tok_63" xlink:href="#xpointer(string-range(//body,'',255,1))"/><!-- ⲥ -->
<mark id="tok_64" xlink:href="#xpointer(string-range(//body,'',257,2))"/><!-- ϫⲉ -->
<mark id="tok_65" xlink:href="#xpointer(string-range(//body,'',260,2))"/><!-- ⲟⲩ -->
<mark id="tok_66" xlink:href="#xpointer(string-range(//body,'',263,7))"/><!-- ⲁⲛⲁⲑⲉⲙⲁ -->
<mark id="tok_67" xlink:href="#xpointer(string-range(//body,'',271,2))"/><!-- ⲡⲉ -->
<mark id="tok_68" xlink:href="#xpointer(string-range(//body,'',274,6))"/><!-- ⲓⲏⲥⲟⲩⲥ -->
<mark id="tok_69" xlink:href="#xpointer(string-range(//body,'',281,1))"/><!-- . -->
<mark id="tok_70" xlink:href="#xpointer(string-range(//body,'',283,3))"/><!-- ⲁⲩⲱ -->
<mark id="tok_71" xlink:href="#xpointer(string-range(//body,'',287,2))"/><!-- ⲙⲛ -->
<mark id="tok_72" xlink:href="#xpointer(string-range(//body,'',290,4))"/><!-- ϣϭⲟⲙ -->
<mark id="tok_73" xlink:href="#xpointer(string-range(//body,'',295,1))"/><!-- ⲛ -->
<mark id="tok_74" xlink:href="#xpointer(string-range(//body,'',297,4))"/><!-- ⲗⲁⲁⲩ -->
<mark id="tok_75" xlink:href="#xpointer(string-range(//body,'',302,1))"/><!-- ⲉ -->
<mark id="tok_76" xlink:href="#xpointer(string-range(//body,'',304,3))"/><!-- ϫⲟⲟ -->
<mark id="tok_77" xlink:href="#xpointer(string-range(//body,'',308,1))"/><!-- ⲥ -->
<mark id="tok_78" xlink:href="#xpointer(string-range(//body,'',310,2))"/><!-- ϫⲉ -->
<mark id="tok_79" xlink:href="#xpointer(string-range(//body,'',313,1))"/><!-- ⲡ -->
<mark id="tok_80" xlink:href="#xpointer(string-range(//body,'',315,5))"/><!-- ϫⲟⲉⲓⲥ -->
<mark id="tok_81" xlink:href="#xpointer(string-range(//body,'',321,2))"/><!-- ⲡⲉ -->
<mark id="tok_82" xlink:href="#xpointer(string-range(//body,'',324,6))"/><!-- ⲓⲏⲥⲟⲩⲥ -->
<mark id="tok_83" xlink:href="#xpointer(string-range(//body,'',331,6))"/><!-- ⲉⲓⲙⲏⲧⲓ -->
<mark id="tok_84" xlink:href="#xpointer(string-range(//body,'',338,2))"/><!-- ϩⲛ -->
<mark id="tok_85" xlink:href="#xpointer(string-range(//body,'',341,2))"/><!-- ⲟⲩ -->
<mark id="tok_86" xlink:href="#xpointer(string-range(//body,'',344,6))"/><!-- ⲡⲛⲉⲩⲙⲁ -->
<mark id="tok_87" xlink:href="#xpointer(string-range(//body,'',351,1))"/><!-- ⲉ -->
<mark id="tok_88" xlink:href="#xpointer(string-range(//body,'',353,1))"/><!-- ϥ -->
<mark id="tok_89" xlink:href="#xpointer(string-range(//body,'',355,5))"/><!-- ⲟⲩⲁⲁⲃ -->
<mark id="tok_90" xlink:href="#xpointer(string-range(//body,'',361,1))"/><!-- . -->
<mark id="tok_91" xlink:href="#xpointer(string-range(//body,'',363,3))"/><!-- ⲟⲩⲛ -->
<mark id="tok_92" xlink:href="#xpointer(string-range(//body,'',367,7))"/><!-- ϩⲉⲛⲡⲱⲣϫ -->
<mark id="tok_93" xlink:href="#xpointer(string-range(//body,'',375,2))"/><!-- ⲇⲉ -->
<mark id="tok_94" xlink:href="#xpointer(string-range(//body,'',378,1))"/><!-- ⲛ -->
<mark id="tok_95" xlink:href="#xpointer(string-range(//body,'',380,4))"/><!-- ϩⲙⲟⲧ -->
<mark id="tok_96" xlink:href="#xpointer(string-range(//body,'',385,1))"/><!-- ⲉ -->
<mark id="tok_97" xlink:href="#xpointer(string-range(//body,'',387,2))"/><!-- ⲡⲓ -->
<mark id="tok_98" xlink:href="#xpointer(string-range(//body,'',390,6))"/><!-- ⲡⲛⲉⲩⲙⲁ -->
<mark id="tok_99" xlink:href="#xpointer(string-range(//body,'',397,1))"/><!-- ⲛ -->
<mark id="tok_100" xlink:href="#xpointer(string-range(//body,'',399,4))"/><!-- ⲟⲩⲱⲧ -->
<mark id="tok_101" xlink:href="#xpointer(string-range(//body,'',404,2))"/><!-- ⲡⲉ -->
<mark id="tok_102" xlink:href="#xpointer(string-range(//body,'',407,1))"/><!-- . -->
<mark id="tok_103" xlink:href="#xpointer(string-range(//body,'',409,3))"/><!-- ⲁⲩⲱ -->
<mark id="tok_104" xlink:href="#xpointer(string-range(//body,'',413,3))"/><!-- ⲟⲩⲛ -->
<mark id="tok_105" xlink:href="#xpointer(string-range(//body,'',417,7))"/><!-- ϩⲉⲛⲡⲱⲣϫ -->
<mark id="tok_106" xlink:href="#xpointer(string-range(//body,'',425,1))"/><!-- ⲛ -->
<mark id="tok_107" xlink:href="#xpointer(string-range(//body,'',427,8))"/><!-- ⲇⲓⲁⲕⲟⲛⲓⲁ -->
<mark id="tok_108" xlink:href="#xpointer(string-range(//body,'',436,1))"/><!-- ⲉ -->
<mark id="tok_109" xlink:href="#xpointer(string-range(//body,'',438,2))"/><!-- ⲡⲓ -->
<mark id="tok_110" xlink:href="#xpointer(string-range(//body,'',441,5))"/><!-- ϫⲟⲉⲓⲥ -->
<mark id="tok_111" xlink:href="#xpointer(string-range(//body,'',447,1))"/><!-- ⲛ -->
<mark id="tok_112" xlink:href="#xpointer(string-range(//body,'',449,4))"/><!-- ⲟⲩⲱⲧ -->
<mark id="tok_113" xlink:href="#xpointer(string-range(//body,'',454,2))"/><!-- ⲡⲉ -->
<mark id="tok_114" xlink:href="#xpointer(string-range(//body,'',457,1))"/><!-- . -->
<mark id="tok_115" xlink:href="#xpointer(string-range(//body,'',459,3))"/><!-- ⲁⲩⲱ -->
<mark id="tok_116" xlink:href="#xpointer(string-range(//body,'',463,3))"/><!-- ⲟⲩⲛ -->
<mark id="tok_117" xlink:href="#xpointer(string-range(//body,'',467,7))"/><!-- ϩⲉⲛⲡⲱⲣϫ -->
<mark id="tok_118" xlink:href="#xpointer(string-range(//body,'',475,9))"/><!-- ⲛⲉⲛⲉⲣⲅⲏⲙⲁ -->
<mark id="tok_119" xlink:href="#xpointer(string-range(//body,'',485,1))"/><!-- ⲉ -->
<mark id="tok_120" xlink:href="#xpointer(string-range(//body,'',487,2))"/><!-- ⲡⲓ -->
<mark id="tok_121" xlink:href="#xpointer(string-range(//body,'',490,5))"/><!-- ⲛⲟⲩⲧⲉ -->
<mark id="tok_122" xlink:href="#xpointer(string-range(//body,'',496,1))"/><!-- ⲛ -->
<mark id="tok_123" xlink:href="#xpointer(string-range(//body,'',498,4))"/><!-- ⲟⲩⲱⲧ -->
<mark id="tok_124" xlink:href="#xpointer(string-range(//body,'',503,9))"/><!-- ⲡⲉⲧⲉⲛⲉⲣⲅⲓ -->
<mark id="tok_125" xlink:href="#xpointer(string-range(//body,'',513,1))"/><!-- ⲙ -->
<mark id="tok_126" xlink:href="#xpointer(string-range(//body,'',515,1))"/><!-- ⲡ -->
<mark id="tok_127" xlink:href="#xpointer(string-range(//body,'',517,4))"/><!-- ⲧⲏⲣϥ -->
<mark id="tok_128" xlink:href="#xpointer(string-range(//body,'',522,2))"/><!-- ϩⲙ -->
<mark id="tok_129" xlink:href="#xpointer(string-range(//body,'',525,1))"/><!-- ⲡ -->
<mark id="tok_130" xlink:href="#xpointer(string-range(//body,'',527,4))"/><!-- ⲧⲏⲣϥ -->
<mark id="tok_131" xlink:href="#xpointer(string-range(//body,'',532,1))"/><!-- . -->
<mark id="tok_132" xlink:href="#xpointer(string-range(//body,'',534,2))"/><!-- ⲥⲉ -->
<mark id="tok_133" xlink:href="#xpointer(string-range(//body,'',537,1))"/><!-- ϯ -->
<mark id="tok_134" xlink:href="#xpointer(string-range(//body,'',539,2))"/><!-- ⲇⲉ -->
<mark id="tok_135" xlink:href="#xpointer(string-range(//body,'',542,1))"/><!-- ⲙ -->
<mark id="tok_136" xlink:href="#xpointer(string-range(//body,'',544,1))"/><!-- ⲡ -->
<mark id="tok_137" xlink:href="#xpointer(string-range(//body,'',546,3))"/><!-- ⲟⲩⲁ -->
<mark id="tok_138" xlink:href="#xpointer(string-range(//body,'',550,1))"/><!-- ⲡ -->
<mark id="tok_139" xlink:href="#xpointer(string-range(//body,'',552,3))"/><!-- ⲟⲩⲁ -->
<mark id="tok_140" xlink:href="#xpointer(string-range(//body,'',556,2))"/><!-- ϩⲙ -->
<mark id="tok_141" xlink:href="#xpointer(string-range(//body,'',559,1))"/><!-- ⲡ -->
<mark id="tok_142" xlink:href="#xpointer(string-range(//body,'',561,5))"/><!-- ⲟⲩⲱⲛϩ -->
<mark id="tok_143" xlink:href="#xpointer(string-range(//body,'',567,4))"/><!-- ⲉⲃⲟⲗ -->
<mark id="tok_144" xlink:href="#xpointer(string-range(//body,'',572,1))"/><!-- ⲙ -->
<mark id="tok_145" xlink:href="#xpointer(string-range(//body,'',574,2))"/><!-- ⲡⲉ -->
<mark id="tok_146" xlink:href="#xpointer(string-range(//body,'',577,6))"/><!-- ⲡⲛⲉⲩⲙⲁ -->
<mark id="tok_147" xlink:href="#xpointer(string-range(//body,'',584,1))"/><!-- ⲉ -->
<mark id="tok_148" xlink:href="#xpointer(string-range(//body,'',586,1))"/><!-- ⲧ -->
<mark id="tok_149" xlink:href="#xpointer(string-range(//body,'',588,5))"/><!-- ⲛⲟϥⲣⲉ -->
<mark id="tok_150" xlink:href="#xpointer(string-range(//body,'',594,1))"/><!-- . -->
<mark id="tok_151" xlink:href="#xpointer(string-range(//body,'',596,3))"/><!-- ⲟⲩⲁ -->
<mark id="tok_152" xlink:href="#xpointer(string-range(//body,'',600,3))"/><!-- ⲙⲉⲛ -->
<mark id="tok_153" xlink:href="#xpointer(string-range(//body,'',604,4))"/><!-- ϩⲓⲧⲙ -->
<mark id="tok_154" xlink:href="#xpointer(string-range(//body,'',609,2))"/><!-- ⲡⲉ -->
<mark id="tok_155" xlink:href="#xpointer(string-range(//body,'',612,6))"/><!-- ⲡⲛⲉⲩⲙⲁ -->
<mark id="tok_156" xlink:href="#xpointer(string-range(//body,'',619,2))"/><!-- ϣⲁ -->
<mark id="tok_157" xlink:href="#xpointer(string-range(//body,'',622,1))"/><!-- ⲩ -->
<mark id="tok_158" xlink:href="#xpointer(string-range(//body,'',624,1))"/><!-- ϯ -->
<mark id="tok_159" xlink:href="#xpointer(string-range(//body,'',626,2))"/><!-- ⲛⲁ -->
<mark id="tok_160" xlink:href="#xpointer(string-range(//body,'',629,1))"/><!-- ϥ -->
<mark id="tok_161" xlink:href="#xpointer(string-range(//body,'',631,1))"/><!-- ⲛ -->
<mark id="tok_162" xlink:href="#xpointer(string-range(//body,'',633,2))"/><!-- ⲟⲩ -->
<mark id="tok_163" xlink:href="#xpointer(string-range(//body,'',636,4))"/><!-- ϣⲁϫⲉ -->
<mark id="tok_164" xlink:href="#xpointer(string-range(//body,'',641,1))"/><!-- ⲛ -->
<mark id="tok_165" xlink:href="#xpointer(string-range(//body,'',643,5))"/><!-- ⲥⲟⲫⲓⲁ -->
<mark id="tok_166" xlink:href="#xpointer(string-range(//body,'',649,1))"/><!-- . -->
<mark id="tok_167" xlink:href="#xpointer(string-range(//body,'',651,3))"/><!-- ⲕⲉⲧ -->
<mark id="tok_168" xlink:href="#xpointer(string-range(//body,'',655,2))"/><!-- ⲇⲉ -->
<mark id="tok_169" xlink:href="#xpointer(string-range(//body,'',658,1))"/><!-- ⲛ -->
<mark id="tok_170" xlink:href="#xpointer(string-range(//body,'',660,2))"/><!-- ⲟⲩ -->
<mark id="tok_171" xlink:href="#xpointer(string-range(//body,'',663,4))"/><!-- ϣⲁϫⲉ -->
<mark id="tok_172" xlink:href="#xpointer(string-range(//body,'',668,1))"/><!-- ⲛ -->
<mark id="tok_173" xlink:href="#xpointer(string-range(//body,'',670,5))"/><!-- ⲥⲟⲟⲩⲛ -->
<mark id="tok_174" xlink:href="#xpointer(string-range(//body,'',676,4))"/><!-- ⲕⲁⲧⲁ -->
<mark id="tok_175" xlink:href="#xpointer(string-range(//body,'',681,2))"/><!-- ⲡⲓ -->
<mark id="tok_176" xlink:href="#xpointer(string-range(//body,'',684,6))"/><!-- ⲡⲛⲉⲩⲙⲁ -->
<mark id="tok_177" xlink:href="#xpointer(string-range(//body,'',691,1))"/><!-- ⲛ -->
<mark id="tok_178" xlink:href="#xpointer(string-range(//body,'',693,4))"/><!-- ⲟⲩⲱⲧ -->
<mark id="tok_179" xlink:href="#xpointer(string-range(//body,'',698,1))"/><!-- . -->
<mark id="tok_180" xlink:href="#xpointer(string-range(//body,'',700,5))"/><!-- ⲕⲉⲟⲩⲁ -->
<mark id="tok_181" xlink:href="#xpointer(string-range(//body,'',706,2))"/><!-- ⲇⲉ -->
<mark id="tok_182" xlink:href="#xpointer(string-range(//body,'',709,1))"/><!-- ⲛ -->
<mark id="tok_183" xlink:href="#xpointer(string-range(//body,'',711,2))"/><!-- ⲟⲩ -->
<mark id="tok_184" xlink:href="#xpointer(string-range(//body,'',714,6))"/><!-- ⲡⲓⲥⲧⲓⲥ -->
<mark id="tok_185" xlink:href="#xpointer(string-range(//body,'',721,2))"/><!-- ϩⲙ -->
<mark id="tok_186" xlink:href="#xpointer(string-range(//body,'',724,2))"/><!-- ⲡⲓ -->
<mark id="tok_187" xlink:href="#xpointer(string-range(//body,'',727,6))"/><!-- ⲡⲛⲉⲩⲙⲁ -->
<mark id="tok_188" xlink:href="#xpointer(string-range(//body,'',734,1))"/><!-- ⲛ -->
<mark id="tok_189" xlink:href="#xpointer(string-range(//body,'',736,4))"/><!-- ⲟⲩⲱⲧ -->
<mark id="tok_190" xlink:href="#xpointer(string-range(//body,'',741,1))"/><!-- . -->
<mark id="tok_191" xlink:href="#xpointer(string-range(//body,'',743,5))"/><!-- ⲕⲉⲟⲩⲁ -->
<mark id="tok_192" xlink:href="#xpointer(string-range(//body,'',749,2))"/><!-- ⲇⲉ -->
<mark id="tok_193" xlink:href="#xpointer(string-range(//body,'',752,1))"/><!-- ⲛ -->
<mark id="tok_194" xlink:href="#xpointer(string-range(//body,'',754,3))"/><!-- ϩⲉⲛ -->
<mark id="tok_195" xlink:href="#xpointer(string-range(//body,'',758,4))"/><!-- ϩⲙⲟⲧ -->
<mark id="tok_196" xlink:href="#xpointer(string-range(//body,'',763,6))"/><!-- ⲛⲧⲁⲗϭⲟ -->
<mark id="tok_197" xlink:href="#xpointer(string-range(//body,'',770,4))"/><!-- ⲕⲁⲧⲁ -->
<mark id="tok_198" xlink:href="#xpointer(string-range(//body,'',775,2))"/><!-- ⲡⲓ -->
<mark id="tok_199" xlink:href="#xpointer(string-range(//body,'',778,6))"/><!-- ⲡⲛⲉⲩⲙⲁ -->
<mark id="tok_200" xlink:href="#xpointer(string-range(//body,'',785,1))"/><!-- ⲛ -->
<mark id="tok_201" xlink:href="#xpointer(string-range(//body,'',787,4))"/><!-- ⲟⲩⲱⲧ -->
<mark id="tok_202" xlink:href="#xpointer(string-range(//body,'',792,1))"/><!-- . -->
<mark id="tok_203" xlink:href="#xpointer(string-range(//body,'',794,5))"/><!-- ⲕⲉⲟⲩⲁ -->
<mark id="tok_204" xlink:href="#xpointer(string-range(//body,'',800,12))"/><!-- ⲛϩⲉⲛⲉⲛⲉⲣⲅⲏⲙⲁ -->
<mark id="tok_205" xlink:href="#xpointer(string-range(//body,'',813,1))"/><!-- ⲛ -->
<mark id="tok_206" xlink:href="#xpointer(string-range(//body,'',815,3))"/><!-- ϭⲟⲙ -->
<mark id="tok_207" xlink:href="#xpointer(string-range(//body,'',819,5))"/><!-- ⲕⲉⲟⲩⲁ -->
<mark id="tok_208" xlink:href="#xpointer(string-range(//body,'',825,1))"/><!-- ⲛ -->
<mark id="tok_209" xlink:href="#xpointer(string-range(//body,'',827,2))"/><!-- ⲟⲩ -->
<mark id="tok_210" xlink:href="#xpointer(string-range(//body,'',830,8))"/><!-- ⲡⲣⲟⲫⲏⲧⲓⲁ -->
<mark id="tok_211" xlink:href="#xpointer(string-range(//body,'',839,5))"/><!-- ⲕⲉⲟⲩⲁ -->
<mark id="tok_212" xlink:href="#xpointer(string-range(//body,'',845,1))"/><!-- ⲛ -->
<mark id="tok_213" xlink:href="#xpointer(string-range(//body,'',847,2))"/><!-- ⲟⲩ -->
<mark id="tok_214" xlink:href="#xpointer(string-range(//body,'',850,9))"/><!-- ⲇⲓⲁⲕⲣⲓⲥⲓⲥ -->
<mark id="tok_215" xlink:href="#xpointer(string-range(//body,'',860,1))"/><!-- ⲙ -->
<mark id="tok_216" xlink:href="#xpointer(string-range(//body,'',862,6))"/><!-- ⲡⲛⲉⲩⲙⲁ -->
<mark id="tok_217" xlink:href="#xpointer(string-range(//body,'',869,5))"/><!-- ⲕⲉⲟⲩⲁ -->
<mark id="tok_218" xlink:href="#xpointer(string-range(//body,'',875,1))"/><!-- ⲛ -->
<mark id="tok_219" xlink:href="#xpointer(string-range(//body,'',877,3))"/><!-- ϩⲉⲛ -->
<mark id="tok_220" xlink:href="#xpointer(string-range(//body,'',881,5))"/><!-- ⲅⲉⲛⲟⲥ -->
<mark id="tok_221" xlink:href="#xpointer(string-range(//body,'',887,1))"/><!-- ⲛ -->
<mark id="tok_222" xlink:href="#xpointer(string-range(//body,'',889,4))"/><!-- ⲁⲥⲡⲉ -->
<mark id="tok_223" xlink:href="#xpointer(string-range(//body,'',894,5))"/><!-- ⲕⲉⲟⲩⲁ -->
<mark id="tok_224" xlink:href="#xpointer(string-range(//body,'',900,1))"/><!-- ⲛ -->
<mark id="tok_225" xlink:href="#xpointer(string-range(//body,'',902,2))"/><!-- ⲟⲩ -->
<mark id="tok_226" xlink:href="#xpointer(string-range(//body,'',905,8))"/><!-- ϩⲉⲣⲙⲏⲛⲓⲁ -->
<mark id="tok_227" xlink:href="#xpointer(string-range(//body,'',914,1))"/><!-- ⲛ -->
<mark id="tok_228" xlink:href="#xpointer(string-range(//body,'',916,4))"/><!-- ⲁⲥⲡⲉ -->
<mark id="tok_229" xlink:href="#xpointer(string-range(//body,'',921,1))"/><!-- . -->
<mark id="tok_230" xlink:href="#xpointer(string-range(//body,'',923,3))"/><!-- ⲛⲁⲓ -->
<mark id="tok_231" xlink:href="#xpointer(string-range(//body,'',927,2))"/><!-- ⲇⲉ -->
<mark id="tok_232" xlink:href="#xpointer(string-range(//body,'',930,3))"/><!-- ⲧⲏⲣ -->
<mark id="tok_233" xlink:href="#xpointer(string-range(//body,'',934,2))"/><!-- ⲟⲩ -->
<mark id="tok_234" xlink:href="#xpointer(string-range(//body,'',937,2))"/><!-- ⲡⲓ -->
<mark id="tok_235" xlink:href="#xpointer(string-range(//body,'',940,6))"/><!-- ⲡⲛⲉⲩⲙⲁ -->
<mark id="tok_236" xlink:href="#xpointer(string-range(//body,'',947,1))"/><!-- ⲛ -->
<mark id="tok_237" xlink:href="#xpointer(string-range(//body,'',949,4))"/><!-- ⲟⲩⲱⲧ -->
<mark id="tok_238" xlink:href="#xpointer(string-range(//body,'',954,9))"/><!-- ⲡⲉⲧⲉⲛⲉⲣⲅⲓ -->
<mark id="tok_239" xlink:href="#xpointer(string-range(//body,'',964,3))"/><!-- ⲙⲙⲟ -->
<mark id="tok_240" xlink:href="#xpointer(string-range(//body,'',968,2))"/><!-- ⲟⲩ -->
<mark id="tok_241" xlink:href="#xpointer(string-range(//body,'',971,1))"/><!-- ⲉ -->
<mark id="tok_242" xlink:href="#xpointer(string-range(//body,'',973,1))"/><!-- ϥ -->
<mark id="tok_243" xlink:href="#xpointer(string-range(//body,'',975,3))"/><!-- ⲡⲱϣ -->
<mark id="tok_244" xlink:href="#xpointer(string-range(//body,'',979,3))"/><!-- ⲉϫⲙ -->
<mark id="tok_245" xlink:href="#xpointer(string-range(//body,'',983,1))"/><!-- ⲡ -->
<mark id="tok_246" xlink:href="#xpointer(string-range(//body,'',985,3))"/><!-- ⲟⲩⲁ -->
<mark id="tok_247" xlink:href="#xpointer(string-range(//body,'',989,1))"/><!-- ⲡ -->
<mark id="tok_248" xlink:href="#xpointer(string-range(//body,'',991,3))"/><!-- ⲟⲩⲁ -->
<mark id="tok_249" xlink:href="#xpointer(string-range(//body,'',995,3))"/><!-- ⲙⲙⲟ -->
<mark id="tok_250" xlink:href="#xpointer(string-range(//body,'',999,2))"/><!-- ⲟⲩ -->
<mark id="tok_251" xlink:href="#xpointer(string-range(//body,'',1002,4))"/><!-- ⲕⲁⲧⲁ -->
<mark id="tok_252" xlink:href="#xpointer(string-range(//body,'',1007,1))"/><!-- ⲧ -->
<mark id="tok_253" xlink:href="#xpointer(string-range(//body,'',1009,2))"/><!-- ϩⲉ -->
<mark id="tok_254" xlink:href="#xpointer(string-range(//body,'',1012,8))"/><!-- ⲉⲧϥⲟⲩⲁϣⲥ -->
<mark id="tok_255" xlink:href="#xpointer(string-range(//body,'',1021,1))"/><!-- . -->
<mark id="tok_256" xlink:href="#xpointer(string-range(//body,'',1023,1))"/><!-- ⲛ -->
<mark id="tok_257" xlink:href="#xpointer(string-range(//body,'',1025,1))"/><!-- ⲧ -->
<mark id="tok_258" xlink:href="#xpointer(string-range(//body,'',1027,2))"/><!-- ϩⲉ -->
<mark id="tok_259" xlink:href="#xpointer(string-range(//body,'',1030,3))"/><!-- ⲅⲁⲣ -->
<mark id="tok_260" xlink:href="#xpointer(string-range(//body,'',1034,1))"/><!-- ⲉ -->
<mark id="tok_261" xlink:href="#xpointer(string-range(//body,'',1036,3))"/><!-- ⲟⲩⲁ -->
<mark id="tok_262" xlink:href="#xpointer(string-range(//body,'',1040,2))"/><!-- ⲡⲉ -->
<mark id="tok_263" xlink:href="#xpointer(string-range(//body,'',1043,1))"/><!-- ⲡ -->
<mark id="tok_264" xlink:href="#xpointer(string-range(//body,'',1045,4))"/><!-- ⲥⲱⲙⲁ -->
<mark id="tok_265" xlink:href="#xpointer(string-range(//body,'',1050,1))"/><!-- ⲉ -->
<mark id="tok_266" xlink:href="#xpointer(string-range(//body,'',1052,2))"/><!-- ⲟⲩ -->
<mark id="tok_267" xlink:href="#xpointer(string-range(//body,'',1055,3))"/><!-- ⲛⲧϥ -->
<mark id="tok_268" xlink:href="#xpointer(string-range(//body,'',1059,3))"/><!-- ϩⲁϩ -->
<mark id="tok_269" xlink:href="#xpointer(string-range(//body,'',1063,1))"/><!-- ⲙ -->
<mark id="tok_270" xlink:href="#xpointer(string-range(//body,'',1065,5))"/><!-- ⲙⲉⲗⲟⲥ -->
<mark id="tok_271" xlink:href="#xpointer(string-range(//body,'',1071,1))"/><!-- ⲙ -->
<mark id="tok_272" xlink:href="#xpointer(string-range(//body,'',1073,5))"/><!-- ⲙⲉⲗⲟⲥ -->
<mark id="tok_273" xlink:href="#xpointer(string-range(//body,'',1079,2))"/><!-- ⲇⲉ -->
<mark id="tok_274" xlink:href="#xpointer(string-range(//body,'',1082,3))"/><!-- ⲧⲏⲣ -->
<mark id="tok_275" xlink:href="#xpointer(string-range(//body,'',1086,2))"/><!-- ⲟⲩ -->
<mark id="tok_276" xlink:href="#xpointer(string-range(//body,'',1089,1))"/><!-- ⲙ -->
<mark id="tok_277" xlink:href="#xpointer(string-range(//body,'',1091,1))"/><!-- ⲡ -->
<mark id="tok_278" xlink:href="#xpointer(string-range(//body,'',1093,4))"/><!-- ⲥⲱⲙⲁ -->
<mark id="tok_279" xlink:href="#xpointer(string-range(//body,'',1098,3))"/><!-- ϩⲁϩ -->
<mark id="tok_280" xlink:href="#xpointer(string-range(//body,'',1102,2))"/><!-- ⲛⲉ -->
<mark id="tok_281" xlink:href="#xpointer(string-range(//body,'',1105,2))"/><!-- ⲟⲩ -->
<mark id="tok_282" xlink:href="#xpointer(string-range(//body,'',1108,4))"/><!-- ⲥⲱⲙⲁ -->
<mark id="tok_283" xlink:href="#xpointer(string-range(//body,'',1113,1))"/><!-- ⲛ -->
<mark id="tok_284" xlink:href="#xpointer(string-range(//body,'',1115,4))"/><!-- ⲟⲩⲱⲧ -->
<mark id="tok_285" xlink:href="#xpointer(string-range(//body,'',1120,2))"/><!-- ⲡⲉ -->
<mark id="tok_286" xlink:href="#xpointer(string-range(//body,'',1123,3))"/><!-- ⲧⲁⲓ -->
<mark id="tok_287" xlink:href="#xpointer(string-range(//body,'',1127,2))"/><!-- ⲧⲉ -->
<mark id="tok_288" xlink:href="#xpointer(string-range(//body,'',1130,1))"/><!-- ⲧ -->
<mark id="tok_289" xlink:href="#xpointer(string-range(//body,'',1132,2))"/><!-- ϩⲉ -->
<mark id="tok_290" xlink:href="#xpointer(string-range(//body,'',1135,1))"/><!-- ⲙ -->
<mark id="tok_291" xlink:href="#xpointer(string-range(//body,'',1137,2))"/><!-- ⲡⲉ -->
<mark id="tok_292" xlink:href="#xpointer(string-range(//body,'',1140,7))"/><!-- ⲭⲣⲓⲥⲧⲟⲥ -->
<mark id="tok_293" xlink:href="#xpointer(string-range(//body,'',1148,1))"/><!-- . -->
<mark id="tok_294" xlink:href="#xpointer(string-range(//body,'',1150,6))"/><!-- ⲕⲁⲓⲅⲁⲣ -->
<mark id="tok_295" xlink:href="#xpointer(string-range(//body,'',1157,2))"/><!-- ϩⲛ -->
<mark id="tok_296" xlink:href="#xpointer(string-range(//body,'',1160,2))"/><!-- ⲟⲩ -->
<mark id="tok_297" xlink:href="#xpointer(string-range(//body,'',1163,6))"/><!-- ⲡⲛⲉⲩⲙⲁ -->
<mark id="tok_298" xlink:href="#xpointer(string-range(//body,'',1170,1))"/><!-- ⲛ -->
<mark id="tok_299" xlink:href="#xpointer(string-range(//body,'',1172,4))"/><!-- ⲟⲩⲱⲧ -->
<mark id="tok_300" xlink:href="#xpointer(string-range(//body,'',1177,4))"/><!-- ⲁⲛⲟⲛ -->
<mark id="tok_301" xlink:href="#xpointer(string-range(//body,'',1182,3))"/><!-- ⲧⲏⲣ -->
<mark id="tok_302" xlink:href="#xpointer(string-range(//body,'',1186,1))"/><!-- ⲛ -->
<mark id="tok_303" xlink:href="#xpointer(string-range(//body,'',1188,2))"/><!-- ⲛⲧ -->
<mark id="tok_304" xlink:href="#xpointer(string-range(//body,'',1191,1))"/><!-- ⲁ -->
<mark id="tok_305" xlink:href="#xpointer(string-range(//body,'',1193,1))"/><!-- ⲛ -->
<mark id="tok_306" xlink:href="#xpointer(string-range(//body,'',1195,7))"/><!-- ⲃⲁⲡⲧⲓⲍⲉ -->
<mark id="tok_307" xlink:href="#xpointer(string-range(//body,'',1203,1))"/><!-- ⲉ -->
<mark id="tok_308" xlink:href="#xpointer(string-range(//body,'',1205,1))"/><!-- ⲩ -->
<mark id="tok_309" xlink:href="#xpointer(string-range(//body,'',1207,4))"/><!-- ⲥⲱⲙⲁ -->
<mark id="tok_310" xlink:href="#xpointer(string-range(//body,'',1212,1))"/><!-- ⲛ -->
<mark id="tok_311" xlink:href="#xpointer(string-range(//body,'',1214,4))"/><!-- ⲟⲩⲱⲧ -->
<mark id="tok_312" xlink:href="#xpointer(string-range(//body,'',1219,4))"/><!-- ⲉⲓⲧⲉ -->
<mark id="tok_313" xlink:href="#xpointer(string-range(//body,'',1224,6))"/><!-- ⲓⲟⲩⲇⲁⲓ -->
<mark id="tok_314" xlink:href="#xpointer(string-range(//body,'',1231,4))"/><!-- ⲉⲓⲧⲉ -->
<mark id="tok_315" xlink:href="#xpointer(string-range(//body,'',1236,8))"/><!-- ⲟⲩⲉⲓⲉⲛⲓⲛ -->
<mark id="tok_316" xlink:href="#xpointer(string-range(//body,'',1245,4))"/><!-- ⲉⲓⲧⲉ -->
<mark id="tok_317" xlink:href="#xpointer(string-range(//body,'',1250,5))"/><!-- ϩⲙϩⲁⲗ -->
<mark id="tok_318" xlink:href="#xpointer(string-range(//body,'',1256,4))"/><!-- ⲉⲓⲧⲉ -->
<mark id="tok_319" xlink:href="#xpointer(string-range(//body,'',1261,4))"/><!-- ⲣⲙϩⲉ -->
<mark id="tok_320" xlink:href="#xpointer(string-range(//body,'',1266,3))"/><!-- ⲁⲩⲱ -->
<mark id="tok_321" xlink:href="#xpointer(string-range(//body,'',1270,2))"/><!-- ⲛⲧ -->
<mark id="tok_322" xlink:href="#xpointer(string-range(//body,'',1273,1))"/><!-- ⲁ -->
<mark id="tok_323" xlink:href="#xpointer(string-range(//body,'',1275,1))"/><!-- ⲩ -->
<mark id="tok_324" xlink:href="#xpointer(string-range(//body,'',1277,3))"/><!-- ⲧⲥⲟ -->
<mark id="tok_325" xlink:href="#xpointer(string-range(//body,'',1281,1))"/><!-- ⲛ -->
<mark id="tok_326" xlink:href="#xpointer(string-range(//body,'',1283,3))"/><!-- ⲧⲏⲣ -->
<mark id="tok_327" xlink:href="#xpointer(string-range(//body,'',1287,1))"/><!-- ⲛ -->
<mark id="tok_328" xlink:href="#xpointer(string-range(//body,'',1289,1))"/><!-- ⲛ -->
<mark id="tok_329" xlink:href="#xpointer(string-range(//body,'',1291,2))"/><!-- ⲟⲩ -->
<mark id="tok_330" xlink:href="#xpointer(string-range(//body,'',1294,6))"/><!-- ⲡⲛⲉⲩⲙⲁ -->
<mark id="tok_331" xlink:href="#xpointer(string-range(//body,'',1301,1))"/><!-- ⲛ -->
<mark id="tok_332" xlink:href="#xpointer(string-range(//body,'',1303,4))"/><!-- ⲟⲩⲱⲧ -->
<mark id="tok_333" xlink:href="#xpointer(string-range(//body,'',1308,1))"/><!-- . -->
<mark id="tok_334" xlink:href="#xpointer(string-range(//body,'',1310,6))"/><!-- ⲕⲁⲓⲅⲁⲣ -->
<mark id="tok_335" xlink:href="#xpointer(string-range(//body,'',1317,1))"/><!-- ⲡ -->
<mark id="tok_336" xlink:href="#xpointer(string-range(//body,'',1319,4))"/><!-- ⲥⲱⲙⲁ -->
<mark id="tok_337" xlink:href="#xpointer(string-range(//body,'',1324,1))"/><!-- ⲛ -->
<mark id="tok_338" xlink:href="#xpointer(string-range(//body,'',1326,2))"/><!-- ⲟⲩ -->
<mark id="tok_339" xlink:href="#xpointer(string-range(//body,'',1329,5))"/><!-- ⲙⲉⲗⲟⲥ -->
<mark id="tok_340" xlink:href="#xpointer(string-range(//body,'',1335,1))"/><!-- ⲛ -->
<mark id="tok_341" xlink:href="#xpointer(string-range(//body,'',1337,4))"/><!-- ⲟⲩⲱⲧ -->
<mark id="tok_342" xlink:href="#xpointer(string-range(//body,'',1342,2))"/><!-- ⲁⲛ -->
<mark id="tok_343" xlink:href="#xpointer(string-range(//body,'',1345,2))"/><!-- ⲡⲉ -->
<mark id="tok_344" xlink:href="#xpointer(string-range(//body,'',1348,1))"/><!-- . -->
<mark id="tok_345" xlink:href="#xpointer(string-range(//body,'',1350,4))"/><!-- ⲁⲗⲗⲁ -->
<mark id="tok_346" xlink:href="#xpointer(string-range(//body,'',1355,3))"/><!-- ϩⲁϩ -->
<mark id="tok_347" xlink:href="#xpointer(string-range(//body,'',1359,2))"/><!-- ⲛⲉ -->
<mark id="tok_348" xlink:href="#xpointer(string-range(//body,'',1362,1))"/><!-- . -->
<mark id="tok_349" xlink:href="#xpointer(string-range(//body,'',1364,5))"/><!-- ⲉⲣϣⲁⲛ -->
<mark id="tok_350" xlink:href="#xpointer(string-range(//body,'',1370,1))"/><!-- ⲧ -->
<mark id="tok_351" xlink:href="#xpointer(string-range(//body,'',1372,7))"/><!-- ⲟⲩⲉⲣⲏⲧⲉ -->
<mark id="tok_352" xlink:href="#xpointer(string-range(//body,'',1380,3))"/><!-- ϫⲟⲟ -->
<mark id="tok_353" xlink:href="#xpointer(string-range(//body,'',1384,1))"/><!-- ⲥ -->
<mark id="tok_354" xlink:href="#xpointer(string-range(//body,'',1386,2))"/><!-- ϫⲉ -->
<mark id="tok_355" xlink:href="#xpointer(string-range(//body,'',1389,3))"/><!-- ⲁⲛⲅ -->
<mark id="tok_356" xlink:href="#xpointer(string-range(//body,'',1393,1))"/><!-- ⲧ -->
<mark id="tok_357" xlink:href="#xpointer(string-range(//body,'',1395,3))"/><!-- ϭⲓϫ -->
<mark id="tok_358" xlink:href="#xpointer(string-range(//body,'',1399,2))"/><!-- ⲁⲛ -->
<mark id="tok_359" xlink:href="#xpointer(string-range(//body,'',1402,1))"/><!-- . -->
<mark id="tok_360" xlink:href="#xpointer(string-range(//body,'',1404,3))"/><!-- ⲁⲛⲅ -->
<mark id="tok_361" xlink:href="#xpointer(string-range(//body,'',1408,6))"/><!-- ⲟⲩⲉⲃⲟⲗ -->
<mark id="tok_362" xlink:href="#xpointer(string-range(//body,'',1415,2))"/><!-- ⲁⲛ -->
<mark id="tok_363" xlink:href="#xpointer(string-range(//body,'',1418,2))"/><!-- ϩⲙ -->
<mark id="tok_364" xlink:href="#xpointer(string-range(//body,'',1421,1))"/><!-- ⲡ -->
<mark id="tok_365" xlink:href="#xpointer(string-range(//body,'',1423,4))"/><!-- ⲥⲱⲙⲁ -->
<mark id="tok_366" xlink:href="#xpointer(string-range(//body,'',1428,1))"/><!-- . -->
<mark id="tok_367" xlink:href="#xpointer(string-range(//body,'',1430,11))"/><!-- ⲟⲩⲡⲁⲣⲁⲧⲟⲩⲧⲟ -->
<mark id="tok_368" xlink:href="#xpointer(string-range(//body,'',1442,7))"/><!-- ⲛⲟⲩⲉⲃⲟⲗ -->
<mark id="tok_369" xlink:href="#xpointer(string-range(//body,'',1450,2))"/><!-- ⲁⲛ -->
<mark id="tok_370" xlink:href="#xpointer(string-range(//body,'',1453,2))"/><!-- ϩⲙ -->
<mark id="tok_371" xlink:href="#xpointer(string-range(//body,'',1456,1))"/><!-- ⲡ -->
<mark id="tok_372" xlink:href="#xpointer(string-range(//body,'',1458,4))"/><!-- ⲥⲱⲙⲁ -->
<mark id="tok_373" xlink:href="#xpointer(string-range(//body,'',1463,2))"/><!-- ⲧⲉ -->
<mark id="tok_374" xlink:href="#xpointer(string-range(//body,'',1466,1))"/><!-- . -->
<mark id="tok_375" xlink:href="#xpointer(string-range(//body,'',1468,3))"/><!-- ⲁⲩⲱ -->
<mark id="tok_376" xlink:href="#xpointer(string-range(//body,'',1472,5))"/><!-- ⲉⲣϣⲁⲛ -->
<mark id="tok_377" xlink:href="#xpointer(string-range(//body,'',1478,1))"/><!-- ⲡ -->
<mark id="tok_378" xlink:href="#xpointer(string-range(//body,'',1480,5))"/><!-- ⲙⲁⲁϫⲉ -->
<mark id="tok_379" xlink:href="#xpointer(string-range(//body,'',1486,3))"/><!-- ϫⲟⲟ -->
<mark id="tok_380" xlink:href="#xpointer(string-range(//body,'',1490,1))"/><!-- ⲥ -->
<mark id="tok_381" xlink:href="#xpointer(string-range(//body,'',1492,2))"/><!-- ϫⲉ -->
<mark id="tok_382" xlink:href="#xpointer(string-range(//body,'',1495,3))"/><!-- ⲁⲛⲅ -->
<mark id="tok_383" xlink:href="#xpointer(string-range(//body,'',1499,1))"/><!-- ⲡ -->
<mark id="tok_384" xlink:href="#xpointer(string-range(//body,'',1501,3))"/><!-- ⲃⲁⲗ -->
<mark id="tok_385" xlink:href="#xpointer(string-range(//body,'',1505,2))"/><!-- ⲁⲛ -->
<mark id="tok_386" xlink:href="#xpointer(string-range(//body,'',1508,1))"/><!-- . -->
<mark id="tok_387" xlink:href="#xpointer(string-range(//body,'',1510,3))"/><!-- ⲁⲛⲅ -->
<mark id="tok_388" xlink:href="#xpointer(string-range(//body,'',1514,6))"/><!-- ⲟⲩⲉⲃⲟⲗ -->
<mark id="tok_389" xlink:href="#xpointer(string-range(//body,'',1521,2))"/><!-- ⲁⲛ -->
<mark id="tok_390" xlink:href="#xpointer(string-range(//body,'',1524,2))"/><!-- ϩⲙ -->
<mark id="tok_391" xlink:href="#xpointer(string-range(//body,'',1527,1))"/><!-- ⲡ -->
<mark id="tok_392" xlink:href="#xpointer(string-range(//body,'',1529,4))"/><!-- ⲥⲱⲙⲁ -->
<mark id="tok_393" xlink:href="#xpointer(string-range(//body,'',1534,1))"/><!-- . -->
<mark id="tok_394" xlink:href="#xpointer(string-range(//body,'',1536,11))"/><!-- ⲟⲩⲡⲁⲣⲁⲧⲟⲩⲧⲟ -->
<mark id="tok_395" xlink:href="#xpointer(string-range(//body,'',1548,7))"/><!-- ⲛⲟⲩⲉⲃⲟⲗ -->
<mark id="tok_396" xlink:href="#xpointer(string-range(//body,'',1556,2))"/><!-- ⲁⲛ -->
<mark id="tok_397" xlink:href="#xpointer(string-range(//body,'',1559,2))"/><!-- ϩⲙ -->
<mark id="tok_398" xlink:href="#xpointer(string-range(//body,'',1562,1))"/><!-- ⲡ -->
<mark id="tok_399" xlink:href="#xpointer(string-range(//body,'',1564,4))"/><!-- ⲥⲱⲙⲁ -->
<mark id="tok_400" xlink:href="#xpointer(string-range(//body,'',1569,2))"/><!-- ⲡⲉ -->
<mark id="tok_401" xlink:href="#xpointer(string-range(//body,'',1572,1))"/><!-- . -->
<mark id="tok_402" xlink:href="#xpointer(string-range(//body,'',1574,4))"/><!-- ⲉϣϫⲉ -->
<mark id="tok_403" xlink:href="#xpointer(string-range(//body,'',1579,1))"/><!-- ⲡ -->
<mark id="tok_404" xlink:href="#xpointer(string-range(//body,'',1581,4))"/><!-- ⲥⲱⲙⲁ -->
<mark id="tok_405" xlink:href="#xpointer(string-range(//body,'',1586,4))"/><!-- ⲧⲏⲣϥ -->
<mark id="tok_406" xlink:href="#xpointer(string-range(//body,'',1591,2))"/><!-- ⲡⲉ -->
<mark id="tok_407" xlink:href="#xpointer(string-range(//body,'',1594,1))"/><!-- ⲡ -->
<mark id="tok_408" xlink:href="#xpointer(string-range(//body,'',1596,3))"/><!-- ⲃⲁⲗ -->
<mark id="tok_409" xlink:href="#xpointer(string-range(//body,'',1600,1))"/><!-- ⲉ -->
<mark id="tok_410" xlink:href="#xpointer(string-range(//body,'',1602,1))"/><!-- ϥ -->
<mark id="tok_411" xlink:href="#xpointer(string-range(//body,'',1604,3))"/><!-- ⲧⲱⲛ -->
<mark id="tok_412" xlink:href="#xpointer(string-range(//body,'',1608,1))"/><!-- ⲡ -->
<mark id="tok_413" xlink:href="#xpointer(string-range(//body,'',1610,5))"/><!-- ⲙⲁⲁϫⲉ -->
<mark id="tok_414" xlink:href="#xpointer(string-range(//body,'',1616,1))"/><!-- . -->
<mark id="tok_415" xlink:href="#xpointer(string-range(//body,'',1618,4))"/><!-- ⲉϣϫⲉ -->
<mark id="tok_416" xlink:href="#xpointer(string-range(//body,'',1623,1))"/><!-- ⲡ -->
<mark id="tok_417" xlink:href="#xpointer(string-range(//body,'',1625,4))"/><!-- ⲥⲱⲙⲁ -->
<mark id="tok_418" xlink:href="#xpointer(string-range(//body,'',1630,4))"/><!-- ⲧⲏⲣϥ -->
<mark id="tok_419" xlink:href="#xpointer(string-range(//body,'',1635,2))"/><!-- ⲡⲉ -->
<mark id="tok_420" xlink:href="#xpointer(string-range(//body,'',1638,1))"/><!-- ⲡ -->
<mark id="tok_421" xlink:href="#xpointer(string-range(//body,'',1640,5))"/><!-- ⲙⲁⲁϫⲉ -->
<mark id="tok_422" xlink:href="#xpointer(string-range(//body,'',1646,1))"/><!-- ⲉ -->
<mark id="tok_423" xlink:href="#xpointer(string-range(//body,'',1648,1))"/><!-- ϥ -->
<mark id="tok_424" xlink:href="#xpointer(string-range(//body,'',1650,3))"/><!-- ⲧⲱⲛ -->
<mark id="tok_425" xlink:href="#xpointer(string-range(//body,'',1654,3))"/><!-- ⲡϣⲁ -->
<mark id="tok_426" xlink:href="#xpointer(string-range(//body,'',1658,1))"/><!-- . -->
<mark id="tok_427" xlink:href="#xpointer(string-range(//body,'',1660,5))"/><!-- ⲧⲉⲛⲟⲩ -->
<mark id="tok_428" xlink:href="#xpointer(string-range(//body,'',1666,2))"/><!-- ⲇⲉ -->
<mark id="tok_429" xlink:href="#xpointer(string-range(//body,'',1669,7))"/><!-- ⲁⲡⲛⲟⲩⲧⲉ -->
<mark id="tok_430" xlink:href="#xpointer(string-range(//body,'',1677,3))"/><!-- ⲥⲙⲛ -->
<mark id="tok_431" xlink:href="#xpointer(string-range(//body,'',1681,1))"/><!-- ⲙ -->
<mark id="tok_432" xlink:href="#xpointer(string-range(//body,'',1683,5))"/><!-- ⲙⲉⲗⲟⲥ -->
<mark id="tok_433" xlink:href="#xpointer(string-range(//body,'',1689,1))"/><!-- ⲡ -->
<mark id="tok_434" xlink:href="#xpointer(string-range(//body,'',1691,3))"/><!-- ⲟⲩⲁ -->
<mark id="tok_435" xlink:href="#xpointer(string-range(//body,'',1695,1))"/><!-- ⲡ -->
<mark id="tok_436" xlink:href="#xpointer(string-range(//body,'',1697,3))"/><!-- ⲟⲩⲁ -->
<mark id="tok_437" xlink:href="#xpointer(string-range(//body,'',1701,3))"/><!-- ⲙⲙⲟ -->
<mark id="tok_438" xlink:href="#xpointer(string-range(//body,'',1705,2))"/><!-- ⲟⲩ -->
<mark id="tok_439" xlink:href="#xpointer(string-range(//body,'',1708,2))"/><!-- ϩⲙ -->
<mark id="tok_440" xlink:href="#xpointer(string-range(//body,'',1711,1))"/><!-- ⲡ -->
<mark id="tok_441" xlink:href="#xpointer(string-range(//body,'',1713,4))"/><!-- ⲥⲱⲙⲁ -->
<mark id="tok_442" xlink:href="#xpointer(string-range(//body,'',1718,4))"/><!-- ⲕⲁⲧⲁ -->
<mark id="tok_443" xlink:href="#xpointer(string-range(//body,'',1723,1))"/><!-- ⲧ -->
<mark id="tok_444" xlink:href="#xpointer(string-range(//body,'',1725,2))"/><!-- ϩⲉ -->
<mark id="tok_445" xlink:href="#xpointer(string-range(//body,'',1728,8))"/><!-- ⲉⲧϥⲟⲩⲁϣⲥ -->
<mark id="tok_446" xlink:href="#xpointer(string-range(//body,'',1737,1))"/><!-- . -->
<mark id="tok_447" xlink:href="#xpointer(string-range(//body,'',1739,4))"/><!-- ⲉϣϫⲉ -->
<mark id="tok_448" xlink:href="#xpointer(string-range(//body,'',1744,2))"/><!-- ⲟⲩ -->
<mark id="tok_449" xlink:href="#xpointer(string-range(//body,'',1747,5))"/><!-- ⲙⲉⲗⲟⲥ -->
<mark id="tok_450" xlink:href="#xpointer(string-range(//body,'',1753,2))"/><!-- ⲇⲉ -->
<mark id="tok_451" xlink:href="#xpointer(string-range(//body,'',1756,1))"/><!-- ⲛ -->
<mark id="tok_452" xlink:href="#xpointer(string-range(//body,'',1758,4))"/><!-- ⲟⲩⲱⲧ -->
<mark id="tok_453" xlink:href="#xpointer(string-range(//body,'',1763,3))"/><!-- ⲧⲏⲣ -->
<mark id="tok_454" xlink:href="#xpointer(string-range(//body,'',1767,2))"/><!-- ⲟⲩ -->
<mark id="tok_455" xlink:href="#xpointer(string-range(//body,'',1770,2))"/><!-- ⲛⲉ -->
<mark id="tok_456" xlink:href="#xpointer(string-range(//body,'',1773,1))"/><!-- ⲉ -->
<mark id="tok_457" xlink:href="#xpointer(string-range(//body,'',1775,1))"/><!-- ϥ -->
<mark id="tok_458" xlink:href="#xpointer(string-range(//body,'',1777,3))"/><!-- ⲧⲱⲛ -->
<mark id="tok_459" xlink:href="#xpointer(string-range(//body,'',1781,1))"/><!-- ⲡ -->
<mark id="tok_460" xlink:href="#xpointer(string-range(//body,'',1783,4))"/><!-- ⲥⲱⲙⲁ -->
<mark id="tok_461" xlink:href="#xpointer(string-range(//body,'',1788,1))"/><!-- . -->
<mark id="tok_462" xlink:href="#xpointer(string-range(//body,'',1790,5))"/><!-- ⲧⲉⲛⲟⲩ -->
<mark id="tok_463" xlink:href="#xpointer(string-range(//body,'',1796,2))"/><!-- ⲇⲉ -->
<mark id="tok_464" xlink:href="#xpointer(string-range(//body,'',1799,3))"/><!-- ϩⲁϩ -->
<mark id="tok_465" xlink:href="#xpointer(string-range(//body,'',1803,3))"/><!-- ⲙⲉⲛ -->
<mark id="tok_466" xlink:href="#xpointer(string-range(//body,'',1807,2))"/><!-- ⲛⲉ -->
<mark id="tok_467" xlink:href="#xpointer(string-range(//body,'',1810,1))"/><!-- ⲙ -->
<mark id="tok_468" xlink:href="#xpointer(string-range(//body,'',1812,5))"/><!-- ⲙⲉⲗⲟⲥ -->
<mark id="tok_469" xlink:href="#xpointer(string-range(//body,'',1818,1))"/><!-- . -->
<mark id="tok_470" xlink:href="#xpointer(string-range(//body,'',1820,3))"/><!-- ⲟⲩⲁ -->
<mark id="tok_471" xlink:href="#xpointer(string-range(//body,'',1824,2))"/><!-- ⲇⲉ -->
<mark id="tok_472" xlink:href="#xpointer(string-range(//body,'',1827,2))"/><!-- ⲡⲉ -->
<mark id="tok_473" xlink:href="#xpointer(string-range(//body,'',1830,1))"/><!-- ⲡ -->
<mark id="tok_474" xlink:href="#xpointer(string-range(//body,'',1832,4))"/><!-- ⲥⲱⲙⲁ -->
<mark id="tok_475" xlink:href="#xpointer(string-range(//body,'',1837,1))"/><!-- . -->
<mark id="tok_476" xlink:href="#xpointer(string-range(//body,'',1839,2))"/><!-- ⲙⲛ -->
<mark id="tok_477" xlink:href="#xpointer(string-range(//body,'',1842,3))"/><!-- ϭⲟⲙ -->
<mark id="tok_478" xlink:href="#xpointer(string-range(//body,'',1846,2))"/><!-- ⲇⲉ -->
<mark id="tok_479" xlink:href="#xpointer(string-range(//body,'',1849,1))"/><!-- ⲙ -->
<mark id="tok_480" xlink:href="#xpointer(string-range(//body,'',1851,1))"/><!-- ⲡ -->
<mark id="tok_481" xlink:href="#xpointer(string-range(//body,'',1853,3))"/><!-- ⲃⲁⲗ -->
<mark id="tok_482" xlink:href="#xpointer(string-range(//body,'',1857,1))"/><!-- ⲉ -->
<mark id="tok_483" xlink:href="#xpointer(string-range(//body,'',1859,3))"/><!-- ϫⲟⲟ -->
<mark id="tok_484" xlink:href="#xpointer(string-range(//body,'',1863,1))"/><!-- ⲥ -->
<mark id="tok_485" xlink:href="#xpointer(string-range(//body,'',1865,1))"/><!-- ⲛ -->
<mark id="tok_486" xlink:href="#xpointer(string-range(//body,'',1867,1))"/><!-- ⲧ -->
<mark id="tok_487" xlink:href="#xpointer(string-range(//body,'',1869,3))"/><!-- ϭⲓϫ -->
<mark id="tok_488" xlink:href="#xpointer(string-range(//body,'',1873,2))"/><!-- ϫⲉ -->
<mark id="tok_489" xlink:href="#xpointer(string-range(//body,'',1876,7))"/><!-- ⲛϯⲣⲭⲣⲓⲁ -->
<mark id="tok_490" xlink:href="#xpointer(string-range(//body,'',1884,3))"/><!-- ⲙⲙⲟ -->
<mark id="tok_491" xlink:href="#xpointer(string-range(//body,'',1888,2))"/><!-- ⲁⲛ -->
<mark id="tok_492" xlink:href="#xpointer(string-range(//body,'',1891,1))"/><!-- . -->
<mark id="tok_493" xlink:href="#xpointer(string-range(//body,'',1893,3))"/><!-- ⲏⲟⲛ -->
<mark id="tok_494" xlink:href="#xpointer(string-range(//body,'',1897,1))"/><!-- ⲧ -->
<mark id="tok_495" xlink:href="#xpointer(string-range(//body,'',1899,3))"/><!-- ⲁⲡⲉ -->
<mark id="tok_496" xlink:href="#xpointer(string-range(//body,'',1903,1))"/><!-- ⲛ -->
<mark id="tok_497" xlink:href="#xpointer(string-range(//body,'',1905,1))"/><!-- ⲛ -->
<mark id="tok_498" xlink:href="#xpointer(string-range(//body,'',1907,7))"/><!-- ⲟⲩⲉⲣⲏⲧⲉ -->
<mark id="tok_499" xlink:href="#xpointer(string-range(//body,'',1915,2))"/><!-- ϫⲉ -->
<mark id="tok_500" xlink:href="#xpointer(string-range(//body,'',1918,7))"/><!-- ⲛϯⲣⲭⲣⲓⲁ -->
<mark id="tok_501" xlink:href="#xpointer(string-range(//body,'',1926,3))"/><!-- ⲙⲙⲱ -->
<mark id="tok_502" xlink:href="#xpointer(string-range(//body,'',1930,2))"/><!-- ⲧⲛ -->
<mark id="tok_503" xlink:href="#xpointer(string-range(//body,'',1933,2))"/><!-- ⲁⲛ -->
<mark id="tok_504" xlink:href="#xpointer(string-range(//body,'',1936,1))"/><!-- . -->
<mark id="tok_505" xlink:href="#xpointer(string-range(//body,'',1938,4))"/><!-- ⲁⲗⲗⲁ -->
<mark id="tok_506" xlink:href="#xpointer(string-range(//body,'',1943,5))"/><!-- ⲛϩⲟⲩⲟ -->
<mark id="tok_507" xlink:href="#xpointer(string-range(//body,'',1949,4))"/><!-- ⲛⲧⲟϥ -->
<mark id="tok_508" xlink:href="#xpointer(string-range(//body,'',1954,1))"/><!-- ⲙ -->
<mark id="tok_509" xlink:href="#xpointer(string-range(//body,'',1956,5))"/><!-- ⲙⲉⲗⲟⲥ -->
<mark id="tok_510" xlink:href="#xpointer(string-range(//body,'',1962,3))"/><!-- ⲛⲧⲉ -->
<mark id="tok_511" xlink:href="#xpointer(string-range(//body,'',1966,1))"/><!-- ⲡ -->
<mark id="tok_512" xlink:href="#xpointer(string-range(//body,'',1968,4))"/><!-- ⲥⲱⲙⲁ -->
<mark id="tok_513" xlink:href="#xpointer(string-range(//body,'',1973,1))"/><!-- ⲉ -->
<mark id="tok_514" xlink:href="#xpointer(string-range(//body,'',1975,3))"/><!-- ⲧⲉⲛ -->
<mark id="tok_515" xlink:href="#xpointer(string-range(//body,'',1979,5))"/><!-- ⲙⲉⲉⲩⲉ -->
<mark id="tok_516" xlink:href="#xpointer(string-range(//body,'',1985,3))"/><!-- ⲉⲣⲟ -->
<mark id="tok_517" xlink:href="#xpointer(string-range(//body,'',1989,2))"/><!-- ⲟⲩ -->
<mark id="tok_518" xlink:href="#xpointer(string-range(//body,'',1992,2))"/><!-- ϫⲉ -->
<mark id="tok_519" xlink:href="#xpointer(string-range(//body,'',1995,3))"/><!-- ϩⲉⲛ -->
<mark id="tok_520" xlink:href="#xpointer(string-range(//body,'',1999,3))"/><!-- ϭⲱⲃ -->
<mark id="tok_521" xlink:href="#xpointer(string-range(//body,'',2003,2))"/><!-- ⲛⲉ -->
<mark id="tok_522" xlink:href="#xpointer(string-range(//body,'',2006,3))"/><!-- ϩⲉⲛ -->
<mark id="tok_523" xlink:href="#xpointer(string-range(//body,'',2010,9))"/><!-- ⲁⲛⲁⲅⲕⲁⲓⲟⲛ -->
<mark id="tok_524" xlink:href="#xpointer(string-range(//body,'',2020,2))"/><!-- ⲛⲉ -->
<mark id="tok_525" xlink:href="#xpointer(string-range(//body,'',2023,1))"/><!-- . -->
<mark id="tok_526" xlink:href="#xpointer(string-range(//body,'',2025,3))"/><!-- ⲁⲩⲱ -->
<mark id="tok_527" xlink:href="#xpointer(string-range(//body,'',2029,4))"/><!-- ⲛⲉⲧⲛ -->
<mark id="tok_528" xlink:href="#xpointer(string-range(//body,'',2034,5))"/><!-- ⲙⲉⲉⲩⲉ -->
<mark id="tok_529" xlink:href="#xpointer(string-range(//body,'',2040,3))"/><!-- ⲉⲣⲟ -->
<mark id="tok_530" xlink:href="#xpointer(string-range(//body,'',2044,2))"/><!-- ⲟⲩ -->
<mark id="tok_531" xlink:href="#xpointer(string-range(//body,'',2047,3))"/><!-- ⲛⲧⲉ -->
<mark id="tok_532" xlink:href="#xpointer(string-range(//body,'',2051,1))"/><!-- ⲡ -->
<mark id="tok_533" xlink:href="#xpointer(string-range(//body,'',2053,4))"/><!-- ⲥⲱⲙⲁ -->
<mark id="tok_534" xlink:href="#xpointer(string-range(//body,'',2058,2))"/><!-- ϫⲉ -->
<mark id="tok_535" xlink:href="#xpointer(string-range(//body,'',2061,2))"/><!-- ⲥⲉ -->
<mark id="tok_536" xlink:href="#xpointer(string-range(//body,'',2064,3))"/><!-- ⲥⲏϣ -->
<mark id="tok_537" xlink:href="#xpointer(string-range(//body,'',2068,1))"/><!-- . -->
<mark id="tok_538" xlink:href="#xpointer(string-range(//body,'',2070,2))"/><!-- ⲧⲛ -->
<mark id="tok_539" xlink:href="#xpointer(string-range(//body,'',2073,4))"/><!-- ⲟⲩⲱϩ -->
<mark id="tok_540" xlink:href="#xpointer(string-range(//body,'',2078,11))"/><!-- ⲛⲟⲩϩⲟⲩⲉⲧⲓⲙⲏ -->
<mark id="tok_541" xlink:href="#xpointer(string-range(//body,'',2090,1))"/><!-- ⲉ -->
<mark id="tok_542" xlink:href="#xpointer(string-range(//body,'',2092,3))"/><!-- ⲛⲁⲓ -->
<mark id="tok_543" xlink:href="#xpointer(string-range(//body,'',2096,1))"/><!-- . -->
<mark id="tok_544" xlink:href="#xpointer(string-range(//body,'',2098,3))"/><!-- ⲁⲩⲱ -->
<mark id="tok_545" xlink:href="#xpointer(string-range(//body,'',2102,3))"/><!-- ⲛⲉⲛ -->
<mark id="tok_546" xlink:href="#xpointer(string-range(//body,'',2106,4))"/><!-- ϣⲓⲡⲉ -->
<mark id="tok_547" xlink:href="#xpointer(string-range(//body,'',2111,5))"/><!-- ⲟⲩⲛⲧⲁ -->
<mark id="tok_548" xlink:href="#xpointer(string-range(//body,'',2117,1))"/><!-- ⲩ -->
<mark id="tok_549" xlink:href="#xpointer(string-range(//body,'',2119,4))"/><!-- ⲙⲙⲁⲩ -->
<mark id="tok_550" xlink:href="#xpointer(string-range(//body,'',2124,7))"/><!-- ⲛⲟⲩϩⲟⲩⲉ -->
<mark id="tok_551" xlink:href="#xpointer(string-range(//body,'',2132,11))"/><!-- ⲉⲩⲥⲭⲩⲙⲟⲥⲩⲛⲏ -->
<mark id="tok_552" xlink:href="#xpointer(string-range(//body,'',2144,1))"/><!-- . -->
<mark id="tok_553" xlink:href="#xpointer(string-range(//body,'',2146,3))"/><!-- ⲁⲩⲱ -->
<mark id="tok_554" xlink:href="#xpointer(string-range(//body,'',2150,9))"/><!-- ⲛⲉⲧⲛⲉⲥⲱⲟⲩ -->
<mark id="tok_555" xlink:href="#xpointer(string-range(//body,'',2160,1))"/><!-- ⲛ -->
<mark id="tok_556" xlink:href="#xpointer(string-range(//body,'',2162,1))"/><!-- ⲥ -->
<mark id="tok_557" xlink:href="#xpointer(string-range(//body,'',2164,2))"/><!-- ⲉⲣ -->
<mark id="tok_558" xlink:href="#xpointer(string-range(//body,'',2167,4))"/><!-- ⲭⲣⲓⲁ -->
<mark id="tok_559" xlink:href="#xpointer(string-range(//body,'',2172,2))"/><!-- ⲁⲛ -->
<mark id="tok_560" xlink:href="#xpointer(string-range(//body,'',2175,1))"/><!-- . -->
<mark id="tok_561" xlink:href="#xpointer(string-range(//body,'',2177,4))"/><!-- ⲁⲗⲗⲁ -->
<mark id="tok_562" xlink:href="#xpointer(string-range(//body,'',2182,7))"/><!-- ⲁⲡⲛⲟⲩⲧⲉ -->
<mark id="tok_563" xlink:href="#xpointer(string-range(//body,'',2190,7))"/><!-- ⲥⲩⲛⲕⲉⲣⲁ -->
<mark id="tok_564" xlink:href="#xpointer(string-range(//body,'',2198,1))"/><!-- ⲙ -->
<mark id="tok_565" xlink:href="#xpointer(string-range(//body,'',2200,1))"/><!-- ⲡ -->
<mark id="tok_566" xlink:href="#xpointer(string-range(//body,'',2202,4))"/><!-- ⲥⲱⲙⲁ -->
<mark id="tok_567" xlink:href="#xpointer(string-range(//body,'',2207,1))"/><!-- ⲉ -->
<mark id="tok_568" xlink:href="#xpointer(string-range(//body,'',2209,1))"/><!-- ⲁ -->
<mark id="tok_569" xlink:href="#xpointer(string-range(//body,'',2211,1))"/><!-- ϥ -->
<mark id="tok_570" xlink:href="#xpointer(string-range(//body,'',2213,1))"/><!-- ϯ -->
<mark id="tok_571" xlink:href="#xpointer(string-range(//body,'',2215,1))"/><!-- ⲛ -->
<mark id="tok_572" xlink:href="#xpointer(string-range(//body,'',2217,2))"/><!-- ⲟⲩ -->
<mark id="tok_573" xlink:href="#xpointer(string-range(//body,'',2220,4))"/><!-- ϩⲟⲩⲟ -->
<mark id="tok_574" xlink:href="#xpointer(string-range(//body,'',2225,1))"/><!-- ⲙ -->
<mark id="tok_575" xlink:href="#xpointer(string-range(//body,'',2227,1))"/><!-- ⲡ -->
<mark id="tok_576" xlink:href="#xpointer(string-range(//body,'',2229,2))"/><!-- ⲉⲧ -->
<mark id="tok_577" xlink:href="#xpointer(string-range(//body,'',2232,4))"/><!-- ϣⲁⲁⲧ -->
<mark id="tok_578" xlink:href="#xpointer(string-range(//body,'',2237,1))"/><!-- . -->
<mark id="tok_579" xlink:href="#xpointer(string-range(//body,'',2239,6))"/><!-- ϫⲉⲕⲁⲁⲥ -->
<mark id="tok_580" xlink:href="#xpointer(string-range(//body,'',2246,1))"/><!-- ⲉ -->
<mark id="tok_581" xlink:href="#xpointer(string-range(//body,'',2248,3))"/><!-- ⲛⲛⲉ -->
<mark id="tok_582" xlink:href="#xpointer(string-range(//body,'',2252,1))"/><!-- ⲡ -->
<mark id="tok_583" xlink:href="#xpointer(string-range(//body,'',2254,3))"/><!-- ⲱⲣϫ -->
<mark id="tok_584" xlink:href="#xpointer(string-range(//body,'',2258,4))"/><!-- ϣⲱⲡⲉ -->
<mark id="tok_585" xlink:href="#xpointer(string-range(//body,'',2263,2))"/><!-- ϩⲙ -->
<mark id="tok_586" xlink:href="#xpointer(string-range(//body,'',2266,1))"/><!-- ⲡ -->
<mark id="tok_587" xlink:href="#xpointer(string-range(//body,'',2268,4))"/><!-- ⲥⲱⲙⲁ -->
<mark id="tok_588" xlink:href="#xpointer(string-range(//body,'',2273,1))"/><!-- . -->
<mark id="tok_589" xlink:href="#xpointer(string-range(//body,'',2275,4))"/><!-- ⲁⲗⲗⲁ -->
<mark id="tok_590" xlink:href="#xpointer(string-range(//body,'',2280,3))"/><!-- ⲉⲣⲉ -->
<mark id="tok_591" xlink:href="#xpointer(string-range(//body,'',2284,1))"/><!-- ⲙ -->
<mark id="tok_592" xlink:href="#xpointer(string-range(//body,'',2286,5))"/><!-- ⲙⲉⲗⲟⲥ -->
<mark id="tok_593" xlink:href="#xpointer(string-range(//body,'',2292,7))"/><!-- ϥⲓⲣⲟⲟⲩϣ -->
<mark id="tok_594" xlink:href="#xpointer(string-range(//body,'',2300,2))"/><!-- ϩⲁ -->
<mark id="tok_595" xlink:href="#xpointer(string-range(//body,'',2303,3))"/><!-- ⲛⲉⲩ -->
<mark id="tok_596" xlink:href="#xpointer(string-range(//body,'',2307,4))"/><!-- ⲉⲣⲏⲩ -->
<mark id="tok_597" xlink:href="#xpointer(string-range(//body,'',2312,1))"/><!-- . -->
<mark id="tok_598" xlink:href="#xpointer(string-range(//body,'',2314,3))"/><!-- ⲁⲩⲱ -->
<mark id="tok_599" xlink:href="#xpointer(string-range(//body,'',2318,5))"/><!-- ⲉϣⲱⲡⲉ -->
<mark id="tok_600" xlink:href="#xpointer(string-range(//body,'',2324,3))"/><!-- ⲟⲩⲛ -->
<mark id="tok_601" xlink:href="#xpointer(string-range(//body,'',2328,2))"/><!-- ⲟⲩ -->
<mark id="tok_602" xlink:href="#xpointer(string-range(//body,'',2331,5))"/><!-- ⲙⲉⲗⲟⲥ -->
<mark id="tok_603" xlink:href="#xpointer(string-range(//body,'',2337,4))"/><!-- ϣⲱⲛⲉ -->
<mark id="tok_604" xlink:href="#xpointer(string-range(//body,'',2342,4))"/><!-- ϣⲁⲣⲉ -->
<mark id="tok_605" xlink:href="#xpointer(string-range(//body,'',2347,1))"/><!-- ⲙ -->
<mark id="tok_606" xlink:href="#xpointer(string-range(//body,'',2349,5))"/><!-- ⲙⲉⲗⲟⲥ -->
<mark id="tok_607" xlink:href="#xpointer(string-range(//body,'',2355,3))"/><!-- ⲧⲏⲣ -->
<mark id="tok_608" xlink:href="#xpointer(string-range(//body,'',2359,2))"/><!-- ⲟⲩ -->
<mark id="tok_609" xlink:href="#xpointer(string-range(//body,'',2362,4))"/><!-- ϣⲱⲛⲉ -->
<mark id="tok_610" xlink:href="#xpointer(string-range(//body,'',2367,4))"/><!-- ⲛⲙⲙⲁ -->
<mark id="tok_611" xlink:href="#xpointer(string-range(//body,'',2372,1))"/><!-- ϥ -->
<mark id="tok_612" xlink:href="#xpointer(string-range(//body,'',2374,4))"/><!-- ⲉⲓⲧⲁ -->
<mark id="tok_613" xlink:href="#xpointer(string-range(//body,'',2379,3))"/><!-- ⲟⲩⲛ -->
<mark id="tok_614" xlink:href="#xpointer(string-range(//body,'',2383,2))"/><!-- ⲟⲩ -->
<mark id="tok_615" xlink:href="#xpointer(string-range(//body,'',2386,5))"/><!-- ⲙⲉⲗⲟⲥ -->
<mark id="tok_616" xlink:href="#xpointer(string-range(//body,'',2392,6))"/><!-- ϫⲓⲉⲟⲟⲩ -->
<mark id="tok_617" xlink:href="#xpointer(string-range(//body,'',2399,4))"/><!-- ϣⲁⲣⲉ -->
<mark id="tok_618" xlink:href="#xpointer(string-range(//body,'',2404,1))"/><!-- ⲙ -->
<mark id="tok_619" xlink:href="#xpointer(string-range(//body,'',2406,5))"/><!-- ⲙⲉⲗⲟⲥ -->
<mark id="tok_620" xlink:href="#xpointer(string-range(//body,'',2412,3))"/><!-- ⲧⲏⲣ -->
<mark id="tok_621" xlink:href="#xpointer(string-range(//body,'',2416,2))"/><!-- ⲟⲩ -->
<mark id="tok_622" xlink:href="#xpointer(string-range(//body,'',2419,4))"/><!-- ⲣⲁϣⲉ -->
<mark id="tok_623" xlink:href="#xpointer(string-range(//body,'',2424,4))"/><!-- ⲛⲙⲙⲁ -->
<mark id="tok_624" xlink:href="#xpointer(string-range(//body,'',2429,1))"/><!-- ϥ -->
<mark id="tok_625" xlink:href="#xpointer(string-range(//body,'',2431,1))"/><!-- . -->
<mark id="tok_626" xlink:href="#xpointer(string-range(//body,'',2433,5))"/><!-- ⲛⲧⲱⲧⲛ -->
<mark id="tok_627" xlink:href="#xpointer(string-range(//body,'',2439,2))"/><!-- ⲇⲉ -->
<mark id="tok_628" xlink:href="#xpointer(string-range(//body,'',2442,5))"/><!-- ⲛⲧⲉⲧⲛ -->
<mark id="tok_629" xlink:href="#xpointer(string-range(//body,'',2448,1))"/><!-- ⲡ -->
<mark id="tok_630" xlink:href="#xpointer(string-range(//body,'',2450,4))"/><!-- ⲥⲱⲙⲁ -->
<mark id="tok_631" xlink:href="#xpointer(string-range(//body,'',2455,1))"/><!-- ⲙ -->
<mark id="tok_632" xlink:href="#xpointer(string-range(//body,'',2457,2))"/><!-- ⲡⲉ -->
<mark id="tok_633" xlink:href="#xpointer(string-range(//body,'',2460,7))"/><!-- ⲭⲣⲓⲥⲧⲟⲥ -->
<mark id="tok_634" xlink:href="#xpointer(string-range(//body,'',2468,1))"/><!-- . -->
<mark id="tok_635" xlink:href="#xpointer(string-range(//body,'',2470,3))"/><!-- ⲁⲩⲱ -->
<mark id="tok_636" xlink:href="#xpointer(string-range(//body,'',2474,3))"/><!-- ⲛⲉϥ -->
<mark id="tok_637" xlink:href="#xpointer(string-range(//body,'',2478,5))"/><!-- ⲙⲉⲗⲟⲥ -->
<mark id="tok_638" xlink:href="#xpointer(string-range(//body,'',2484,2))"/><!-- ⲉⲕ -->
<mark id="tok_639" xlink:href="#xpointer(string-range(//body,'',2487,6))"/><!-- ⲙⲉⲣⲟⲩⲥ -->
<mark id="tok_640" xlink:href="#xpointer(string-range(//body,'',2494,1))"/><!-- . -->
<mark id="tok_641" xlink:href="#xpointer(string-range(//body,'',2496,5))"/><!-- ϩⲟⲓⲛⲉ -->
<mark id="tok_642" xlink:href="#xpointer(string-range(//body,'',2502,3))"/><!-- ⲙⲉⲛ -->
<mark id="tok_643" xlink:href="#xpointer(string-range(//body,'',2506,7))"/><!-- ⲁⲡⲛⲟⲩⲧⲉ -->
<mark id="tok_644" xlink:href="#xpointer(string-range(//body,'',2514,3))"/><!-- ⲕⲁⲁ -->
<mark id="tok_645" xlink:href="#xpointer(string-range(//body,'',2518,1))"/><!-- ⲩ -->
<mark id="tok_646" xlink:href="#xpointer(string-range(//body,'',2520,2))"/><!-- ϩⲛ -->
<mark id="tok_647" xlink:href="#xpointer(string-range(//body,'',2523,1))"/><!-- ⲧ -->
<mark id="tok_648" xlink:href="#xpointer(string-range(//body,'',2525,8))"/><!-- ⲉⲕⲕⲗⲏⲥⲓⲁ -->
<mark id="tok_649" xlink:href="#xpointer(string-range(//body,'',2534,1))"/><!-- ⲛ -->
<mark id="tok_650" xlink:href="#xpointer(string-range(//body,'',2536,4))"/><!-- ϣⲟⲣⲡ -->
<mark id="tok_651" xlink:href="#xpointer(string-range(//body,'',2541,1))"/><!-- ⲛ -->
<mark id="tok_652" xlink:href="#xpointer(string-range(//body,'',2543,9))"/><!-- ⲁⲡⲟⲥⲧⲟⲗⲟⲥ -->
<mark id="tok_653" xlink:href="#xpointer(string-range(//body,'',2553,8))"/><!-- ⲡⲙⲉϩⲥⲛⲁⲩ -->
<mark id="tok_654" xlink:href="#xpointer(string-range(//body,'',2562,2))"/><!-- ⲛⲉ -->
<mark id="tok_655" xlink:href="#xpointer(string-range(//body,'',2565,8))"/><!-- ⲡⲣⲟⲫⲏⲧⲏⲥ -->
<mark id="tok_656" xlink:href="#xpointer(string-range(//body,'',2574,9))"/><!-- ⲡⲙⲉϩϣⲟⲙⲛⲧ -->
<mark id="tok_657" xlink:href="#xpointer(string-range(//body,'',2584,1))"/><!-- ⲛ -->
<mark id="tok_658" xlink:href="#xpointer(string-range(//body,'',2586,3))"/><!-- ⲥⲁϩ -->
<mark id="tok_659" xlink:href="#xpointer(string-range(//body,'',2590,5))"/><!-- ⲙⲛⲛⲥⲱ -->
<mark id="tok_660" xlink:href="#xpointer(string-range(//body,'',2596,1))"/><!-- ⲥ -->
<mark id="tok_661" xlink:href="#xpointer(string-range(//body,'',2598,3))"/><!-- ϩⲉⲛ -->
<mark id="tok_662" xlink:href="#xpointer(string-range(//body,'',2602,3))"/><!-- ϭⲟⲙ -->
<mark id="tok_663" xlink:href="#xpointer(string-range(//body,'',2606,5))"/><!-- ⲙⲛⲛⲥⲱ -->
<mark id="tok_664" xlink:href="#xpointer(string-range(//body,'',2612,1))"/><!-- ⲥ -->
<mark id="tok_665" xlink:href="#xpointer(string-range(//body,'',2614,3))"/><!-- ϩⲉⲛ -->
<mark id="tok_666" xlink:href="#xpointer(string-range(//body,'',2618,7))"/><!-- ⲭⲁⲣⲓⲥⲙⲁ -->
<mark id="tok_667" xlink:href="#xpointer(string-range(//body,'',2626,6))"/><!-- ⲛⲧⲁⲗϭⲟ -->
<mark id="tok_668" xlink:href="#xpointer(string-range(//body,'',2633,9))"/><!-- ⲟⲩϯⲧⲟⲟⲧⲟⲩ -->
<mark id="tok_669" xlink:href="#xpointer(string-range(//body,'',2643,3))"/><!-- ϩⲉⲛ -->
<mark id="tok_670" xlink:href="#xpointer(string-range(//body,'',2647,5))"/><!-- ⲣϩⲙⲙⲉ -->
<mark id="tok_671" xlink:href="#xpointer(string-range(//body,'',2653,3))"/><!-- ϩⲉⲛ -->
<mark id="tok_672" xlink:href="#xpointer(string-range(//body,'',2657,5))"/><!-- ⲅⲉⲛⲟⲥ -->
<mark id="tok_673" xlink:href="#xpointer(string-range(//body,'',2663,1))"/><!-- ⲛ -->
<mark id="tok_674" xlink:href="#xpointer(string-range(//body,'',2665,4))"/><!-- ⲁⲥⲡⲉ -->
<mark id="tok_675" xlink:href="#xpointer(string-range(//body,'',2670,1))"/><!-- . -->
<mark id="tok_676" xlink:href="#xpointer(string-range(//body,'',2672,2))"/><!-- ⲙⲏ -->
<mark id="tok_677" xlink:href="#xpointer(string-range(//body,'',2675,1))"/><!-- ⲉ -->
<mark id="tok_678" xlink:href="#xpointer(string-range(//body,'',2677,1))"/><!-- ⲩ -->
<mark id="tok_679" xlink:href="#xpointer(string-range(//body,'',2679,2))"/><!-- ⲛⲁ -->
<mark id="tok_680" xlink:href="#xpointer(string-range(//body,'',2682,1))"/><!-- ⲣ -->
<mark id="tok_681" xlink:href="#xpointer(string-range(//body,'',2684,9))"/><!-- ⲁⲡⲟⲥⲧⲟⲗⲟⲥ -->
<mark id="tok_682" xlink:href="#xpointer(string-range(//body,'',2694,3))"/><!-- ⲧⲏⲣ -->
<mark id="tok_683" xlink:href="#xpointer(string-range(//body,'',2698,2))"/><!-- ⲟⲩ -->
<mark id="tok_684" xlink:href="#xpointer(string-range(//body,'',2701,2))"/><!-- ⲙⲏ -->
<mark id="tok_685" xlink:href="#xpointer(string-range(//body,'',2704,1))"/><!-- ⲉ -->
<mark id="tok_686" xlink:href="#xpointer(string-range(//body,'',2706,1))"/><!-- ⲩ -->
<mark id="tok_687" xlink:href="#xpointer(string-range(//body,'',2708,2))"/><!-- ⲛⲁ -->
<mark id="tok_688" xlink:href="#xpointer(string-range(//body,'',2711,1))"/><!-- ⲣ -->
<mark id="tok_689" xlink:href="#xpointer(string-range(//body,'',2713,8))"/><!-- ⲡⲣⲟⲫⲏⲧⲏⲥ -->
<mark id="tok_690" xlink:href="#xpointer(string-range(//body,'',2722,3))"/><!-- ⲧⲏⲣ -->
<mark id="tok_691" xlink:href="#xpointer(string-range(//body,'',2726,2))"/><!-- ⲟⲩ -->
<mark id="tok_692" xlink:href="#xpointer(string-range(//body,'',2729,2))"/><!-- ⲙⲏ -->
<mark id="tok_693" xlink:href="#xpointer(string-range(//body,'',2732,1))"/><!-- ⲉ -->
<mark id="tok_694" xlink:href="#xpointer(string-range(//body,'',2734,1))"/><!-- ⲩ -->
<mark id="tok_695" xlink:href="#xpointer(string-range(//body,'',2736,2))"/><!-- ⲛⲁ -->
<mark id="tok_696" xlink:href="#xpointer(string-range(//body,'',2739,1))"/><!-- ⲣ -->
<mark id="tok_697" xlink:href="#xpointer(string-range(//body,'',2741,3))"/><!-- ⲥⲁϩ -->
<mark id="tok_698" xlink:href="#xpointer(string-range(//body,'',2745,3))"/><!-- ⲧⲏⲣ -->
<mark id="tok_699" xlink:href="#xpointer(string-range(//body,'',2749,2))"/><!-- ⲟⲩ -->
<mark id="tok_700" xlink:href="#xpointer(string-range(//body,'',2752,2))"/><!-- ⲙⲏ -->
<mark id="tok_701" xlink:href="#xpointer(string-range(//body,'',2755,1))"/><!-- ⲉ -->
<mark id="tok_702" xlink:href="#xpointer(string-range(//body,'',2757,1))"/><!-- ⲩ -->
<mark id="tok_703" xlink:href="#xpointer(string-range(//body,'',2759,2))"/><!-- ⲛⲁ -->
<mark id="tok_704" xlink:href="#xpointer(string-range(//body,'',2762,1))"/><!-- ⲣ -->
<mark id="tok_705" xlink:href="#xpointer(string-range(//body,'',2764,3))"/><!-- ϭⲟⲙ -->
<mark id="tok_706" xlink:href="#xpointer(string-range(//body,'',2768,3))"/><!-- ⲧⲏⲣ -->
<mark id="tok_707" xlink:href="#xpointer(string-range(//body,'',2772,2))"/><!-- ⲟⲩ -->
<mark id="tok_708" xlink:href="#xpointer(string-range(//body,'',2775,1))"/><!-- . -->
<mark id="tok_709" xlink:href="#xpointer(string-range(//body,'',2777,2))"/><!-- ⲙⲏ -->
<mark id="tok_710" xlink:href="#xpointer(string-range(//body,'',2780,5))"/><!-- ⲟⲩⲛⲧⲁ -->
<mark id="tok_711" xlink:href="#xpointer(string-range(//body,'',2786,1))"/><!-- ⲩ -->
<mark id="tok_712" xlink:href="#xpointer(string-range(//body,'',2788,3))"/><!-- ⲧⲏⲣ -->
<mark id="tok_713" xlink:href="#xpointer(string-range(//body,'',2792,2))"/><!-- ⲟⲩ -->
<mark id="tok_714" xlink:href="#xpointer(string-range(//body,'',2795,1))"/><!-- ⲛ -->
<mark id="tok_715" xlink:href="#xpointer(string-range(//body,'',2797,3))"/><!-- ϩⲉⲛ -->
<mark id="tok_716" xlink:href="#xpointer(string-range(//body,'',2801,4))"/><!-- ϩⲙⲟⲧ -->
<mark id="tok_717" xlink:href="#xpointer(string-range(//body,'',2806,6))"/><!-- ⲛⲧⲁⲗϭⲟ -->
<mark id="tok_718" xlink:href="#xpointer(string-range(//body,'',2813,1))"/><!-- . -->
<mark id="tok_719" xlink:href="#xpointer(string-range(//body,'',2815,2))"/><!-- ⲙⲏ -->
<mark id="tok_720" xlink:href="#xpointer(string-range(//body,'',2818,1))"/><!-- ⲉ -->
<mark id="tok_721" xlink:href="#xpointer(string-range(//body,'',2820,1))"/><!-- ⲩ -->
<mark id="tok_722" xlink:href="#xpointer(string-range(//body,'',2822,2))"/><!-- ⲛⲁ -->
<mark id="tok_723" xlink:href="#xpointer(string-range(//body,'',2825,4))"/><!-- ϣⲁϫⲉ -->
<mark id="tok_724" xlink:href="#xpointer(string-range(//body,'',2830,3))"/><!-- ⲧⲏⲣ -->
<mark id="tok_725" xlink:href="#xpointer(string-range(//body,'',2834,2))"/><!-- ⲟⲩ -->
<mark id="tok_726" xlink:href="#xpointer(string-range(//body,'',2837,2))"/><!-- ϩⲛ -->
<mark id="tok_727" xlink:href="#xpointer(string-range(//body,'',2840,1))"/><!-- ⲛ -->
<mark id="tok_728" xlink:href="#xpointer(string-range(//body,'',2842,4))"/><!-- ⲁⲥⲡⲉ -->
<mark id="tok_729" xlink:href="#xpointer(string-range(//body,'',2847,1))"/><!-- . -->
<mark id="tok_730" xlink:href="#xpointer(string-range(//body,'',2849,2))"/><!-- ⲙⲏ -->
<mark id="tok_731" xlink:href="#xpointer(string-range(//body,'',2852,1))"/><!-- ⲉ -->
<mark id="tok_732" xlink:href="#xpointer(string-range(//body,'',2854,1))"/><!-- ⲩ -->
<mark id="tok_733" xlink:href="#xpointer(string-range(//body,'',2856,2))"/><!-- ⲛⲁ -->
<mark id="tok_734" xlink:href="#xpointer(string-range(//body,'',2859,9))"/><!-- ϩⲉⲣⲙⲏⲛⲉⲩⲉ -->
<mark id="tok_735" xlink:href="#xpointer(string-range(//body,'',2869,3))"/><!-- ⲧⲏⲣ -->
<mark id="tok_736" xlink:href="#xpointer(string-range(//body,'',2873,2))"/><!-- ⲟⲩ -->
<mark id="tok_737" xlink:href="#xpointer(string-range(//body,'',2876,1))"/><!-- . -->
<mark id="tok_738" xlink:href="#xpointer(string-range(//body,'',2878,3))"/><!-- ⲕⲱϩ -->
<mark id="tok_739" xlink:href="#xpointer(string-range(//body,'',2882,2))"/><!-- ⲇⲉ -->
<mark id="tok_740" xlink:href="#xpointer(string-range(//body,'',2885,1))"/><!-- ⲉ -->
<mark id="tok_741" xlink:href="#xpointer(string-range(//body,'',2887,2))"/><!-- ⲛⲉ -->
<mark id="tok_742" xlink:href="#xpointer(string-range(//body,'',2890,7))"/><!-- ⲭⲁⲣⲓⲥⲙⲁ -->
<mark id="tok_743" xlink:href="#xpointer(string-range(//body,'',2898,3))"/><!-- ⲛⲟϭ -->
<mark id="tok_744" xlink:href="#xpointer(string-range(//body,'',2902,1))"/><!-- . -->
<mark id="tok_745" xlink:href="#xpointer(string-range(//body,'',2904,3))"/><!-- ⲁⲩⲱ -->
<mark id="tok_746" xlink:href="#xpointer(string-range(//body,'',2908,2))"/><!-- ⲉⲧ -->
<mark id="tok_747" xlink:href="#xpointer(string-range(//body,'',2911,2))"/><!-- ⲉⲓ -->
<mark id="tok_748" xlink:href="#xpointer(string-range(//body,'',2914,6))"/><!-- ⲡⲉϩⲟⲩⲟ -->
<mark id="tok_749" xlink:href="#xpointer(string-range(//body,'',2921,1))"/><!-- ϯ -->
<mark id="tok_750" xlink:href="#xpointer(string-range(//body,'',2923,2))"/><!-- ⲛⲁ -->
<mark id="tok_751" xlink:href="#xpointer(string-range(//body,'',2926,5))"/><!-- ⲧⲥⲁⲃⲱ -->
<mark id="tok_752" xlink:href="#xpointer(string-range(//body,'',2932,2))"/><!-- ⲧⲛ -->
<mark id="tok_753" xlink:href="#xpointer(string-range(//body,'',2935,6))"/><!-- ⲉⲧⲉϩⲓⲏ -->
<mark id="tok_754" xlink:href="#xpointer(string-range(//body,'',2942,1))"/><!-- . -->
</markList>
</paula>
