<?xml version="1.0" encoding="UTF-8" standalone="no"?>

<!DOCTYPE paula SYSTEM "paula_feat.dtd">
<paula version="1.0">

<header paula_id="sahidica.nt.1_Corinthians_15_translation"/>

<featList xmlns:xlink="http://www.w3.org/1999/xlink" type="translation" xml:base="sahidica.nt.1_Corinthians_15.translationSeg.xml">
<feat xlink:href="#translation_1" value="Now I declare to you, brothers, the Good News which I preached to you, which also you received, in which you also stand,"/><!-- ϯ.... -->
<feat xlink:href="#translation_38" value="by which also you are saved, if you hold firmly the word which I preached to you--unless you believed in vain."/><!-- ⲁⲩⲱ.... -->
<feat xlink:href="#translation_74" value="For I delivered to you first of all that which I also received: that Christ died for our sins according to the Scriptures,"/><!-- ⲁ.... -->
<feat xlink:href="#translation_97" value="that he was buried, that he was raised on the third day according to the Scriptures,"/><!-- ⲁⲩⲱ.... -->
<feat xlink:href="#translation_117" value="and that he appeared to Cephas, then to the twelve."/><!-- ⲁⲩⲱ...ⲙⲛⲧⲥⲛⲟⲟⲩⲥ -->
<feat xlink:href="#translation_129" value="Then he appeared to over five hundred brothers at once, most of whom remain until now, but some have also fallen asleep."/><!-- ⲙⲛⲛⲥⲱ.... -->
<feat xlink:href="#translation_160" value="Then he appeared to James, then to all the apostles,"/><!-- ⲙⲛⲛⲥⲱ.... -->
<feat xlink:href="#translation_175" value="and last of all, as to the child born at the wrong time, he appeared to me also."/><!-- ⲛ.... -->
<feat xlink:href="#translation_194" value="For I am the least of the apostles, who is not worthy to be called an apostle, because I persecuted the assembly of God."/><!-- ⲁⲛⲟⲕ.... -->
<feat xlink:href="#translation_223" value="But by the grace of God I am what I am. His grace which was bestowed on me was not futile, but I worked more than all of them; yet not I, but the grace of God which was with me."/><!-- ⲧ.... -->
<feat xlink:href="#translation_275" value="Whether then it is I or they, so we preach, and so you believed."/><!-- ⲉⲓⲧⲉ.... -->
<feat xlink:href="#translation_301" value="Now if Christ is preached, that he has been raised from the dead, how do some among you say that there is no resurrection of the dead?"/><!-- ⲉϣϫⲉ.... -->
<feat xlink:href="#translation_336" value="But if there is no resurrection of the dead, neither has Christ been raised."/><!-- ⲉϣϫⲉ.... -->
<feat xlink:href="#translation_349" value="If Christ has not been raised, then our preaching is in vain, and your faith also is in vain."/><!-- ⲉϣϫⲉ.... -->
<feat xlink:href="#translation_366" value="Yes, we are found false witnesses of God, because we testified about God that he raised up Christ, whom he didn&apos;t raise up, if it is so that the dead are not raised."/><!-- ⲥⲉ.... -->
<feat xlink:href="#translation_399" value="For if the dead aren&apos;t raised, neither has Christ been raised."/><!-- ⲉϣϫⲉ.... -->
<feat xlink:href="#translation_422" value="If Christ has not been raised, your faith is vain; you are still in your sins."/><!-- ⲉϣϫⲉ.... -->
<feat xlink:href="#translation_443" value="Then they also who are fallen asleep in Christ have perished."/><!-- ⲉⲓⲉ.... -->
<feat xlink:href="#translation_455" value="If we have only hoped in Christ in this life, we are of all men most pitiable."/><!-- ⲉϣϫⲉ.... -->
<feat xlink:href="#translation_478" value="But now Christ has been raised from the dead. He became the first fruits of those who are asleep."/><!-- ⲧⲉⲛⲟⲩ...ⲛⲛⲉⲛⲧⲁⲩⲛⲕⲟⲧⲕ -->
<feat xlink:href="#translation_490" value="For since death came by man, the resurrection of the dead also came by man."/><!-- ⲉⲡⲉⲓⲇⲏ.... -->
<feat xlink:href="#translation_513" value="For as in Adam all die, so also in Christ all will be made alive."/><!-- ⲛ.... -->
<feat xlink:href="#translation_538" value="But each in his own order: Christ the first fruits, then those who are Christ&apos;s, at his coming."/><!-- ⲡ.... -->
<feat xlink:href="#translation_560" value="Then the end comes, when he will deliver up the Kingdom to God, even the Father; when he will have abolished all rule and all authority and power."/><!-- ⲉⲓⲧⲁ.... -->
<feat xlink:href="#translation_587" value="For he must reign until he has put all his enemies under his feet."/><!-- ϩⲁⲡⲥ.... -->
<feat xlink:href="#translation_603" value="The last enemy that will be abolished is death."/><!-- ⲡ.... -->
<feat xlink:href="#translation_616" value="For, &apos;He put all things in subjection under his feet.&apos; But when he says, &apos;All things are put in subjection,&apos; it is evident that he is excepted who subjected all things to him."/><!-- ⲁ.... -->
<feat xlink:href="#translation_648" value="When all things have been subjected to him, then the Son will also himself be subjected to him who subjected all things to him, that God may be all in all."/><!-- ϩⲟⲧⲁⲛ.... -->
<feat xlink:href="#translation_682" value="Or else what will they do who are baptized for the dead? If the dead aren&apos;t raised at all, why then are they baptized for the dead?"/><!-- ⲉⲙⲙⲟⲛ.... -->
<feat xlink:href="#translation_712" value="Why do we also stand in jeopardy every hour?"/><!-- ⲁϩⲣⲟ.... -->
<feat xlink:href="#translation_721" value="I affirm, by the boasting in you which I have in Christ Jesus our Lord, I die daily."/><!-- ϯ.... -->
<feat xlink:href="#translation_735" value="If I fought with animals at Ephesus for human purposes, what does it profit me? If the dead are not raised, then &apos;let us eat and drink, for tomorrow we die.&apos;"/><!-- ⲉϣϫⲉ.... -->
<feat xlink:href="#translation_770" value="Don&apos;t be deceived! &apos;Evil companionships corrupt good morals.&apos;"/><!-- ⲙⲡⲣ.... -->
<feat xlink:href="#translation_786" value="Wake up righteously, and don&apos;t sin, for some have no knowledge of God. I say this to your shame."/><!-- ⲛⲏⲡϩⲉ.... -->
<feat xlink:href="#translation_811" value="But someone will say, &apos;How are the dead raised?&apos; and, &apos;With what kind of body do they come?&apos;"/><!-- ⲁⲗⲗⲁ.... -->
<feat xlink:href="#translation_838" value="You foolish one, that which you yourself sow is not made alive unless it dies."/><!-- ⲡ.... -->
<feat xlink:href="#translation_853" value="That which you sow, you don&apos;t sow the body that will be, but a bare grain, maybe of wheat, or of some other kind."/><!-- ⲁⲩⲱ.... -->
<feat xlink:href="#translation_877" value="But God gives it a body even as it pleased him, and to each seed a body of its own."/><!-- ϣⲁⲣⲉ.... -->
<feat xlink:href="#translation_902" value="All flesh is not the same flesh, but there is one flesh of men, another flesh of animals, another of fish, and another of birds."/><!-- ⲛ.... -->
<feat xlink:href="#translation_934" value="There are also celestial bodies, and terrestrial bodies; but the glory of the celestial differs from that of the terrestrial."/><!-- ⲙⲛ.... -->
<feat xlink:href="#translation_964" value="There is one glory of the sun, another glory of the moon, and another glory of the stars; for one star differs from another star in glory."/><!-- ⲟⲩⲉⲧ.... -->
<feat xlink:href="#translation_992" value="So also is the resurrection of the dead. It is sown in corruption; it is raised in incorruption."/><!-- ⲧⲁⲓ.... -->
<feat xlink:href="#translation_1014" value="It is sown in dishonor; it is raised in glory. It is sown in weakness; it is raised in power."/><!-- ⲥⲉ.... -->
<feat xlink:href="#translation_1041" value="It is sown a natural body; it is raised a spiritual body. There is a natural body and there is also a spiritual body."/><!-- ⲥⲉ.... -->
<feat xlink:href="#translation_1067" value="So also it is written, &apos;The first man, Adam, became a living soul.&apos; The last Adam became a life-giving spirit."/><!-- ⲧⲁⲓ.... -->
<feat xlink:href="#translation_1098" value="However that which is spiritual isn&apos;t first, but that which is natural, then that which is spiritual."/><!-- ⲁⲗⲗⲁ.... -->
<feat xlink:href="#translation_1115" value="The first man is of the earth, made of dust. The second man is the Lord from heaven."/><!-- ⲡ.... -->
<feat xlink:href="#translation_1136" value="As is the one made of dust, such are those who are also made of dust; and as is the heavenly, such are they also that are heavenly."/><!-- ⲛ.... -->
<feat xlink:href="#translation_1170" value="As we have borne the image of those made of dust, let&apos;s also bear the image of the heavenly."/><!-- ⲁⲩⲱ.... -->
<feat xlink:href="#translation_1198" value="Now I say this, brothers, that flesh and blood can&apos;t inherit the Kingdom of God; neither does corruption inherit incorruption."/><!-- ⲡⲁⲓ.... -->
<feat xlink:href="#translation_1227" value="Behold, I tell you a mystery. We will not all sleep, but we will all be changed,"/><!-- ⲉⲓⲥ...ϣⲓⲃⲉ -->
<feat xlink:href="#translation_1252" value="in a moment, in the twinkling of an eye, at the last trumpet. For the trumpet will sound, and the dead will be raised incorruptible, and we will be changed."/><!-- ϩⲛ.... -->
<feat xlink:href="#translation_1283" value="For this corruptible must put on incorruption, and this mortal must put on immortality."/><!-- ϩⲁⲡⲥ.... -->
<feat xlink:href="#translation_1305" value="But when this corruptible will have put on incorruption, and this mortal will have put on immortality, then what is written will happen: &apos;Death is swallowed up in victory.&apos;"/><!-- ϩⲟⲧⲁⲛ.... -->
<feat xlink:href="#translation_1330" value="&apos;Death, where is your sting? Hades"/><!-- ⲡ.... -->
<feat xlink:href="#translation_1344" value="The sting of death is sin, and the power of sin is the law."/><!-- ⲡⲓⲉⲓⲃ.... -->
<feat xlink:href="#translation_1363" value="But thanks be to God, who gives us the victory through our Lord Jesus Christ."/><!-- ⲡⲉ.... -->
<feat xlink:href="#translation_1384" value="Therefore, my beloved brothers, be steadfast, immovable, always abounding in the Lord&apos;s work, because you know that your labor is not in vain in the Lord."/><!-- ϩⲱⲥⲧⲉ.... -->
</featList>
</paula>
