<?xml version="1.0" encoding="UTF-8" standalone="no"?>

<!DOCTYPE paula SYSTEM "paula_feat.dtd">
<paula version="1.0">

<header paula_id="sahidica.nt.1_Corinthians_4_norm_group"/>

<featList xmlns:xlink="http://www.w3.org/1999/xlink" type="norm_group" xml:base="sahidica.nt.1_Corinthians_4.norm_groupSeg.xml">
<feat xlink:href="#norm_group_1" value="ⲧⲁⲓ"/><!-- ⲧⲁⲓ -->
<feat xlink:href="#norm_group_2" value="ⲧⲉ"/><!-- ⲧⲉ -->
<feat xlink:href="#norm_group_3" value="ⲧϩⲉ"/><!-- ⲧ...ϩⲉ -->
<feat xlink:href="#norm_group_5" value="ⲙⲁⲣⲉ"/><!-- ⲙⲁⲣⲉ -->
<feat xlink:href="#norm_group_6" value="ⲛⲣⲱⲙⲉ"/><!-- ⲛ...ⲣⲱⲙⲉ -->
<feat xlink:href="#norm_group_8" value="ⲟⲡⲛ"/><!-- ⲟⲡⲛ -->
<feat xlink:href="#norm_group_9" value="ϩⲱⲥ"/><!-- ϩⲱⲥ -->
<feat xlink:href="#norm_group_10" value="ϩⲩⲡⲏⲣⲉⲧⲏⲥ"/><!-- ϩⲩⲡⲏⲣⲉⲧⲏⲥ -->
<feat xlink:href="#norm_group_11" value="ⲙⲡⲉⲭⲣⲓⲥⲧⲟⲥ"/><!-- ⲙ...ⲭⲣⲓⲥⲧⲟⲥ -->
<feat xlink:href="#norm_group_14" value="."/><!-- . -->
<feat xlink:href="#norm_group_15" value="ⲁⲩⲱ"/><!-- ⲁⲩⲱ -->
<feat xlink:href="#norm_group_16" value="ⲛⲟⲓⲕⲟⲛⲟⲙⲟⲥ"/><!-- ⲛ...ⲟⲓⲕⲟⲛⲟⲙⲟⲥ -->
<feat xlink:href="#norm_group_18" value="ⲛⲙⲙⲩⲥⲧⲏⲣⲓⲟⲛ"/><!-- ⲛ...ⲙⲩⲥⲧⲏⲣⲓⲟⲛ -->
<feat xlink:href="#norm_group_21" value="ⲙⲡⲛⲟⲩⲧⲉ"/><!-- ⲙ...ⲛⲟⲩⲧⲉ -->
<feat xlink:href="#norm_group_24" value="."/><!-- . -->
<feat xlink:href="#norm_group_25" value="ⲉⲩϣⲓⲛⲉ"/><!-- ⲉ...ϣⲓⲛⲉ -->
<feat xlink:href="#norm_group_28" value="ϭⲉ"/><!-- ϭⲉ -->
<feat xlink:href="#norm_group_29" value="ⲙⲡⲉⲓⲙⲁ"/><!-- ⲙ...ⲙⲁ -->
<feat xlink:href="#norm_group_32" value="ϩⲛ"/><!-- ϩⲛ -->
<feat xlink:href="#norm_group_33" value="ⲛⲟⲓⲕⲟⲛⲟⲙⲟⲥ"/><!-- ⲛ...ⲟⲓⲕⲟⲛⲟⲙⲟⲥ -->
<feat xlink:href="#norm_group_35" value="ϫⲉ"/><!-- ϫⲉ -->
<feat xlink:href="#norm_group_36" value="ⲉⲩⲉϩⲉ"/><!-- ⲉⲩⲉ...ϩⲉ -->
<feat xlink:href="#norm_group_38" value="ⲉⲩⲡⲓⲥⲧⲟⲥ"/><!-- ⲉ...ⲡⲓⲥⲧⲟⲥ -->
<feat xlink:href="#norm_group_41" value="."/><!-- . -->
<feat xlink:href="#norm_group_42" value="ⲁⲛⲟⲕ"/><!-- ⲁⲛⲟⲕ -->
<feat xlink:href="#norm_group_43" value="ⲇⲉ"/><!-- ⲇⲉ -->
<feat xlink:href="#norm_group_44" value="ⲟⲩⲉⲗⲁⲭⲓⲥⲧⲟⲛ"/><!-- ⲟⲩ...ⲉⲗⲁⲭⲓⲥⲧⲟⲛ -->
<feat xlink:href="#norm_group_46" value="ⲛⲁⲓ"/><!-- ⲛⲁⲓ -->
<feat xlink:href="#norm_group_47" value="ⲡⲉ"/><!-- ⲡⲉ -->
<feat xlink:href="#norm_group_48" value="ⲉⲧⲣⲉⲩⲁⲛⲁⲕⲣⲓⲛⲉ"/><!-- ⲉ...ⲁⲛⲁⲕⲣⲓⲛⲉ -->
<feat xlink:href="#norm_group_52" value="ⲙⲙⲟⲓ"/><!-- ⲙⲙⲟ...ⲓ -->
<feat xlink:href="#norm_group_54" value="ϩⲓⲧⲛ"/><!-- ϩⲓⲧⲛ -->
<feat xlink:href="#norm_group_55" value="ⲧⲏⲩⲧⲛ"/><!-- ⲧⲏⲩⲧⲛ -->
<feat xlink:href="#norm_group_56" value="."/><!-- . -->
<feat xlink:href="#norm_group_57" value="ⲏϩⲓⲧⲛ"/><!-- ⲏϩⲓⲧⲛ -->
<feat xlink:href="#norm_group_58" value="ⲟⲩϩⲟⲟⲩ"/><!-- ⲟⲩ...ϩⲟⲟⲩ -->
<feat xlink:href="#norm_group_60" value="ⲛⲣⲱⲙⲉ"/><!-- ⲛ...ⲣⲱⲙⲉ -->
<feat xlink:href="#norm_group_62" value="."/><!-- . -->
<feat xlink:href="#norm_group_63" value="ⲁⲗⲗⲁ"/><!-- ⲁⲗⲗⲁ -->
<feat xlink:href="#norm_group_64" value="ⲟⲩⲇⲉ"/><!-- ⲟⲩⲇⲉ -->
<feat xlink:href="#norm_group_65" value="ⲁⲛⲟⲕ"/><!-- ⲁⲛⲟⲕ -->
<feat xlink:href="#norm_group_66" value="ⲛϯⲁⲛⲁⲕⲣⲓⲛⲉ"/><!-- ⲛϯⲁⲛⲁⲕⲣⲓⲛⲉ -->
<feat xlink:href="#norm_group_67" value="ⲙⲙⲟⲓ"/><!-- ⲙⲙⲟ...ⲓ -->
<feat xlink:href="#norm_group_69" value="ⲁⲛ"/><!-- ⲁⲛ -->
<feat xlink:href="#norm_group_70" value="."/><!-- . -->
<feat xlink:href="#norm_group_71" value="ⲛϯⲥⲟⲟⲩⲛ"/><!-- ⲛ...ⲥⲟⲟⲩⲛ -->
<feat xlink:href="#norm_group_74" value="ⲅⲁⲣ"/><!-- ⲅⲁⲣ -->
<feat xlink:href="#norm_group_75" value="ⲁⲛ"/><!-- ⲁⲛ -->
<feat xlink:href="#norm_group_76" value="ⲛⲗⲁⲁⲩ"/><!-- ⲛ...ⲗⲁⲁⲩ -->
<feat xlink:href="#norm_group_78" value="ⲉⲁⲓⲁⲁϥ"/><!-- ⲉ...ϥ -->
<feat xlink:href="#norm_group_83" value="."/><!-- . -->
<feat xlink:href="#norm_group_84" value="ⲁⲗⲗⲁ"/><!-- ⲁⲗⲗⲁ -->
<feat xlink:href="#norm_group_85" value="ⲛⲉⲓⲧⲙⲁⲓⲏⲩ"/><!-- ⲛⲉ...ⲧⲙⲁⲓⲏⲩ -->
<feat xlink:href="#norm_group_88" value="ⲁⲛ"/><!-- ⲁⲛ -->
<feat xlink:href="#norm_group_89" value="ϩⲙ"/><!-- ϩⲙ -->
<feat xlink:href="#norm_group_90" value="ⲡⲁⲓ"/><!-- ⲡⲁⲓ -->
<feat xlink:href="#norm_group_91" value="."/><!-- . -->
<feat xlink:href="#norm_group_92" value="ⲡⲉⲧⲁⲛⲁⲕⲣⲓⲛⲉ"/><!-- ⲡ...ⲁⲛⲁⲕⲣⲓⲛⲉ -->
<feat xlink:href="#norm_group_95" value="ⲇⲉ"/><!-- ⲇⲉ -->
<feat xlink:href="#norm_group_96" value="ⲙⲙⲟⲓ"/><!-- ⲙⲙⲟ...ⲓ -->
<feat xlink:href="#norm_group_98" value="ⲡⲉ"/><!-- ⲡⲉ -->
<feat xlink:href="#norm_group_99" value="ⲡϫⲟⲉⲓⲥ"/><!-- ⲡ...ϫⲟⲉⲓⲥ -->
<feat xlink:href="#norm_group_101" value="."/><!-- . -->
<feat xlink:href="#norm_group_102" value="ϩⲱⲥⲧⲉ"/><!-- ϩⲱⲥⲧⲉ -->
<feat xlink:href="#norm_group_103" value="ⲙⲡⲣⲕⲣⲓⲛⲉ"/><!-- ⲙⲡⲣ...ⲕⲣⲓⲛⲉ -->
<feat xlink:href="#norm_group_105" value="ⲛⲗⲁⲁⲩ"/><!-- ⲛ...ⲗⲁⲁⲩ -->
<feat xlink:href="#norm_group_107" value="ϩⲁⲧϩⲏ"/><!-- ϩⲁ...ϩⲏ -->
<feat xlink:href="#norm_group_110" value="ⲙⲡⲉⲩⲟⲉⲓϣ"/><!-- ⲙ...ⲩⲟⲉⲓϣ -->
<feat xlink:href="#norm_group_113" value="ϣⲁⲛⲧⲉ"/><!-- ϣⲁⲛⲧⲉ -->
<feat xlink:href="#norm_group_114" value="ⲡϫⲟⲉⲓⲥ"/><!-- ⲡ...ϫⲟⲉⲓⲥ -->
<feat xlink:href="#norm_group_116" value="ⲉⲓ"/><!-- ⲉ...ⲓ -->
<feat xlink:href="#norm_group_118" value="."/><!-- . -->
<feat xlink:href="#norm_group_119" value="ⲡⲁⲓ"/><!-- ⲡⲁⲓ -->
<feat xlink:href="#norm_group_120" value="ⲉⲧⲛⲁⲣⲟⲩⲟⲉⲓⲛ"/><!-- ⲉⲧ...ⲣⲟⲩⲟⲉⲓⲛ -->
<feat xlink:href="#norm_group_123" value="ⲉⲛⲉⲑⲏⲡ"/><!-- ⲉ...ⲛⲉⲑⲏⲡ -->
<feat xlink:href="#norm_group_125" value="ϩⲙ"/><!-- ϩⲙ -->
<feat xlink:href="#norm_group_126" value="ⲡⲕⲁⲕⲉ"/><!-- ⲡ...ⲕⲁⲕⲉ -->
<feat xlink:href="#norm_group_128" value="ⲁⲩⲱ"/><!-- ⲁⲩⲱ -->
<feat xlink:href="#norm_group_129" value="ⲛϥⲟⲩⲱⲛϩ"/><!-- ⲛ...ⲟⲩⲱⲛϩ -->
<feat xlink:href="#norm_group_132" value="ⲉⲃⲟⲗ"/><!-- ⲉⲃⲟⲗ -->
<feat xlink:href="#norm_group_133" value="ⲛⲛϣⲟϫⲛⲉ"/><!-- ⲛ...ϣⲟϫⲛⲉ -->
<feat xlink:href="#norm_group_136" value="ⲛⲛϩⲏⲧ"/><!-- ⲛ...ϩⲏⲧ -->
<feat xlink:href="#norm_group_139" value="."/><!-- . -->
<feat xlink:href="#norm_group_140" value="ⲧⲟⲧⲉ"/><!-- ⲧⲟⲧⲉ -->
<feat xlink:href="#norm_group_141" value="ⲡⲧⲁⲉⲓⲟ"/><!-- ⲡ...ⲧⲁⲉⲓⲟ -->
<feat xlink:href="#norm_group_143" value="ⲙⲡⲟⲩⲁ"/><!-- ⲙ...ⲟⲩⲁ -->
<feat xlink:href="#norm_group_146" value="ⲡⲟⲩⲁ"/><!-- ⲡ...ⲟⲩⲁ -->
<feat xlink:href="#norm_group_148" value="ⲛⲁϣⲱⲡⲉ"/><!-- ⲛⲁ...ϣⲱⲡⲉ -->
<feat xlink:href="#norm_group_150" value="ⲉⲃⲟⲗ"/><!-- ⲉⲃⲟⲗ -->
<feat xlink:href="#norm_group_151" value="ϩⲓⲧⲙ"/><!-- ϩⲓⲧⲙ -->
<feat xlink:href="#norm_group_152" value="ⲡⲛⲟⲩⲧⲉ"/><!-- ⲡ...ⲛⲟⲩⲧⲉ -->
<feat xlink:href="#norm_group_154" value="."/><!-- . -->
<feat xlink:href="#norm_group_155" value="ⲛⲁⲓ"/><!-- ⲛⲁⲓ -->
<feat xlink:href="#norm_group_156" value="ⲇⲉ"/><!-- ⲇⲉ -->
<feat xlink:href="#norm_group_157" value="ⲛⲁⲥⲛⲏⲩ"/><!-- ⲛⲁ...ⲥⲛⲏⲩ -->
<feat xlink:href="#norm_group_159" value="ⲛⲧⲁⲓϫⲓⲧⲟⲩ"/><!-- ⲛⲧ...ⲟⲩ -->
<feat xlink:href="#norm_group_164" value="ⲛⲥⲙⲟⲧ"/><!-- ⲛ...ⲥⲙⲟⲧ -->
<feat xlink:href="#norm_group_166" value="ⲉϩⲣⲁⲓ"/><!-- ⲉϩⲣⲁⲓ -->
<feat xlink:href="#norm_group_167" value="ⲉϫⲱⲓ"/><!-- ⲉϫⲱ...ⲓ -->
<feat xlink:href="#norm_group_169" value="ⲙⲛ"/><!-- ⲙⲛ -->
<feat xlink:href="#norm_group_170" value="ⲁⲡⲟⲗⲗⲱ"/><!-- ⲁⲡⲟⲗⲗⲱ -->
<feat xlink:href="#norm_group_171" value="ⲉⲧⲃⲉ"/><!-- ⲉⲧⲃⲉ -->
<feat xlink:href="#norm_group_172" value="ⲧⲏⲩⲧⲛ"/><!-- ⲧⲏⲩⲧⲛ -->
<feat xlink:href="#norm_group_173" value="."/><!-- . -->
<feat xlink:href="#norm_group_174" value="ϫⲉⲕⲁⲁⲥ"/><!-- ϫⲉⲕⲁⲁⲥ -->
<feat xlink:href="#norm_group_175" value="ⲉⲧⲉⲧⲛⲉⲥⲃⲟ"/><!-- ⲉⲧⲉⲧⲛⲉⲥⲃⲟ -->
<feat xlink:href="#norm_group_176" value="ⲛϩⲏⲧⲛ"/><!-- ⲛϩⲏⲧ...ⲛ -->
<feat xlink:href="#norm_group_178" value="ⲉⲧⲙⲣϩⲟⲩⲟ"/><!-- ⲉ...ⲣϩⲟⲩⲟ -->
<feat xlink:href="#norm_group_181" value="ⲉⲛⲉⲧⲥⲏϩ"/><!-- ⲉ...ⲥⲏϩ -->
<feat xlink:href="#norm_group_185" value="ϫⲉ"/><!-- ϫⲉ -->
<feat xlink:href="#norm_group_186" value="ⲛⲛⲉ"/><!-- ⲛⲛⲉ -->
<feat xlink:href="#norm_group_187" value="ⲟⲩⲁ"/><!-- ⲟⲩⲁ -->
<feat xlink:href="#norm_group_188" value="ϣⲟⲩϣⲟⲩ"/><!-- ϣⲟⲩϣⲟⲩ -->
<feat xlink:href="#norm_group_189" value="ⲙⲙⲟϥ"/><!-- ⲙⲙⲟ...ϥ -->
<feat xlink:href="#norm_group_191" value="ⲉϫⲛ"/><!-- ⲉϫⲛ -->
<feat xlink:href="#norm_group_192" value="ⲟⲩⲁ"/><!-- ⲟⲩⲁ -->
<feat xlink:href="#norm_group_193" value="ϩⲁ"/><!-- ϩⲁ -->
<feat xlink:href="#norm_group_194" value="ⲟⲩⲁ"/><!-- ⲟⲩⲁ -->
<feat xlink:href="#norm_group_195" value="."/><!-- . -->
<feat xlink:href="#norm_group_196" value="ⲛⲓⲙ"/><!-- ⲛⲓⲙ -->
<feat xlink:href="#norm_group_197" value="ⲅⲁⲣ"/><!-- ⲅⲁⲣ -->
<feat xlink:href="#norm_group_198" value="ⲡⲉⲧⲇⲓⲁⲕⲣⲓⲛⲉ"/><!-- ⲡ...ⲇⲓⲁⲕⲣⲓⲛⲉ -->
<feat xlink:href="#norm_group_201" value="ⲙⲙⲟⲕ"/><!-- ⲙⲙⲟ...ⲕ -->
<feat xlink:href="#norm_group_203" value="ⲟⲩ"/><!-- ⲟⲩ -->
<feat xlink:href="#norm_group_204" value="ⲇⲉ"/><!-- ⲇⲉ -->
<feat xlink:href="#norm_group_205" value="ⲡⲉⲧⲛⲧⲟⲟⲧⲕ"/><!-- ⲡ...ⲕ -->
<feat xlink:href="#norm_group_209" value="ⲉⲙⲡⲕϫⲓⲧϥ"/><!-- ⲉⲙⲡⲕϫⲓⲧϥ -->
<feat xlink:href="#norm_group_210" value="ⲉϣϫⲉ"/><!-- ⲉϣϫⲉ -->
<feat xlink:href="#norm_group_211" value="ⲁⲕⲣⲡⲕⲉϫⲓ"/><!-- ⲁⲕⲣⲡⲕⲉϫⲓ -->
<feat xlink:href="#norm_group_212" value="ⲁϩⲣⲟⲕ"/><!-- ⲁϩⲣⲟ...ⲕ -->
<feat xlink:href="#norm_group_214" value="ⲕϣⲟⲩϣⲟⲩ"/><!-- ⲕ...ϣⲟⲩϣⲟⲩ -->
<feat xlink:href="#norm_group_216" value="ⲙⲙⲟⲕ"/><!-- ⲙⲙⲟ...ⲕ -->
<feat xlink:href="#norm_group_218" value="ϩⲱⲥ"/><!-- ϩⲱⲥ -->
<feat xlink:href="#norm_group_219" value="ⲉⲙⲡⲕϫⲓ"/><!-- ⲉⲙⲡⲕϫⲓ -->
<feat xlink:href="#norm_group_220" value="."/><!-- . -->
<feat xlink:href="#norm_group_221" value="ⲏⲇⲏ"/><!-- ⲏⲇⲏ -->
<feat xlink:href="#norm_group_222" value="ⲧⲉⲧⲛⲥⲏⲩ"/><!-- ⲧⲉⲧⲛ...ⲥⲏⲩ -->
<feat xlink:href="#norm_group_224" value="ⲏⲇⲏ"/><!-- ⲏⲇⲏ -->
<feat xlink:href="#norm_group_225" value="ⲁⲧⲉⲧⲛⲣⲣⲙⲙⲁⲟ"/><!-- ⲁ...ⲣⲣⲙⲙⲁⲟ -->
<feat xlink:href="#norm_group_228" value="ⲁϫⲛⲧⲛ"/><!-- ⲁϫⲛⲧ...ⲛ -->
<feat xlink:href="#norm_group_230" value="ⲁⲧⲉⲧⲛⲣⲣⲣⲟ"/><!-- ⲁ...ⲣⲣⲟ -->
<feat xlink:href="#norm_group_234" value="ⲛⲁⲛⲟⲩⲥ"/><!-- ⲛⲁⲛⲟⲩ...ⲥ -->
<feat xlink:href="#norm_group_236" value="ⲇⲉ"/><!-- ⲇⲉ -->
<feat xlink:href="#norm_group_237" value="ⲉϣϫⲉ"/><!-- ⲉϣϫⲉ -->
<feat xlink:href="#norm_group_238" value="ⲁⲧⲉⲧⲛⲣⲣⲣⲟ"/><!-- ⲁ...ⲣⲣⲟ -->
<feat xlink:href="#norm_group_242" value="ϫⲉⲕⲁⲁⲥ"/><!-- ϫⲉⲕⲁⲁⲥ -->
<feat xlink:href="#norm_group_243" value="ⲉⲛⲉⲣⲣⲣⲟ"/><!-- ⲉⲛⲉ...ⲣⲣⲟ -->
<feat xlink:href="#norm_group_246" value="ϩⲱⲱⲛ"/><!-- ϩⲱⲱ...ⲛ -->
<feat xlink:href="#norm_group_248" value="ⲛⲙⲙⲏⲧⲛ"/><!-- ⲛⲙⲙⲏ...ⲧⲛ -->
<feat xlink:href="#norm_group_250" value="."/><!-- . -->
<feat xlink:href="#norm_group_251" value="ⲁⲣⲏⲩ"/><!-- ⲁⲣⲏⲩ -->
<feat xlink:href="#norm_group_252" value="ⲅⲁⲣ"/><!-- ⲅⲁⲣ -->
<feat xlink:href="#norm_group_253" value="ⲛⲧⲁ"/><!-- ⲛⲧⲁ -->
<feat xlink:href="#norm_group_254" value="ⲡⲛⲟⲩⲧⲉ"/><!-- ⲡ...ⲛⲟⲩⲧⲉ -->
<feat xlink:href="#norm_group_256" value="ⲕⲁⲁⲛ"/><!-- ⲕⲁⲁ...ⲛ -->
<feat xlink:href="#norm_group_258" value="ⲛⲁⲡⲟⲥⲧⲟⲗⲟⲥ"/><!-- ⲛ...ⲁⲡⲟⲥⲧⲟⲗⲟⲥ -->
<feat xlink:href="#norm_group_260" value="ⲛϩⲁⲉ"/><!-- ⲛ...ϩⲁⲉ -->
<feat xlink:href="#norm_group_262" value="ⲛⲧϩⲉ"/><!-- ⲛ...ϩⲉ -->
<feat xlink:href="#norm_group_265" value="ⲛⲛⲓⲉⲡⲓⲑⲁⲛⲁⲧⲏⲥ"/><!-- ⲛⲛⲓⲉⲡⲓⲑⲁⲛⲁⲧⲏⲥ -->
<feat xlink:href="#norm_group_266" value="."/><!-- . -->
<feat xlink:href="#norm_group_267" value="ϫⲉ"/><!-- ϫⲉ -->
<feat xlink:href="#norm_group_268" value="ⲁⲛϣⲱⲡⲉ"/><!-- ⲁ...ϣⲱⲡⲉ -->
<feat xlink:href="#norm_group_271" value="ⲛⲑⲉⲁⲧⲣⲟⲛ"/><!-- ⲛ...ⲑⲉⲁⲧⲣⲟⲛ -->
<feat xlink:href="#norm_group_273" value="ⲙⲡⲕⲟⲥⲙⲟⲥ"/><!-- ⲙ...ⲕⲟⲥⲙⲟⲥ -->
<feat xlink:href="#norm_group_276" value="ⲁⲩⲱ"/><!-- ⲁⲩⲱ -->
<feat xlink:href="#norm_group_277" value="ⲛⲛⲁⲅⲅⲉⲗⲟⲥ"/><!-- ⲛ...ⲁⲅⲅⲉⲗⲟⲥ -->
<feat xlink:href="#norm_group_280" value="ⲙⲛ"/><!-- ⲙⲛ -->
<feat xlink:href="#norm_group_281" value="ⲛⲣⲱⲙⲉ"/><!-- ⲛ...ⲣⲱⲙⲉ -->
<feat xlink:href="#norm_group_283" value="."/><!-- . -->
<feat xlink:href="#norm_group_284" value="ⲁⲛⲟⲛ"/><!-- ⲁⲛⲟⲛ -->
<feat xlink:href="#norm_group_285" value="ⲁⲛⲣⲥⲟϭ"/><!-- ⲁ...ⲣⲥⲟϭ -->
<feat xlink:href="#norm_group_288" value="ⲉⲧⲃⲉ"/><!-- ⲉⲧⲃⲉ -->
<feat xlink:href="#norm_group_289" value="ⲡⲉⲭⲣⲓⲥⲧⲟⲥ"/><!-- ⲡⲉ...ⲭⲣⲓⲥⲧⲟⲥ -->
<feat xlink:href="#norm_group_291" value="ⲛⲧⲱⲧⲛ"/><!-- ⲛⲧⲱⲧⲛ -->
<feat xlink:href="#norm_group_292" value="ⲇⲉ"/><!-- ⲇⲉ -->
<feat xlink:href="#norm_group_293" value="ⲛⲧⲉⲧⲛ"/><!-- ⲛⲧⲉⲧⲛ -->
<feat xlink:href="#norm_group_294" value="ϩⲉⲛⲥⲁⲃⲉ"/><!-- ϩⲉⲛ...ⲥⲁⲃⲉ -->
<feat xlink:href="#norm_group_296" value="ϩⲙ"/><!-- ϩⲙ -->
<feat xlink:href="#norm_group_297" value="ⲡⲉⲭⲣⲓⲥⲧⲟⲥ"/><!-- ⲡⲉ...ⲭⲣⲓⲥⲧⲟⲥ -->
<feat xlink:href="#norm_group_299" value="ⲁⲛⲟⲛ"/><!-- ⲁⲛⲟⲛ -->
<feat xlink:href="#norm_group_300" value="ⲧⲛϭⲟⲟⲃ"/><!-- ⲧⲛ...ϭⲟⲟⲃ -->
<feat xlink:href="#norm_group_302" value="ⲛⲧⲱⲧⲛ"/><!-- ⲛⲧⲱⲧⲛ -->
<feat xlink:href="#norm_group_303" value="ⲇⲉ"/><!-- ⲇⲉ -->
<feat xlink:href="#norm_group_304" value="ⲧⲉⲧⲛϫⲟⲟⲣ"/><!-- ⲧⲉⲧⲛ...ϫⲟⲟⲣ -->
<feat xlink:href="#norm_group_306" value="ⲛⲧⲱⲧⲛ"/><!-- ⲛⲧⲱⲧⲛ -->
<feat xlink:href="#norm_group_307" value="ⲧⲉⲧⲛⲧⲁⲉⲓⲏⲩ"/><!-- ⲧⲉⲧⲛ...ⲧⲁⲉⲓⲏⲩ -->
<feat xlink:href="#norm_group_309" value="ⲁⲛⲟⲛ"/><!-- ⲁⲛⲟⲛ -->
<feat xlink:href="#norm_group_310" value="ⲇⲉ"/><!-- ⲇⲉ -->
<feat xlink:href="#norm_group_311" value="ⲧⲛⲥⲏϣ"/><!-- ⲧⲛ...ⲥⲏϣ -->
<feat xlink:href="#norm_group_313" value="ϣⲁϩⲣⲁⲓ"/><!-- ϣⲁϩⲣⲁⲓ -->
<feat xlink:href="#norm_group_314" value="ⲉⲧⲉⲉⲓⲟⲩⲛⲟⲩ"/><!-- ⲉⲧⲉⲉⲓⲟⲩⲛⲟⲩ -->
<feat xlink:href="#norm_group_315" value="ⲧⲛϩⲕⲁⲉⲓⲧ"/><!-- ⲧⲛ...ϩⲕⲁⲉⲓⲧ -->
<feat xlink:href="#norm_group_317" value="ⲧⲛⲟⲃⲉ"/><!-- ⲧⲛ...ⲟⲃⲉ -->
<feat xlink:href="#norm_group_319" value="ⲧⲛⲕⲏⲕⲁϩⲏⲩ"/><!-- ⲧⲛ...ⲕⲏⲕⲁϩⲏⲩ -->
<feat xlink:href="#norm_group_321" value="ⲥⲉϯⲕⲗⲯ"/><!-- ⲥⲉϯⲕⲗⲯ -->
<feat xlink:href="#norm_group_322" value="ⲉϫⲱⲛ"/><!-- ⲉϫⲱ...ⲛ -->
<feat xlink:href="#norm_group_324" value="ⲧⲛϣⲧⲣⲧⲱⲣ"/><!-- ⲧⲛ...ϣⲧⲣⲧⲱⲣ -->
<feat xlink:href="#norm_group_326" value="."/><!-- . -->
<feat xlink:href="#norm_group_327" value="ⲧⲛϩⲟⲥⲉ"/><!-- ⲧⲛ...ϩⲟⲥⲉ -->
<feat xlink:href="#norm_group_329" value="ⲉⲛⲣϩⲱⲃ"/><!-- ⲉ...ⲣϩⲱⲃ -->
<feat xlink:href="#norm_group_332" value="ϩⲛ"/><!-- ϩⲛ -->
<feat xlink:href="#norm_group_333" value="ⲛⲉⲛϭⲓϫ"/><!-- ⲛⲉⲛ...ϭⲓϫ -->
<feat xlink:href="#norm_group_335" value="ⲙⲙⲓⲛ"/><!-- ⲙⲙⲓⲛ -->
<feat xlink:href="#norm_group_336" value="ⲙⲙⲟⲛ"/><!-- ⲙⲙⲟⲛ -->
<feat xlink:href="#norm_group_337" value="ⲉⲩⲥⲁϩⲟⲩ"/><!-- ⲉ...ⲥⲁϩⲟⲩ -->
<feat xlink:href="#norm_group_340" value="ⲙⲙⲟⲛ"/><!-- ⲙⲙⲟⲛ -->
<feat xlink:href="#norm_group_341" value="ⲧⲛⲥⲙⲟⲩ"/><!-- ⲧⲛ...ⲥⲙⲟⲩ -->
<feat xlink:href="#norm_group_343" value="ⲉⲣⲟⲟⲩ"/><!-- ⲉⲣⲟ...ⲟⲩ -->
<feat xlink:href="#norm_group_345" value="ⲉⲩⲡⲏⲧ"/><!-- ⲉ...ⲡⲏⲧ -->
<feat xlink:href="#norm_group_348" value="ⲛⲥⲱⲛ"/><!-- ⲛⲥⲱ...ⲛ -->
<feat xlink:href="#norm_group_350" value="ⲧⲛⲁⲛⲉⲭⲉ"/><!-- ⲧⲛ...ⲁⲛⲉⲭⲉ -->
<feat xlink:href="#norm_group_352" value="ⲙⲙⲟⲟⲩ"/><!-- ⲙⲙⲟ...ⲟⲩ -->
<feat xlink:href="#norm_group_354" value="."/><!-- . -->
<feat xlink:href="#norm_group_355" value="ⲉⲩϫⲓⲟⲩⲁ"/><!-- ⲉ...ϫⲓⲟⲩⲁ -->
<feat xlink:href="#norm_group_358" value="ⲉⲣⲟⲛ"/><!-- ⲉⲣⲟ...ⲛ -->
<feat xlink:href="#norm_group_360" value="."/><!-- . -->
<feat xlink:href="#norm_group_361" value="ⲧⲛⲡⲁⲣⲁⲕⲁⲗⲉⲓ"/><!-- ⲧⲛ...ⲡⲁⲣⲁⲕⲁⲗⲉⲓ -->
<feat xlink:href="#norm_group_363" value="ⲙⲙⲟⲟⲩ"/><!-- ⲙⲙⲟ...ⲟⲩ -->
<feat xlink:href="#norm_group_365" value="ⲛⲧϩⲉ"/><!-- ⲛ...ϩⲉ -->
<feat xlink:href="#norm_group_368" value="ⲛⲛⲓⲡⲉⲣⲓⲕⲁⲑⲁⲣⲙⲁ"/><!-- ⲛⲛⲓⲡⲉⲣⲓⲕⲁⲑⲁⲣⲙⲁ -->
<feat xlink:href="#norm_group_369" value="ⲙⲡⲕⲟⲥⲙⲟⲥ"/><!-- ⲙ...ⲕⲟⲥⲙⲟⲥ -->
<feat xlink:href="#norm_group_372" value="ⲁⲛⲣϣϥⲉ"/><!-- ⲁ...ϣϥⲉ -->
<feat xlink:href="#norm_group_376" value="ⲛⲟⲩⲟⲛ"/><!-- ⲛ...ⲟⲩⲟⲛ -->
<feat xlink:href="#norm_group_378" value="ⲛⲓⲙ"/><!-- ⲛⲓⲙ -->
<feat xlink:href="#norm_group_379" value="ϣⲁ"/><!-- ϣⲁ -->
<feat xlink:href="#norm_group_380" value="ϩⲣⲁⲓ"/><!-- ϩⲣⲁⲓ -->
<feat xlink:href="#norm_group_381" value="ⲉⲧⲉⲓⲟⲩⲛⲟⲩ"/><!-- ⲉ...ⲟⲩⲛⲟⲩ -->
<feat xlink:href="#norm_group_384" value="."/><!-- . -->
<feat xlink:href="#norm_group_385" value="ⲛⲛⲉⲉⲓϯϣⲓⲡⲉ"/><!-- ⲛⲛⲉⲉⲓϯϣⲓⲡⲉ -->
<feat xlink:href="#norm_group_386" value="ⲛⲏⲧⲛ"/><!-- ⲛⲏ...ⲧⲛ -->
<feat xlink:href="#norm_group_388" value="ⲁⲛ"/><!-- ⲁⲛ -->
<feat xlink:href="#norm_group_389" value="ⲉⲓⲥϩⲁⲓ"/><!-- ⲉ...ⲥϩⲁⲓ -->
<feat xlink:href="#norm_group_392" value="ⲛⲏⲧⲛ"/><!-- ⲛⲏ...ⲧⲛ -->
<feat xlink:href="#norm_group_394" value="ⲛⲛⲁⲓ"/><!-- ⲛ...ⲛⲁⲓ -->
<feat xlink:href="#norm_group_396" value="."/><!-- . -->
<feat xlink:href="#norm_group_397" value="ⲁⲗⲗⲁ"/><!-- ⲁⲗⲗⲁ -->
<feat xlink:href="#norm_group_398" value="ⲉⲓϯⲥⲃⲱ"/><!-- ⲉ...ϯⲥⲃⲱ -->
<feat xlink:href="#norm_group_401" value="ⲛⲏⲧⲛ"/><!-- ⲛⲏ...ⲧⲛ -->
<feat xlink:href="#norm_group_403" value="ϩⲱⲥ"/><!-- ϩⲱⲥ -->
<feat xlink:href="#norm_group_404" value="ϣⲏⲣⲉ"/><!-- ϣⲏⲣⲉ -->
<feat xlink:href="#norm_group_405" value="ⲙⲙⲉⲣⲓⲧ"/><!-- ⲙ...ⲙⲉⲣⲓⲧ -->
<feat xlink:href="#norm_group_407" value="."/><!-- . -->
<feat xlink:href="#norm_group_408" value="ⲕⲁⲛ"/><!-- ⲕⲁⲛ -->
<feat xlink:href="#norm_group_409" value="ⲉϣⲱⲡⲉ"/><!-- ⲉϣⲱⲡⲉ -->
<feat xlink:href="#norm_group_410" value="ⲟⲩⲛⲧⲏⲧⲛ"/><!-- ⲟⲩⲛⲧⲏⲧⲛ -->
<feat xlink:href="#norm_group_411" value="ⲙⲙⲁⲩ"/><!-- ⲙⲙⲁⲩ -->
<feat xlink:href="#norm_group_412" value="ⲛⲟⲩⲧⲃⲁ"/><!-- ⲛ...ⲧⲃⲁ -->
<feat xlink:href="#norm_group_415" value="ⲙⲡⲁⲓⲇⲁⲅⲱⲅⲟⲥ"/><!-- ⲙ...ⲡⲁⲓⲇⲁⲅⲱⲅⲟⲥ -->
<feat xlink:href="#norm_group_417" value="ϩⲙ"/><!-- ϩⲙ -->
<feat xlink:href="#norm_group_418" value="ⲡⲉⲭⲣⲓⲥⲧⲟⲥ"/><!-- ⲡⲉ...ⲭⲣⲓⲥⲧⲟⲥ -->
<feat xlink:href="#norm_group_420" value="."/><!-- . -->
<feat xlink:href="#norm_group_421" value="ⲁⲗⲗⲁ"/><!-- ⲁⲗⲗⲁ -->
<feat xlink:href="#norm_group_422" value="ⲛϩⲁϩ"/><!-- ⲛ...ϩⲁϩ -->
<feat xlink:href="#norm_group_424" value="ⲛⲉⲓⲱⲧ"/><!-- ⲛ...ⲉⲓⲱⲧ -->
<feat xlink:href="#norm_group_426" value="ⲁⲛ"/><!-- ⲁⲛ -->
<feat xlink:href="#norm_group_427" value="."/><!-- . -->
<feat xlink:href="#norm_group_428" value="ⲁⲛⲟⲕ"/><!-- ⲁⲛⲟⲕ -->
<feat xlink:href="#norm_group_429" value="ⲅⲁⲣ"/><!-- ⲅⲁⲣ -->
<feat xlink:href="#norm_group_430" value="ⲁⲓϫⲡⲉ"/><!-- ⲁ...ϫⲡⲉ -->
<feat xlink:href="#norm_group_433" value="ⲧⲏⲩⲧⲛ"/><!-- ⲧⲏⲩⲧⲛ -->
<feat xlink:href="#norm_group_434" value="ϩⲙ"/><!-- ϩⲙ -->
<feat xlink:href="#norm_group_435" value="ⲡⲉⲭⲣⲓⲥⲧⲟⲥ"/><!-- ⲡⲉ...ⲭⲣⲓⲥⲧⲟⲥ -->
<feat xlink:href="#norm_group_437" value="ⲓⲏⲥⲟⲩⲥ"/><!-- ⲓⲏⲥⲟⲩⲥ -->
<feat xlink:href="#norm_group_438" value="ϩⲓⲧⲙ"/><!-- ϩⲓⲧⲙ -->
<feat xlink:href="#norm_group_439" value="ⲡⲉⲩⲁⲅⲅⲉⲗⲓⲟⲛ"/><!-- ⲡ...ⲉⲩⲁⲅⲅⲉⲗⲓⲟⲛ -->
<feat xlink:href="#norm_group_441" value="."/><!-- . -->
<feat xlink:href="#norm_group_442" value="ϯⲡⲁⲣⲁⲕⲁⲗⲉⲓ"/><!-- ϯ...ⲡⲁⲣⲁⲕⲁⲗⲉⲓ -->
<feat xlink:href="#norm_group_444" value="ϭⲉ"/><!-- ϭⲉ -->
<feat xlink:href="#norm_group_445" value="ⲙⲙⲱⲧⲛ"/><!-- ⲙⲙⲱ...ⲧⲛ -->
<feat xlink:href="#norm_group_447" value="ⲧⲛⲧⲛⲧⲏ"/><!-- ⲧⲛⲧⲛⲧⲏ -->
<feat xlink:href="#norm_group_448" value="ⲩⲧⲛ"/><!-- ⲩⲧⲛ -->
<feat xlink:href="#norm_group_449" value="ⲉⲣⲟⲓ"/><!-- ⲉⲣⲟ...ⲓ -->
<feat xlink:href="#norm_group_451" value="."/><!-- . -->
<feat xlink:href="#norm_group_452" value="ⲉⲧⲃⲉ"/><!-- ⲉⲧⲃⲉ -->
<feat xlink:href="#norm_group_453" value="ⲡⲁⲓ"/><!-- ⲡⲁⲓ -->
<feat xlink:href="#norm_group_454" value="ⲁⲓⲧⲛⲛⲉⲩⲧⲓⲙⲟⲑⲉⲟⲥ"/><!-- ⲁⲓⲧⲛⲛⲉⲩⲧⲓⲙⲟⲑⲉⲟⲥ -->
<feat xlink:href="#norm_group_455" value="ⲛⲏⲧⲛ"/><!-- ⲛⲏ...ⲧⲛ -->
<feat xlink:href="#norm_group_457" value="ⲉⲧⲉ"/><!-- ⲉⲧⲉ -->
<feat xlink:href="#norm_group_458" value="ⲡⲁⲓ"/><!-- ⲡⲁⲓ -->
<feat xlink:href="#norm_group_459" value="ⲡⲉ"/><!-- ⲡⲉ -->
<feat xlink:href="#norm_group_460" value="ⲡⲁϣⲏⲣⲉ"/><!-- ⲡⲁ...ϣⲏⲣⲉ -->
<feat xlink:href="#norm_group_462" value="ⲙⲙⲉⲣⲓⲧ"/><!-- ⲙ...ⲙⲉⲣⲓⲧ -->
<feat xlink:href="#norm_group_464" value="ⲁⲩⲱ"/><!-- ⲁⲩⲱ -->
<feat xlink:href="#norm_group_465" value="ⲙⲡⲓⲥⲧⲟⲥ"/><!-- ⲙⲡ...ⲥ -->
<feat xlink:href="#norm_group_469" value="ϩⲙ"/><!-- ϩⲙ -->
<feat xlink:href="#norm_group_470" value="ⲡϫⲟⲉⲓⲥ"/><!-- ⲡ...ϫⲟⲉⲓⲥ -->
<feat xlink:href="#norm_group_472" value="ⲡⲁⲓ"/><!-- ⲡⲁⲓ -->
<feat xlink:href="#norm_group_473" value="ⲉⲧⲛⲁⲧⲣⲉⲧⲛⲣⲡⲙⲉⲉⲩⲉ"/><!-- ⲉⲧⲛⲁⲧⲣⲉⲧⲛⲣⲡⲙⲉⲉⲩⲉ -->
<feat xlink:href="#norm_group_474" value="ⲛⲛⲁϩⲓⲟⲟⲩⲉ"/><!-- ⲛ...ϩⲓⲟⲟⲩⲉ -->
<feat xlink:href="#norm_group_477" value="ⲉⲧϩⲙ"/><!-- ⲉⲧ...ϩⲙ -->
<feat xlink:href="#norm_group_479" value="ⲡⲉⲭⲣⲓⲥⲧⲟⲥ"/><!-- ⲡⲉ...ⲭⲣⲓⲥⲧⲟⲥ -->
<feat xlink:href="#norm_group_481" value="ⲛⲧϩⲉ"/><!-- ⲛ...ϩⲉ -->
<feat xlink:href="#norm_group_484" value="ⲉϯϯⲥⲃⲱ"/><!-- ⲉϯϯⲥⲃⲱ -->
<feat xlink:href="#norm_group_485" value="ⲙⲙⲟⲥ"/><!-- ⲙⲙⲟ...ⲥ -->
<feat xlink:href="#norm_group_487" value="ϩⲛ"/><!-- ϩⲛ -->
<feat xlink:href="#norm_group_488" value="ⲛⲉⲕⲕⲗⲏⲥⲓⲁ"/><!-- ⲛ...ⲉⲕⲕⲗⲏⲥⲓⲁ -->
<feat xlink:href="#norm_group_490" value="ⲧⲏⲣⲟⲩ"/><!-- ⲧⲏⲣ...ⲟⲩ -->
<feat xlink:href="#norm_group_492" value="ϩⲙ"/><!-- ϩⲙ -->
<feat xlink:href="#norm_group_493" value="ⲙⲁ"/><!-- ⲙⲁ -->
<feat xlink:href="#norm_group_494" value="ⲛⲓⲙ"/><!-- ⲛⲓⲙ -->
<feat xlink:href="#norm_group_495" value="."/><!-- . -->
<feat xlink:href="#norm_group_496" value="ϩⲱⲥ"/><!-- ϩⲱⲥ -->
<feat xlink:href="#norm_group_497" value="ⲉⲛϯⲛⲏⲩ"/><!-- ⲉ...ⲛⲏⲩ -->
<feat xlink:href="#norm_group_501" value="ⲇⲉ"/><!-- ⲇⲉ -->
<feat xlink:href="#norm_group_502" value="ⲁⲛ"/><!-- ⲁⲛ -->
<feat xlink:href="#norm_group_503" value="ϣⲁⲣⲱⲧⲛ"/><!-- ϣⲁⲣⲱ...ⲧⲛ -->
<feat xlink:href="#norm_group_505" value="ⲁϩⲟⲓⲛⲉ"/><!-- ⲁϩⲟⲓⲛⲉ -->
<feat xlink:href="#norm_group_506" value="ϫⲓⲥⲉ"/><!-- ϫⲓⲥⲉ -->
<feat xlink:href="#norm_group_507" value="ⲛϩⲏⲧ"/><!-- ⲛϩⲏⲧ -->
<feat xlink:href="#norm_group_508" value="ϯⲛⲏⲩ"/><!-- ϯ...ⲛⲏⲩ -->
<feat xlink:href="#norm_group_510" value="ⲇⲉ"/><!-- ⲇⲉ -->
<feat xlink:href="#norm_group_511" value="ϣⲁⲣⲱⲧⲛ"/><!-- ϣⲁⲣⲱ...ⲧⲛ -->
<feat xlink:href="#norm_group_513" value="ϩⲛ"/><!-- ϩⲛ -->
<feat xlink:href="#norm_group_514" value="ⲟⲩϭⲉⲡⲏ"/><!-- ⲟⲩϭⲉⲡⲏ -->
<feat xlink:href="#norm_group_515" value="ⲉⲣϣⲁⲛ"/><!-- ⲉⲣϣⲁⲛ -->
<feat xlink:href="#norm_group_516" value="ⲡϫⲟⲉⲓⲥ"/><!-- ⲡ...ϫⲟⲉⲓⲥ -->
<feat xlink:href="#norm_group_518" value="ⲣϩⲛⲁϥ"/><!-- ⲣϩⲛⲁ...ϥ -->
<feat xlink:href="#norm_group_520" value="."/><!-- . -->
<feat xlink:href="#norm_group_521" value="ⲛⲧⲁⲉⲓⲙⲉ"/><!-- ⲛⲧⲁⲉⲓⲙⲉ -->
<feat xlink:href="#norm_group_522" value="ⲁⲛ"/><!-- ⲁⲛ -->
<feat xlink:href="#norm_group_523" value="ⲉⲡϣⲁϫⲉ"/><!-- ⲉ...ϣⲁϫⲉ -->
<feat xlink:href="#norm_group_526" value="ⲛⲛⲉⲧϫⲟⲥⲉ"/><!-- ⲛ...ϫⲟⲥⲉ -->
<feat xlink:href="#norm_group_530" value="ⲛϩⲏⲧ"/><!-- ⲛϩⲏⲧ -->
<feat xlink:href="#norm_group_531" value="."/><!-- . -->
<feat xlink:href="#norm_group_532" value="ⲁⲗⲗⲁ"/><!-- ⲁⲗⲗⲁ -->
<feat xlink:href="#norm_group_533" value="ⲧⲉⲩϭⲟⲙ"/><!-- ⲧⲉⲩ...ϭⲟⲙ -->
<feat xlink:href="#norm_group_535" value="."/><!-- . -->
<feat xlink:href="#norm_group_536" value="ⲧⲙⲛⲧⲣⲣⲟ"/><!-- ⲧ...ⲙⲛⲧⲣⲣⲟ -->
<feat xlink:href="#norm_group_538" value="ⲅⲁⲣ"/><!-- ⲅⲁⲣ -->
<feat xlink:href="#norm_group_539" value="ⲙⲡⲛⲟⲩⲧⲉ"/><!-- ⲙ...ⲛⲟⲩⲧⲉ -->
<feat xlink:href="#norm_group_542" value="ⲛⲉⲥϩⲛϣⲁϫⲉ"/><!-- ⲛⲉⲥϩⲛϣⲁϫⲉ -->
<feat xlink:href="#norm_group_543" value="ⲁⲛ"/><!-- ⲁⲛ -->
<feat xlink:href="#norm_group_544" value="."/><!-- . -->
<feat xlink:href="#norm_group_545" value="ⲁⲗⲗⲁ"/><!-- ⲁⲗⲗⲁ -->
<feat xlink:href="#norm_group_546" value="ϩⲛ"/><!-- ϩⲛ -->
<feat xlink:href="#norm_group_547" value="ⲟⲩϭⲟⲙ"/><!-- ⲟⲩ...ϭⲟⲙ -->
<feat xlink:href="#norm_group_549" value="."/><!-- . -->
<feat xlink:href="#norm_group_550" value="ⲟⲩ"/><!-- ⲟⲩ -->
<feat xlink:href="#norm_group_551" value="ⲡⲉⲧⲉⲧⲛⲟⲩⲁϣϥ"/><!-- ⲡⲉⲧⲉⲧⲛⲟⲩⲁϣϥ -->
<feat xlink:href="#norm_group_552" value="."/><!-- . -->
<feat xlink:href="#norm_group_553" value="ⲧⲁⲉⲓ"/><!-- ⲧⲁⲉⲓ -->
<feat xlink:href="#norm_group_554" value="ϣⲁⲣⲱⲧⲛ"/><!-- ϣⲁⲣⲱ...ⲧⲛ -->
<feat xlink:href="#norm_group_556" value="ϩⲛ"/><!-- ϩⲛ -->
<feat xlink:href="#norm_group_557" value="ⲟⲩϭⲉⲣⲱⲃ"/><!-- ⲟⲩ...ϭⲉⲣⲱⲃ -->
<feat xlink:href="#norm_group_559" value="ϫⲛ"/><!-- ϫⲛ -->
<feat xlink:href="#norm_group_560" value="ϩⲛ"/><!-- ϩⲛ -->
<feat xlink:href="#norm_group_561" value="ⲟⲩⲁⲅⲁⲡⲏ"/><!-- ⲟⲩ...ⲁⲅⲁⲡⲏ -->
<feat xlink:href="#norm_group_563" value="ⲙⲛ"/><!-- ⲙⲛ -->
<feat xlink:href="#norm_group_564" value="ⲟⲩⲡⲛⲉⲩⲙⲁ"/><!-- ⲟⲩ...ⲡⲛⲉⲩⲙⲁ -->
<feat xlink:href="#norm_group_566" value="ⲙⲙⲛⲧⲣⲙⲣⲁϣ"/><!-- ⲙ...ⲙⲛⲧⲣⲙⲣⲁϣ -->
<feat xlink:href="#norm_group_568" value="."/><!-- . -->
</featList>
</paula>
