<?xml version="1.0" encoding="UTF-8" standalone="no"?>
<!DOCTYPE paula SYSTEM "paula_struct.dtd">

<paula version="1.0">
 <header paula_id="sahidica.nt.1_Corinthians_4.annoSet" />
 <structList xmlns:xlink="http://www.w3.org/1999/xlink" type="annoSet">
  <struct id="anno_1">
   <rel id="rel_1" xlink:href="sahidica.nt.1_Corinthians_4.text.xml" />
   <rel id="rel_2" xlink:href="sahidica.nt.1_Corinthians_4.tok.xml" />
   <rel id="rel_3" xlink:href="sahidica.nt.1_Corinthians_4.origSeg_orig.xml" />
   <rel id="rel_4" xlink:href="sahidica.nt.1_Corinthians_4.origSeg.xml" />
   <rel id="rel_5" xlink:href="sahidica.nt.1_Corinthians_4.orig_groupSeg_orig_group.xml" />
   <rel id="rel_6" xlink:href="sahidica.nt.1_Corinthians_4.orig_groupSeg.xml" />
   <rel id="rel_7" xlink:href="sahidica.nt.1_Corinthians_4.norm_groupSeg_norm_group.xml" />
   <rel id="rel_8" xlink:href="sahidica.nt.1_Corinthians_4.norm_groupSeg.xml" />
   <rel id="rel_9" xlink:href="sahidica.nt.1_Corinthians_4.normSeg_norm.xml" />
   <rel id="rel_10" xlink:href="sahidica.nt.1_Corinthians_4.normSeg.xml" />
   <rel id="rel_11" xlink:href="sahidica.nt.1_Corinthians_4.posSeg_pos.xml" />
   <rel id="rel_12" xlink:href="sahidica.nt.1_Corinthians_4.posSeg.xml" />
   <rel id="rel_13" xlink:href="sahidica.nt.1_Corinthians_4.chapterSeg_chapter.xml" />
   <rel id="rel_14" xlink:href="sahidica.nt.1_Corinthians_4.chapterSeg.xml" />
   <rel id="rel_15" xlink:href="sahidica.nt.1_Corinthians_4.verseSeg_verse.xml" />
   <rel id="rel_16" xlink:href="sahidica.nt.1_Corinthians_4.verseSeg.xml" />
   <rel id="rel_17" xlink:href="sahidica.nt.1_Corinthians_4.translationSeg_translation.xml" />
   <rel id="rel_18" xlink:href="sahidica.nt.1_Corinthians_4.translationSeg.xml" />
  </struct>
 </structList>
</paula>