<?xml version="1.0" encoding="UTF-8" standalone="no"?>

<!DOCTYPE paula SYSTEM "paula_feat.dtd">
<paula version="1.0">

<header paula_id="sahidica.nt.1_Corinthians_16_pos"/>

<featList xmlns:xlink="http://www.w3.org/1999/xlink" type="pos" xml:base="sahidica.nt.1_Corinthians_16.posSeg.xml">
<feat xlink:href="#pos_1" value="PREP"/><!-- ⲉⲧⲃⲉ -->
<feat xlink:href="#pos_2" value="N"/><!-- ⲡⲟⲩⲱϭⲥ -->
<feat xlink:href="#pos_3" value="PTC"/><!-- ⲇⲉ -->
<feat xlink:href="#pos_4" value="CREL"/><!-- ⲉⲧ -->
<feat xlink:href="#pos_5" value="V"/><!-- ϫⲓ -->
<feat xlink:href="#pos_6" value="ADV"/><!-- ⲉϩⲟⲩⲛ -->
<feat xlink:href="#pos_7" value="PREP"/><!-- ⲉ -->
<feat xlink:href="#pos_8" value="ART"/><!-- ⲛ -->
<feat xlink:href="#pos_9" value="CREL"/><!-- ⲉⲧ -->
<feat xlink:href="#pos_10" value="VSTAT"/><!-- ⲟⲩⲁⲁⲃ -->
<feat xlink:href="#pos_11" value="PUNCT"/><!-- . -->
<feat xlink:href="#pos_12" value="PREP"/><!-- ⲛ -->
<feat xlink:href="#pos_13" value="ART"/><!-- ⲧ -->
<feat xlink:href="#pos_14" value="N"/><!-- ϩⲉ -->
<feat xlink:href="#pos_15" value="CREL"/><!-- ⲉⲛⲧ -->
<feat xlink:href="#pos_16" value="APST"/><!-- ⲁ -->
<feat xlink:href="#pos_17" value="PPERS"/><!-- ⲓ -->
<feat xlink:href="#pos_18" value="V"/><!-- ⲧⲟϣ -->
<feat xlink:href="#pos_19" value="PPERO"/><!-- ⲥ -->
<feat xlink:href="#pos_20" value="PREP"/><!-- ϩⲛ -->
<feat xlink:href="#pos_21" value="ART"/><!-- ⲛ -->
<feat xlink:href="#pos_22" value="N"/><!-- ⲉⲕⲕⲗⲏⲥⲓⲁ -->
<feat xlink:href="#pos_23" value="N"/><!-- ⲛⲧⲅⲁⲗⲁⲧⲓⲁ -->
<feat xlink:href="#pos_24" value="PUNCT"/><!-- . -->
<feat xlink:href="#pos_25" value="N"/><!-- ⲁⲣⲓⲥ -->
<feat xlink:href="#pos_26" value="V"/><!-- ϩⲱⲧ -->
<feat xlink:href="#pos_27" value="PPERO"/><!-- ⲧⲏⲩⲧⲛ -->
<feat xlink:href="#pos_28" value="PREP"/><!-- ⲕⲁⲧⲁ -->
<feat xlink:href="#pos_29" value="N"/><!-- ⲥⲟⲩⲁ -->
<feat xlink:href="#pos_30" value="PREP"/><!-- ⲙ -->
<feat xlink:href="#pos_31" value="ART"/><!-- ⲡ -->
<feat xlink:href="#pos_32" value="N"/><!-- ⲥⲁⲃⲃⲁⲧⲟⲛ -->
<feat xlink:href="#pos_33" value="PUNCT"/><!-- . -->
<feat xlink:href="#pos_34" value="AJUS"/><!-- ⲙⲁⲣⲉ -->
<feat xlink:href="#pos_35" value="ART"/><!-- ⲡ -->
<feat xlink:href="#pos_36" value="NUM"/><!-- ⲟⲩⲁ -->
<feat xlink:href="#pos_37" value="ART"/><!-- ⲡ -->
<feat xlink:href="#pos_38" value="NUM"/><!-- ⲟⲩⲁ -->
<feat xlink:href="#pos_39" value="PREP"/><!-- ⲙⲙⲱ -->
<feat xlink:href="#pos_40" value="PPERO"/><!-- ⲧⲛ -->
<feat xlink:href="#pos_41" value="V"/><!-- ⲕⲱ -->
<feat xlink:href="#pos_42" value="PREP"/><!-- ⲛⲧⲟⲟⲧ -->
<feat xlink:href="#pos_43" value="PPERO"/><!-- ϥ -->
<feat xlink:href="#pos_44" value="CCIRC"/><!-- ⲉ -->
<feat xlink:href="#pos_45" value="PPERS"/><!-- ϥ -->
<feat xlink:href="#pos_46" value="V"/><!-- ⲥⲱⲟⲩϩ -->
<feat xlink:href="#pos_47" value="ADV"/><!-- ⲉϩⲟⲩⲛ -->
<feat xlink:href="#pos_48" value="N"/><!-- ⲙⲡⲉⲧϥⲛⲁϩⲉ -->
<feat xlink:href="#pos_49" value="PREP"/><!-- ⲉⲣⲟ -->
<feat xlink:href="#pos_50" value="PPERO"/><!-- ϥ -->
<feat xlink:href="#pos_51" value="PUNCT"/><!-- . -->
<feat xlink:href="#pos_52" value="CONJ"/><!-- ϫⲉⲕⲁⲁⲥ -->
<feat xlink:href="#pos_53" value="NEG"/><!-- ⲁⲛ -->
<feat xlink:href="#pos_54" value="V"/><!-- ⲉⲉⲓϣⲁⲛⲉⲓ -->
<feat xlink:href="#pos_55" value="ADV"/><!-- ⲧⲟⲧⲉ -->
<feat xlink:href="#pos_56" value="PREP"/><!-- ⲛⲧⲉ -->
<feat xlink:href="#pos_57" value="N"/><!-- ⲟⲩⲱϭⲥ -->
<feat xlink:href="#pos_58" value="V"/><!-- ϣⲱⲡⲉ -->
<feat xlink:href="#pos_59" value="PUNCT"/><!-- . -->
<feat xlink:href="#pos_60" value="CONJ"/><!-- ϩⲟⲧⲁⲛ -->
<feat xlink:href="#pos_61" value="PTC"/><!-- ⲇⲉ -->
<feat xlink:href="#pos_62" value="V"/><!-- ⲉⲉⲓϣⲁⲛⲉⲓ -->
<feat xlink:href="#pos_63" value="V"/><!-- ⲛⲉⲧⲉⲧⲛⲁⲇⲟⲕⲓⲙⲁⲍⲉ -->
<feat xlink:href="#pos_64" value="PREP"/><!-- ⲙⲙⲟ -->
<feat xlink:href="#pos_65" value="PPERO"/><!-- ⲟⲩ -->
<feat xlink:href="#pos_66" value="PUNCT"/><!-- . -->
<feat xlink:href="#pos_67" value="PDEM"/><!-- ⲛⲁⲓ -->
<feat xlink:href="#pos_68" value="PTC"/><!-- ⲉⲓⲉ -->
<feat xlink:href="#pos_69" value="V"/><!-- ϫⲟⲟⲩ -->
<feat xlink:href="#pos_70" value="PPERO"/><!-- ⲥⲟⲩ -->
<feat xlink:href="#pos_71" value="PREP"/><!-- ϩⲓⲧⲛ -->
<feat xlink:href="#pos_72" value="ART"/><!-- ⲛ -->
<feat xlink:href="#pos_73" value="N"/><!-- ⲉⲡⲓⲥⲧⲟⲗⲏ -->
<feat xlink:href="#pos_74" value="CCIRC"/><!-- ⲉ -->
<feat xlink:href="#pos_75" value="V"/><!-- ϫⲓ -->
<feat xlink:href="#pos_76" value="PREP"/><!-- ⲛ -->
<feat xlink:href="#pos_77" value="PPOS"/><!-- ⲧⲉⲧⲛ -->
<feat xlink:href="#pos_78" value="N"/><!-- ⲭⲁⲣⲓⲥ -->
<feat xlink:href="#pos_79" value="N"/><!-- ⲉⲧϩⲓⲉⲣⲟⲥⲟⲗⲩⲙⲁ -->
<feat xlink:href="#pos_80" value="PUNCT"/><!-- . -->
<feat xlink:href="#pos_81" value="CONJ"/><!-- ⲉϣⲱⲡⲉ -->
<feat xlink:href="#pos_82" value="PTC"/><!-- ⲇⲉ -->
<feat xlink:href="#pos_83" value="ART"/><!-- ⲡ -->
<feat xlink:href="#pos_84" value="CREL"/><!-- ⲉⲧ -->
<feat xlink:href="#pos_85" value="V"/><!-- ⲉϣϣⲉ -->
<feat xlink:href="#pos_86" value="ART"/><!-- ⲡⲉ -->
<feat xlink:href="#pos_87" value="N"/><!-- ⲉⲧⲣⲁⲃⲱⲕ -->
<feat xlink:href="#pos_88" value="IMOD"/><!-- ϩⲱ -->
<feat xlink:href="#pos_89" value="PPERS"/><!-- ⲥⲉ -->
<feat xlink:href="#pos_90" value="VSTAT"/><!-- ⲛⲏⲩ -->
<feat xlink:href="#pos_91" value="PREP"/><!-- ⲛⲙⲙⲁ -->
<feat xlink:href="#pos_92" value="PPERO"/><!-- ⲓ -->
<feat xlink:href="#pos_93" value="PUNCT"/><!-- . -->
<feat xlink:href="#pos_94" value="PPERS"/><!-- ϯ -->
<feat xlink:href="#pos_95" value="VSTAT"/><!-- ⲛⲏⲩ -->
<feat xlink:href="#pos_96" value="PTC"/><!-- ⲇⲉ -->
<feat xlink:href="#pos_97" value="PREP"/><!-- ϣⲁⲣⲱ -->
<feat xlink:href="#pos_98" value="PPERO"/><!-- ⲧⲛ -->
<feat xlink:href="#pos_99" value="V"/><!-- ⲉⲉⲓϣⲁⲛⲉⲓ -->
<feat xlink:href="#pos_100" value="ADV"/><!-- ⲉⲃⲟⲗ -->
<feat xlink:href="#pos_101" value="PREP"/><!-- ϩⲓⲧⲛ -->
<feat xlink:href="#pos_102" value="N"/><!-- ⲧⲙⲁⲕⲉⲇⲟⲛⲓⲁ -->
<feat xlink:href="#pos_103" value="PUNCT"/><!-- . -->
<feat xlink:href="#pos_104" value="PPERS"/><!-- ϯ -->
<feat xlink:href="#pos_105" value="VSTAT"/><!-- ⲛⲏⲩ -->
<feat xlink:href="#pos_106" value="PTC"/><!-- ⲅⲁⲣ -->
<feat xlink:href="#pos_107" value="ADV"/><!-- ⲉⲃⲟⲗ -->
<feat xlink:href="#pos_108" value="PREP"/><!-- ϩⲓⲧⲛ -->
<feat xlink:href="#pos_109" value="N"/><!-- ⲧⲙⲁⲕⲉⲇⲟⲛⲓⲁ -->
<feat xlink:href="#pos_110" value="PUNCT"/><!-- . -->
<feat xlink:href="#pos_111" value="ADV"/><!-- ⲙⲉϣⲁⲕ -->
<feat xlink:href="#pos_112" value="PTC"/><!-- ⲇⲉ -->
<feat xlink:href="#pos_113" value="PPERS"/><!-- ϯ -->
<feat xlink:href="#pos_114" value="FUT"/><!-- ⲛⲁ -->
<feat xlink:href="#pos_115" value="V"/><!-- ϭⲱ -->
<feat xlink:href="#pos_116" value="PREP"/><!-- ϩⲁⲧⲉ -->
<feat xlink:href="#pos_117" value="PPERO"/><!-- ⲧⲏⲩⲧⲛ -->
<feat xlink:href="#pos_118" value="PUNCT"/><!-- . -->
<feat xlink:href="#pos_119" value="N"/><!-- ⲏⲛⲧⲁⲣⲧⲉⲡⲣⲱ -->
<feat xlink:href="#pos_120" value="PUNCT"/><!-- . -->
<feat xlink:href="#pos_121" value="CONJ"/><!-- ϫⲉⲕⲁⲁⲥ -->
<feat xlink:href="#pos_122" value="PPERI"/><!-- ⲛⲧⲱⲧⲛ -->
<feat xlink:href="#pos_123" value="N"/><!-- ⲉⲧⲉⲧⲛⲉⲑⲡⲟⲓ -->
<feat xlink:href="#pos_124" value="PREP"/><!-- ⲉ -->
<feat xlink:href="#pos_125" value="ART"/><!-- ⲡ -->
<feat xlink:href="#pos_126" value="N"/><!-- ⲙⲁ -->
<feat xlink:href="#pos_127" value="V"/><!-- ⲉϯⲛⲁⲃⲱⲕ -->
<feat xlink:href="#pos_128" value="PREP"/><!-- ⲉⲣⲟ -->
<feat xlink:href="#pos_129" value="PPERO"/><!-- ϥ -->
<feat xlink:href="#pos_130" value="PUNCT"/><!-- . -->
<feat xlink:href="#pos_131" value="ACONJ"/><!-- ⲛ -->
<feat xlink:href="#pos_132" value="PPERS"/><!-- ϯ -->
<feat xlink:href="#pos_133" value="V"/><!-- ⲟⲩⲱϣ -->
<feat xlink:href="#pos_134" value="PTC"/><!-- ⲅⲁⲣ -->
<feat xlink:href="#pos_135" value="NEG"/><!-- ⲁⲛ -->
<feat xlink:href="#pos_136" value="CFOC"/><!-- ⲉ -->
<feat xlink:href="#pos_137" value="V"/><!-- ⲛⲁⲩ -->
<feat xlink:href="#pos_138" value="PREP"/><!-- ⲉⲣⲱ -->
<feat xlink:href="#pos_139" value="PPERO"/><!-- ⲧⲛ -->
<feat xlink:href="#pos_140" value="ADV"/><!-- ⲧⲉⲛⲟⲩ -->
<feat xlink:href="#pos_141" value="V"/><!-- ⲉⲉⲓⲡⲁⲣⲁⲅⲉ -->
<feat xlink:href="#pos_142" value="PUNCT"/><!-- . -->
<feat xlink:href="#pos_143" value="PPERS"/><!-- ϯ -->
<feat xlink:href="#pos_144" value="V"/><!-- ⲙⲉⲉⲩⲉ -->
<feat xlink:href="#pos_145" value="PTC"/><!-- ⲅⲁⲣ -->
<feat xlink:href="#pos_146" value="V"/><!-- ⲉⲣⲟⲩⲟⲉⲓϣ -->
<feat xlink:href="#pos_147" value="PREP"/><!-- ϩⲁⲧⲛ -->
<feat xlink:href="#pos_148" value="PPERO"/><!-- ⲧⲏⲩⲧⲛ -->
<feat xlink:href="#pos_149" value="ACOND"/><!-- ⲉⲣϣⲁⲛ -->
<feat xlink:href="#pos_150" value="ART"/><!-- ⲡ -->
<feat xlink:href="#pos_151" value="N"/><!-- ϫⲟⲉⲓⲥ -->
<feat xlink:href="#pos_152" value="V"/><!-- ⲟⲩⲉϩⲥⲁϩⲛⲉ -->
<feat xlink:href="#pos_153" value="PUNCT"/><!-- . -->
<feat xlink:href="#pos_154" value="PPERS"/><!-- ϯ -->
<feat xlink:href="#pos_155" value="VSTAT"/><!-- ϭⲉⲉⲧ -->
<feat xlink:href="#pos_156" value="PTC"/><!-- ⲇⲉ -->
<feat xlink:href="#pos_157" value="PREP"/><!-- ϩⲛ -->
<feat xlink:href="#pos_158" value="NPROP"/><!-- ⲉⲫⲉⲥⲟⲥ -->
<feat xlink:href="#pos_159" value="PREP"/><!-- ϣⲁ -->
<feat xlink:href="#pos_160" value="N"/><!-- ⲧⲡⲉⲛⲧⲏⲕⲟⲥⲧⲏ -->
<feat xlink:href="#pos_161" value="PUNCT"/><!-- . -->
<feat xlink:href="#pos_162" value="NPROP"/><!-- ⲁⲩⲛⲟϭ -->
<feat xlink:href="#pos_163" value="PTC"/><!-- ⲅⲁⲣ -->
<feat xlink:href="#pos_164" value="ART"/><!-- ⲛ -->
<feat xlink:href="#pos_165" value="N"/><!-- ⲣⲟ -->
<feat xlink:href="#pos_166" value="V"/><!-- ⲟⲩⲱ -->
<feat xlink:href="#pos_167" value="PREP"/><!-- ⲛ -->
<feat xlink:href="#pos_168" value="PDEM"/><!-- ⲛⲁⲓ -->
<feat xlink:href="#pos_169" value="PUNCT"/><!-- . -->
<feat xlink:href="#pos_170" value="CCIRC"/><!-- ⲉ -->
<feat xlink:href="#pos_171" value="PPERS"/><!-- ϥ -->
<feat xlink:href="#pos_172" value="V"/><!-- ⲉⲛⲉⲣⲅⲉⲓ -->
<feat xlink:href="#pos_173" value="PUNCT"/><!-- . -->
<feat xlink:href="#pos_174" value="CONJ"/><!-- ⲁⲩⲱ -->
<feat xlink:href="#pos_175" value="N"/><!-- ϩⲁϩ -->
<feat xlink:href="#pos_176" value="PREP"/><!-- ⲛ -->
<feat xlink:href="#pos_177" value="N"/><!-- ⲁⲛⲧⲓⲕⲓⲙⲉⲛⲟⲥ -->
<feat xlink:href="#pos_178" value="PUNCT"/><!-- . -->
<feat xlink:href="#pos_179" value="ACOND"/><!-- ⲉⲣϣⲁⲛ -->
<feat xlink:href="#pos_180" value="NPROP"/><!-- ⲧⲓⲙⲟⲑⲉⲟⲥ -->
<feat xlink:href="#pos_181" value="PTC"/><!-- ⲇⲉ -->
<feat xlink:href="#pos_182" value="CCIRC"/><!-- ⲉ -->
<feat xlink:href="#pos_183" value="PPERS"/><!-- ⲓ -->
<feat xlink:href="#pos_184" value="V"/><!-- ϯϩⲧⲏ -->
<feat xlink:href="#pos_185" value="PPERO"/><!-- ⲧⲛ -->
<feat xlink:href="#pos_186" value="CONJ"/><!-- ϫⲉ -->
<feat xlink:href="#pos_187" value="AOPT_PPERS"/><!-- ⲉϥⲉ -->
<feat xlink:href="#pos_188" value="V"/><!-- ϣⲱⲡⲉ -->
<feat xlink:href="#pos_189" value="PREP"/><!-- ⲁϫⲛ -->
<feat xlink:href="#pos_190" value="N"/><!-- ϩⲟⲧⲉ -->
<feat xlink:href="#pos_191" value="PREP"/><!-- ϩⲁⲧⲛ -->
<feat xlink:href="#pos_192" value="PPERO"/><!-- ⲧⲏⲩⲧⲛ -->
<feat xlink:href="#pos_193" value="PUNCT"/><!-- . -->
<feat xlink:href="#pos_194" value="ART"/><!-- ⲡ -->
<feat xlink:href="#pos_195" value="N"/><!-- ϩⲱⲃ -->
<feat xlink:href="#pos_196" value="PTC"/><!-- ⲅⲁⲣ -->
<feat xlink:href="#pos_197" value="PREP"/><!-- ⲙ -->
<feat xlink:href="#pos_198" value="ART"/><!-- ⲡ -->
<feat xlink:href="#pos_199" value="N"/><!-- ϫⲟⲉⲓⲥ -->
<feat xlink:href="#pos_200" value="V"/><!-- ⲡⲉⲧϥⲣϩⲱⲃ -->
<feat xlink:href="#pos_201" value="PREP"/><!-- ⲉⲣⲟ -->
<feat xlink:href="#pos_202" value="PPERO"/><!-- ϥ -->
<feat xlink:href="#pos_203" value="PREP"/><!-- ⲛ -->
<feat xlink:href="#pos_204" value="PPOS"/><!-- ⲧⲁ -->
<feat xlink:href="#pos_205" value="N"/><!-- ϩⲉ -->
<feat xlink:href="#pos_206" value="PUNCT"/><!-- . -->
<feat xlink:href="#pos_207" value="ANEGJUS"/><!-- ⲙⲡⲣⲧⲣⲉ -->
<feat xlink:href="#pos_208" value="N"/><!-- ⲗⲁⲁⲩ -->
<feat xlink:href="#pos_209" value="ART"/><!-- ϭⲉ -->
<feat xlink:href="#pos_210" value="PPERS"/><!-- ⲥ -->
<feat xlink:href="#pos_211" value="V"/><!-- ⲟϣϥ -->
<feat xlink:href="#pos_212" value="PUNCT"/><!-- . -->
<feat xlink:href="#pos_213" value="N"/><!-- ⲙⲁⲑⲡⲟϥ -->
<feat xlink:href="#pos_214" value="PTC"/><!-- ⲇⲉ -->
<feat xlink:href="#pos_215" value="PREP"/><!-- ϩⲛ -->
<feat xlink:href="#pos_216" value="ART"/><!-- ⲟⲩ -->
<feat xlink:href="#pos_217" value="N"/><!-- ⲉⲓⲣⲏⲛⲏ -->
<feat xlink:href="#pos_218" value="CONJ"/><!-- ϫⲉ -->
<feat xlink:href="#pos_219" value="AOPT_PPERS"/><!-- ⲉϥⲉ -->
<feat xlink:href="#pos_220" value="V"/><!-- ⲉⲓ -->
<feat xlink:href="#pos_221" value="PREP"/><!-- ϣⲁⲣⲟ -->
<feat xlink:href="#pos_222" value="PPERO"/><!-- ⲓ -->
<feat xlink:href="#pos_223" value="PUNCT"/><!-- . -->
<feat xlink:href="#pos_224" value="PPERS"/><!-- ϯ -->
<feat xlink:href="#pos_225" value="V"/><!-- ϭⲱϣⲧ -->
<feat xlink:href="#pos_226" value="PTC"/><!-- ⲅⲁⲣ -->
<feat xlink:href="#pos_227" value="ADV"/><!-- ⲉⲃⲟⲗ -->
<feat xlink:href="#pos_228" value="N"/><!-- ϩⲏⲧϥ -->
<feat xlink:href="#pos_229" value="PREP"/><!-- ⲙⲛ -->
<feat xlink:href="#pos_230" value="CPRET"/><!-- ⲛⲉ -->
<feat xlink:href="#pos_231" value="PPERS"/><!-- ⲥ -->
<feat xlink:href="#pos_232" value="VSTAT"/><!-- ⲛⲏⲩ -->
<feat xlink:href="#pos_233" value="PUNCT"/><!-- . -->
<feat xlink:href="#pos_234" value="PREP"/><!-- ⲉⲧⲃⲉ -->
<feat xlink:href="#pos_235" value="NPROP"/><!-- ⲁⲡⲟⲗⲗⲱ -->
<feat xlink:href="#pos_236" value="PTC"/><!-- ⲇⲉ -->
<feat xlink:href="#pos_237" value="ART"/><!-- ⲡ -->
<feat xlink:href="#pos_238" value="N"/><!-- ⲥⲟⲛ -->
<feat xlink:href="#pos_239" value="APST"/><!-- ⲁ -->
<feat xlink:href="#pos_240" value="PPERS"/><!-- ⲓ -->
<feat xlink:href="#pos_241" value="V"/><!-- ⲡⲁⲣⲁⲕⲁⲗⲉⲓ -->
<feat xlink:href="#pos_242" value="PREP"/><!-- ⲙⲙⲟ -->
<feat xlink:href="#pos_243" value="PPERO"/><!-- ϥ -->
<feat xlink:href="#pos_244" value="ADV"/><!-- ⲉⲙⲁⲧⲉ -->
<feat xlink:href="#pos_245" value="CONJ"/><!-- ϫⲉ -->
<feat xlink:href="#pos_246" value="AOPT_PPERS"/><!-- ⲉϥⲉ -->
<feat xlink:href="#pos_247" value="V"/><!-- ⲉⲓ -->
<feat xlink:href="#pos_248" value="PREP"/><!-- ϣⲁⲣⲱ -->
<feat xlink:href="#pos_249" value="PPERO"/><!-- ⲧⲛ -->
<feat xlink:href="#pos_250" value="PUNCT"/><!-- . -->
<feat xlink:href="#pos_251" value="CONJ"/><!-- ⲁⲩⲱ -->
<feat xlink:href="#pos_252" value="ADV"/><!-- ⲙⲉϣⲁⲕ -->
<feat xlink:href="#pos_253" value="N"/><!-- ⲙⲡⲧⲱϣ -->
<feat xlink:href="#pos_254" value="NEG"/><!-- ⲁⲛ -->
<feat xlink:href="#pos_255" value="COP"/><!-- ⲡⲉ -->
<feat xlink:href="#pos_256" value="PREP"/><!-- ⲉ -->
<feat xlink:href="#pos_257" value="ACAUS"/><!-- ⲧⲣⲉ -->
<feat xlink:href="#pos_258" value="PPERS"/><!-- ϥ -->
<feat xlink:href="#pos_259" value="V"/><!-- ⲉⲓ -->
<feat xlink:href="#pos_260" value="ADV"/><!-- ⲧⲉⲛⲟⲩ -->
<feat xlink:href="#pos_261" value="PUNCT"/><!-- . -->
<feat xlink:href="#pos_262" value="PPERS"/><!-- ϥ -->
<feat xlink:href="#pos_263" value="VSTAT"/><!-- ⲛⲏⲩ -->
<feat xlink:href="#pos_264" value="PTC"/><!-- ⲇⲉ -->
<feat xlink:href="#pos_265" value="ACOND_PPERS"/><!-- ⲉϥϣⲁⲛ -->
<feat xlink:href="#pos_266" value="N"/><!-- ϩⲉ -->
<feat xlink:href="#pos_267" value="PREP"/><!-- ⲉ -->
<feat xlink:href="#pos_268" value="ART"/><!-- ⲡ -->
<feat xlink:href="#pos_269" value="N"/><!-- ⲟⲩⲟⲉⲓϣ -->
<feat xlink:href="#pos_270" value="PUNCT"/><!-- . -->
<feat xlink:href="#pos_271" value="V"/><!-- ⲣⲟⲉⲓⲥ -->
<feat xlink:href="#pos_272" value="V"/><!-- ⲁϩⲉⲣⲁⲧ -->
<feat xlink:href="#pos_273" value="PPERO"/><!-- ⲧⲏⲩⲧⲛ -->
<feat xlink:href="#pos_274" value="PREP"/><!-- ϩⲛ -->
<feat xlink:href="#pos_275" value="ART"/><!-- ⲧ -->
<feat xlink:href="#pos_276" value="N"/><!-- ⲡⲓⲥⲧⲓⲥ -->
<feat xlink:href="#pos_277" value="PUNCT"/><!-- . -->
<feat xlink:href="#pos_278" value="V"/><!-- ϫⲣⲟ -->
<feat xlink:href="#pos_279" value="PPERI"/><!-- ⲛⲧⲉⲧⲛ -->
<feat xlink:href="#pos_280" value="V"/><!-- ϭⲙϭⲟⲙ -->
<feat xlink:href="#pos_281" value="PUNCT"/><!-- . -->
<feat xlink:href="#pos_282" value="PPOS"/><!-- ⲛⲉⲧⲛ -->
<feat xlink:href="#pos_283" value="N"/><!-- ϩⲃⲏⲩⲉ -->
<feat xlink:href="#pos_284" value="IMOD"/><!-- ⲧⲏⲣ -->
<feat xlink:href="#pos_285" value="ART"/><!-- ⲟⲩ -->
<feat xlink:href="#pos_286" value="N"/><!-- ⲙⲁⲣⲟⲩϣⲱⲡⲉ -->
<feat xlink:href="#pos_287" value="PREP"/><!-- ϩⲛ -->
<feat xlink:href="#pos_288" value="ART"/><!-- ⲟⲩ -->
<feat xlink:href="#pos_289" value="N"/><!-- ⲁⲅⲁⲡⲏ -->
<feat xlink:href="#pos_290" value="PUNCT"/><!-- . -->
<feat xlink:href="#pos_291" value="PPERS"/><!-- ϯ -->
<feat xlink:href="#pos_292" value="V"/><!-- ⲡⲁⲣⲁⲕⲁⲗⲉⲓ -->
<feat xlink:href="#pos_293" value="PTC"/><!-- ⲇⲉ -->
<feat xlink:href="#pos_294" value="PREP"/><!-- ⲙⲙⲱ -->
<feat xlink:href="#pos_295" value="PPERO"/><!-- ⲧⲛ -->
<feat xlink:href="#pos_296" value="PREP"/><!-- ⲛⲁ -->
<feat xlink:href="#pos_297" value="N"/><!-- ⲥⲛⲏⲩ -->
<feat xlink:href="#pos_298" value="PPERS"/><!-- ⲧⲉⲧⲛ -->
<feat xlink:href="#pos_299" value="V"/><!-- ⲥⲟⲟⲩⲛ -->
<feat xlink:href="#pos_300" value="PREP"/><!-- ⲙ -->
<feat xlink:href="#pos_301" value="ART"/><!-- ⲡ -->
<feat xlink:href="#pos_302" value="N"/><!-- ⲏⲉⲓ -->
<feat xlink:href="#pos_303" value="N"/><!-- ⲛⲥⲧⲉⲫⲁⲛⲁ -->
<feat xlink:href="#pos_304" value="CONJ"/><!-- ϫⲉ -->
<feat xlink:href="#pos_305" value="ART"/><!-- ⲡ -->
<feat xlink:href="#pos_306" value="N"/><!-- ϣⲟⲣⲡ -->
<feat xlink:href="#pos_307" value="COP"/><!-- ⲡⲉ -->
<feat xlink:href="#pos_308" value="PREP"/><!-- ϩⲛ -->
<feat xlink:href="#pos_309" value="N"/><!-- ⲧⲁⲭⲁⲓⲁ -->
<feat xlink:href="#pos_310" value="PUNCT"/><!-- . -->
<feat xlink:href="#pos_311" value="CONJ"/><!-- ⲁⲩⲱ -->
<feat xlink:href="#pos_312" value="APST"/><!-- ⲁ -->
<feat xlink:href="#pos_313" value="PPERS"/><!-- ⲩ -->
<feat xlink:href="#pos_314" value="V"/><!-- ⲕⲁⲁ -->
<feat xlink:href="#pos_315" value="PPERO"/><!-- ⲩ -->
<feat xlink:href="#pos_316" value="ADV"/><!-- ⲉϩⲣⲁⲓ -->
<feat xlink:href="#pos_317" value="PREP"/><!-- ⲉ -->
<feat xlink:href="#pos_318" value="ART"/><!-- ⲧ -->
<feat xlink:href="#pos_319" value="N"/><!-- ⲇⲓⲁⲕⲟⲛⲓⲁ -->
<feat xlink:href="#pos_320" value="PREP"/><!-- ⲛ -->
<feat xlink:href="#pos_321" value="ART"/><!-- ⲛ -->
<feat xlink:href="#pos_322" value="CREL"/><!-- ⲉⲧ -->
<feat xlink:href="#pos_323" value="VSTAT"/><!-- ⲟⲩⲁⲁⲃ -->
<feat xlink:href="#pos_324" value="PUNCT"/><!-- . -->
<feat xlink:href="#pos_325" value="CONJ"/><!-- ϫⲉⲕⲁⲁⲥ -->
<feat xlink:href="#pos_326" value="V"/><!-- ϩⲱⲧ -->
<feat xlink:href="#pos_327" value="PPERO"/><!-- ⲧⲏⲩⲧⲛ -->
<feat xlink:href="#pos_328" value="N"/><!-- ⲉⲧⲉⲧⲛⲉ -->
<feat xlink:href="#pos_329" value="V"/><!-- ϩⲩⲡⲟⲧⲁⲥⲥⲉ -->
<feat xlink:href="#pos_330" value="PREP"/><!-- ⲛ -->
<feat xlink:href="#pos_331" value="PDEM"/><!-- ⲛⲁⲓ -->
<feat xlink:href="#pos_332" value="N"/><!-- ⲛⲧⲉⲉⲓⲙⲓⲛⲉ -->
<feat xlink:href="#pos_333" value="PUNCT"/><!-- . -->
<feat xlink:href="#pos_334" value="PREP"/><!-- ⲙⲛ -->
<feat xlink:href="#pos_335" value="N"/><!-- ⲟⲩⲟⲛ -->
<feat xlink:href="#pos_336" value="PINT"/><!-- ⲛⲓⲙ -->
<feat xlink:href="#pos_337" value="CREL"/><!-- ⲉⲧ -->
<feat xlink:href="#pos_338" value="VSTAT"/><!-- ⲟ -->
<feat xlink:href="#pos_339" value="PREP"/><!-- ⲛ -->
<feat xlink:href="#pos_340" value="N"/><!-- ϣⲃⲣⲣϩⲱⲃ -->
<feat xlink:href="#pos_341" value="PUNCT"/><!-- . -->
<feat xlink:href="#pos_342" value="CONJ"/><!-- ⲁⲩⲱ -->
<feat xlink:href="#pos_343" value="CREL"/><!-- ⲉⲧ -->
<feat xlink:href="#pos_344" value="VSTAT"/><!-- ϩⲟⲥⲉ -->
<feat xlink:href="#pos_345" value="PUNCT"/><!-- . -->
<feat xlink:href="#pos_346" value="PPERS"/><!-- ϯ -->
<feat xlink:href="#pos_347" value="V"/><!-- ⲣⲁϣⲉ -->
<feat xlink:href="#pos_348" value="PTC"/><!-- ⲇⲉ -->
<feat xlink:href="#pos_349" value="PREP"/><!-- ⲉϫⲛ -->
<feat xlink:href="#pos_350" value="N"/><!-- ⲧⲡⲁⲣϩⲟⲩⲥⲓⲁ -->
<feat xlink:href="#pos_351" value="V"/><!-- ⲛⲥⲧⲉⲫⲁⲛⲁ -->
<feat xlink:href="#pos_352" value="PREP"/><!-- ⲙⲛ -->
<feat xlink:href="#pos_353" value="N"/><!-- ⲫⲟⲣⲧⲟⲩⲛⲁⲧⲟⲥ -->
<feat xlink:href="#pos_354" value="PREP"/><!-- ⲙⲛ -->
<feat xlink:href="#pos_355" value="N"/><!-- ⲁⲭⲁⲓⲕⲟⲥ -->
<feat xlink:href="#pos_356" value="CONJ"/><!-- ϫⲉ -->
<feat xlink:href="#pos_357" value="PDEM"/><!-- ⲛⲁⲓ -->
<feat xlink:href="#pos_358" value="ART"/><!-- ⲛ -->
<feat xlink:href="#pos_359" value="CREL"/><!-- ⲉⲛⲧ -->
<feat xlink:href="#pos_360" value="APST"/><!-- ⲁ -->
<feat xlink:href="#pos_361" value="PPERS"/><!-- ⲩ -->
<feat xlink:href="#pos_362" value="V"/><!-- ϫⲉⲕ -->
<feat xlink:href="#pos_363" value="N"/><!-- ⲡⲉⲧⲛϣⲱⲱⲧ -->
<feat xlink:href="#pos_364" value="ADV"/><!-- ⲉⲃⲟⲗ -->
<feat xlink:href="#pos_365" value="PUNCT"/><!-- . -->
<feat xlink:href="#pos_366" value="APST"/><!-- ⲁ -->
<feat xlink:href="#pos_367" value="PPERS"/><!-- ⲩ -->
<feat xlink:href="#pos_368" value="V"/><!-- ϯ -->
<feat xlink:href="#pos_369" value="V"/><!-- ⲙⲧⲟⲛ -->
<feat xlink:href="#pos_370" value="PTC"/><!-- ⲅⲁⲣ -->
<feat xlink:href="#pos_371" value="PREP"/><!-- ⲙ -->
<feat xlink:href="#pos_372" value="PPOS"/><!-- ⲡⲁ -->
<feat xlink:href="#pos_373" value="N"/><!-- ⲡⲛⲉⲩⲙⲁ -->
<feat xlink:href="#pos_374" value="PUNCT"/><!-- . -->
<feat xlink:href="#pos_375" value="PREP"/><!-- ⲙ -->
<feat xlink:href="#pos_376" value="N"/><!-- ⲛⲡⲱⲧⲛ -->
<feat xlink:href="#pos_377" value="PUNCT"/><!-- . -->
<feat xlink:href="#pos_378" value="NPROP"/><!-- ⲥⲟⲩⲛⲛⲁⲓ -->
<feat xlink:href="#pos_379" value="ART"/><!-- ϭⲉ -->
<feat xlink:href="#pos_380" value="N"/><!-- ⲛⲧⲉⲉⲓⲙⲓⲛⲉ -->
<feat xlink:href="#pos_381" value="PUNCT"/><!-- . -->
<feat xlink:href="#pos_382" value="PPERS"/><!-- ⲥⲉ -->
<feat xlink:href="#pos_383" value="V"/><!-- ϣⲓⲛⲉ -->
<feat xlink:href="#pos_384" value="PREP"/><!-- ⲉⲣⲱ -->
<feat xlink:href="#pos_385" value="PPERO"/><!-- ⲧⲛ -->
<feat xlink:href="#pos_386" value="PTC"/><!-- ⲛϭⲓ -->
<feat xlink:href="#pos_387" value="ART"/><!-- ⲛ -->
<feat xlink:href="#pos_388" value="N"/><!-- ⲉⲕⲕⲗⲏⲥⲓⲁ -->
<feat xlink:href="#pos_389" value="N"/><!-- ⲛⲧⲁⲥⲓⲁ -->
<feat xlink:href="#pos_390" value="PUNCT"/><!-- . -->
<feat xlink:href="#pos_391" value="PPERS"/><!-- ⲥⲉ -->
<feat xlink:href="#pos_392" value="V"/><!-- ϣⲓⲛⲉ -->
<feat xlink:href="#pos_393" value="PREP"/><!-- ⲉⲣⲱ -->
<feat xlink:href="#pos_394" value="PPERO"/><!-- ⲧⲛ -->
<feat xlink:href="#pos_395" value="ADV"/><!-- ⲉⲙⲁⲧⲉ -->
<feat xlink:href="#pos_396" value="PREP"/><!-- ϩⲙ -->
<feat xlink:href="#pos_397" value="ART"/><!-- ⲡ -->
<feat xlink:href="#pos_398" value="N"/><!-- ϫⲟⲉⲓⲥ -->
<feat xlink:href="#pos_399" value="PTC"/><!-- ⲛϭⲓ -->
<feat xlink:href="#pos_400" value="N"/><!-- ⲁⲕⲩⲗⲁ -->
<feat xlink:href="#pos_401" value="PREP"/><!-- ⲙⲛ -->
<feat xlink:href="#pos_402" value="N"/><!-- ⲡⲣⲓⲥⲕⲁ -->
<feat xlink:href="#pos_403" value="PREP"/><!-- ⲙⲛ -->
<feat xlink:href="#pos_404" value="ART"/><!-- ⲧ -->
<feat xlink:href="#pos_405" value="N"/><!-- ⲥⲟⲟⲩϩⲥ -->
<feat xlink:href="#pos_406" value="CREL"/><!-- ⲉⲧ -->
<feat xlink:href="#pos_407" value="PREP"/><!-- ϩⲙ -->
<feat xlink:href="#pos_408" value="PPOS"/><!-- ⲡⲉⲩ -->
<feat xlink:href="#pos_409" value="N"/><!-- ⲏⲉⲓ -->
<feat xlink:href="#pos_410" value="PUNCT"/><!-- . -->
<feat xlink:href="#pos_411" value="PPERS"/><!-- ⲥⲉ -->
<feat xlink:href="#pos_412" value="V"/><!-- ϣⲓⲛⲉ -->
<feat xlink:href="#pos_413" value="PREP"/><!-- ⲉⲣⲱ -->
<feat xlink:href="#pos_414" value="PPERO"/><!-- ⲧⲛ -->
<feat xlink:href="#pos_415" value="PTC"/><!-- ⲛϭⲓ -->
<feat xlink:href="#pos_416" value="CPRET"/><!-- ⲛⲉ -->
<feat xlink:href="#pos_417" value="PPERS"/><!-- ⲥ -->
<feat xlink:href="#pos_418" value="VSTAT"/><!-- ⲛⲏⲩ -->
<feat xlink:href="#pos_419" value="IMOD"/><!-- ⲧⲏⲣ -->
<feat xlink:href="#pos_420" value="PPERO"/><!-- ⲟⲩ -->
<feat xlink:href="#pos_421" value="PUNCT"/><!-- . -->
<feat xlink:href="#pos_422" value="V"/><!-- ⲁⲥⲡⲁⲍⲉ -->
<feat xlink:href="#pos_423" value="PREP"/><!-- ⲛ -->
<feat xlink:href="#pos_424" value="PPOS"/><!-- ⲛⲉⲧⲛ -->
<feat xlink:href="#pos_425" value="N"/><!-- ⲉⲣⲏⲩ -->
<feat xlink:href="#pos_426" value="PREP"/><!-- ϩⲛ -->
<feat xlink:href="#pos_427" value="N"/><!-- ⲟⲩⲡⲓ -->
<feat xlink:href="#pos_428" value="CCIRC"/><!-- ⲉ -->
<feat xlink:href="#pos_429" value="PPERS"/><!-- ⲥ -->
<feat xlink:href="#pos_430" value="VSTAT"/><!-- ⲟⲩⲁⲁⲃ -->
<feat xlink:href="#pos_431" value="PUNCT"/><!-- . -->
<feat xlink:href="#pos_432" value="NPROP"/><!-- ⲡⲁⲥⲡⲁⲥⲙⲟⲥ -->
<feat xlink:href="#pos_433" value="V"/><!-- ⲉⲛⲧⲁⲓⲥϩⲁⲉⲓϥ -->
<feat xlink:href="#pos_434" value="PREP"/><!-- ⲛ -->
<feat xlink:href="#pos_435" value="PPOS"/><!-- ⲧⲁ -->
<feat xlink:href="#pos_436" value="N"/><!-- ϭⲓϫ -->
<feat xlink:href="#pos_437" value="NPROP"/><!-- ⲡⲁⲩⲗⲟⲥ -->
<feat xlink:href="#pos_438" value="PUNCT"/><!-- . -->
<feat xlink:href="#pos_439" value="V"/><!-- ⲡⲉⲧⲉⲛϥⲙⲉ -->
<feat xlink:href="#pos_440" value="NEG"/><!-- ⲁⲛ -->
<feat xlink:href="#pos_441" value="PREP"/><!-- ⲙ -->
<feat xlink:href="#pos_442" value="PPOS"/><!-- ⲡⲉⲛ -->
<feat xlink:href="#pos_443" value="N"/><!-- ϫⲟⲉⲓⲥ -->
<feat xlink:href="#pos_444" value="AJUS"/><!-- ⲙⲁⲣⲉ -->
<feat xlink:href="#pos_445" value="PPERS"/><!-- ϥ -->
<feat xlink:href="#pos_446" value="V"/><!-- ϣⲱⲡⲉ -->
<feat xlink:href="#pos_447" value="PREP"/><!-- ⲛ -->
<feat xlink:href="#pos_448" value="N"/><!-- ⲁⲛⲁⲑⲉⲙⲁ -->
<feat xlink:href="#pos_449" value="NPROP"/><!-- ⲙⲁⲣⲁⲛⲁⲑⲁ -->
<feat xlink:href="#pos_450" value="PUNCT"/><!-- . -->
<feat xlink:href="#pos_451" value="ART"/><!-- ⲧⲉ -->
<feat xlink:href="#pos_452" value="N"/><!-- ⲭⲁⲣⲓⲥ -->
<feat xlink:href="#pos_453" value="PREP"/><!-- ⲙ -->
<feat xlink:href="#pos_454" value="PPOS"/><!-- ⲡⲉⲛ -->
<feat xlink:href="#pos_455" value="N"/><!-- ϫⲟⲉⲓⲥ -->
<feat xlink:href="#pos_456" value="NPROP"/><!-- ⲓⲏⲥⲟⲩⲥ -->
<feat xlink:href="#pos_457" value="PREP"/><!-- ⲛⲙⲙⲏ -->
<feat xlink:href="#pos_458" value="PPERO"/><!-- ⲧⲛ -->
<feat xlink:href="#pos_459" value="PUNCT"/><!-- . -->
<feat xlink:href="#pos_460" value="PPOS"/><!-- ⲧⲁ -->
<feat xlink:href="#pos_461" value="N"/><!-- ⲁⲅⲁⲡⲏ -->
<feat xlink:href="#pos_462" value="PREP"/><!-- ⲛⲙⲙⲏ -->
<feat xlink:href="#pos_463" value="PPERO"/><!-- ⲧⲛ -->
<feat xlink:href="#pos_464" value="IMOD"/><!-- ⲧⲏⲣ -->
<feat xlink:href="#pos_465" value="PPERO"/><!-- ⲧⲛ -->
<feat xlink:href="#pos_466" value="PREP"/><!-- ϩⲙ -->
<feat xlink:href="#pos_467" value="ART"/><!-- ⲡⲉ -->
<feat xlink:href="#pos_468" value="N"/><!-- ⲭⲣⲓⲥⲧⲟⲥ -->
<feat xlink:href="#pos_469" value="NPROP"/><!-- ⲓⲏⲥⲟⲩⲥ -->
</featList>
</paula>
