<?xml version="1.0" encoding="UTF-8" standalone="no"?>

<!DOCTYPE paula SYSTEM "paula_feat.dtd">
<paula version="1.0">

<header paula_id="sahidica.nt.1_Corinthians_9_pos"/>

<featList xmlns:xlink="http://www.w3.org/1999/xlink" type="pos" xml:base="sahidica.nt.1_Corinthians_9.posSeg.xml">
<feat xlink:href="#pos_1" value="CONJ"/><!-- ⲙⲏ -->
<feat xlink:href="#pos_2" value="PPERI"/><!-- ⲁⲛⲅ -->
<feat xlink:href="#pos_3" value="ART"/><!-- ⲟⲩ -->
<feat xlink:href="#pos_4" value="N"/><!-- ⲣⲙϩⲉ -->
<feat xlink:href="#pos_5" value="NEG"/><!-- ⲁⲛ -->
<feat xlink:href="#pos_6" value="CONJ"/><!-- ⲙⲏ -->
<feat xlink:href="#pos_7" value="PPERI"/><!-- ⲁⲛⲅ -->
<feat xlink:href="#pos_8" value="ART"/><!-- ⲟⲩ -->
<feat xlink:href="#pos_9" value="N"/><!-- ⲁⲡⲟⲥⲧⲟⲗⲟⲥ -->
<feat xlink:href="#pos_10" value="NEG"/><!-- ⲁⲛ -->
<feat xlink:href="#pos_11" value="CONJ"/><!-- ⲙⲏ -->
<feat xlink:href="#pos_12" value="PREP"/><!-- ⲙ -->
<feat xlink:href="#pos_13" value="PDEM"/><!-- ⲡⲓ -->
<feat xlink:href="#pos_14" value="N"/><!-- ⲛⲁⲩ -->
<feat xlink:href="#pos_15" value="PREP"/><!-- ⲉ -->
<feat xlink:href="#pos_16" value="NPROP"/><!-- ⲓⲏⲥⲟⲩⲥ -->
<feat xlink:href="#pos_17" value="PPOS"/><!-- ⲡⲉⲛ -->
<feat xlink:href="#pos_18" value="N"/><!-- ϫⲟⲉⲓⲥ -->
<feat xlink:href="#pos_19" value="CONJ"/><!-- ⲙⲏ -->
<feat xlink:href="#pos_20" value="PPERI"/><!-- ⲛⲧⲱⲧⲛ -->
<feat xlink:href="#pos_21" value="NEG"/><!-- ⲁⲛ -->
<feat xlink:href="#pos_22" value="COP"/><!-- ⲡⲉ -->
<feat xlink:href="#pos_23" value="PPOS"/><!-- ⲡⲁ -->
<feat xlink:href="#pos_24" value="N"/><!-- ϩⲱⲃ -->
<feat xlink:href="#pos_25" value="PREP"/><!-- ϩⲙ -->
<feat xlink:href="#pos_26" value="ART"/><!-- ⲡ -->
<feat xlink:href="#pos_27" value="N"/><!-- ϫⲟⲉⲓⲥ -->
<feat xlink:href="#pos_28" value="PUNCT"/><!-- . -->
<feat xlink:href="#pos_29" value="CONJ"/><!-- ⲉϣϫⲉ -->
<feat xlink:href="#pos_30" value="PPERI"/><!-- ⲁⲛⲅ -->
<feat xlink:href="#pos_31" value="ART"/><!-- ⲟⲩ -->
<feat xlink:href="#pos_32" value="N"/><!-- ⲁⲡⲟⲥⲧⲟⲗⲟⲥ -->
<feat xlink:href="#pos_33" value="NEG"/><!-- ⲁⲛ -->
<feat xlink:href="#pos_34" value="PREP"/><!-- ⲛ -->
<feat xlink:href="#pos_35" value="ART"/><!-- ϩⲉⲛ -->
<feat xlink:href="#pos_36" value="N"/><!-- ⲕⲟⲟⲩⲉ -->
<feat xlink:href="#pos_37" value="PUNCT"/><!-- . -->
<feat xlink:href="#pos_38" value="CONJ"/><!-- ⲁⲗⲗⲁ -->
<feat xlink:href="#pos_39" value="PPERI"/><!-- ⲁⲛⲅ -->
<feat xlink:href="#pos_40" value="NUM"/><!-- ⲟⲩⲁ -->
<feat xlink:href="#pos_41" value="PREP"/><!-- ⲛⲏ -->
<feat xlink:href="#pos_42" value="PPERO"/><!-- ⲧⲛ -->
<feat xlink:href="#pos_43" value="PUNCT"/><!-- . -->
<feat xlink:href="#pos_44" value="NPROP"/><!-- ⲧⲉⲥⲫⲣⲁⲅⲓⲥ -->
<feat xlink:href="#pos_45" value="PTC"/><!-- ⲅⲁⲣ -->
<feat xlink:href="#pos_46" value="NPROP"/><!-- ⲛⲧⲁⲙⲛⲧⲁⲡⲟⲥⲧⲟⲗⲟⲥ -->
<feat xlink:href="#pos_47" value="PPERI"/><!-- ⲛⲧⲱⲧⲛ -->
<feat xlink:href="#pos_48" value="COP"/><!-- ⲡⲉ -->
<feat xlink:href="#pos_49" value="PREP"/><!-- ϩⲙ -->
<feat xlink:href="#pos_50" value="ART"/><!-- ⲡ -->
<feat xlink:href="#pos_51" value="N"/><!-- ϫⲟⲉⲓⲥ -->
<feat xlink:href="#pos_52" value="PUNCT"/><!-- . -->
<feat xlink:href="#pos_53" value="PDEM"/><!-- ⲧⲁⲓ -->
<feat xlink:href="#pos_54" value="COP"/><!-- ⲧⲉ -->
<feat xlink:href="#pos_55" value="PPOS"/><!-- ⲧⲁ -->
<feat xlink:href="#pos_56" value="N"/><!-- ⲁⲡⲟⲗⲟⲅⲓⲁ -->
<feat xlink:href="#pos_57" value="PREP"/><!-- ⲛ -->
<feat xlink:href="#pos_58" value="ART"/><!-- ⲛ -->
<feat xlink:href="#pos_59" value="CREL"/><!-- ⲉⲧ -->
<feat xlink:href="#pos_60" value="V"/><!-- ⲁⲛⲁⲕⲣⲓⲛⲉ -->
<feat xlink:href="#pos_61" value="PREP"/><!-- ⲙⲙⲟ -->
<feat xlink:href="#pos_62" value="PPERO"/><!-- ⲓ -->
<feat xlink:href="#pos_63" value="PUNCT"/><!-- . -->
<feat xlink:href="#pos_64" value="CONJ"/><!-- ⲙⲏ -->
<feat xlink:href="#pos_65" value="EXIST"/><!-- ⲙⲛⲧⲁ -->
<feat xlink:href="#pos_66" value="PREP"/><!-- ⲛ -->
<feat xlink:href="#pos_67" value="ART"/><!-- ⲧ -->
<feat xlink:href="#pos_68" value="N"/><!-- ⲉⲝⲟⲩⲥⲓⲁ -->
<feat xlink:href="#pos_69" value="PREP"/><!-- ⲛ -->
<feat xlink:href="#pos_70" value="V"/><!-- ⲟⲩⲱⲙ -->
<feat xlink:href="#pos_71" value="PREP"/><!-- ϩⲓ -->
<feat xlink:href="#pos_72" value="V"/><!-- ⲥⲱ -->
<feat xlink:href="#pos_73" value="PUNCT"/><!-- . -->
<feat xlink:href="#pos_74" value="CONJ"/><!-- ⲙⲏ -->
<feat xlink:href="#pos_75" value="EXIST"/><!-- ⲙⲛⲧⲁ -->
<feat xlink:href="#pos_76" value="PREP"/><!-- ⲛ -->
<feat xlink:href="#pos_77" value="ART"/><!-- ⲧ -->
<feat xlink:href="#pos_78" value="N"/><!-- ⲉⲝⲟⲩⲥⲓⲁ -->
<feat xlink:href="#pos_79" value="V"/><!-- ⲉⲧⲣⲉⲩⲥⲱⲛⲉ -->
<feat xlink:href="#pos_80" value="N"/><!-- ⲛⲥϩⲓ -->
<feat xlink:href="#pos_81" value="ANEGAOR"/><!-- ⲙⲉ -->
<feat xlink:href="#pos_82" value="V"/><!-- ⲟⲩⲁϩ -->
<feat xlink:href="#pos_83" value="PPERO"/><!-- ⲥ -->
<feat xlink:href="#pos_84" value="PREP"/><!-- ⲛⲥⲱ -->
<feat xlink:href="#pos_85" value="PPERO"/><!-- ⲛ -->
<feat xlink:href="#pos_86" value="PREP"/><!-- ⲛ -->
<feat xlink:href="#pos_87" value="ART"/><!-- ⲧ -->
<feat xlink:href="#pos_88" value="N"/><!-- ϩⲉ -->
<feat xlink:href="#pos_89" value="N"/><!-- ⲛⲛⲕⲉⲁⲡⲟⲥⲧⲟⲗⲟⲥ -->
<feat xlink:href="#pos_90" value="PREP"/><!-- ⲙⲛ -->
<feat xlink:href="#pos_91" value="CPRET"/><!-- ⲛⲉ -->
<feat xlink:href="#pos_92" value="PPERS"/><!-- ⲥ -->
<feat xlink:href="#pos_93" value="VSTAT"/><!-- ⲛⲏⲩ -->
<feat xlink:href="#pos_94" value="PREP"/><!-- ⲙ -->
<feat xlink:href="#pos_95" value="ART"/><!-- ⲡ -->
<feat xlink:href="#pos_96" value="N"/><!-- ϫⲟⲉⲓⲥ -->
<feat xlink:href="#pos_97" value="CONJ"/><!-- ⲁⲩⲱ -->
<feat xlink:href="#pos_98" value="NPROP"/><!-- ⲕⲏⲫⲁⲥ -->
<feat xlink:href="#pos_99" value="PUNCT"/><!-- . -->
<feat xlink:href="#pos_100" value="N"/><!-- ϫⲛ -->
<feat xlink:href="#pos_101" value="CONJ"/><!-- ⲙⲙⲟⲛ -->
<feat xlink:href="#pos_102" value="PPERI"/><!-- ⲁⲛⲟⲕ -->
<feat xlink:href="#pos_103" value="IMOD"/><!-- ⲙⲁⲩⲁⲁⲧ -->
<feat xlink:href="#pos_104" value="PREP"/><!-- ⲙⲛ -->
<feat xlink:href="#pos_105" value="N"/><!-- ⲃⲁⲣⲛⲁⲃⲁⲥ -->
<feat xlink:href="#pos_106" value="EXIST"/><!-- ⲙⲛⲧⲁ -->
<feat xlink:href="#pos_107" value="PREP"/><!-- ⲛ -->
<feat xlink:href="#pos_108" value="ART"/><!-- ⲧ -->
<feat xlink:href="#pos_109" value="N"/><!-- ⲉⲝⲟⲩⲥⲓⲁ -->
<feat xlink:href="#pos_110" value="ADV"/><!-- ⲙⲙⲁⲩ -->
<feat xlink:href="#pos_111" value="CCIRC"/><!-- ⲉ -->
<feat xlink:href="#pos_112" value="NEG"/><!-- ⲧⲙ -->
<feat xlink:href="#pos_113" value="V"/><!-- ⲣϩⲱⲃ -->
<feat xlink:href="#pos_114" value="PUNCT"/><!-- . -->
<feat xlink:href="#pos_115" value="PINT"/><!-- ⲛⲓⲙ -->
<feat xlink:href="#pos_116" value="ART"/><!-- ⲡⲉ -->
<feat xlink:href="#pos_117" value="N"/><!-- ⲉϣⲁϥⲣⲙⲁⲧⲟⲓ -->
<feat xlink:href="#pos_118" value="PREP"/><!-- ϩⲛ -->
<feat xlink:href="#pos_119" value="N"/><!-- ⲛⲉϥⲟⲯⲱⲛⲓⲟⲛ -->
<feat xlink:href="#pos_120" value="V"/><!-- ⲙⲙⲓⲛ -->
<feat xlink:href="#pos_121" value="PREP"/><!-- ⲙⲙⲟ -->
<feat xlink:href="#pos_122" value="PPERO"/><!-- ϥ -->
<feat xlink:href="#pos_123" value="ADV"/><!-- ⲉⲛⲉϩ -->
<feat xlink:href="#pos_124" value="PUNCT"/><!-- . -->
<feat xlink:href="#pos_125" value="PINT"/><!-- ⲛⲓⲙ -->
<feat xlink:href="#pos_126" value="N"/><!-- ⲡⲉϣⲁϥⲧⲱϭⲉ -->
<feat xlink:href="#pos_127" value="PREP"/><!-- ⲛ -->
<feat xlink:href="#pos_128" value="ART"/><!-- ⲟⲩ -->
<feat xlink:href="#pos_129" value="N"/><!-- ⲙⲁ -->
<feat xlink:href="#pos_130" value="PREP"/><!-- ⲛ -->
<feat xlink:href="#pos_131" value="N"/><!-- ⲉⲗⲟⲟⲗⲉ -->
<feat xlink:href="#pos_132" value="ACONJ"/><!-- ⲛ -->
<feat xlink:href="#pos_133" value="PPERS"/><!-- ϥ -->
<feat xlink:href="#pos_134" value="NEG"/><!-- ⲧⲙ -->
<feat xlink:href="#pos_135" value="V"/><!-- ⲟⲩⲱⲙ -->
<feat xlink:href="#pos_136" value="PREP"/><!-- ⲙ -->
<feat xlink:href="#pos_137" value="PPOS"/><!-- ⲡⲉϥ -->
<feat xlink:href="#pos_138" value="N"/><!-- ⲕⲁⲣⲡⲟⲥ -->
<feat xlink:href="#pos_139" value="PUNCT"/><!-- . -->
<feat xlink:href="#pos_140" value="PINT"/><!-- ⲛⲓⲙ -->
<feat xlink:href="#pos_141" value="N"/><!-- ⲡⲉϣⲁϥⲙⲟⲟⲛⲉ -->
<feat xlink:href="#pos_142" value="PREP"/><!-- ⲛ -->
<feat xlink:href="#pos_143" value="ART"/><!-- ⲟⲩ -->
<feat xlink:href="#pos_144" value="N"/><!-- ⲟϩⲉ -->
<feat xlink:href="#pos_145" value="ACONJ"/><!-- ⲛ -->
<feat xlink:href="#pos_146" value="PPERS"/><!-- ϥ -->
<feat xlink:href="#pos_147" value="NEG"/><!-- ⲧⲙ -->
<feat xlink:href="#pos_148" value="V"/><!-- ⲟⲩⲱⲙ -->
<feat xlink:href="#pos_149" value="PREP"/><!-- ⲙ -->
<feat xlink:href="#pos_150" value="PPOS"/><!-- ⲡⲉϥ -->
<feat xlink:href="#pos_151" value="N"/><!-- ⲉⲣⲱⲧⲉ -->
<feat xlink:href="#pos_152" value="PUNCT"/><!-- . -->
<feat xlink:href="#pos_153" value="CONJ"/><!-- ⲙⲏ -->
<feat xlink:href="#pos_154" value="PREP"/><!-- ⲕⲁⲧⲁ -->
<feat xlink:href="#pos_155" value="N"/><!-- ⲣⲱⲙⲉ -->
<feat xlink:href="#pos_156" value="CCIRC"/><!-- ⲉ -->
<feat xlink:href="#pos_157" value="PPERS"/><!-- ⲓ -->
<feat xlink:href="#pos_158" value="V"/><!-- ϫⲱ -->
<feat xlink:href="#pos_159" value="PREP"/><!-- ⲛ -->
<feat xlink:href="#pos_160" value="PDEM"/><!-- ⲛⲁⲓ -->
<feat xlink:href="#pos_161" value="PUNCT"/><!-- . -->
<feat xlink:href="#pos_162" value="V"/><!-- ⲏⲙⲉⲣⲉ -->
<feat xlink:href="#pos_163" value="N"/><!-- ⲡⲕⲉⲛⲟⲙⲟⲥ -->
<feat xlink:href="#pos_164" value="CONJ"/><!-- ϫⲉ -->
<feat xlink:href="#pos_165" value="PDEM"/><!-- ⲛⲁⲓ -->
<feat xlink:href="#pos_166" value="PUNCT"/><!-- . -->
<feat xlink:href="#pos_167" value="PPERS"/><!-- ϥ -->
<feat xlink:href="#pos_168" value="VSTAT"/><!-- ⲥⲏϩ -->
<feat xlink:href="#pos_169" value="PTC"/><!-- ⲅⲁⲣ -->
<feat xlink:href="#pos_170" value="PREP"/><!-- ϩⲙ -->
<feat xlink:href="#pos_171" value="ART"/><!-- ⲡ -->
<feat xlink:href="#pos_172" value="N"/><!-- ⲛⲟⲙⲟⲥ -->
<feat xlink:href="#pos_173" value="PREP"/><!-- ⲙ -->
<feat xlink:href="#pos_174" value="NPROP"/><!-- ⲙⲱⲩⲥⲏⲥ -->
<feat xlink:href="#pos_175" value="CONJ"/><!-- ϫⲉ -->
<feat xlink:href="#pos_176" value="ANEGOPT"/><!-- ⲛⲛⲉ -->
<feat xlink:href="#pos_177" value="PPERS"/><!-- ⲕ -->
<feat xlink:href="#pos_178" value="V"/><!-- ϣⲃⲧ -->
<feat xlink:href="#pos_179" value="N"/><!-- ⲟⲩⲙⲁⲥⲉ -->
<feat xlink:href="#pos_180" value="N"/><!-- ⲉϥϩⲓ -->
<feat xlink:href="#pos_181" value="PUNCT"/><!-- . -->
<feat xlink:href="#pos_182" value="CONJ"/><!-- ⲙⲏ -->
<feat xlink:href="#pos_183" value="ART"/><!-- ⲡ -->
<feat xlink:href="#pos_184" value="N"/><!-- ⲣⲟⲟⲩϣ -->
<feat xlink:href="#pos_185" value="PREP"/><!-- ⲙ -->
<feat xlink:href="#pos_186" value="ART"/><!-- ⲡ -->
<feat xlink:href="#pos_187" value="N"/><!-- ⲛⲟⲩⲧⲉ -->
<feat xlink:href="#pos_188" value="COP"/><!-- ⲡⲉ -->
<feat xlink:href="#pos_189" value="PREP"/><!-- ϩⲁ -->
<feat xlink:href="#pos_190" value="ART"/><!-- ⲛⲉ -->
<feat xlink:href="#pos_191" value="N"/><!-- ϩⲟⲟⲩ -->
<feat xlink:href="#pos_192" value="V"/><!-- ϫⲛ -->
<feat xlink:href="#pos_193" value="CCIRC"/><!-- ⲉ -->
<feat xlink:href="#pos_194" value="PPERS"/><!-- ϥ -->
<feat xlink:href="#pos_195" value="V"/><!-- ϫⲱ -->
<feat xlink:href="#pos_196" value="PREP"/><!-- ⲙⲙⲟ -->
<feat xlink:href="#pos_197" value="PPERO"/><!-- ⲥ -->
<feat xlink:href="#pos_198" value="PREP"/><!-- ⲉⲧⲃⲏⲏⲧ -->
<feat xlink:href="#pos_199" value="PPERO"/><!-- ⲛ -->
<feat xlink:href="#pos_200" value="PUNCT"/><!-- . -->
<feat xlink:href="#pos_201" value="CREL"/><!-- ⲛⲧ -->
<feat xlink:href="#pos_202" value="APST"/><!-- ⲁ -->
<feat xlink:href="#pos_203" value="PPERS"/><!-- ⲩ -->
<feat xlink:href="#pos_204" value="V"/><!-- ⲥⲁϩ -->
<feat xlink:href="#pos_205" value="PPERO"/><!-- ϥ -->
<feat xlink:href="#pos_206" value="PTC"/><!-- ⲅⲁⲣ -->
<feat xlink:href="#pos_207" value="PREP"/><!-- ⲉⲧⲃⲏⲏⲧ -->
<feat xlink:href="#pos_208" value="PPERO"/><!-- ⲛ -->
<feat xlink:href="#pos_209" value="CONJ"/><!-- ϫⲉ -->
<feat xlink:href="#pos_210" value="V"/><!-- ϣϣⲉ -->
<feat xlink:href="#pos_211" value="N"/><!-- ⲉⲡⲉⲧⲥⲕⲁⲓ -->
<feat xlink:href="#pos_212" value="V"/><!-- ⲉⲥⲕⲁⲓ -->
<feat xlink:href="#pos_213" value="PREP"/><!-- ⲉϫⲛ -->
<feat xlink:href="#pos_214" value="ART"/><!-- ⲟⲩ -->
<feat xlink:href="#pos_215" value="N"/><!-- ϩⲉⲗⲡⲓⲥ -->
<feat xlink:href="#pos_216" value="PUNCT"/><!-- . -->
<feat xlink:href="#pos_217" value="CONJ"/><!-- ⲁⲩⲱ -->
<feat xlink:href="#pos_218" value="N"/><!-- ⲡⲉⲧϩⲓ -->
<feat xlink:href="#pos_219" value="PREP"/><!-- ⲉϫⲛ -->
<feat xlink:href="#pos_220" value="ART"/><!-- ⲟⲩ -->
<feat xlink:href="#pos_221" value="N"/><!-- ϩⲉⲗⲡⲓⲥ -->
<feat xlink:href="#pos_222" value="PREP"/><!-- ⲉ -->
<feat xlink:href="#pos_223" value="ACAUS"/><!-- ⲧⲣⲉ -->
<feat xlink:href="#pos_224" value="PPERS"/><!-- ϥ -->
<feat xlink:href="#pos_225" value="V"/><!-- ⲙⲉⲧⲉⲭⲉ -->
<feat xlink:href="#pos_226" value="PUNCT"/><!-- . -->
<feat xlink:href="#pos_227" value="CONJ"/><!-- ⲉϣϫⲉ -->
<feat xlink:href="#pos_228" value="PPERI"/><!-- ⲁⲛⲟⲛ -->
<feat xlink:href="#pos_229" value="APST"/><!-- ⲁ -->
<feat xlink:href="#pos_230" value="PPERS"/><!-- ⲛ -->
<feat xlink:href="#pos_231" value="V"/><!-- ϫⲟ -->
<feat xlink:href="#pos_232" value="PREP"/><!-- ⲛⲏ -->
<feat xlink:href="#pos_233" value="PPERO"/><!-- ⲧⲛ -->
<feat xlink:href="#pos_234" value="PREP"/><!-- ⲛ -->
<feat xlink:href="#pos_235" value="ART"/><!-- ⲛⲉ -->
<feat xlink:href="#pos_236" value="N"/><!-- ⲡⲛⲉⲩⲙⲁⲧⲓⲕⲟⲛ -->
<feat xlink:href="#pos_237" value="ART"/><!-- ⲟⲩ -->
<feat xlink:href="#pos_238" value="N"/><!-- ⲛⲟϭ -->
<feat xlink:href="#pos_239" value="COP"/><!-- ⲡⲉ -->
<feat xlink:href="#pos_240" value="PUNCT"/><!-- . -->
<feat xlink:href="#pos_241" value="CONJ"/><!-- ⲉϣϫⲉ -->
<feat xlink:href="#pos_242" value="PPERI"/><!-- ⲁⲛⲟⲛ -->
<feat xlink:href="#pos_243" value="V"/><!-- ⲡⲉⲧⲛⲁⲱϩⲥ -->
<feat xlink:href="#pos_244" value="PREP"/><!-- ⲛ -->
<feat xlink:href="#pos_245" value="PPOS"/><!-- ⲛⲉⲧⲛ -->
<feat xlink:href="#pos_246" value="N"/><!-- ⲥⲁⲣⲕⲓⲕⲟⲛ -->
<feat xlink:href="#pos_247" value="PUNCT"/><!-- . -->
<feat xlink:href="#pos_248" value="CONJ"/><!-- ⲉϣϫⲉ -->
<feat xlink:href="#pos_249" value="EXIST"/><!-- ⲟⲩⲛ -->
<feat xlink:href="#pos_250" value="ART"/><!-- ϩⲉⲛ -->
<feat xlink:href="#pos_251" value="N"/><!-- ⲕⲟⲟⲩⲉ -->
<feat xlink:href="#pos_252" value="V"/><!-- ⲙⲉⲧⲉⲭⲉ -->
<feat xlink:href="#pos_253" value="PREP"/><!-- ⲉ -->
<feat xlink:href="#pos_254" value="PPOS"/><!-- ⲧⲉⲧⲛ -->
<feat xlink:href="#pos_255" value="N"/><!-- ⲉⲝⲟⲩⲥⲓⲁ -->
<feat xlink:href="#pos_256" value="ADV"/><!-- ⲛϩⲟⲩⲟ -->
<feat xlink:href="#pos_257" value="ART"/><!-- ϭⲉ -->
<feat xlink:href="#pos_258" value="NEG"/><!-- ⲁⲛ -->
<feat xlink:href="#pos_259" value="PPERI"/><!-- ⲁⲛⲟⲛ -->
<feat xlink:href="#pos_260" value="CONJ"/><!-- ⲁⲗⲗⲁ -->
<feat xlink:href="#pos_261" value="ANEGPST"/><!-- ⲙⲡ -->
<feat xlink:href="#pos_262" value="PPERS"/><!-- ⲛ -->
<feat xlink:href="#pos_263" value="V"/><!-- ⲭⲣⲱ -->
<feat xlink:href="#pos_264" value="N"/><!-- ⲛⲧⲉⲉⲓⲉⲝⲟⲩⲥⲓⲁ -->
<feat xlink:href="#pos_265" value="CONJ"/><!-- ⲁⲗⲗⲁ -->
<feat xlink:href="#pos_266" value="CFOC"/><!-- ⲉ -->
<feat xlink:href="#pos_267" value="PPERS"/><!-- ⲛ -->
<feat xlink:href="#pos_268" value="V"/><!-- ϥⲓ -->
<feat xlink:href="#pos_269" value="PREP"/><!-- ϩⲁ -->
<feat xlink:href="#pos_270" value="N"/><!-- ϩⲱⲃ -->
<feat xlink:href="#pos_271" value="PINT"/><!-- ⲛⲓⲙ -->
<feat xlink:href="#pos_272" value="CONJ"/><!-- ϫⲉⲕⲁⲁⲥ -->
<feat xlink:href="#pos_273" value="CFOC"/><!-- ⲉ -->
<feat xlink:href="#pos_274" value="ANEGOPT"/><!-- ⲛⲛⲉ -->
<feat xlink:href="#pos_275" value="PPERS"/><!-- ⲛ -->
<feat xlink:href="#pos_276" value="V"/><!-- ϯ -->
<feat xlink:href="#pos_277" value="PREP"/><!-- ⲛ -->
<feat xlink:href="#pos_278" value="ART"/><!-- ⲟⲩ -->
<feat xlink:href="#pos_279" value="N"/><!-- ϫⲣⲟⲡ -->
<feat xlink:href="#pos_280" value="PREP"/><!-- ⲙ -->
<feat xlink:href="#pos_281" value="ART"/><!-- ⲡ -->
<feat xlink:href="#pos_282" value="N"/><!-- ⲉⲩⲁⲅⲅⲉⲗⲓⲟⲛ -->
<feat xlink:href="#pos_283" value="PREP"/><!-- ⲙ -->
<feat xlink:href="#pos_284" value="ART"/><!-- ⲡⲉ -->
<feat xlink:href="#pos_285" value="N"/><!-- ⲭⲣⲓⲥⲧⲟⲥ -->
<feat xlink:href="#pos_286" value="PUNCT"/><!-- . -->
<feat xlink:href="#pos_287" value="PPERI"/><!-- ⲛⲧⲉⲧⲛ -->
<feat xlink:href="#pos_288" value="V"/><!-- ⲥⲟⲟⲩⲛ -->
<feat xlink:href="#pos_289" value="NEG"/><!-- ⲁⲛ -->
<feat xlink:href="#pos_290" value="CONJ"/><!-- ϫⲉ -->
<feat xlink:href="#pos_291" value="ART"/><!-- ⲛ -->
<feat xlink:href="#pos_292" value="CREL"/><!-- ⲉⲧ -->
<feat xlink:href="#pos_293" value="V"/><!-- ⲣϩⲱⲃ -->
<feat xlink:href="#pos_294" value="CONJ"/><!-- ⲉⲛⲉ -->
<feat xlink:href="#pos_295" value="V"/><!-- ⲣ -->
<feat xlink:href="#pos_296" value="N"/><!-- ⲡⲏⲩⲉ -->
<feat xlink:href="#pos_297" value="CCIRC"/><!-- ⲉ -->
<feat xlink:href="#pos_298" value="PPERS"/><!-- ⲩ -->
<feat xlink:href="#pos_299" value="V"/><!-- ⲟⲩⲱⲙ -->
<feat xlink:href="#pos_300" value="ADV"/><!-- ⲉⲃⲟⲗ -->
<feat xlink:href="#pos_301" value="PREP"/><!-- ϩⲛ -->
<feat xlink:href="#pos_302" value="PPOS"/><!-- ⲛⲁ -->
<feat xlink:href="#pos_303" value="ART"/><!-- ⲡ -->
<feat xlink:href="#pos_304" value="N"/><!-- ⲣⲡⲉ -->
<feat xlink:href="#pos_305" value="PUNCT"/><!-- . -->
<feat xlink:href="#pos_306" value="V"/><!-- ⲛⲉⲧⲥⲣⲟϥⲧ -->
<feat xlink:href="#pos_307" value="PREP"/><!-- ⲉ -->
<feat xlink:href="#pos_308" value="ART"/><!-- ⲡⲉ -->
<feat xlink:href="#pos_309" value="N"/><!-- ⲑⲩⲥⲓⲁⲥⲧⲏⲣⲓⲟⲛ -->
<feat xlink:href="#pos_310" value="V"/><!-- ⲉϣⲁⲩⲡⲱϣ -->
<feat xlink:href="#pos_311" value="PREP"/><!-- ⲉϫⲱ -->
<feat xlink:href="#pos_312" value="PPERO"/><!-- ⲟⲩ -->
<feat xlink:href="#pos_313" value="PREP"/><!-- ⲙⲛ -->
<feat xlink:href="#pos_314" value="ART"/><!-- ⲡⲉ -->
<feat xlink:href="#pos_315" value="N"/><!-- ⲑⲩⲥⲓⲁⲥⲧⲏⲣⲓⲟⲛ -->
<feat xlink:href="#pos_316" value="PUNCT"/><!-- . -->
<feat xlink:href="#pos_317" value="PDEM"/><!-- ⲧⲁⲓ -->
<feat xlink:href="#pos_318" value="COP"/><!-- ⲧⲉ -->
<feat xlink:href="#pos_319" value="ART"/><!-- ⲧ -->
<feat xlink:href="#pos_320" value="N"/><!-- ϩⲉ -->
<feat xlink:href="#pos_321" value="NPROP"/><!-- ⲉⲛⲧⲁ -->
<feat xlink:href="#pos_322" value="ART"/><!-- ⲡ -->
<feat xlink:href="#pos_323" value="N"/><!-- ϫⲟⲉⲓⲥ -->
<feat xlink:href="#pos_324" value="V"/><!-- ⲧⲟϣ -->
<feat xlink:href="#pos_325" value="PPERO"/><!-- ⲥ -->
<feat xlink:href="#pos_326" value="PREP"/><!-- ⲛ -->
<feat xlink:href="#pos_327" value="ART"/><!-- ⲛ -->
<feat xlink:href="#pos_328" value="CREL"/><!-- ⲉⲧ -->
<feat xlink:href="#pos_329" value="V"/><!-- ⲧⲁϣⲉⲟⲉⲓϣ -->
<feat xlink:href="#pos_330" value="PREP"/><!-- ⲙ -->
<feat xlink:href="#pos_331" value="ART"/><!-- ⲡ -->
<feat xlink:href="#pos_332" value="N"/><!-- ⲉⲩⲁⲅⲅⲉⲗⲓⲟⲛ -->
<feat xlink:href="#pos_333" value="PREP"/><!-- ⲉ -->
<feat xlink:href="#pos_334" value="N"/><!-- ⲱⲛϩ -->
<feat xlink:href="#pos_335" value="ADV"/><!-- ⲉⲃⲟⲗ -->
<feat xlink:href="#pos_336" value="PREP"/><!-- ⲙ -->
<feat xlink:href="#pos_337" value="ART"/><!-- ⲡ -->
<feat xlink:href="#pos_338" value="N"/><!-- ⲉⲩⲁⲅⲅⲉⲗⲓⲟⲛ -->
<feat xlink:href="#pos_339" value="PUNCT"/><!-- . -->
<feat xlink:href="#pos_340" value="PPERI"/><!-- ⲁⲛⲟⲕ -->
<feat xlink:href="#pos_341" value="PTC"/><!-- ⲇⲉ -->
<feat xlink:href="#pos_342" value="ANEGPST"/><!-- ⲙⲡ -->
<feat xlink:href="#pos_343" value="PPERS"/><!-- ⲓ -->
<feat xlink:href="#pos_344" value="V"/><!-- ⲭⲣⲱ -->
<feat xlink:href="#pos_345" value="PREP"/><!-- ⲛ -->
<feat xlink:href="#pos_346" value="N"/><!-- ⲗⲁⲁⲩ -->
<feat xlink:href="#pos_347" value="PREP"/><!-- ⲛ -->
<feat xlink:href="#pos_348" value="PDEM"/><!-- ⲛⲁⲓ -->
<feat xlink:href="#pos_349" value="PUNCT"/><!-- . -->
<feat xlink:href="#pos_350" value="PREP"/><!-- ⲛ -->
<feat xlink:href="#pos_351" value="PDEM"/><!-- ⲧⲁⲓ -->
<feat xlink:href="#pos_352" value="N"/><!-- ⲥⲉϩⲛⲁⲓ -->
<feat xlink:href="#pos_353" value="PTC"/><!-- ⲇⲉ -->
<feat xlink:href="#pos_354" value="NEG"/><!-- ⲁⲛ -->
<feat xlink:href="#pos_355" value="CONJ"/><!-- ϫⲉ -->
<feat xlink:href="#pos_356" value="AOPT_PPERS"/><!-- ⲉⲩⲉ -->
<feat xlink:href="#pos_357" value="V"/><!-- ϣⲱⲡⲉ -->
<feat xlink:href="#pos_358" value="N"/><!-- ⲛⲧⲉⲉⲓϩⲉ -->
<feat xlink:href="#pos_359" value="PREP"/><!-- ⲛϩⲏⲧ -->
<feat xlink:href="#pos_360" value="PUNCT"/><!-- . -->
<feat xlink:href="#pos_361" value="VBD"/><!-- ⲛⲁⲛⲟⲩ -->
<feat xlink:href="#pos_362" value="PPERS"/><!-- ⲥ -->
<feat xlink:href="#pos_363" value="PTC"/><!-- ⲅⲁⲣ -->
<feat xlink:href="#pos_364" value="PDEM"/><!-- ⲛⲁⲓ -->
<feat xlink:href="#pos_365" value="N"/><!-- ⲉⲧⲣⲁⲙⲟⲩ -->
<feat xlink:href="#pos_366" value="PREP"/><!-- ⲉϩⲟⲩⲉ -->
<feat xlink:href="#pos_367" value="PPOS"/><!-- ⲡⲁ -->
<feat xlink:href="#pos_368" value="N"/><!-- ϣⲟⲩϣⲟⲩ -->
<feat xlink:href="#pos_369" value="CREL"/><!-- ⲉⲧⲉ -->
<feat xlink:href="#pos_370" value="EXIST"/><!-- ⲙⲛ -->
<feat xlink:href="#pos_371" value="N"/><!-- ⲗⲁⲁⲩ -->
<feat xlink:href="#pos_372" value="N"/><!-- ⲛⲁϣⲧⲣⲉϥϣⲱⲡⲉ -->
<feat xlink:href="#pos_373" value="CCIRC"/><!-- ⲉ -->
<feat xlink:href="#pos_374" value="PPERS"/><!-- ϥ -->
<feat xlink:href="#pos_375" value="VSTAT"/><!-- ϣⲟⲩⲉⲓⲧ -->
<feat xlink:href="#pos_376" value="PUNCT"/><!-- . -->
<feat xlink:href="#pos_377" value="ACOND_PPERS"/><!-- ⲉⲓϣⲁⲛ -->
<feat xlink:href="#pos_378" value="V"/><!-- ⲉⲩⲁⲅⲅⲉⲗⲓⲍⲉ -->
<feat xlink:href="#pos_379" value="PTC"/><!-- ⲅⲁⲣ -->
<feat xlink:href="#pos_380" value="PREP"/><!-- ⲛ -->
<feat xlink:href="#pos_381" value="ART"/><!-- ⲟⲩ -->
<feat xlink:href="#pos_382" value="N"/><!-- ϣⲟⲩϣⲟⲩ -->
<feat xlink:href="#pos_383" value="PDEM"/><!-- ⲛⲁⲓ -->
<feat xlink:href="#pos_384" value="NEG"/><!-- ⲁⲛ -->
<feat xlink:href="#pos_385" value="COP"/><!-- ⲡⲉ -->
<feat xlink:href="#pos_386" value="PUNCT"/><!-- . -->
<feat xlink:href="#pos_387" value="ART"/><!-- ⲟⲩ -->
<feat xlink:href="#pos_388" value="N"/><!-- ϩⲧⲟⲣ -->
<feat xlink:href="#pos_389" value="PTC"/><!-- ⲅⲁⲣ -->
<feat xlink:href="#pos_390" value="PREP"/><!-- ⲉⲣⲟ -->
<feat xlink:href="#pos_391" value="PPERO"/><!-- ⲓ -->
<feat xlink:href="#pos_392" value="ART"/><!-- ⲡⲉ -->
<feat xlink:href="#pos_393" value="N"/><!-- ⲟⲩⲟⲓ -->
<feat xlink:href="#pos_394" value="PTC"/><!-- ⲅⲁⲣ -->
<feat xlink:href="#pos_395" value="PDEM"/><!-- ⲛⲁⲓ -->
<feat xlink:href="#pos_396" value="COP"/><!-- ⲡⲉ -->
<feat xlink:href="#pos_397" value="ACOND_PPERS"/><!-- ⲉⲓϣⲁⲛ -->
<feat xlink:href="#pos_398" value="NEG"/><!-- ⲧⲙ -->
<feat xlink:href="#pos_399" value="V"/><!-- ⲉⲩⲁⲅⲅⲉⲗⲓⲍⲉ -->
<feat xlink:href="#pos_400" value="PUNCT"/><!-- . -->
<feat xlink:href="#pos_401" value="CONJ"/><!-- ⲉϣϫⲉ -->
<feat xlink:href="#pos_402" value="VBD"/><!-- ⲉϩⲛⲁ -->
<feat xlink:href="#pos_403" value="PPERS"/><!-- ⲓ -->
<feat xlink:href="#pos_404" value="PTC"/><!-- ⲇⲉ -->
<feat xlink:href="#pos_405" value="AOPT_PPERS"/><!-- ⲉⲓⲉ -->
<feat xlink:href="#pos_406" value="V"/><!-- ⲓⲣⲉ -->
<feat xlink:href="#pos_407" value="PREP"/><!-- ⲙ -->
<feat xlink:href="#pos_408" value="PDEM"/><!-- ⲡⲁⲓ -->
<feat xlink:href="#pos_409" value="EXIST"/><!-- ⲟⲩⲛⲧⲁ -->
<feat xlink:href="#pos_410" value="PPERO"/><!-- ⲓ -->
<feat xlink:href="#pos_411" value="ADV"/><!-- ⲙⲙⲁⲩ -->
<feat xlink:href="#pos_412" value="PREP"/><!-- ⲛ -->
<feat xlink:href="#pos_413" value="ART"/><!-- ⲟⲩ -->
<feat xlink:href="#pos_414" value="N"/><!-- ⲃⲉⲕⲉ -->
<feat xlink:href="#pos_415" value="PUNCT"/><!-- . -->
<feat xlink:href="#pos_416" value="CONJ"/><!-- ⲉϣϫⲉ -->
<feat xlink:href="#pos_417" value="V"/><!-- ⲛϩⲛⲁⲓ -->
<feat xlink:href="#pos_418" value="PTC"/><!-- ⲇⲉ -->
<feat xlink:href="#pos_419" value="NEG"/><!-- ⲁⲛ -->
<feat xlink:href="#pos_420" value="AOPT_PPERS"/><!-- ⲉⲓⲉ -->
<feat xlink:href="#pos_421" value="CREL"/><!-- ⲛⲧ -->
<feat xlink:href="#pos_422" value="APST"/><!-- ⲁ -->
<feat xlink:href="#pos_423" value="PPERS"/><!-- ⲩ -->
<feat xlink:href="#pos_424" value="V"/><!-- ⲧⲁⲛϩⲟⲩⲧ -->
<feat xlink:href="#pos_425" value="PREP"/><!-- ⲉ -->
<feat xlink:href="#pos_426" value="ART"/><!-- ⲩ -->
<feat xlink:href="#pos_427" value="N"/><!-- ⲟⲓⲕⲟⲛⲟⲙⲓⲁ -->
<feat xlink:href="#pos_428" value="PUNCT"/><!-- . -->
<feat xlink:href="#pos_429" value="PINT"/><!-- ⲁϣ -->
<feat xlink:href="#pos_430" value="ART"/><!-- ϭⲉ -->
<feat xlink:href="#pos_431" value="N"/><!-- ⲡⲉ -->
<feat xlink:href="#pos_432" value="PPOS"/><!-- ⲡⲁ -->
<feat xlink:href="#pos_433" value="N"/><!-- ⲃⲉⲕⲉ -->
<feat xlink:href="#pos_434" value="CONJ"/><!-- ϫⲉⲕⲁⲁⲥ -->
<feat xlink:href="#pos_435" value="COP"/><!-- ⲡⲉ -->
<feat xlink:href="#pos_436" value="CCIRC"/><!-- ⲉ -->
<feat xlink:href="#pos_437" value="PPERS"/><!-- ⲓ -->
<feat xlink:href="#pos_438" value="V"/><!-- ⲉⲩⲁⲅⲅⲉⲗⲓⲍⲉ -->
<feat xlink:href="#pos_439" value="N"/><!-- ⲧⲁⲕⲁ -->
<feat xlink:href="#pos_440" value="ART"/><!-- ⲡ -->
<feat xlink:href="#pos_441" value="N"/><!-- ⲉⲩⲁⲅⲅⲉⲗⲓⲟⲛ -->
<feat xlink:href="#pos_442" value="ACONJ"/><!-- ⲛ -->
<feat xlink:href="#pos_443" value="PPERS"/><!-- ⲟⲩ -->
<feat xlink:href="#pos_444" value="V"/><!-- ⲉϣ -->
<feat xlink:href="#pos_445" value="ADV"/><!-- ⲛϫⲟ -->
<feat xlink:href="#pos_446" value="ADV"/><!-- ⲉⲃⲟⲗ -->
<feat xlink:href="#pos_447" value="PREP_PPERO"/><!-- ⲉⲣⲟ -->
<feat xlink:href="#pos_448" value="PPERS"/><!-- ϥ -->
<feat xlink:href="#pos_449" value="V"/><!-- ⲉⲧⲙⲧⲣⲁⲉⲓⲣⲉ -->
<feat xlink:href="#pos_450" value="PREP"/><!-- ⲙ -->
<feat xlink:href="#pos_451" value="PPOS"/><!-- ⲡⲁ -->
<feat xlink:href="#pos_452" value="N"/><!-- ϩⲧⲟⲣ -->
<feat xlink:href="#pos_453" value="PREP"/><!-- ϩⲙ -->
<feat xlink:href="#pos_454" value="ART"/><!-- ⲡ -->
<feat xlink:href="#pos_455" value="N"/><!-- ⲉⲩⲁⲅⲅⲉⲗⲓⲟⲛ -->
<feat xlink:href="#pos_456" value="PUNCT"/><!-- . -->
<feat xlink:href="#pos_457" value="CCIRC"/><!-- ⲉ -->
<feat xlink:href="#pos_458" value="PPERS"/><!-- ⲓ -->
<feat xlink:href="#pos_459" value="VSTAT"/><!-- ⲟ -->
<feat xlink:href="#pos_460" value="PTC"/><!-- ⲅⲁⲣ -->
<feat xlink:href="#pos_461" value="ART"/><!-- ⲛ -->
<feat xlink:href="#pos_462" value="N"/><!-- ⲣⲙϩⲉ -->
<feat xlink:href="#pos_463" value="PREP"/><!-- ϩⲛ -->
<feat xlink:href="#pos_464" value="N"/><!-- ϩⲱⲃ -->
<feat xlink:href="#pos_465" value="PINT"/><!-- ⲛⲓⲙ -->
<feat xlink:href="#pos_466" value="V"/><!-- ⲁⲓⲁⲁⲧ -->
<feat xlink:href="#pos_467" value="PREP"/><!-- ⲛ -->
<feat xlink:href="#pos_468" value="N"/><!-- ϩⲙϩⲁⲗ -->
<feat xlink:href="#pos_469" value="PREP"/><!-- ⲛ -->
<feat xlink:href="#pos_470" value="N"/><!-- ⲟⲩⲟⲛ -->
<feat xlink:href="#pos_471" value="PINT"/><!-- ⲛⲓⲙ -->
<feat xlink:href="#pos_472" value="CONJ"/><!-- ϫⲉ -->
<feat xlink:href="#pos_473" value="AOPT_PPERS"/><!-- ⲉⲓⲉ -->
<feat xlink:href="#pos_474" value="V"/><!-- ϯ -->
<feat xlink:href="#pos_475" value="N"/><!-- ϩⲏⲩ -->
<feat xlink:href="#pos_476" value="N"/><!-- ⲙⲡⲉϩⲟⲩⲟ -->
<feat xlink:href="#pos_477" value="PUNCT"/><!-- . -->
<feat xlink:href="#pos_478" value="APST"/><!-- ⲁ -->
<feat xlink:href="#pos_479" value="PPERS"/><!-- ⲓ -->
<feat xlink:href="#pos_480" value="V"/><!-- ϣⲱⲡⲉ -->
<feat xlink:href="#pos_481" value="PREP"/><!-- ⲛ -->
<feat xlink:href="#pos_482" value="ART"/><!-- ⲛ -->
<feat xlink:href="#pos_483" value="N"/><!-- ⲓⲟⲩⲇⲁⲓ -->
<feat xlink:href="#pos_484" value="CONJ"/><!-- ϩⲱⲥ -->
<feat xlink:href="#pos_485" value="N"/><!-- ⲓⲟⲩⲇⲁⲓ -->
<feat xlink:href="#pos_486" value="CONJ"/><!-- ϫⲉ -->
<feat xlink:href="#pos_487" value="AOPT_PPERS"/><!-- ⲉⲓⲉ -->
<feat xlink:href="#pos_488" value="V"/><!-- ϯ -->
<feat xlink:href="#pos_489" value="N"/><!-- ϩⲏⲩ -->
<feat xlink:href="#pos_490" value="PREP"/><!-- ⲛ -->
<feat xlink:href="#pos_491" value="ART"/><!-- ⲛ -->
<feat xlink:href="#pos_492" value="N"/><!-- ⲓⲟⲩⲇⲁⲓ -->
<feat xlink:href="#pos_493" value="PUNCT"/><!-- . -->
<feat xlink:href="#pos_494" value="APST"/><!-- ⲁ -->
<feat xlink:href="#pos_495" value="PPERS"/><!-- ⲓ -->
<feat xlink:href="#pos_496" value="V"/><!-- ϣⲱⲡⲉ -->
<feat xlink:href="#pos_497" value="N"/><!-- ⲛⲛⲉⲧϩⲁ -->
<feat xlink:href="#pos_498" value="ART"/><!-- ⲡ -->
<feat xlink:href="#pos_499" value="N"/><!-- ⲛⲟⲙⲟⲥ -->
<feat xlink:href="#pos_500" value="CONJ"/><!-- ϩⲱⲥ -->
<feat xlink:href="#pos_501" value="NPROP"/><!-- ⲉⲓϩⲁ -->
<feat xlink:href="#pos_502" value="ART"/><!-- ⲡ -->
<feat xlink:href="#pos_503" value="N"/><!-- ⲛⲟⲙⲟⲥ -->
<feat xlink:href="#pos_504" value="CCIRC"/><!-- ⲉ -->
<feat xlink:href="#pos_505" value="ACONJ"/><!-- ⲛ -->
<feat xlink:href="#pos_506" value="PPERS"/><!-- ϯ -->
<feat xlink:href="#pos_507" value="VSTAT"/><!-- ϣⲟⲟⲡ -->
<feat xlink:href="#pos_508" value="NEG"/><!-- ⲁⲛ -->
<feat xlink:href="#pos_509" value="PPERI"/><!-- ⲁⲛⲟⲕ -->
<feat xlink:href="#pos_510" value="PREP"/><!-- ϩⲁ -->
<feat xlink:href="#pos_511" value="ART"/><!-- ⲡ -->
<feat xlink:href="#pos_512" value="N"/><!-- ⲛⲟⲙⲟⲥ -->
<feat xlink:href="#pos_513" value="CONJ"/><!-- ϫⲉ -->
<feat xlink:href="#pos_514" value="AOPT_PPERS"/><!-- ⲉⲓⲉ -->
<feat xlink:href="#pos_515" value="V"/><!-- ϯ -->
<feat xlink:href="#pos_516" value="N"/><!-- ϩⲏⲩ -->
<feat xlink:href="#pos_517" value="NPROP"/><!-- ⲛⲛⲉⲧϩⲁ -->
<feat xlink:href="#pos_518" value="ART"/><!-- ⲡ -->
<feat xlink:href="#pos_519" value="N"/><!-- ⲛⲟⲙⲟⲥ -->
<feat xlink:href="#pos_520" value="PUNCT"/><!-- . -->
<feat xlink:href="#pos_521" value="APST"/><!-- ⲁ -->
<feat xlink:href="#pos_522" value="PPERS"/><!-- ⲓ -->
<feat xlink:href="#pos_523" value="V"/><!-- ϣⲱⲡⲉ -->
<feat xlink:href="#pos_524" value="PREP"/><!-- ⲛ -->
<feat xlink:href="#pos_525" value="ART"/><!-- ⲛ -->
<feat xlink:href="#pos_526" value="N"/><!-- ⲁⲛⲟⲙⲟⲥ -->
<feat xlink:href="#pos_527" value="CONJ"/><!-- ϩⲱⲥ -->
<feat xlink:href="#pos_528" value="N"/><!-- ⲁⲛⲟⲙⲟⲥ -->
<feat xlink:href="#pos_529" value="N"/><!-- ⲉⲁⲛⲅ -->
<feat xlink:href="#pos_530" value="ART"/><!-- ⲟⲩ -->
<feat xlink:href="#pos_531" value="N"/><!-- ⲁⲛⲟⲙⲟⲥ -->
<feat xlink:href="#pos_532" value="NEG"/><!-- ⲁⲛ -->
<feat xlink:href="#pos_533" value="PREP"/><!-- ⲙ -->
<feat xlink:href="#pos_534" value="ART"/><!-- ⲡ -->
<feat xlink:href="#pos_535" value="N"/><!-- ⲛⲟⲩⲧⲉ -->
<feat xlink:href="#pos_536" value="PUNCT"/><!-- . -->
<feat xlink:href="#pos_537" value="CONJ"/><!-- ⲁⲗⲗⲁ -->
<feat xlink:href="#pos_538" value="V"/><!-- ⲉⲁⲛⲅ -->
<feat xlink:href="#pos_539" value="N"/><!-- ⲟⲩⲉⲛⲛⲟⲙⲟⲥ -->
<feat xlink:href="#pos_540" value="PREP"/><!-- ⲙ -->
<feat xlink:href="#pos_541" value="ART"/><!-- ⲡⲉ -->
<feat xlink:href="#pos_542" value="N"/><!-- ⲭⲣⲓⲥⲧⲟⲥ -->
<feat xlink:href="#pos_543" value="CONJ"/><!-- ϫⲉ -->
<feat xlink:href="#pos_544" value="AOPT_PPERS"/><!-- ⲉⲓⲉ -->
<feat xlink:href="#pos_545" value="V"/><!-- ϯ -->
<feat xlink:href="#pos_546" value="N"/><!-- ϩⲏⲩ -->
<feat xlink:href="#pos_547" value="PREP"/><!-- ⲛ -->
<feat xlink:href="#pos_548" value="ART"/><!-- ⲛ -->
<feat xlink:href="#pos_549" value="N"/><!-- ⲁⲛⲟⲙⲟⲥ -->
<feat xlink:href="#pos_550" value="PUNCT"/><!-- . -->
<feat xlink:href="#pos_551" value="APST"/><!-- ⲁ -->
<feat xlink:href="#pos_552" value="PPERS"/><!-- ⲓ -->
<feat xlink:href="#pos_553" value="V"/><!-- ϣⲱⲡⲉ -->
<feat xlink:href="#pos_554" value="PREP"/><!-- ⲛ -->
<feat xlink:href="#pos_555" value="ART"/><!-- ⲛ -->
<feat xlink:href="#pos_556" value="N"/><!-- ϭⲱⲃ -->
<feat xlink:href="#pos_557" value="CONJ"/><!-- ϩⲱⲥ -->
<feat xlink:href="#pos_558" value="N"/><!-- ϭⲱⲃ -->
<feat xlink:href="#pos_559" value="CONJ"/><!-- ϫⲉ -->
<feat xlink:href="#pos_560" value="AOPT_PPERS"/><!-- ⲉⲓⲉ -->
<feat xlink:href="#pos_561" value="V"/><!-- ϯ -->
<feat xlink:href="#pos_562" value="N"/><!-- ϩⲏⲩ -->
<feat xlink:href="#pos_563" value="PREP"/><!-- ⲛ -->
<feat xlink:href="#pos_564" value="ART"/><!-- ⲛ -->
<feat xlink:href="#pos_565" value="N"/><!-- ϭⲱⲃ -->
<feat xlink:href="#pos_566" value="PUNCT"/><!-- . -->
<feat xlink:href="#pos_567" value="APST"/><!-- ⲁ -->
<feat xlink:href="#pos_568" value="PPERS"/><!-- ⲓ -->
<feat xlink:href="#pos_569" value="V"/><!-- ⲣ -->
<feat xlink:href="#pos_570" value="N"/><!-- ⲥⲙⲟⲧ -->
<feat xlink:href="#pos_571" value="PINT"/><!-- ⲛⲓⲙ -->
<feat xlink:href="#pos_572" value="PREP"/><!-- ⲙⲛ -->
<feat xlink:href="#pos_573" value="N"/><!-- ⲟⲩⲟⲛ -->
<feat xlink:href="#pos_574" value="PINT"/><!-- ⲛⲓⲙ -->
<feat xlink:href="#pos_575" value="CONJ"/><!-- ϫⲉⲕⲁⲁⲥ -->
<feat xlink:href="#pos_576" value="ADV"/><!-- ⲡⲁⲛⲧⲱⲥ -->
<feat xlink:href="#pos_577" value="AOPT_PPERS"/><!-- ⲉⲓⲉ -->
<feat xlink:href="#pos_578" value="V"/><!-- ⲧⲟⲩϫⲉ -->
<feat xlink:href="#pos_579" value="N"/><!-- ϩⲟⲓⲛⲉ -->
<feat xlink:href="#pos_580" value="PUNCT"/><!-- . -->
<feat xlink:href="#pos_581" value="V"/><!-- ⲉⲉⲓⲉⲓⲣⲉ -->
<feat xlink:href="#pos_582" value="PTC"/><!-- ⲇⲉ -->
<feat xlink:href="#pos_583" value="PREP"/><!-- ⲛ -->
<feat xlink:href="#pos_584" value="PDEM"/><!-- ⲛⲁⲓ -->
<feat xlink:href="#pos_585" value="IMOD"/><!-- ⲧⲏⲣ -->
<feat xlink:href="#pos_586" value="PPERO"/><!-- ⲟⲩ -->
<feat xlink:href="#pos_587" value="PREP"/><!-- ⲉⲧⲃⲉ -->
<feat xlink:href="#pos_588" value="ART"/><!-- ⲡ -->
<feat xlink:href="#pos_589" value="N"/><!-- ⲉⲩⲁⲅⲅⲉⲗⲓⲟⲛ -->
<feat xlink:href="#pos_590" value="CONJ"/><!-- ϫⲉ -->
<feat xlink:href="#pos_591" value="AOPT_PPERS"/><!-- ⲉⲓⲉ -->
<feat xlink:href="#pos_592" value="V"/><!-- ϣⲱⲡⲉ -->
<feat xlink:href="#pos_593" value="PREP"/><!-- ⲛⲁ -->
<feat xlink:href="#pos_594" value="PPERO"/><!-- ϥ -->
<feat xlink:href="#pos_595" value="PREP"/><!-- ⲛ -->
<feat xlink:href="#pos_596" value="N"/><!-- ⲕⲟⲓⲛⲱⲛⲟⲥ -->
<feat xlink:href="#pos_597" value="PUNCT"/><!-- . -->
<feat xlink:href="#pos_598" value="ACONJ"/><!-- ⲛ -->
<feat xlink:href="#pos_599" value="PPERS"/><!-- ⲧⲉⲧⲛ -->
<feat xlink:href="#pos_600" value="V"/><!-- ⲥⲟⲟⲩⲛ -->
<feat xlink:href="#pos_601" value="NEG"/><!-- ⲁⲛ -->
<feat xlink:href="#pos_602" value="CONJ"/><!-- ϫⲉ -->
<feat xlink:href="#pos_603" value="ART"/><!-- ⲛ -->
<feat xlink:href="#pos_604" value="CREL"/><!-- ⲉⲧ -->
<feat xlink:href="#pos_605" value="VSTAT"/><!-- ⲡⲏⲧ -->
<feat xlink:href="#pos_606" value="PREP"/><!-- ϩⲙ -->
<feat xlink:href="#pos_607" value="N"/><!-- ⲡⲉⲥⲧⲁⲇⲓⲟⲛ -->
<feat xlink:href="#pos_608" value="PPERS"/><!-- ⲥⲉ -->
<feat xlink:href="#pos_609" value="VSTAT"/><!-- ⲡⲏⲧ -->
<feat xlink:href="#pos_610" value="CONJ"/><!-- ⲙⲉⲛ -->
<feat xlink:href="#pos_611" value="IMOD"/><!-- ⲧⲏⲣ -->
<feat xlink:href="#pos_612" value="PPERO"/><!-- ⲟⲩ -->
<feat xlink:href="#pos_613" value="NUM"/><!-- ⲟⲩⲁ -->
<feat xlink:href="#pos_614" value="PTC"/><!-- ⲇⲉ -->
<feat xlink:href="#pos_615" value="NPROP"/><!-- ⲡⲉϣⲁϥϫⲓ -->
<feat xlink:href="#pos_616" value="ART"/><!-- ⲡⲉ -->
<feat xlink:href="#pos_617" value="N"/><!-- ⲕⲗⲟⲙ -->
<feat xlink:href="#pos_618" value="V"/><!-- ⲡⲱⲧ -->
<feat xlink:href="#pos_619" value="PREP"/><!-- ⲛ -->
<feat xlink:href="#pos_620" value="PDEM"/><!-- ⲧⲉⲓ -->
<feat xlink:href="#pos_621" value="N"/><!-- ϩⲉ -->
<feat xlink:href="#pos_622" value="CONJ"/><!-- ϫⲉ -->
<feat xlink:href="#pos_623" value="N"/><!-- ⲉⲧⲉⲧⲛⲉ -->
<feat xlink:href="#pos_624" value="V"/><!-- ⲧⲁϩⲟ -->
<feat xlink:href="#pos_625" value="PUNCT"/><!-- . -->
<feat xlink:href="#pos_626" value="N"/><!-- ⲟⲩⲟⲛ -->
<feat xlink:href="#pos_627" value="PTC"/><!-- ⲇⲉ -->
<feat xlink:href="#pos_628" value="PINT"/><!-- ⲛⲓⲙ -->
<feat xlink:href="#pos_629" value="CREL"/><!-- ⲉⲧ -->
<feat xlink:href="#pos_630" value="V"/><!-- ⲁⲅⲱⲛⲓⲍⲉ -->
<feat xlink:href="#pos_631" value="AAOR"/><!-- ϣⲁ -->
<feat xlink:href="#pos_632" value="PPERS"/><!-- ϥ -->
<feat xlink:href="#pos_633" value="V"/><!-- ⲉⲅⲕⲣⲁⲧⲉⲩⲉ -->
<feat xlink:href="#pos_634" value="PREP"/><!-- ⲙⲙⲟ -->
<feat xlink:href="#pos_635" value="PPERO"/><!-- ϥ -->
<feat xlink:href="#pos_636" value="PREP"/><!-- ⲉ -->
<feat xlink:href="#pos_637" value="N"/><!-- ϩⲱⲃ -->
<feat xlink:href="#pos_638" value="PINT"/><!-- ⲛⲓⲙ -->
<feat xlink:href="#pos_639" value="PREP"/><!-- ⲛⲏ -->
<feat xlink:href="#pos_640" value="CONJ"/><!-- ⲙⲉⲛ -->
<feat xlink:href="#pos_641" value="CONJ"/><!-- ϫⲉ -->
<feat xlink:href="#pos_642" value="AOPT_PPERS"/><!-- ⲉⲩⲉ -->
<feat xlink:href="#pos_643" value="V"/><!-- ϫⲓ -->
<feat xlink:href="#pos_644" value="PREP"/><!-- ⲛ -->
<feat xlink:href="#pos_645" value="ART"/><!-- ⲟⲩ -->
<feat xlink:href="#pos_646" value="N"/><!-- ⲕⲗⲟⲙ -->
<feat xlink:href="#pos_647" value="V"/><!-- ⲉϣⲁϥⲧⲁⲕⲟ -->
<feat xlink:href="#pos_648" value="PUNCT"/><!-- . -->
<feat xlink:href="#pos_649" value="PPERI"/><!-- ⲁⲛⲟⲛ -->
<feat xlink:href="#pos_650" value="PTC"/><!-- ⲇⲉ -->
<feat xlink:href="#pos_651" value="PREP"/><!-- ⲛ -->
<feat xlink:href="#pos_652" value="ART"/><!-- ⲟⲩ -->
<feat xlink:href="#pos_653" value="N"/><!-- ⲁⲧⲧⲁⲕⲟ -->
<feat xlink:href="#pos_654" value="PUNCT"/><!-- . -->
<feat xlink:href="#pos_655" value="PPERI"/><!-- ⲁⲛⲟⲕ -->
<feat xlink:href="#pos_656" value="ART"/><!-- ϭⲉ -->
<feat xlink:href="#pos_657" value="CREL"/><!-- ⲉ -->
<feat xlink:href="#pos_658" value="PPERS"/><!-- ⲓ -->
<feat xlink:href="#pos_659" value="VSTAT"/><!-- ⲡⲏⲧ -->
<feat xlink:href="#pos_660" value="PREP"/><!-- ⲛ -->
<feat xlink:href="#pos_661" value="PDEM"/><!-- ⲧⲉⲓ -->
<feat xlink:href="#pos_662" value="N"/><!-- ϩⲉ -->
<feat xlink:href="#pos_663" value="CONJ"/><!-- ϩⲱⲥ -->
<feat xlink:href="#pos_664" value="PREP"/><!-- ϩⲛ -->
<feat xlink:href="#pos_665" value="N"/><!-- ⲟⲩϩⲱⲡ -->
<feat xlink:href="#pos_666" value="NEG"/><!-- ⲁⲛ -->
<feat xlink:href="#pos_667" value="PUNCT"/><!-- . -->
<feat xlink:href="#pos_668" value="V"/><!-- ⲉⲓⲡⲩⲕⲧⲉⲩⲉ -->
<feat xlink:href="#pos_669" value="PREP"/><!-- ⲛ -->
<feat xlink:href="#pos_670" value="PDEM"/><!-- ⲧⲉⲓ -->
<feat xlink:href="#pos_671" value="N"/><!-- ϩⲉ -->
<feat xlink:href="#pos_672" value="CONJ"/><!-- ϩⲱⲥ -->
<feat xlink:href="#pos_673" value="V"/><!-- ⲉⲛⲉⲉⲓϩⲓⲟⲩⲉ -->
<feat xlink:href="#pos_674" value="NEG"/><!-- ⲁⲛ -->
<feat xlink:href="#pos_675" value="PREP"/><!-- ⲉ -->
<feat xlink:href="#pos_676" value="ART"/><!-- ⲡ -->
<feat xlink:href="#pos_677" value="N"/><!-- ⲁⲏⲣ -->
<feat xlink:href="#pos_678" value="PUNCT"/><!-- . -->
<feat xlink:href="#pos_679" value="CONJ"/><!-- ⲁⲗⲗⲁ -->
<feat xlink:href="#pos_680" value="V"/><!-- ϯⲱϥⲉ -->
<feat xlink:href="#pos_681" value="PREP"/><!-- ⲙ -->
<feat xlink:href="#pos_682" value="PPOS"/><!-- ⲡⲁ -->
<feat xlink:href="#pos_683" value="N"/><!-- ⲥⲱⲙⲁ -->
<feat xlink:href="#pos_684" value="PPERS"/><!-- ϯ -->
<feat xlink:href="#pos_685" value="V"/><!-- ⲉⲓⲣⲉ -->
<feat xlink:href="#pos_686" value="PREP"/><!-- ⲙⲙⲟ -->
<feat xlink:href="#pos_687" value="PPERO"/><!-- ϥ -->
<feat xlink:href="#pos_688" value="PREP"/><!-- ⲛ -->
<feat xlink:href="#pos_689" value="N"/><!-- ϩⲙϩⲁⲗ -->
<feat xlink:href="#pos_690" value="PUNCT"/><!-- . -->
<feat xlink:href="#pos_691" value="N"/><!-- ⲙⲏⲡⲱⲥ -->
<feat xlink:href="#pos_692" value="CCIRC"/><!-- ⲉ -->
<feat xlink:href="#pos_693" value="PPERS"/><!-- ⲓ -->
<feat xlink:href="#pos_694" value="V"/><!-- ⲧⲁϣⲉⲟⲉⲓϣ -->
<feat xlink:href="#pos_695" value="PREP"/><!-- ⲛ -->
<feat xlink:href="#pos_696" value="ART"/><!-- ϩⲉⲛ -->
<feat xlink:href="#pos_697" value="N"/><!-- ⲕⲟⲟⲩⲉ -->
<feat xlink:href="#pos_698" value="V"/><!-- ⲧⲁϣⲱⲡⲉ -->
<feat xlink:href="#pos_699" value="PPERI"/><!-- ⲁⲛⲟⲕ -->
<feat xlink:href="#pos_700" value="ART"/><!-- ⲛ -->
<feat xlink:href="#pos_701" value="N"/><!-- ϫⲟⲟⲩⲧ -->
<feat xlink:href="#pos_702" value="PUNCT"/><!-- . -->
</featList>
</paula>
