<?xml version="1.0" encoding="UTF-8" standalone="no"?>

<!DOCTYPE paula SYSTEM "paula_feat.dtd">
<paula version="1.0">

<header paula_id="sahidica.nt.1_Corinthians_8_orig_group"/>

<featList xmlns:xlink="http://www.w3.org/1999/xlink" type="orig_group" xml:base="sahidica.nt.1_Corinthians_8.orig_groupSeg.xml">
<feat xlink:href="#orig_group_1" value="ⲉⲧⲃⲉ"/><!-- ⲉⲧⲃⲉ -->
<feat xlink:href="#orig_group_2" value="ⲛϣⲱⲱⲧ"/><!-- ⲛϣⲱⲱⲧ -->
<feat xlink:href="#orig_group_3" value="ⲇⲉ"/><!-- ⲇⲉ -->
<feat xlink:href="#orig_group_4" value="ⲛⲛⲉⲓⲇⲱⲗⲟⲛ"/><!-- ⲛ...ⲉⲓⲇⲱⲗⲟⲛ -->
<feat xlink:href="#orig_group_7" value="ⲧⲛⲥⲟⲟⲩⲛ"/><!-- ⲧⲛ...ⲥⲟⲟⲩⲛ -->
<feat xlink:href="#orig_group_9" value="ϫⲉ"/><!-- ϫⲉ -->
<feat xlink:href="#orig_group_10" value="ⲟⲩⲛⲧⲁⲛ"/><!-- ⲟⲩⲛⲧⲁ...ⲛ -->
<feat xlink:href="#orig_group_12" value="ⲧⲏⲣⲛ"/><!-- ⲧⲏⲣ...ⲛ -->
<feat xlink:href="#orig_group_14" value="ⲙⲙⲁⲩ"/><!-- ⲙⲙⲁⲩ -->
<feat xlink:href="#orig_group_15" value="ⲛⲟⲩⲥⲟⲟⲩⲛ"/><!-- ⲛ...ⲥⲟⲟⲩⲛ -->
<feat xlink:href="#orig_group_18" value="."/><!-- . -->
<feat xlink:href="#orig_group_19" value="ⲡⲥⲟⲟⲩⲛ"/><!-- ⲡ...ⲥⲟⲟⲩⲛ -->
<feat xlink:href="#orig_group_21" value="ϣⲁϥϫⲓⲥⲉ"/><!-- ϣⲁ...ϫⲓⲥⲉ -->
<feat xlink:href="#orig_group_24" value="."/><!-- . -->
<feat xlink:href="#orig_group_25" value="ⲧⲁⲅⲁⲡⲏ"/><!-- ⲧ...ⲁⲅⲁⲡⲏ -->
<feat xlink:href="#orig_group_27" value="ⲇⲉ"/><!-- ⲇⲉ -->
<feat xlink:href="#orig_group_28" value="ϣⲁⲥⲕⲱⲧ"/><!-- ϣⲁ...ⲕⲱⲧ -->
<feat xlink:href="#orig_group_31" value="."/><!-- . -->
<feat xlink:href="#orig_group_32" value="ⲡⲉⲧϫⲱ"/><!-- ⲡ...ϫⲱ -->
<feat xlink:href="#orig_group_35" value="ⲙⲙⲟⲥ"/><!-- ⲙⲙⲟ...ⲥ -->
<feat xlink:href="#orig_group_37" value="ϫⲉ"/><!-- ϫⲉ -->
<feat xlink:href="#orig_group_38" value="ⲁⲓⲥⲟⲩⲛ"/><!-- ⲁ...ⲥⲟⲩⲛ -->
<feat xlink:href="#orig_group_41" value="ⲗⲁⲁⲩ"/><!-- ⲗⲁⲁⲩ -->
<feat xlink:href="#orig_group_42" value="ⲙⲡⲁⲧϥⲥⲟⲩⲛ"/><!-- ⲙⲡⲁⲧ...ⲥⲟⲩⲛ -->
<feat xlink:href="#orig_group_45" value="ⲧϩⲉ"/><!-- ⲧ...ϩⲉ -->
<feat xlink:href="#orig_group_47" value="ⲉⲧϣϣⲉ"/><!-- ⲉⲧ...ϣϣⲉ -->
<feat xlink:href="#orig_group_49" value="ⲉⲥⲟⲟⲩⲛ"/><!-- ⲉ...ⲥⲟⲟⲩⲛ -->
<feat xlink:href="#orig_group_51" value="."/><!-- . -->
<feat xlink:href="#orig_group_52" value="ⲉϣϫⲉ"/><!-- ⲉϣϫⲉ -->
<feat xlink:href="#orig_group_53" value="ⲟⲩⲛ"/><!-- ⲟⲩⲛ -->
<feat xlink:href="#orig_group_54" value="ⲟⲩⲁ"/><!-- ⲟⲩⲁ -->
<feat xlink:href="#orig_group_55" value="ⲇⲉ"/><!-- ⲇⲉ -->
<feat xlink:href="#orig_group_56" value="ⲙⲉ"/><!-- ⲙⲉ -->
<feat xlink:href="#orig_group_57" value="ⲙⲡⲛⲟⲩⲧⲉ"/><!-- ⲙ...ⲛⲟⲩⲧⲉ -->
<feat xlink:href="#orig_group_60" value="ⲡⲁⲓ"/><!-- ⲡⲁⲓ -->
<feat xlink:href="#orig_group_61" value="ⲁⲩⲥⲟⲩⲱⲛϥ"/><!-- ⲁ...ϥ -->
<feat xlink:href="#orig_group_65" value="ⲉⲃⲟⲗ"/><!-- ⲉⲃⲟⲗ -->
<feat xlink:href="#orig_group_66" value="ϩⲓⲧⲟⲟⲧϥ"/><!-- ϩⲓⲧⲟⲟⲧ...ϥ -->
<feat xlink:href="#orig_group_68" value="."/><!-- . -->
<feat xlink:href="#orig_group_69" value="ⲉⲧⲃⲉ"/><!-- ⲉⲧⲃⲉ -->
<feat xlink:href="#orig_group_70" value="ⲡⲟⲩⲱⲙ"/><!-- ⲡ...ⲟⲩⲱⲙ -->
<feat xlink:href="#orig_group_72" value="ϭⲉ"/><!-- ϭⲉ -->
<feat xlink:href="#orig_group_73" value="ⲛⲛϣⲱⲱⲧ"/><!-- ⲛ...ϣⲱⲱⲧ -->
<feat xlink:href="#orig_group_76" value="ⲛⲛⲉⲓⲇⲱⲗⲟⲛ"/><!-- ⲛ...ⲉⲓⲇⲱⲗⲟⲛ -->
<feat xlink:href="#orig_group_79" value="ⲧⲛⲥⲟⲟⲩⲛ"/><!-- ⲧⲛ...ⲥⲟⲟⲩⲛ -->
<feat xlink:href="#orig_group_81" value="ϫⲉ"/><!-- ϫⲉ -->
<feat xlink:href="#orig_group_82" value="ⲙⲛ"/><!-- ⲙⲛ -->
<feat xlink:href="#orig_group_83" value="ⲗⲁⲁⲩ"/><!-- ⲗⲁⲁⲩ -->
<feat xlink:href="#orig_group_84" value="ⲛⲉⲓⲇⲱⲗⲟⲛ"/><!-- ⲛ...ⲉⲓⲇⲱⲗⲟⲛ -->
<feat xlink:href="#orig_group_86" value="ϩⲙ"/><!-- ϩⲙ -->
<feat xlink:href="#orig_group_87" value="ⲡⲕⲟⲥⲙⲟⲥ"/><!-- ⲡ...ⲕⲟⲥⲙⲟⲥ -->
<feat xlink:href="#orig_group_89" value="."/><!-- . -->
<feat xlink:href="#orig_group_90" value="ⲁⲩⲱ"/><!-- ⲁⲩⲱ -->
<feat xlink:href="#orig_group_91" value="ϫⲉ"/><!-- ϫⲉ -->
<feat xlink:href="#orig_group_92" value="ⲙⲛ"/><!-- ⲙⲛ -->
<feat xlink:href="#orig_group_93" value="ⲛⲟⲩⲧⲉ"/><!-- ⲛⲟⲩⲧⲉ -->
<feat xlink:href="#orig_group_94" value="ⲛⲥⲁ"/><!-- ⲛⲥⲁ -->
<feat xlink:href="#orig_group_95" value="ⲟⲩⲁ"/><!-- ⲟⲩⲁ -->
<feat xlink:href="#orig_group_96" value="."/><!-- . -->
<feat xlink:href="#orig_group_97" value="ⲕⲁⲓⲅⲁⲣ"/><!-- ⲕⲁⲓⲅⲁⲣ -->
<feat xlink:href="#orig_group_98" value="ⲉϣϫⲉ"/><!-- ⲉϣϫⲉ -->
<feat xlink:href="#orig_group_99" value="ⲟⲩⲛ"/><!-- ⲟⲩⲛ -->
<feat xlink:href="#orig_group_100" value="ϩⲟⲓⲛⲉ"/><!-- ϩⲟⲓⲛⲉ -->
<feat xlink:href="#orig_group_101" value="ⲉϣⲁⲩⲙⲟⲩⲧⲉ"/><!-- ⲉϣⲁⲩⲙⲟⲩⲧⲉ -->
<feat xlink:href="#orig_group_102" value="ⲉⲣⲟⲟⲩ"/><!-- ⲉⲣⲟ...ⲟⲩ -->
<feat xlink:href="#orig_group_104" value="ϫⲉ"/><!-- ϫⲉ -->
<feat xlink:href="#orig_group_105" value="ⲛⲟⲩⲧⲉ"/><!-- ⲛⲟⲩⲧⲉ -->
<feat xlink:href="#orig_group_106" value="ⲉⲓⲧⲉ"/><!-- ⲉⲓⲧⲉ -->
<feat xlink:href="#orig_group_107" value="ϩⲛ"/><!-- ϩⲛ -->
<feat xlink:href="#orig_group_108" value="ⲧⲡⲉ"/><!-- ⲧ...ⲡⲉ -->
<feat xlink:href="#orig_group_110" value="."/><!-- . -->
<feat xlink:href="#orig_group_111" value="ⲉⲓⲧⲉ"/><!-- ⲉⲓⲧⲉ -->
<feat xlink:href="#orig_group_112" value="ϩⲓϫⲙ"/><!-- ϩⲓϫⲙ -->
<feat xlink:href="#orig_group_113" value="ⲡⲕⲁϩ"/><!-- ⲡ...ⲕⲁϩ -->
<feat xlink:href="#orig_group_115" value="."/><!-- . -->
<feat xlink:href="#orig_group_116" value="ⲛⲧϩⲉ"/><!-- ⲛ...ϩⲉ -->
<feat xlink:href="#orig_group_119" value="ⲉⲧⲉ"/><!-- ⲉⲧⲉ -->
<feat xlink:href="#orig_group_120" value="ⲟⲩⲛ"/><!-- ⲟⲩⲛ -->
<feat xlink:href="#orig_group_121" value="ϩⲁϩ"/><!-- ϩⲁϩ -->
<feat xlink:href="#orig_group_122" value="ⲛⲛⲟⲩⲧⲉ"/><!-- ⲛ...ⲛⲟⲩⲧⲉ -->
<feat xlink:href="#orig_group_124" value="ϩⲓ"/><!-- ϩⲓ -->
<feat xlink:href="#orig_group_125" value="ϩⲁϩ"/><!-- ϩⲁϩ -->
<feat xlink:href="#orig_group_126" value="ⲛϫⲟⲉⲓⲥ"/><!-- ⲛ...ϫⲟⲉⲓⲥ -->
<feat xlink:href="#orig_group_128" value="."/><!-- . -->
<feat xlink:href="#orig_group_129" value="ⲁⲛⲟⲛ"/><!-- ⲁⲛⲟⲛ -->
<feat xlink:href="#orig_group_130" value="ⲟⲩⲛⲟⲩⲧⲉ"/><!-- ⲟⲩ...ⲛⲟⲩⲧⲉ -->
<feat xlink:href="#orig_group_132" value="ⲛⲟⲩⲱⲧ"/><!-- ⲛ...ⲟⲩⲱⲧ -->
<feat xlink:href="#orig_group_134" value="ⲡⲉⲧϣⲟⲟⲡ"/><!-- ⲡ...ϣⲟⲟⲡ -->
<feat xlink:href="#orig_group_137" value="ⲛⲁⲛ"/><!-- ⲛⲁ...ⲛ -->
<feat xlink:href="#orig_group_139" value="ⲡⲉⲓⲱⲧ"/><!-- ⲡ...ⲉⲓⲱⲧ -->
<feat xlink:href="#orig_group_141" value="ⲡⲉⲛⲧⲁ"/><!-- ⲡⲉⲛⲧⲁ -->
<feat xlink:href="#orig_group_142" value="ⲡⲧⲏⲣϥ"/><!-- ⲡ...ⲧⲏⲣϥ -->
<feat xlink:href="#orig_group_144" value="ϣⲱⲡⲉ"/><!-- ϣⲱⲡⲉ -->
<feat xlink:href="#orig_group_145" value="ⲉⲃⲟⲗ"/><!-- ⲉⲃⲟⲗ -->
<feat xlink:href="#orig_group_146" value="ⲙⲙⲟϥ"/><!-- ⲙⲙⲟ...ϥ -->
<feat xlink:href="#orig_group_148" value="ⲁⲩⲱ"/><!-- ⲁⲩⲱ -->
<feat xlink:href="#orig_group_149" value="ⲁⲛⲟⲛ"/><!-- ⲁⲛⲟⲛ -->
<feat xlink:href="#orig_group_150" value="ⲉϩⲟⲩⲛ"/><!-- ⲉϩⲟⲩⲛ -->
<feat xlink:href="#orig_group_151" value="ⲉⲣⲟϥ"/><!-- ⲉⲣⲟ...ϥ -->
<feat xlink:href="#orig_group_153" value="ⲙⲛ"/><!-- ⲙⲛ -->
<feat xlink:href="#orig_group_154" value="ⲟⲩϫⲟⲉⲓⲥ"/><!-- ⲟⲩ...ϫⲟⲉⲓⲥ -->
<feat xlink:href="#orig_group_156" value="ⲛⲟⲩⲱⲧ"/><!-- ⲛ...ⲟⲩⲱⲧ -->
<feat xlink:href="#orig_group_158" value="ⲓⲏⲥⲟⲩⲥ"/><!-- ⲓⲏⲥⲟⲩⲥ -->
<feat xlink:href="#orig_group_159" value="ⲡⲉⲭⲣⲓⲥⲧⲟⲥ"/><!-- ⲡⲉ...ⲭⲣⲓⲥⲧⲟⲥ -->
<feat xlink:href="#orig_group_161" value="ⲡⲉⲧⲉⲣⲉ"/><!-- ⲡ...ⲉⲧⲉⲣⲉ -->
<feat xlink:href="#orig_group_163" value="ⲡⲧⲏⲣϥ"/><!-- ⲡ...ⲧⲏⲣϥ -->
<feat xlink:href="#orig_group_165" value="ϣⲟⲟⲡ"/><!-- ϣⲟⲟⲡ -->
<feat xlink:href="#orig_group_166" value="ⲉⲧⲃⲏⲏⲧϥ"/><!-- ⲉⲧⲃⲏⲏⲧ...ϥ -->
<feat xlink:href="#orig_group_168" value="ⲁⲩⲱ"/><!-- ⲁⲩⲱ -->
<feat xlink:href="#orig_group_169" value="ⲁⲛⲟⲛ"/><!-- ⲁⲛⲟⲛ -->
<feat xlink:href="#orig_group_170" value="ⲉⲃⲟⲗ"/><!-- ⲉⲃⲟⲗ -->
<feat xlink:href="#orig_group_171" value="ϩⲓⲧⲟⲟⲧϥ"/><!-- ϩⲓⲧⲟⲟⲧ...ϥ -->
<feat xlink:href="#orig_group_173" value="."/><!-- . -->
<feat xlink:href="#orig_group_174" value="ⲁⲗⲗⲁ"/><!-- ⲁⲗⲗⲁ -->
<feat xlink:href="#orig_group_175" value="ⲙⲡⲥⲟⲟⲩⲛ"/><!-- ⲙ...ⲥⲟⲟⲩⲛ -->
<feat xlink:href="#orig_group_178" value="ϩⲛ"/><!-- ϩⲛ -->
<feat xlink:href="#orig_group_179" value="ⲟⲩⲟⲛ"/><!-- ⲟⲩⲟⲛ -->
<feat xlink:href="#orig_group_180" value="ⲛⲓⲙ"/><!-- ⲛⲓⲙ -->
<feat xlink:href="#orig_group_181" value="ⲁⲛ"/><!-- ⲁⲛ -->
<feat xlink:href="#orig_group_182" value="."/><!-- . -->
<feat xlink:href="#orig_group_183" value="ϩⲟⲓⲛⲉ"/><!-- ϩⲟⲓⲛⲉ -->
<feat xlink:href="#orig_group_184" value="ⲅⲁⲣ"/><!-- ⲅⲁⲣ -->
<feat xlink:href="#orig_group_185" value="ϩⲙ"/><!-- ϩⲙ -->
<feat xlink:href="#orig_group_186" value="ⲡⲧⲱⲡ"/><!-- ⲡⲧⲱⲡ -->
<feat xlink:href="#orig_group_187" value="ⲙⲡⲉⲓⲇⲱⲗⲟⲛ"/><!-- ⲙ...ⲉⲓⲇⲱⲗⲟⲛ -->
<feat xlink:href="#orig_group_190" value="ϣⲁ"/><!-- ϣⲁ -->
<feat xlink:href="#orig_group_191" value="ϩⲟⲩⲛ"/><!-- ϩⲟⲩⲛ -->
<feat xlink:href="#orig_group_192" value="ⲉⲧⲉⲛⲟⲩ"/><!-- ⲉⲧⲉⲛⲟⲩ -->
<feat xlink:href="#orig_group_193" value="ⲥⲉⲟⲩⲱⲙ"/><!-- ⲥⲉ...ⲟⲩⲱⲙ -->
<feat xlink:href="#orig_group_195" value="ϩⲱⲥ"/><!-- ϩⲱⲥ -->
<feat xlink:href="#orig_group_196" value="ϣⲱⲱⲧ"/><!-- ϣⲱⲱⲧ -->
<feat xlink:href="#orig_group_197" value="ⲛⲉⲓⲇⲱⲗⲟⲛ"/><!-- ⲛ...ⲉⲓⲇⲱⲗⲟⲛ -->
<feat xlink:href="#orig_group_199" value="ⲁⲩⲱ"/><!-- ⲁⲩⲱ -->
<feat xlink:href="#orig_group_200" value="ⲧⲉⲩⲥⲩⲛⲉⲓⲇⲏⲥⲓⲥ"/><!-- ⲧⲉⲩ...ⲥⲩⲛⲉⲓⲇⲏⲥⲓⲥ -->
<feat xlink:href="#orig_group_202" value="ⲉⲥϭⲟⲟⲃ"/><!-- ⲉ...ϭⲟⲟⲃ -->
<feat xlink:href="#orig_group_205" value="ⲥⲧⲱⲗⲙ"/><!-- ⲥ...ⲧⲱⲗⲙ -->
<feat xlink:href="#orig_group_207" value="."/><!-- . -->
<feat xlink:href="#orig_group_208" value="ⲙⲛ"/><!-- ⲙⲛ -->
<feat xlink:href="#orig_group_209" value="ϩⲣⲉ"/><!-- ϩⲣⲉ -->
<feat xlink:href="#orig_group_210" value="ⲇⲉ"/><!-- ⲇⲉ -->
<feat xlink:href="#orig_group_211" value="ⲛⲁⲡⲁⲣϩⲓⲥⲧⲁ"/><!-- ⲛⲁ...ⲡⲁⲣϩⲓⲥⲧⲁ -->
<feat xlink:href="#orig_group_213" value="ⲙⲙⲟⲛ"/><!-- ⲙⲙⲟⲛ -->
<feat xlink:href="#orig_group_214" value="ⲙⲡⲛⲟⲩⲧⲉ"/><!-- ⲙ...ⲛⲟⲩⲧⲉ -->
<feat xlink:href="#orig_group_217" value="."/><!-- . -->
<feat xlink:href="#orig_group_218" value="ⲟⲩⲇⲉ"/><!-- ⲟⲩⲇⲉ -->
<feat xlink:href="#orig_group_219" value="ⲉⲛϣⲁⲛⲧⲙⲟⲩⲱⲙ"/><!-- ⲉⲛϣⲁⲛ...ⲟⲩⲱⲙ -->
<feat xlink:href="#orig_group_222" value="ⲛⲧⲛⲛⲁϣⲱⲱⲧ"/><!-- ⲛⲧⲛⲛⲁϣⲱⲱⲧ -->
<feat xlink:href="#orig_group_223" value="ⲁⲛ"/><!-- ⲁⲛ -->
<feat xlink:href="#orig_group_224" value="."/><!-- . -->
<feat xlink:href="#orig_group_225" value="ⲟⲩⲇⲉ"/><!-- ⲟⲩⲇⲉ -->
<feat xlink:href="#orig_group_226" value="ⲉⲛϣⲁⲛⲟⲩⲱⲙ"/><!-- ⲉⲛϣⲁⲛ...ⲟⲩⲱⲙ -->
<feat xlink:href="#orig_group_228" value="ⲛⲧⲛⲛⲁⲣϩⲟⲩⲟ"/><!-- ⲛⲧⲛⲛⲁⲣϩⲟⲩⲟ -->
<feat xlink:href="#orig_group_229" value="ⲁⲛ"/><!-- ⲁⲛ -->
<feat xlink:href="#orig_group_230" value="."/><!-- . -->
<feat xlink:href="#orig_group_231" value="ϭⲱϣⲧ"/><!-- ϭⲱϣⲧ -->
<feat xlink:href="#orig_group_232" value="ⲇⲉ"/><!-- ⲇⲉ -->
<feat xlink:href="#orig_group_233" value="ⲙⲏⲡⲱⲥ"/><!-- ⲙⲏⲡⲱⲥ -->
<feat xlink:href="#orig_group_234" value="ⲛⲧⲉⲧⲉⲓⲉⲝⲟⲩⲥⲓⲁ"/><!-- ⲛⲧⲉ...ⲉⲝⲟⲩⲥⲓⲁ -->
<feat xlink:href="#orig_group_237" value="ⲛⲧⲉⲧⲏⲩⲧⲛ"/><!-- ⲛⲧⲉ...ⲧⲏⲩⲧⲛ -->
<feat xlink:href="#orig_group_239" value="ϣⲱⲡⲉ"/><!-- ϣⲱⲡⲉ -->
<feat xlink:href="#orig_group_240" value="ⲛϫⲣⲟⲡ"/><!-- ⲛ...ϫⲣⲟⲡ -->
<feat xlink:href="#orig_group_242" value="ⲛⲛⲉⲧϭⲟⲟⲃ"/><!-- ⲛ...ϭⲟⲟⲃ -->
<feat xlink:href="#orig_group_246" value="."/><!-- . -->
<feat xlink:href="#orig_group_247" value="ⲉⲣϣⲁⲛ"/><!-- ⲉⲣϣⲁⲛ -->
<feat xlink:href="#orig_group_248" value="ⲟⲩⲁ"/><!-- ⲟⲩⲁ -->
<feat xlink:href="#orig_group_249" value="ⲅⲁⲣ"/><!-- ⲅⲁⲣ -->
<feat xlink:href="#orig_group_250" value="ⲛⲁⲩ"/><!-- ⲛⲁ...ⲩ -->
<feat xlink:href="#orig_group_252" value="ⲉⲣⲟⲕ"/><!-- ⲉⲣⲟ...ⲕ -->
<feat xlink:href="#orig_group_254" value="ⲡⲉⲧⲉ"/><!-- ⲡⲉⲧⲉ -->
<feat xlink:href="#orig_group_255" value="ⲟⲩⲛⲧⲁϥ"/><!-- ⲟⲩⲛⲧⲁ...ϥ -->
<feat xlink:href="#orig_group_257" value="ⲙⲙⲁⲩ"/><!-- ⲙⲙⲁⲩ -->
<feat xlink:href="#orig_group_258" value="ⲙⲡⲥⲟⲟⲩⲛ"/><!-- ⲙ...ⲥⲟⲟⲩⲛ -->
<feat xlink:href="#orig_group_261" value="ⲉⲕⲛⲏϫ"/><!-- ⲉ...ⲛⲏϫ -->
<feat xlink:href="#orig_group_264" value="ϩⲛ"/><!-- ϩⲛ -->
<feat xlink:href="#orig_group_265" value="ⲟⲩⲙⲁ"/><!-- ⲟⲩ...ⲙⲁ -->
<feat xlink:href="#orig_group_267" value="ⲛⲉⲓⲇⲱⲗⲟⲛ"/><!-- ⲛ...ⲉⲓⲇⲱⲗⲟⲛ -->
<feat xlink:href="#orig_group_269" value="ⲉⲩϭⲱⲃ"/><!-- ⲉ...ϭⲱⲃ -->
<feat xlink:href="#orig_group_272" value="ⲡⲉ"/><!-- ⲡⲉ -->
<feat xlink:href="#orig_group_273" value="."/><!-- . -->
<feat xlink:href="#orig_group_274" value="ⲙⲏ"/><!-- ⲙⲏ -->
<feat xlink:href="#orig_group_275" value="ⲛⲧⲉϥⲥⲩⲛⲓⲇⲏⲥⲓⲥ"/><!-- ⲛⲧⲉϥⲥⲩⲛⲓⲇⲏⲥⲓⲥ -->
<feat xlink:href="#orig_group_276" value="ⲛⲁⲕⲱⲧ"/><!-- ⲛⲁ...ⲕⲱⲧ -->
<feat xlink:href="#orig_group_278" value="ⲁⲛ"/><!-- ⲁⲛ -->
<feat xlink:href="#orig_group_279" value="ⲉⲟⲩⲱⲙ"/><!-- ⲉ...ⲟⲩⲱⲙ -->
<feat xlink:href="#orig_group_281" value="ⲛⲛϣⲱⲱⲧ"/><!-- ⲛ...ϣⲱⲱⲧ -->
<feat xlink:href="#orig_group_284" value="ⲛⲛⲉⲓⲇⲱⲗⲟⲛ"/><!-- ⲛ...ⲉⲓⲇⲱⲗⲟⲛ -->
<feat xlink:href="#orig_group_287" value="."/><!-- . -->
<feat xlink:href="#orig_group_288" value="ϥⲛⲁϩⲉ"/><!-- ϥ...ϩⲉ -->
<feat xlink:href="#orig_group_291" value="ⲅⲁⲣ"/><!-- ⲅⲁⲣ -->
<feat xlink:href="#orig_group_292" value="ⲉⲃⲟⲗ"/><!-- ⲉⲃⲟⲗ -->
<feat xlink:href="#orig_group_293" value="ⲛϭⲓ"/><!-- ⲛϭⲓ -->
<feat xlink:href="#orig_group_294" value="ⲡⲉⲧϭⲟⲟⲃ"/><!-- ⲡ...ϭⲟⲟⲃ -->
<feat xlink:href="#orig_group_297" value="ϩⲙ"/><!-- ϩⲙ -->
<feat xlink:href="#orig_group_298" value="ⲡⲉⲕⲥⲟⲟⲩⲛ"/><!-- ⲡⲉⲕ...ⲥⲟⲟⲩⲛ -->
<feat xlink:href="#orig_group_300" value="."/><!-- . -->
<feat xlink:href="#orig_group_301" value="ⲡⲥⲟⲛ"/><!-- ⲡ...ⲥⲟⲛ -->
<feat xlink:href="#orig_group_303" value="ⲉⲛⲧⲁ"/><!-- ⲉⲛⲧⲁ -->
<feat xlink:href="#orig_group_304" value="ⲡⲉⲭⲣⲓⲥⲧⲟⲥ"/><!-- ⲡⲉ...ⲭⲣⲓⲥⲧⲟⲥ -->
<feat xlink:href="#orig_group_306" value="ⲙⲟⲩ"/><!-- ⲙⲟⲩ -->
<feat xlink:href="#orig_group_307" value="ϩⲁⲣⲟϥ"/><!-- ϩⲁⲣⲟ...ϥ -->
<feat xlink:href="#orig_group_309" value="."/><!-- . -->
<feat xlink:href="#orig_group_310" value="ⲧⲁⲓ"/><!-- ⲧⲁⲓ -->
<feat xlink:href="#orig_group_311" value="ⲇⲉ"/><!-- ⲇⲉ -->
<feat xlink:href="#orig_group_312" value="ⲧⲉ"/><!-- ⲧⲉ -->
<feat xlink:href="#orig_group_313" value="ⲧϩⲉ"/><!-- ⲧ...ϩⲉ -->
<feat xlink:href="#orig_group_315" value="ⲉⲧⲉⲧⲛⲣⲛⲟⲃⲉ"/><!-- ⲉ...ⲣⲛⲟⲃⲉ -->
<feat xlink:href="#orig_group_318" value="ⲉⲛⲉⲥⲛⲏⲩ"/><!-- ⲉ...ⲥⲛⲏⲩ -->
<feat xlink:href="#orig_group_321" value="."/><!-- . -->
<feat xlink:href="#orig_group_322" value="ⲉⲧⲉⲧⲛⲣⲱϩⲧ"/><!-- ⲉ...ⲣⲱϩⲧ -->
<feat xlink:href="#orig_group_325" value="ⲛⲧⲉⲩⲥⲩⲛⲓⲇⲏⲥⲓⲥ"/><!-- ⲛⲧⲉⲩⲥⲩⲛⲓⲇⲏⲥⲓⲥ -->
<feat xlink:href="#orig_group_326" value="ⲉⲥϭⲟⲟⲃ"/><!-- ⲉ...ϭⲟⲟⲃ -->
<feat xlink:href="#orig_group_329" value="ⲧⲉⲧⲛⲣⲛⲟⲃⲉ"/><!-- ⲧⲉⲧⲛ...ⲣⲛⲟⲃⲉ -->
<feat xlink:href="#orig_group_331" value="ⲉⲡⲉⲭⲣⲓⲥⲧⲟⲥ"/><!-- ⲉ...ⲭⲣⲓⲥⲧⲟⲥ -->
<feat xlink:href="#orig_group_334" value="."/><!-- . -->
<feat xlink:href="#orig_group_335" value="ⲉⲧⲃⲉ"/><!-- ⲉⲧⲃⲉ -->
<feat xlink:href="#orig_group_336" value="ⲡⲁⲓ"/><!-- ⲡⲁⲓ -->
<feat xlink:href="#orig_group_337" value="ⲉϣϫⲉ"/><!-- ⲉϣϫⲉ -->
<feat xlink:href="#orig_group_338" value="ⲟⲩϩⲣⲉ"/><!-- ⲟⲩ...ϩⲣⲉ -->
<feat xlink:href="#orig_group_340" value="ⲧⲉⲧⲛⲁⲥⲕⲁⲛⲇⲁⲗⲓⲍⲉ"/><!-- ⲧ...ⲥⲕⲁⲛⲇⲁⲗⲓⲍⲉ -->
<feat xlink:href="#orig_group_344" value="ⲙⲡⲁⲥⲟⲛ"/><!-- ⲙ...ⲥⲟⲛ -->
<feat xlink:href="#orig_group_347" value="ⲛⲛⲁⲟⲩⲉⲙ"/><!-- ⲛⲛⲁⲟⲩⲉⲙ -->
<feat xlink:href="#orig_group_348" value="ⲁϥ"/><!-- ⲁϥ -->
<feat xlink:href="#orig_group_349" value="ϣⲁ"/><!-- ϣⲁ -->
<feat xlink:href="#orig_group_350" value="ⲉⲛⲉϩ"/><!-- ⲉⲛⲉϩ -->
<feat xlink:href="#orig_group_351" value="ϫⲉ"/><!-- ϫⲉ -->
<feat xlink:href="#orig_group_352" value="ⲛⲛⲉⲉⲓⲥⲕⲁⲛⲇⲁⲗⲓⲍⲉ"/><!-- ⲛⲛⲉⲉⲓⲥⲕⲁⲛⲇⲁⲗⲓⲍⲉ -->
<feat xlink:href="#orig_group_353" value="ⲙⲡⲁⲥⲟⲛ"/><!-- ⲙ...ⲥⲟⲛ -->
<feat xlink:href="#orig_group_356" value="."/><!-- . -->
</featList>
</paula>
